"state_name","state_code","county_code","county_name","compound","LOW_ESTIMATE","HIGH_ESTIMATE","AVG_ESTIMATE"
"AL",1,1,"Autauga County","2,4-D",3243.5,3363.2,3303.35
"AL",1,1,"Autauga County","Chlorpyrifos",72.2,142.8,107.5
"AL",1,1,"Autauga County","Glyphosate",5825.3,6211,6018.15
"AL",1,1,"Autauga County","Paraquat",39.4,604.6,322
"AL",1,3,"Baldwin County","2,4-D",2178,3435.9,2806.95
"AL",1,3,"Baldwin County","Chlorpyrifos",168.7,1073.8,621.25
"AL",1,3,"Baldwin County","Glyphosate",66730.6,68745.9,67738.25
"AL",1,3,"Baldwin County","Paraquat",1119.4,2718.3,1918.85
"AL",1,5,"Barbour County","2,4-D",5650.9,5825.6,5738.25
"AL",1,5,"Barbour County","Chlorpyrifos",202.8,489.2,346
"AL",1,5,"Barbour County","Glyphosate",7487.9,7495.1,7491.5
"AL",1,5,"Barbour County","Paraquat",254.5,455.8,355.15
"AL",1,7,"Bibb County","2,4-D",949.7,957.6,953.65
"AL",1,7,"Bibb County","Chlorpyrifos",0.5,3.3,1.9
"AL",1,7,"Bibb County","Glyphosate",173.3,209.2,191.25
"AL",1,7,"Bibb County","Paraquat",4.8,8.1,6.45
"AL",1,9,"Blount County","2,4-D",9507.1,9591.2,9549.15
"AL",1,9,"Blount County","Chlorpyrifos",36.4,113.2,74.8
"AL",1,9,"Blount County","Glyphosate",9810.8,9828,9819.4
"AL",1,9,"Blount County","Paraquat",423.8,496.3,460.05
"AL",1,11,"Bullock County","2,4-D",2670,2758.8,2714.4
"AL",1,11,"Bullock County","Chlorpyrifos",72,90.6,81.3
"AL",1,11,"Bullock County","Glyphosate",3461.5,3597.7,3529.6
"AL",1,11,"Bullock County","Paraquat",33.9,227.5,130.7
"AL",1,13,"Butler County","2,4-D",1169.5,1305.1,1237.3
"AL",1,13,"Butler County","Chlorpyrifos",13.9,54.2,34.05
"AL",1,13,"Butler County","Glyphosate",3244,3280.8,3262.4
"AL",1,13,"Butler County","Paraquat",19.2,139.3,79.25
"AL",1,15,"Calhoun County","2,4-D",4405.4,4408.2,4406.8
"AL",1,15,"Calhoun County","Chlorpyrifos",9.8,27.7,18.75
"AL",1,15,"Calhoun County","Glyphosate",11846,11849,11847.5
"AL",1,15,"Calhoun County","Paraquat",625.9,627.9,626.9
"AL",1,17,"Chambers County","2,4-D",3621.8,3639.9,3630.85
"AL",1,17,"Chambers County","Chlorpyrifos",0.2,6.8,3.5
"AL",1,17,"Chambers County","Glyphosate",221.6,362.7,292.15
"AL",1,17,"Chambers County","Paraquat",1.2,9.1,5.15
"AL",1,19,"Cherokee County","2,4-D",8365,8371.4,8368.2
"AL",1,19,"Cherokee County","Chlorpyrifos",64.2,94.7,79.45
"AL",1,19,"Cherokee County","Glyphosate",52082.7,52084.6,52083.65
"AL",1,19,"Cherokee County","Paraquat",2963.9,2968.4,2966.15
"AL",1,21,"Chilton County","2,4-D",2784.4,3490.1,3137.25
"AL",1,21,"Chilton County","Chlorpyrifos",822,825.8,823.9
"AL",1,21,"Chilton County","Glyphosate",1513.5,1650.6,1582.05
"AL",1,21,"Chilton County","Paraquat",697.7,702.6,700.15
"AL",1,23,"Choctaw County","2,4-D",717.9,729.9,723.9
"AL",1,23,"Choctaw County","Chlorpyrifos",5.6,8,6.8
"AL",1,23,"Choctaw County","Glyphosate",2093.3,2127.3,2110.3
"AL",1,23,"Choctaw County","Paraquat",29.2,44.4,36.8
"AL",1,25,"Clarke County","2,4-D",582.8,587.7,585.25
"AL",1,25,"Clarke County","Chlorpyrifos",7.6,8.7,8.15
"AL",1,25,"Clarke County","Glyphosate",234,252.4,243.2
"AL",1,25,"Clarke County","Paraquat",5.8,11.1,8.45
"AL",1,27,"Clay County","2,4-D",3063.3,3068.3,3065.8
"AL",1,27,"Clay County","Chlorpyrifos",5,6,5.5
"AL",1,27,"Clay County","Glyphosate",26.2,147.8,87
"AL",1,27,"Clay County","Paraquat",2.7,3.8,3.25
"AL",1,29,"Cleburne County","2,4-D",2804.2,2805.2,2804.7
"AL",1,29,"Cleburne County","Chlorpyrifos",6,11.5,8.75
"AL",1,29,"Cleburne County","Glyphosate",1270.8,1270.9,1270.85
"AL",1,29,"Cleburne County","Paraquat",40.5,41.2,40.85
"AL",1,31,"Coffee County","2,4-D",8220,8798.6,8509.3
"AL",1,31,"Coffee County","Chlorpyrifos",151.2,1536.2,843.7
"AL",1,31,"Coffee County","Glyphosate",18093,18134.9,18113.95
"AL",1,31,"Coffee County","Paraquat",475.6,1467,971.3
"AL",1,33,"Colbert County","2,4-D",3688.3,5728.1,4708.2
"AL",1,33,"Colbert County","Chlorpyrifos",18.8,428.6,223.7
"AL",1,33,"Colbert County","Glyphosate",38052.7,38424.6,38238.65
"AL",1,33,"Colbert County","Paraquat",299.8,2778.9,1539.35
"AL",1,35,"Conecuh County","2,4-D",1143,1208.8,1175.9
"AL",1,35,"Conecuh County","Chlorpyrifos",24.5,73.6,49.05
"AL",1,35,"Conecuh County","Glyphosate",10145.5,10408.3,10276.9
"AL",1,35,"Conecuh County","Paraquat",164.9,240.3,202.6
"AL",1,37,"Coosa County","2,4-D",1062.7,1063.5,1063.1
"AL",1,37,"Coosa County","Chlorpyrifos",0.5,0.8,0.65
"AL",1,37,"Coosa County","Glyphosate",7.8,48.3,28.05
"AL",1,37,"Coosa County","Paraquat",0.2,0.5,0.35
"AL",1,39,"Covington County","2,4-D",5405.5,5692.1,5548.8
"AL",1,39,"Covington County","Chlorpyrifos",303.2,1113.3,708.25
"AL",1,39,"Covington County","Glyphosate",17128.5,17132.4,17130.45
"AL",1,39,"Covington County","Paraquat",561.2,746.1,653.65
"AL",1,41,"Crenshaw County","2,4-D",4735.6,4913,4824.3
"AL",1,41,"Crenshaw County","Chlorpyrifos",41.4,219.6,130.5
"AL",1,41,"Crenshaw County","Glyphosate",1961.7,1962.6,1962.15
"AL",1,41,"Crenshaw County","Paraquat",38.7,127.2,82.95
"AL",1,43,"Cullman County","2,4-D",12541.6,12547.8,12544.7
"AL",1,43,"Cullman County","Chlorpyrifos",31.2,68.9,50.05
"AL",1,43,"Cullman County","Glyphosate",14296.6,14335.4,14316
"AL",1,43,"Cullman County","Paraquat",688.2,694.2,691.2
"AL",1,45,"Dale County","2,4-D",3730,3909.2,3819.6
"AL",1,45,"Dale County","Chlorpyrifos",118.4,1526.7,822.55
"AL",1,45,"Dale County","Glyphosate",12736,12743,12739.5
"AL",1,45,"Dale County","Paraquat",412.4,613.2,512.8
"AL",1,47,"Dallas County","2,4-D",6317.6,6808.5,6563.05
"AL",1,47,"Dallas County","Chlorpyrifos",106.4,174.2,140.3
"AL",1,47,"Dallas County","Glyphosate",18974.4,20160.2,19567.3
"AL",1,47,"Dallas County","Paraquat",72.8,1083.7,578.25
"AL",1,49,"DeKalb County","2,4-D",15611.7,15635.4,15623.55
"AL",1,49,"DeKalb County","Chlorpyrifos",65.5,197.9,131.7
"AL",1,49,"DeKalb County","Glyphosate",35416.4,35441.1,35428.75
"AL",1,49,"DeKalb County","Paraquat",1520.8,1562.6,1541.7
"AL",1,51,"Elmore County","2,4-D",3437.8,3637,3537.4
"AL",1,51,"Elmore County","Chlorpyrifos",38.6,115,76.8
"AL",1,51,"Elmore County","Glyphosate",9390,9646.4,9518.2
"AL",1,51,"Elmore County","Paraquat",26,791,408.5
"AL",1,53,"Escambia County","2,4-D",1396.2,1827.1,1611.65
"AL",1,53,"Escambia County","Chlorpyrifos",101.2,799.3,450.25
"AL",1,53,"Escambia County","Glyphosate",43903.3,44566.7,44235
"AL",1,53,"Escambia County","Paraquat",977.3,1408.8,1193.05
"AL",1,55,"Etowah County","2,4-D",5752.6,5754.9,5753.75
"AL",1,55,"Etowah County","Chlorpyrifos",10.1,42.1,26.1
"AL",1,55,"Etowah County","Glyphosate",14423.6,14433.2,14428.4
"AL",1,55,"Etowah County","Paraquat",681.5,683.2,682.35
"AL",1,57,"Fayette County","2,4-D",2423,2474.2,2448.6
"AL",1,57,"Fayette County","Chlorpyrifos",29.3,47.1,38.2
"AL",1,57,"Fayette County","Glyphosate",7823.3,7872.4,7847.85
"AL",1,57,"Fayette County","Paraquat",1019,1040.3,1029.65
"AL",1,59,"Franklin County","2,4-D",4213.4,4532,4372.7
"AL",1,59,"Franklin County","Chlorpyrifos",10.6,62.1,36.35
"AL",1,59,"Franklin County","Glyphosate",5605.1,6107.7,5856.4
"AL",1,59,"Franklin County","Paraquat",27.7,407.4,217.55
"AL",1,61,"Geneva County","2,4-D",7227.7,7745.4,7486.55
"AL",1,61,"Geneva County","Chlorpyrifos",133.7,2529.1,1331.4
"AL",1,61,"Geneva County","Glyphosate",23533.8,23550,23541.9
"AL",1,61,"Geneva County","Paraquat",684.4,1184.3,934.35
"AL",1,63,"Greene County","2,4-D",2121.1,2221.2,2171.15
"AL",1,63,"Greene County","Chlorpyrifos",19.6,45.3,32.45
"AL",1,63,"Greene County","Glyphosate",3439.7,3482,3460.85
"AL",1,63,"Greene County","Paraquat",11.6,244,127.8
"AL",1,65,"Hale County","2,4-D",4568.2,4785.9,4677.05
"AL",1,65,"Hale County","Chlorpyrifos",24.5,54.9,39.7
"AL",1,65,"Hale County","Glyphosate",7255.6,7337.6,7296.6
"AL",1,65,"Hale County","Paraquat",14.6,367.6,191.1
"AL",1,67,"Henry County","2,4-D",5538.4,5835.3,5686.85
"AL",1,67,"Henry County","Chlorpyrifos",121.5,2118.4,1119.95
"AL",1,67,"Henry County","Glyphosate",21517.2,21532.1,21524.65
"AL",1,67,"Henry County","Paraquat",673.4,1062.3,867.85
"AL",1,69,"Houston County","2,4-D",6863.1,7072.8,6967.95
"AL",1,69,"Houston County","Chlorpyrifos",78.9,3617.5,1848.2
"AL",1,69,"Houston County","Glyphosate",28410.3,28419.7,28415
"AL",1,69,"Houston County","Paraquat",924.4,1172.4,1048.4
"AL",1,71,"Jackson County","2,4-D",14902.3,14905.2,14903.75
"AL",1,71,"Jackson County","Chlorpyrifos",4.7,268.1,136.4
"AL",1,71,"Jackson County","Glyphosate",71916.5,71945.9,71931.2
"AL",1,71,"Jackson County","Paraquat",3288.9,3293,3290.95
"AL",1,73,"Jefferson County","2,4-D",977.2,982.9,980.05
"AL",1,73,"Jefferson County","Chlorpyrifos",11.1,12.8,11.95
"AL",1,73,"Jefferson County","Glyphosate",317.7,363.6,340.65
"AL",1,73,"Jefferson County","Paraquat",11.6,13.6,12.6
"AL",1,75,"Lamar County","2,4-D",1515.7,1547.9,1531.8
"AL",1,75,"Lamar County","Chlorpyrifos",9.2,18.5,13.85
"AL",1,75,"Lamar County","Glyphosate",431.9,491,461.45
"AL",1,75,"Lamar County","Paraquat",15.2,26.2,20.7
"AL",1,77,"Lauderdale County","2,4-D",5281.8,7979.7,6630.75
"AL",1,77,"Lauderdale County","Chlorpyrifos",10.9,512.5,261.7
"AL",1,77,"Lauderdale County","Glyphosate",47409.8,48021.6,47715.7
"AL",1,77,"Lauderdale County","Paraquat",585.4,3455.9,2020.65
"AL",1,79,"Lawrence County","2,4-D",5770.9,9291.6,7531.25
"AL",1,79,"Lawrence County","Chlorpyrifos",107.4,633.1,370.25
"AL",1,79,"Lawrence County","Glyphosate",59525.2,60219.2,59872.2
"AL",1,79,"Lawrence County","Paraquat",570.3,4301.8,2436.05
"AL",1,81,"Lee County","2,4-D",1914.4,1919.9,1917.15
"AL",1,81,"Lee County","Chlorpyrifos",19,20.2,19.6
"AL",1,81,"Lee County","Glyphosate",2356.5,2412.2,2384.35
"AL",1,81,"Lee County","Paraquat",232.7,234.2,233.45
"AL",1,83,"Limestone County","2,4-D",4590.7,10488.7,7539.7
"AL",1,83,"Limestone County","Chlorpyrifos",20.5,394.5,207.5
"AL",1,83,"Limestone County","Glyphosate",90923.4,91500.1,91211.75
"AL",1,83,"Limestone County","Paraquat",731.3,5642.7,3187
"AL",1,85,"Lowndes County","2,4-D",7526.5,7789,7657.75
"AL",1,85,"Lowndes County","Chlorpyrifos",101.7,155.3,128.5
"AL",1,85,"Lowndes County","Glyphosate",9210.6,9688.5,9449.55
"AL",1,85,"Lowndes County","Paraquat",85.3,646.5,365.9
"AL",1,87,"Macon County","2,4-D",2267.4,2385.8,2326.6
"AL",1,87,"Macon County","Chlorpyrifos",95.7,105.6,100.65
"AL",1,87,"Macon County","Glyphosate",4974.4,5049.9,5012.15
"AL",1,87,"Macon County","Paraquat",54.7,301.3,178
"AL",1,89,"Madison County","2,4-D",3825.7,8398.4,6112.05
"AL",1,89,"Madison County","Chlorpyrifos",165.7,711.6,438.65
"AL",1,89,"Madison County","Glyphosate",73471.8,73929.5,73700.65
"AL",1,89,"Madison County","Paraquat",1063.8,5058,3060.9
"AL",1,91,"Marengo County","2,4-D",4005,4232,4118.5
"AL",1,91,"Marengo County","Chlorpyrifos",12.8,49.9,31.35
"AL",1,91,"Marengo County","Glyphosate",7498,7634.1,7566.05
"AL",1,91,"Marengo County","Paraquat",7.1,407.2,207.15
"AL",1,93,"Marion County","2,4-D",2555,2683.9,2619.45
"AL",1,93,"Marion County","Chlorpyrifos",17.8,36.3,27.05
"AL",1,93,"Marion County","Glyphosate",2109.4,2417.3,2263.35
"AL",1,93,"Marion County","Paraquat",28.2,162.2,95.2
"AL",1,95,"Marshall County","2,4-D",10491.6,10494.9,10493.25
"AL",1,95,"Marshall County","Chlorpyrifos",10,60.7,35.35
"AL",1,95,"Marshall County","Glyphosate",14764.3,14767.6,14765.95
"AL",1,95,"Marshall County","Paraquat",679,681.4,680.2
"AL",1,97,"Mobile County","2,4-D",1518.3,1811.5,1664.9
"AL",1,97,"Mobile County","Chlorpyrifos",320.5,596.1,458.3
"AL",1,97,"Mobile County","Glyphosate",19742.6,20078,19910.3
"AL",1,97,"Mobile County","Paraquat",528.6,841.1,684.85
"AL",1,99,"Monroe County","2,4-D",1405.3,1573,1489.15
"AL",1,99,"Monroe County","Chlorpyrifos",57.5,385.1,221.3
"AL",1,99,"Monroe County","Glyphosate",30791.5,30961,30876.25
"AL",1,99,"Monroe County","Paraquat",622,810.1,716.05
"AL",1,101,"Montgomery County","2,4-D",7738.5,7957.3,7847.9
"AL",1,101,"Montgomery County","Chlorpyrifos",80.9,183.7,132.3
"AL",1,101,"Montgomery County","Glyphosate",9050.8,9362.7,9206.75
"AL",1,101,"Montgomery County","Paraquat",66,952.1,509.05
"AL",1,103,"Morgan County","2,4-D",4030.9,4778.9,4404.9
"AL",1,103,"Morgan County","Chlorpyrifos",46.6,125.4,86
"AL",1,103,"Morgan County","Glyphosate",12166.4,12691.2,12428.8
"AL",1,103,"Morgan County","Paraquat",141.7,835.8,488.75
"AL",1,105,"Perry County","2,4-D",3976.3,4393.7,4185
"AL",1,105,"Perry County","Chlorpyrifos",47.7,112.3,80
"AL",1,105,"Perry County","Glyphosate",13826.8,14472.3,14149.55
"AL",1,105,"Perry County","Paraquat",21.8,738.3,380.05
"AL",1,107,"Pickens County","2,4-D",2669.4,2733.4,2701.4
"AL",1,107,"Pickens County","Chlorpyrifos",36.6,58.8,47.7
"AL",1,107,"Pickens County","Glyphosate",4646.7,4722,4684.35
"AL",1,107,"Pickens County","Paraquat",251.7,278.2,264.95
"AL",1,109,"Pike County","2,4-D",6297,6542.4,6419.7
"AL",1,109,"Pike County","Chlorpyrifos",140.6,521,330.8
"AL",1,109,"Pike County","Glyphosate",6159.2,6165.1,6162.15
"AL",1,109,"Pike County","Paraquat",178.7,383.7,281.2
"AL",1,111,"Randolph County","2,4-D",4387.4,4430.3,4408.85
"AL",1,111,"Randolph County","Chlorpyrifos",0.7,16.4,8.55
"AL",1,111,"Randolph County","Glyphosate",799.3,964.2,881.75
"AL",1,111,"Randolph County","Paraquat",15.4,34.1,24.75
"AL",1,113,"Russell County","2,4-D",3565,3684.5,3624.75
"AL",1,113,"Russell County","Chlorpyrifos",46.3,490.5,268.4
"AL",1,113,"Russell County","Glyphosate",4390.8,4408.5,4399.65
"AL",1,113,"Russell County","Paraquat",126.7,497.8,312.25
"AL",1,115,"St. Clair County","2,4-D",3558.8,3560.3,3559.55
"AL",1,115,"St. Clair County","Chlorpyrifos",13.9,17.2,15.55
"AL",1,115,"St. Clair County","Glyphosate",842.2,848.4,845.3
"AL",1,115,"St. Clair County","Paraquat",16.9,18.3,17.6
"AL",1,117,"Shelby County","2,4-D",2464.4,2506.5,2485.45
"AL",1,117,"Shelby County","Chlorpyrifos",5.1,19.7,12.4
"AL",1,117,"Shelby County","Glyphosate",4698.3,4755.8,4727.05
"AL",1,117,"Shelby County","Paraquat",538,555.3,546.65
"AL",1,119,"Sumter County","2,4-D",4558.9,4676.5,4617.7
"AL",1,119,"Sumter County","Chlorpyrifos",15,19.5,17.25
"AL",1,119,"Sumter County","Glyphosate",3619,4201.4,3910.2
"AL",1,119,"Sumter County","Paraquat",43.4,151.3,97.35
"AL",1,121,"Talladega County","2,4-D",3990.6,4182.8,4086.7
"AL",1,121,"Talladega County","Chlorpyrifos",42.7,112.4,77.55
"AL",1,121,"Talladega County","Glyphosate",12309.2,12411.3,12360.25
"AL",1,121,"Talladega County","Paraquat",774.3,857,815.65
"AL",1,123,"Tallapoosa County","2,4-D",1946.1,1967.7,1956.9
"AL",1,123,"Tallapoosa County","Chlorpyrifos",20,27.8,23.9
"AL",1,123,"Tallapoosa County","Glyphosate",1177.3,1245,1211.15
"AL",1,123,"Tallapoosa County","Paraquat",167.5,176.9,172.2
"AL",1,125,"Tuscaloosa County","2,4-D",2753.7,2822.2,2787.95
"AL",1,125,"Tuscaloosa County","Chlorpyrifos",25.5,49.8,37.65
"AL",1,125,"Tuscaloosa County","Glyphosate",4907.4,4979.9,4943.65
"AL",1,125,"Tuscaloosa County","Paraquat",287.9,316.8,302.35
"AL",1,127,"Walker County","2,4-D",1705,1725.9,1715.45
"AL",1,127,"Walker County","Chlorpyrifos",3.7,11,7.35
"AL",1,127,"Walker County","Glyphosate",1070.4,1133.6,1102
"AL",1,127,"Walker County","Paraquat",35.4,44.1,39.75
"AL",1,129,"Washington County","2,4-D",1020.7,1073.8,1047.25
"AL",1,129,"Washington County","Chlorpyrifos",3.6,115.2,59.4
"AL",1,129,"Washington County","Glyphosate",3611.8,3659.4,3635.6
"AL",1,129,"Washington County","Paraquat",105.1,162.3,133.7
"AL",1,131,"Wilcox County","2,4-D",1911.4,1994,1952.7
"AL",1,131,"Wilcox County","Chlorpyrifos",11,35.7,23.35
"AL",1,131,"Wilcox County","Glyphosate",3779,3867.6,3823.3
"AL",1,131,"Wilcox County","Paraquat",39.3,115.6,77.45
"AL",1,133,"Winston County","2,4-D",1766.7,1776.5,1771.6
"AL",1,133,"Winston County","Chlorpyrifos",10.8,12.7,11.75
"AL",1,133,"Winston County","Glyphosate",225.6,439.9,332.75
"AL",1,133,"Winston County","Paraquat",6.6,21.9,14.25
"AR",5,1,"Arkansas County","2,4-D",2675.1,33563.1,18119.1
"AR",5,1,"Arkansas County","Chlorpyrifos",550.3,550.3,550.3
"AR",5,1,"Arkansas County","Glyphosate",121521.7,121879.3,121700.5
"AR",5,1,"Arkansas County","Malathion",0,3364.7,1682.35
"AR",5,1,"Arkansas County","Paraquat",6983.8,11730,9356.9
"AR",5,3,"Ashley County","2,4-D",13452.7,14860.1,14156.4
"AR",5,3,"Ashley County","Chlorpyrifos",8,8,8
"AR",5,3,"Ashley County","Glyphosate",87565.8,87662.5,87614.15
"AR",5,3,"Ashley County","Malathion",133,450.1,291.55
"AR",5,3,"Ashley County","Paraquat",3100.1,5389.8,4244.95
"AR",5,5,"Baxter County","2,4-D",2235.6,2235.6,2235.6
"AR",5,5,"Baxter County","Chlorpyrifos",0,0,0
"AR",5,5,"Baxter County","Glyphosate",24.4,24.4,24.4
"AR",5,5,"Baxter County","Paraquat",0.3,0.3,0.3
"AR",5,7,"Benton County","2,4-D",1676.3,1722.9,1699.6
"AR",5,7,"Benton County","Chlorpyrifos",39,124.9,81.95
"AR",5,7,"Benton County","Glyphosate",1485.4,1562.1,1523.75
"AR",5,7,"Benton County","Paraquat",46.5,191.1,118.8
"AR",5,9,"Boone County","2,4-D",1624.4,1625.9,1625.15
"AR",5,9,"Boone County","Chlorpyrifos",28.7,31.4,30.05
"AR",5,9,"Boone County","Glyphosate",859.5,861.9,860.7
"AR",5,9,"Boone County","Paraquat",0,4.6,2.3
"AR",5,11,"Bradley County","2,4-D",867.2,867.2,867.2
"AR",5,11,"Bradley County","Glyphosate",8,20.3,14.15
"AR",5,13,"Calhoun County","2,4-D",673.4,673.4,673.4
"AR",5,13,"Calhoun County","Glyphosate",6.2,15.6,10.9
"AR",5,15,"Carroll County","2,4-D",1591.8,1592.4,1592.1
"AR",5,15,"Carroll County","Chlorpyrifos",12.4,13.6,13
"AR",5,15,"Carroll County","Glyphosate",839.1,840.2,839.65
"AR",5,15,"Carroll County","Paraquat",3,5.1,4.05
"AR",5,17,"Chicot County","2,4-D",36727.7,39056.1,37891.9
"AR",5,17,"Chicot County","Chlorpyrifos",24.8,991.2,508
"AR",5,17,"Chicot County","Glyphosate",218168.8,218659.6,218414.2
"AR",5,17,"Chicot County","Malathion",101.4,1179.5,640.45
"AR",5,17,"Chicot County","Paraquat",8768.1,12571.8,10669.95
"AR",5,19,"Clark County","2,4-D",5151,5151,5151
"AR",5,19,"Clark County","Chlorpyrifos",4.1,4.1,4.1
"AR",5,19,"Clark County","Glyphosate",2334.6,2408.3,2371.45
"AR",5,19,"Clark County","Paraquat",289.2,289.2,289.2
"AR",5,21,"Clay County","2,4-D",4219.6,6313.9,5266.75
"AR",5,21,"Clay County","Chlorpyrifos",8,1222.1,615.05
"AR",5,21,"Clay County","Glyphosate",168248.1,168248.1,168248.1
"AR",5,21,"Clay County","Malathion",0,3754.3,1877.15
"AR",5,21,"Clay County","Paraquat",2278.6,2278.6,2278.6
"AR",5,23,"Cleburne County","2,4-D",3200.9,3202.4,3201.65
"AR",5,23,"Cleburne County","Chlorpyrifos",20.9,31.7,26.3
"AR",5,23,"Cleburne County","Glyphosate",1214.9,1214.9,1214.9
"AR",5,23,"Cleburne County","Paraquat",81.5,91.4,86.45
"AR",5,25,"Cleveland County","2,4-D",1181.7,1181.7,1181.7
"AR",5,25,"Cleveland County","Chlorpyrifos",0.2,0.2,0.2
"AR",5,25,"Cleveland County","Glyphosate",37.2,51.6,44.4
"AR",5,25,"Cleveland County","Paraquat",3.5,3.5,3.5
"AR",5,27,"Columbia County","2,4-D",2176.7,2176.7,2176.7
"AR",5,27,"Columbia County","Chlorpyrifos",0.1,0.1,0.1
"AR",5,27,"Columbia County","Glyphosate",20.2,37.6,28.9
"AR",5,29,"Conway County","2,4-D",9947.1,13037.2,11492.15
"AR",5,29,"Conway County","Chlorpyrifos",16.8,65.4,41.1
"AR",5,29,"Conway County","Glyphosate",13353.5,14085.1,13719.3
"AR",5,29,"Conway County","Malathion",193.8,193.8,193.8
"AR",5,29,"Conway County","Paraquat",0,1320,660
"AR",5,31,"Craighead County","2,4-D",3453.4,5837.7,4645.55
"AR",5,31,"Craighead County","Chlorpyrifos",6.5,907.3,456.9
"AR",5,31,"Craighead County","Glyphosate",210356.1,210356.1,210356.1
"AR",5,31,"Craighead County","Malathion",0,4495.1,2247.55
"AR",5,31,"Craighead County","Paraquat",2855,2855,2855
"AR",5,33,"Crawford County","2,4-D",2384.6,2943.1,2663.85
"AR",5,33,"Crawford County","Chlorpyrifos",12.5,24.9,18.7
"AR",5,33,"Crawford County","Glyphosate",663.8,2699.4,1681.6
"AR",5,33,"Crawford County","Malathion",0,12.6,6.3
"AR",5,33,"Crawford County","Paraquat",1970.4,1970.4,1970.4
"AR",5,35,"Crittenden County","2,4-D",3969.9,39144.8,21557.35
"AR",5,35,"Crittenden County","Chlorpyrifos",1187,1187,1187
"AR",5,35,"Crittenden County","Glyphosate",116493,117053,116773
"AR",5,35,"Crittenden County","Malathion",0,1611.3,805.65
"AR",5,35,"Crittenden County","Paraquat",7930.4,10967.4,9448.9
"AR",5,37,"Cross County","2,4-D",2598.1,29526.7,16062.4
"AR",5,37,"Cross County","Chlorpyrifos",680.7,680.7,680.7
"AR",5,37,"Cross County","Glyphosate",102406.7,102834.5,102620.6
"AR",5,37,"Cross County","Malathion",0,3244.7,1622.35
"AR",5,37,"Cross County","Paraquat",5949.9,8482.1,7216
"AR",5,39,"Dallas County","2,4-D",826.8,826.8,826.8
"AR",5,39,"Dallas County","Glyphosate",7.6,7.6,7.6
"AR",5,41,"Desha County","2,4-D",35928.7,36443.7,36186.2
"AR",5,41,"Desha County","Chlorpyrifos",25.5,646.6,336.05
"AR",5,41,"Desha County","Glyphosate",209601.6,209687.6,209644.6
"AR",5,41,"Desha County","Malathion",61.1,784.8,422.95
"AR",5,41,"Desha County","Paraquat",8413.4,11776.7,10095.05
"AR",5,43,"Drew County","2,4-D",8662.2,10750.8,9706.5
"AR",5,43,"Drew County","Chlorpyrifos",6.2,220.7,113.45
"AR",5,43,"Drew County","Glyphosate",55590.7,55696.8,55643.75
"AR",5,43,"Drew County","Malathion",22.8,321.3,172.05
"AR",5,43,"Drew County","Paraquat",1992.6,3431.9,2712.25
"AR",5,45,"Faulkner County","2,4-D",12648.2,13642.6,13145.4
"AR",5,45,"Faulkner County","Chlorpyrifos",38.7,70.1,54.4
"AR",5,45,"Faulkner County","Glyphosate",4256.1,4817.2,4536.65
"AR",5,45,"Faulkner County","Malathion",82.8,82.8,82.8
"AR",5,45,"Faulkner County","Paraquat",0,476.9,238.45
"AR",5,47,"Franklin County","2,4-D",3741.8,3816.1,3778.95
"AR",5,47,"Franklin County","Chlorpyrifos",23.3,26.1,24.7
"AR",5,47,"Franklin County","Glyphosate",269.7,771.7,520.7
"AR",5,47,"Franklin County","Malathion",0,1.5,0.75
"AR",5,47,"Franklin County","Paraquat",332.3,332.3,332.3
"AR",5,49,"Fulton County","2,4-D",5458.8,5458.8,5458.8
"AR",5,49,"Fulton County","Chlorpyrifos",0,0,0
"AR",5,49,"Fulton County","Glyphosate",159.4,159.4,159.4
"AR",5,49,"Fulton County","Paraquat",0.8,0.8,0.8
"AR",5,51,"Garland County","2,4-D",2732.1,2732.1,2732.1
"AR",5,51,"Garland County","Chlorpyrifos",6.1,7.4,6.75
"AR",5,51,"Garland County","Glyphosate",42.9,100.6,71.75
"AR",5,53,"Grant County","2,4-D",4017.4,4043.5,4030.45
"AR",5,53,"Grant County","Chlorpyrifos",20,25.6,22.8
"AR",5,53,"Grant County","Glyphosate",106.6,218,162.3
"AR",5,53,"Grant County","Paraquat",0,19.3,9.65
"AR",5,55,"Greene County","2,4-D",4982.8,6183.3,5583.05
"AR",5,55,"Greene County","Chlorpyrifos",33.2,933.4,483.3
"AR",5,55,"Greene County","Glyphosate",92680.7,92680.7,92680.7
"AR",5,55,"Greene County","Malathion",0,2893.6,1446.8
"AR",5,55,"Greene County","Paraquat",1273.2,1273.2,1273.2
"AR",5,57,"Hempstead County","2,4-D",8633.2,8688.3,8660.75
"AR",5,57,"Hempstead County","Chlorpyrifos",23,27.2,25.1
"AR",5,57,"Hempstead County","Glyphosate",561.1,574.2,567.65
"AR",5,57,"Hempstead County","Malathion",0,15.1,7.55
"AR",5,57,"Hempstead County","Paraquat",0,111.7,55.85
"AR",5,59,"Hot Spring County","2,4-D",4743.2,4823.4,4783.3
"AR",5,59,"Hot Spring County","Chlorpyrifos",0.1,0.1,0.1
"AR",5,59,"Hot Spring County","Glyphosate",314,404.3,359.15
"AR",5,59,"Hot Spring County","Paraquat",0,19.3,9.65
"AR",5,61,"Howard County","2,4-D",6045.8,6045.8,6045.8
"AR",5,61,"Howard County","Chlorpyrifos",19.3,23.6,21.45
"AR",5,61,"Howard County","Glyphosate",433.7,436.6,435.15
"AR",5,63,"Independence County","2,4-D",21944.1,22410.4,22177.25
"AR",5,63,"Independence County","Chlorpyrifos",9.1,1112.7,560.9
"AR",5,63,"Independence County","Glyphosate",29104.4,29104.4,29104.4
"AR",5,63,"Independence County","Malathion",0,402.9,201.45
"AR",5,63,"Independence County","Paraquat",344.5,344.5,344.5
"AR",5,65,"Izard County","2,4-D",3979.3,3979.5,3979.4
"AR",5,65,"Izard County","Chlorpyrifos",0,3.8,1.9
"AR",5,65,"Izard County","Glyphosate",286.7,286.7,286.7
"AR",5,65,"Izard County","Paraquat",0.4,3.9,2.15
"AR",5,67,"Jackson County","2,4-D",4579.2,6755.8,5667.5
"AR",5,67,"Jackson County","Chlorpyrifos",0,2146.6,1073.3
"AR",5,67,"Jackson County","Glyphosate",121050.5,121050.5,121050.5
"AR",5,67,"Jackson County","Malathion",0,3372.4,1686.2
"AR",5,67,"Jackson County","Paraquat",1595.3,1595.3,1595.3
"AR",5,69,"Jefferson County","2,4-D",28384.4,30610.8,29497.6
"AR",5,69,"Jefferson County","Chlorpyrifos",4.7,292.9,148.8
"AR",5,69,"Jefferson County","Glyphosate",161161.3,161594.5,161377.9
"AR",5,69,"Jefferson County","Malathion",26.2,2320.3,1173.25
"AR",5,69,"Jefferson County","Paraquat",5187.7,11819.1,8503.4
"AR",5,71,"Johnson County","2,4-D",2565.9,2629.9,2597.9
"AR",5,71,"Johnson County","Chlorpyrifos",0.1,17.8,8.95
"AR",5,71,"Johnson County","Glyphosate",463.5,1251,857.25
"AR",5,71,"Johnson County","Malathion",0,3.5,1.75
"AR",5,71,"Johnson County","Paraquat",1454.6,1454.6,1454.6
"AR",5,73,"Lafayette County","2,4-D",4453.4,8626.3,6539.85
"AR",5,73,"Lafayette County","Chlorpyrifos",66.2,68.1,67.15
"AR",5,73,"Lafayette County","Glyphosate",13955.2,14106.1,14030.65
"AR",5,73,"Lafayette County","Malathion",0,265.3,132.65
"AR",5,73,"Lafayette County","Paraquat",0,4056.5,2028.25
"AR",5,75,"Lawrence County","2,4-D",11970.7,12854,12412.35
"AR",5,75,"Lawrence County","Chlorpyrifos",12,1167.8,589.9
"AR",5,75,"Lawrence County","Glyphosate",64592.5,64592.5,64592.5
"AR",5,75,"Lawrence County","Malathion",0,3073.7,1536.85
"AR",5,75,"Lawrence County","Paraquat",951.6,951.6,951.6
"AR",5,77,"Lee County","2,4-D",2198.1,29800.1,15999.1
"AR",5,77,"Lee County","Chlorpyrifos",1428.8,1428.8,1428.8
"AR",5,77,"Lee County","Glyphosate",94092.3,94435.3,94263.8
"AR",5,77,"Lee County","Malathion",0,1038.9,519.45
"AR",5,77,"Lee County","Paraquat",5727.5,9962.4,7844.95
"AR",5,79,"Lincoln County","2,4-D",18706.4,21182.1,19944.25
"AR",5,79,"Lincoln County","Chlorpyrifos",14,586.5,300.25
"AR",5,79,"Lincoln County","Glyphosate",118580.8,118705,118642.9
"AR",5,79,"Lincoln County","Malathion",64.5,851.6,458.05
"AR",5,79,"Lincoln County","Paraquat",4363.1,7342,5852.55
"AR",5,81,"Little River County","2,4-D",6026,8677.2,7351.6
"AR",5,81,"Little River County","Chlorpyrifos",4985.8,4988.1,4986.95
"AR",5,81,"Little River County","Glyphosate",6058.7,6176.9,6117.8
"AR",5,81,"Little River County","Malathion",0,187.7,93.85
"AR",5,81,"Little River County","Paraquat",0,2532.8,1266.4
"AR",5,83,"Logan County","2,4-D",4291.1,4552.8,4421.95
"AR",5,83,"Logan County","Chlorpyrifos",22.4,44.1,33.25
"AR",5,83,"Logan County","Glyphosate",825.6,2479.5,1652.55
"AR",5,83,"Logan County","Paraquat",2164.4,2164.4,2164.4
"AR",5,85,"Lonoke County","2,4-D",1849,25966.8,13907.9
"AR",5,85,"Lonoke County","Chlorpyrifos",76.1,76.1,76.1
"AR",5,85,"Lonoke County","Glyphosate",96589.6,97204.4,96897
"AR",5,85,"Lonoke County","Malathion",0,3025.2,1512.6
"AR",5,85,"Lonoke County","Paraquat",4863.8,9052.8,6958.3
"AR",5,87,"Madison County","2,4-D",1522.8,1523.7,1523.25
"AR",5,87,"Madison County","Chlorpyrifos",37.6,39.3,38.45
"AR",5,87,"Madison County","Glyphosate",958.5,960,959.25
"AR",5,87,"Madison County","Paraquat",0,2.9,1.45
"AR",5,89,"Marion County","2,4-D",3678.1,3678.1,3678.1
"AR",5,89,"Marion County","Chlorpyrifos",3,3,3
"AR",5,89,"Marion County","Glyphosate",103.7,103.7,103.7
"AR",5,91,"Miller County","2,4-D",5691.1,9524.2,7607.65
"AR",5,91,"Miller County","Chlorpyrifos",115.3,119.3,117.3
"AR",5,91,"Miller County","Glyphosate",4181,4583.5,4382.25
"AR",5,91,"Miller County","Malathion",0,665.1,332.55
"AR",5,91,"Miller County","Paraquat",0,5801.6,2900.8
"AR",5,93,"Mississippi County","2,4-D",3061.4,8445.2,5753.3
"AR",5,93,"Mississippi County","Chlorpyrifos",0,10110.5,5055.25
"AR",5,93,"Mississippi County","Glyphosate",336406.9,336406.9,336406.9
"AR",5,93,"Mississippi County","Malathion",0,4718.1,2359.05
"AR",5,93,"Mississippi County","Paraquat",4211.5,4211.5,4211.5
"AR",5,95,"Monroe County","2,4-D",2570.3,22290.5,12430.4
"AR",5,95,"Monroe County","Chlorpyrifos",560.2,560.2,560.2
"AR",5,95,"Monroe County","Glyphosate",75463,75782.8,75622.9
"AR",5,95,"Monroe County","Malathion",0,1764.5,882.25
"AR",5,95,"Monroe County","Paraquat",4388.3,7284.4,5836.35
"AR",5,99,"Nevada County","2,4-D",4121.9,4121.9,4121.9
"AR",5,99,"Nevada County","Glyphosate",52.1,96.4,74.25
"AR",5,99,"Nevada County","Paraquat",0.6,0.6,0.6
"AR",5,101,"Newton County","2,4-D",610.7,610.7,610.7
"AR",5,101,"Newton County","Chlorpyrifos",9,9,9
"AR",5,101,"Newton County","Glyphosate",321.4,321.4,321.4
"AR",5,103,"Ouachita County","2,4-D",1130,1130,1130
"AR",5,103,"Ouachita County","Chlorpyrifos",0.4,0.4,0.4
"AR",5,103,"Ouachita County","Glyphosate",10.9,23.4,17.15
"AR",5,105,"Perry County","2,4-D",5004.8,5264.1,5134.45
"AR",5,105,"Perry County","Chlorpyrifos",9.1,19.8,14.45
"AR",5,105,"Perry County","Glyphosate",1899.1,2085.1,1992.1
"AR",5,105,"Perry County","Malathion",220.4,220.4,220.4
"AR",5,105,"Perry County","Paraquat",0,291.9,145.95
"AR",5,107,"Phillips County","2,4-D",3051.7,42046.2,22548.95
"AR",5,107,"Phillips County","Chlorpyrifos",1611.4,1611.4,1611.4
"AR",5,107,"Phillips County","Glyphosate",122072.3,122534.1,122303.2
"AR",5,107,"Phillips County","Malathion",0,640.4,320.2
"AR",5,107,"Phillips County","Paraquat",8767.9,13312.7,11040.3
"AR",5,109,"Pike County","2,4-D",3048.2,3048.2,3048.2
"AR",5,109,"Pike County","Glyphosate",211,211,211
"AR",5,111,"Poinsett County","2,4-D",3158.7,6412.2,4785.45
"AR",5,111,"Poinsett County","Chlorpyrifos",0,2827.4,1413.7
"AR",5,111,"Poinsett County","Glyphosate",191502.2,191502.2,191502.2
"AR",5,111,"Poinsett County","Malathion",0,4854.1,2427.05
"AR",5,111,"Poinsett County","Paraquat",2517.8,2517.8,2517.8
"AR",5,113,"Polk County","2,4-D",2647.5,2647.5,2647.5
"AR",5,113,"Polk County","Chlorpyrifos",27.4,27.6,27.5
"AR",5,113,"Polk County","Glyphosate",16.8,186.4,101.6
"AR",5,113,"Polk County","Paraquat",15.3,15.3,15.3
"AR",5,115,"Pope County","2,4-D",2934.1,3850.7,3392.4
"AR",5,115,"Pope County","Chlorpyrifos",48.8,84.9,66.85
"AR",5,115,"Pope County","Glyphosate",1061,3229.8,2145.4
"AR",5,115,"Pope County","Malathion",0,142.3,71.15
"AR",5,115,"Pope County","Paraquat",4111.4,4111.4,4111.4
"AR",5,117,"Prairie County","2,4-D",1249.2,21339,11294.1
"AR",5,117,"Prairie County","Chlorpyrifos",66.8,66.8,66.8
"AR",5,117,"Prairie County","Glyphosate",76457.5,76733.3,76595.4
"AR",5,117,"Prairie County","Malathion",0,2363.2,1181.6
"AR",5,117,"Prairie County","Paraquat",4519.2,6368.2,5443.7
"AR",5,119,"Pulaski County","2,4-D",7644.5,11176.5,9410.5
"AR",5,119,"Pulaski County","Chlorpyrifos",41.8,85.9,63.85
"AR",5,119,"Pulaski County","Glyphosate",18596.5,19181.1,18888.8
"AR",5,119,"Pulaski County","Malathion",1074.9,1074.9,1074.9
"AR",5,119,"Pulaski County","Paraquat",0,1851,925.5
"AR",5,121,"Randolph County","2,4-D",19360.7,19944,19652.35
"AR",5,121,"Randolph County","Chlorpyrifos",23.9,343.2,183.55
"AR",5,121,"Randolph County","Glyphosate",38102.9,38102.9,38102.9
"AR",5,121,"Randolph County","Malathion",0,1171.3,585.65
"AR",5,121,"Randolph County","Paraquat",508.2,508.2,508.2
"AR",5,123,"St. Francis County","2,4-D",1749,27520.6,14634.8
"AR",5,123,"St. Francis County","Chlorpyrifos",1053.6,1053.6,1053.6
"AR",5,123,"St. Francis County","Glyphosate",88754.9,89098.2,88926.55
"AR",5,123,"St. Francis County","Malathion",0,1603.3,801.65
"AR",5,123,"St. Francis County","Paraquat",5465.8,8370.1,6917.95
"AR",5,125,"Saline County","2,4-D",2728.9,2755,2741.95
"AR",5,125,"Saline County","Chlorpyrifos",6.2,7.6,6.9
"AR",5,125,"Saline County","Glyphosate",100.4,158.8,129.6
"AR",5,125,"Saline County","Paraquat",0,6.2,3.1
"AR",5,127,"Scott County","2,4-D",2164.2,2164.2,2164.2
"AR",5,127,"Scott County","Chlorpyrifos",22.7,22.7,22.7
"AR",5,127,"Scott County","Glyphosate",68.5,200.4,134.45
"AR",5,129,"Searcy County","2,4-D",3942.2,3942.2,3942.2
"AR",5,129,"Searcy County","Glyphosate",44.8,44.8,44.8
"AR",5,131,"Sebastian County","2,4-D",2574.7,2705.5,2640.1
"AR",5,131,"Sebastian County","Chlorpyrifos",47.8,52.8,50.3
"AR",5,131,"Sebastian County","Glyphosate",57.6,756.8,407.2
"AR",5,131,"Sebastian County","Paraquat",612,612,612
"AR",5,133,"Sevier County","2,4-D",4852.1,4852.1,4852.1
"AR",5,133,"Sevier County","Chlorpyrifos",29.3,35.7,32.5
"AR",5,133,"Sevier County","Glyphosate",364.7,369.1,366.9
"AR",5,135,"Sharp County","2,4-D",3974.9,3974.9,3974.9
"AR",5,135,"Sharp County","Chlorpyrifos",21.8,21.8,21.8
"AR",5,135,"Sharp County","Glyphosate",50.2,50.2,50.2
"AR",5,137,"Stone County","2,4-D",2817.4,2817.4,2817.4
"AR",5,137,"Stone County","Chlorpyrifos",0,0,0
"AR",5,137,"Stone County","Glyphosate",72.9,72.9,72.9
"AR",5,139,"Union County","2,4-D",1877.4,1877.4,1877.4
"AR",5,139,"Union County","Chlorpyrifos",0.3,0.3,0.3
"AR",5,139,"Union County","Glyphosate",17.6,17.6,17.6
"AR",5,141,"Van Buren County","2,4-D",2228.6,2228.6,2228.6
"AR",5,141,"Van Buren County","Chlorpyrifos",14,14,14
"AR",5,141,"Van Buren County","Glyphosate",66.7,66.7,66.7
"AR",5,143,"Washington County","2,4-D",1611.3,1613.6,1612.45
"AR",5,143,"Washington County","Chlorpyrifos",56.7,61,58.85
"AR",5,143,"Washington County","Glyphosate",1236.3,1240.2,1238.25
"AR",5,143,"Washington County","Paraquat",17.4,24.8,21.1
"AR",5,145,"White County","2,4-D",26490.3,26932.7,26711.5
"AR",5,145,"White County","Chlorpyrifos",5.6,736.6,371.1
"AR",5,145,"White County","Glyphosate",30646.3,30646.3,30646.3
"AR",5,145,"White County","Malathion",0,432.7,216.35
"AR",5,145,"White County","Paraquat",370,370,370
"AR",5,147,"Woodruff County","2,4-D",1754.5,25392,13573.25
"AR",5,147,"Woodruff County","Chlorpyrifos",162.9,162.9,162.9
"AR",5,147,"Woodruff County","Glyphosate",87293.5,87615.6,87454.55
"AR",5,147,"Woodruff County","Malathion",0,1866.2,933.1
"AR",5,147,"Woodruff County","Paraquat",5295.6,7501.1,6398.35
"AR",5,149,"Yell County","2,4-D",3009.7,3359.7,3184.7
"AR",5,149,"Yell County","Chlorpyrifos",35.8,57.2,46.5
"AR",5,149,"Yell County","Glyphosate",544.9,2261.2,1403.05
"AR",5,149,"Yell County","Malathion",0,9,4.5
"AR",5,149,"Yell County","Paraquat",2216,2216,2216
"AZ",4,1,"Apache County","2,4-D",4778.9,4779.3,4779.1
"AZ",4,1,"Apache County","Chlorpyrifos",52.6,76.8,64.7
"AZ",4,1,"Apache County","Glyphosate",441.4,492.5,466.95
"AZ",4,1,"Apache County","Malathion",31.7,154.1,92.9
"AZ",4,1,"Apache County","Paraquat",2.1,34.7,18.4
"AZ",4,3,"Cochise County","2,4-D",348.8,497.9,423.35
"AZ",4,3,"Cochise County","Chlorpyrifos",34.4,630.7,332.55
"AZ",4,3,"Cochise County","Glyphosate",35352.5,36228.9,35790.7
"AZ",4,3,"Cochise County","Malathion",1168.5,1197.2,1182.85
"AZ",4,3,"Cochise County","Paraquat",160.1,1419.8,789.95
"AZ",4,5,"Coconino County","2,4-D",5440.4,5440.5,5440.45
"AZ",4,5,"Coconino County","Chlorpyrifos",6.6,12.6,9.6
"AZ",4,5,"Coconino County","Glyphosate",162.6,177,169.8
"AZ",4,5,"Coconino County","Malathion",5.1,34.8,19.95
"AZ",4,5,"Coconino County","Paraquat",1.7,9.8,5.75
"AZ",4,7,"Gila County","2,4-D",12.7,12.8,12.75
"AZ",4,7,"Gila County","Chlorpyrifos",0.1,6,3.05
"AZ",4,7,"Gila County","Glyphosate",48.1,62,55.05
"AZ",4,7,"Gila County","Malathion",0.5,29.6,15.05
"AZ",4,7,"Gila County","Paraquat",0.3,8.1,4.2
"AZ",4,9,"Graham County","2,4-D",333.5,550.3,441.9
"AZ",4,9,"Graham County","Chlorpyrifos",12.9,87,49.95
"AZ",4,9,"Graham County","Glyphosate",17648.3,17808,17728.15
"AZ",4,9,"Graham County","Malathion",144.2,144.7,144.45
"AZ",4,9,"Graham County","Paraquat",407.5,491.3,449.4
"AZ",4,11,"Greenlee County","2,4-D",0.9,27,13.95
"AZ",4,11,"Greenlee County","Chlorpyrifos",0.2,41.3,20.75
"AZ",4,11,"Greenlee County","Glyphosate",593,655.1,624.05
"AZ",4,11,"Greenlee County","Malathion",80.1,80.3,80.2
"AZ",4,11,"Greenlee County","Paraquat",13.2,47.1,30.15
"AZ",4,12,"La Paz County","2,4-D",280.3,1511.8,896.05
"AZ",4,12,"La Paz County","Chlorpyrifos",3.3,2582.4,1292.85
"AZ",4,12,"La Paz County","Glyphosate",8803,12527,10665
"AZ",4,12,"La Paz County","Malathion",4968,4968,4968
"AZ",4,12,"La Paz County","Paraquat",298.2,2328.3,1313.25
"AZ",4,13,"Maricopa County","2,4-D",1831.1,1867.4,1849.25
"AZ",4,13,"Maricopa County","Chlorpyrifos",512.6,5364.5,2938.55
"AZ",4,13,"Maricopa County","Glyphosate",40542,47599.6,44070.8
"AZ",4,13,"Maricopa County","Malathion",8521.7,8521.5,8521.6
"AZ",4,13,"Maricopa County","Paraquat",511,3948.4,2229.7
"AZ",4,15,"Mohave County","2,4-D",1084.9,1088.7,1086.8
"AZ",4,15,"Mohave County","Chlorpyrifos",5.1,238.8,121.95
"AZ",4,15,"Mohave County","Glyphosate",3936.5,4493.3,4214.9
"AZ",4,15,"Mohave County","Malathion",2,1164.2,583.1
"AZ",4,15,"Mohave County","Paraquat",145.6,457.9,301.75
"AZ",4,17,"Navajo County","2,4-D",357.3,358.1,357.7
"AZ",4,17,"Navajo County","Chlorpyrifos",26.3,75.5,50.9
"AZ",4,17,"Navajo County","Glyphosate",500.1,614.8,557.45
"AZ",4,17,"Navajo County","Malathion",11.9,256.7,134.3
"AZ",4,17,"Navajo County","Paraquat",1.6,66.8,34.2
"AZ",4,19,"Pima County","2,4-D",333.7,348.1,340.9
"AZ",4,19,"Pima County","Chlorpyrifos",10.5,125.7,68.1
"AZ",4,19,"Pima County","Glyphosate",9322.6,9514.4,9418.5
"AZ",4,19,"Pima County","Malathion",225,226.1,225.55
"AZ",4,19,"Pima County","Paraquat",252.6,347.5,300.05
"AZ",4,21,"Pinal County","2,4-D",3048.1,3204.7,3126.4
"AZ",4,21,"Pinal County","Chlorpyrifos",242,3182.1,1712.05
"AZ",4,21,"Pinal County","Glyphosate",78136,82633.3,80384.65
"AZ",4,21,"Pinal County","Malathion",5730.2,5730.3,5730.25
"AZ",4,21,"Pinal County","Paraquat",1747,4246.8,2996.9
"AZ",4,23,"Santa Cruz County","2,4-D",15,53.9,34.45
"AZ",4,23,"Santa Cruz County","Chlorpyrifos",10.3,43.5,26.9
"AZ",4,23,"Santa Cruz County","Glyphosate",173.6,224.4,199
"AZ",4,23,"Santa Cruz County","Malathion",64.9,75.4,70.15
"AZ",4,23,"Santa Cruz County","Paraquat",12.3,39.4,25.85
"AZ",4,25,"Yavapai County","2,4-D",761.3,762.7,762
"AZ",4,25,"Yavapai County","Chlorpyrifos",11.9,43.9,27.9
"AZ",4,25,"Yavapai County","Glyphosate",812.2,888.7,850.45
"AZ",4,25,"Yavapai County","Malathion",2.1,171.3,86.7
"AZ",4,25,"Yavapai County","Paraquat",12.9,55.4,34.15
"AZ",4,27,"Yuma County","2,4-D",1411.9,1412.6,1412.25
"AZ",4,27,"Yuma County","Chlorpyrifos",201.5,1697.3,949.4
"AZ",4,27,"Yuma County","Glyphosate",34471.4,36905.4,35688.4
"AZ",4,27,"Yuma County","Malathion",2328,2328,2328
"AZ",4,27,"Yuma County","Paraquat",410.2,1607.3,1008.75
"CO",8,1,"Adams County","2,4-D",56743.5,56770.3,56756.9
"CO",8,1,"Adams County","Chlorpyrifos",2594.8,3520.2,3057.5
"CO",8,1,"Adams County","Glyphosate",166823.5,167366.9,167095.2
"CO",8,1,"Adams County","Paraquat",2797.8,4665.6,3731.7
"CO",8,3,"Alamosa County","2,4-D",1044.2,2698.9,1871.55
"CO",8,3,"Alamosa County","Chlorpyrifos",0,1177.7,588.85
"CO",8,3,"Alamosa County","Glyphosate",3000.1,5662.9,4331.5
"CO",8,3,"Alamosa County","Malathion",0,1104.8,552.4
"CO",8,3,"Alamosa County","Paraquat",0,589.7,294.85
"CO",8,5,"Arapahoe County","2,4-D",14230.6,14237.4,14234
"CO",8,5,"Arapahoe County","Chlorpyrifos",780.3,878.5,829.4
"CO",8,5,"Arapahoe County","Glyphosate",36919.6,37130.3,37024.95
"CO",8,5,"Arapahoe County","Paraquat",587.4,918.1,752.75
"CO",8,7,"Archuleta County","2,4-D",1.1,185.4,93.25
"CO",8,7,"Archuleta County","Chlorpyrifos",64.5,64.5,64.5
"CO",8,7,"Archuleta County","Glyphosate",154.5,166.6,160.55
"CO",8,7,"Archuleta County","Malathion",0,200.3,100.15
"CO",8,7,"Archuleta County","Paraquat",0,56.4,28.2
"CO",8,9,"Baca County","2,4-D",58162,58364.6,58263.3
"CO",8,9,"Baca County","Chlorpyrifos",4342.5,4460.9,4401.7
"CO",8,9,"Baca County","Glyphosate",105492.2,105508.2,105500.2
"CO",8,9,"Baca County","Paraquat",800.1,7165.3,3982.7
"CO",8,11,"Bent County","2,4-D",5818.1,6137.4,5977.75
"CO",8,11,"Bent County","Chlorpyrifos",1643.4,1655.4,1649.4
"CO",8,11,"Bent County","Glyphosate",10646.9,10663,10654.95
"CO",8,11,"Bent County","Paraquat",0,649.9,324.95
"CO",8,13,"Boulder County","2,4-D",592.9,593,592.95
"CO",8,13,"Boulder County","Chlorpyrifos",202.4,260,231.2
"CO",8,13,"Boulder County","Glyphosate",3100.4,3167.6,3134
"CO",8,13,"Boulder County","Paraquat",3.7,3.7,3.7
"CO",8,14,"Broomfield County","2,4-D",1273,1275.7,1274.35
"CO",8,14,"Broomfield County","Chlorpyrifos",63.5,129.4,96.45
"CO",8,14,"Broomfield County","Glyphosate",3977.3,3977.3,3977.3
"CO",8,14,"Broomfield County","Paraquat",55.6,85,70.3
"CO",8,15,"Chaffee County","2,4-D",90.2,118.7,104.45
"CO",8,15,"Chaffee County","Chlorpyrifos",0,91.2,45.6
"CO",8,15,"Chaffee County","Glyphosate",0.2,274.9,137.55
"CO",8,15,"Chaffee County","Malathion",0,236.7,118.35
"CO",8,15,"Chaffee County","Paraquat",0,101.3,50.65
"CO",8,17,"Cheyenne County","2,4-D",46907.7,46911.6,46909.65
"CO",8,17,"Cheyenne County","Chlorpyrifos",2458.8,4076.1,3267.45
"CO",8,17,"Cheyenne County","Glyphosate",149212.4,149212.4,149212.4
"CO",8,17,"Cheyenne County","Paraquat",2020.5,4347.1,3183.8
"CO",8,19,"Clear Creek County","2,4-D",6.5,6.5,6.5
"CO",8,19,"Clear Creek County","Glyphosate",0,0.2,0.1
"CO",8,21,"Conejos County","2,4-D",434.9,1402.7,918.8
"CO",8,21,"Conejos County","Chlorpyrifos",0,2623.5,1311.75
"CO",8,21,"Conejos County","Glyphosate",5968,8328.3,7148.15
"CO",8,21,"Conejos County","Malathion",0,2472.6,1236.3
"CO",8,21,"Conejos County","Paraquat",0,1098,549
"CO",8,23,"Costilla County","2,4-D",40.3,1321.1,680.7
"CO",8,23,"Costilla County","Chlorpyrifos",0,1395.5,697.75
"CO",8,23,"Costilla County","Glyphosate",252.7,2323.9,1288.3
"CO",8,23,"Costilla County","Malathion",0,1315.2,657.6
"CO",8,23,"Costilla County","Paraquat",0,673,336.5
"CO",8,25,"Crowley County","2,4-D",1112.7,1257,1184.85
"CO",8,25,"Crowley County","Chlorpyrifos",207.8,211.9,209.85
"CO",8,25,"Crowley County","Glyphosate",1669.2,1680.9,1675.05
"CO",8,25,"Crowley County","Paraquat",0,103.9,51.95
"CO",8,27,"Custer County","2,4-D",97.8,170.7,134.25
"CO",8,27,"Custer County","Chlorpyrifos",245.5,245.5,245.5
"CO",8,27,"Custer County","Glyphosate",179.7,183.8,181.75
"CO",8,27,"Custer County","Paraquat",0,8.9,4.45
"CO",8,29,"Delta County","2,4-D",353.8,722.4,538.1
"CO",8,29,"Delta County","Chlorpyrifos",690.7,944.5,817.6
"CO",8,29,"Delta County","Glyphosate",4702.6,5898.9,5300.75
"CO",8,29,"Delta County","Malathion",0,1522.4,761.2
"CO",8,29,"Delta County","Paraquat",25.4,466,245.7
"CO",8,31,"Denver County","2,4-D",521.4,521.4,521.4
"CO",8,31,"Denver County","Chlorpyrifos",94.5,94.5,94.5
"CO",8,31,"Denver County","Glyphosate",1707,1721.6,1714.3
"CO",8,31,"Denver County","Paraquat",0,265.2,132.6
"CO",8,33,"Dolores County","2,4-D",1379.5,2178,1778.75
"CO",8,33,"Dolores County","Chlorpyrifos",167.9,378.5,273.2
"CO",8,33,"Dolores County","Glyphosate",1243.6,6928.9,4086.25
"CO",8,33,"Dolores County","Malathion",0,520.8,260.4
"CO",8,33,"Dolores County","Paraquat",0.1,320.1,160.1
"CO",8,35,"Douglas County","2,4-D",385,394.8,389.9
"CO",8,35,"Douglas County","Chlorpyrifos",20.3,94.4,57.35
"CO",8,35,"Douglas County","Glyphosate",1142,1142.8,1142.4
"CO",8,35,"Douglas County","Paraquat",14.8,22.6,18.7
"CO",8,37,"Eagle County","2,4-D",135.9,167.6,151.75
"CO",8,37,"Eagle County","Chlorpyrifos",0,131.7,65.85
"CO",8,37,"Eagle County","Glyphosate",0,385.2,192.6
"CO",8,37,"Eagle County","Malathion",0,342,171
"CO",8,37,"Eagle County","Paraquat",0,145.8,72.9
"CO",8,39,"Elbert County","2,4-D",11951.5,12019.7,11985.6
"CO",8,39,"Elbert County","Chlorpyrifos",688.8,1324.9,1006.85
"CO",8,39,"Elbert County","Glyphosate",34775.4,34893.1,34834.25
"CO",8,39,"Elbert County","Paraquat",500.9,1150.9,825.9
"CO",8,41,"El Paso County","2,4-D",347.3,370.7,359
"CO",8,41,"El Paso County","Chlorpyrifos",6.4,206.2,106.3
"CO",8,41,"El Paso County","Glyphosate",1668.4,1668.8,1668.6
"CO",8,41,"El Paso County","Paraquat",17,23.2,20.1
"CO",8,43,"Fremont County","2,4-D",52.5,145.5,99
"CO",8,43,"Fremont County","Chlorpyrifos",197.5,197.5,197.5
"CO",8,43,"Fremont County","Glyphosate",281.7,288.6,285.15
"CO",8,43,"Fremont County","Paraquat",0,10.7,5.35
"CO",8,45,"Garfield County","2,4-D",18.6,371.3,194.95
"CO",8,45,"Garfield County","Chlorpyrifos",606.2,619,612.6
"CO",8,45,"Garfield County","Glyphosate",1459.6,1484.9,1472.25
"CO",8,45,"Garfield County","Malathion",0,1883,941.5
"CO",8,45,"Garfield County","Paraquat",0,531.7,265.85
"CO",8,47,"Gilpin County","2,4-D",6.7,6.7,6.7
"CO",8,47,"Gilpin County","Glyphosate",0,0.2,0.1
"CO",8,49,"Grand County","2,4-D",275.1,293.9,284.5
"CO",8,49,"Grand County","Chlorpyrifos",0,22.3,11.15
"CO",8,49,"Grand County","Glyphosate",0,89.3,44.65
"CO",8,49,"Grand County","Malathion",0,57.9,28.95
"CO",8,49,"Grand County","Paraquat",0,25.4,12.7
"CO",8,51,"Gunnison County","2,4-D",228.2,254.8,241.5
"CO",8,51,"Gunnison County","Chlorpyrifos",0,28.4,14.2
"CO",8,51,"Gunnison County","Glyphosate",0,113.3,56.65
"CO",8,51,"Gunnison County","Malathion",0,73.7,36.85
"CO",8,51,"Gunnison County","Paraquat",0,32.5,16.25
"CO",8,53,"Hinsdale County","2,4-D",0,8.7,4.35
"CO",8,53,"Hinsdale County","Chlorpyrifos",3.1,3.1,3.1
"CO",8,53,"Hinsdale County","Glyphosate",7.5,8.1,7.8
"CO",8,53,"Hinsdale County","Malathion",0,9.8,4.9
"CO",8,53,"Hinsdale County","Paraquat",0,2.7,1.35
"CO",8,55,"Huerfano County","2,4-D",21.1,188.8,104.95
"CO",8,55,"Huerfano County","Chlorpyrifos",252.5,252.5,252.5
"CO",8,55,"Huerfano County","Glyphosate",108,121.3,114.65
"CO",8,55,"Huerfano County","Paraquat",0,2.3,1.15
"CO",8,57,"Jackson County","2,4-D",421.6,469.9,445.75
"CO",8,57,"Jackson County","Chlorpyrifos",0,40.8,20.4
"CO",8,57,"Jackson County","Glyphosate",0,177.8,88.9
"CO",8,57,"Jackson County","Malathion",0,105.9,52.95
"CO",8,57,"Jackson County","Paraquat",0,47.2,23.6
"CO",8,59,"Jefferson County","2,4-D",19.7,19.7,19.7
"CO",8,59,"Jefferson County","Chlorpyrifos",22.1,22.3,22.2
"CO",8,59,"Jefferson County","Glyphosate",26.7,29,27.85
"CO",8,59,"Jefferson County","Paraquat",0,0,0
"CO",8,61,"Kiowa County","2,4-D",63379.8,63380,63379.9
"CO",8,61,"Kiowa County","Chlorpyrifos",3013.2,3805.6,3409.4
"CO",8,61,"Kiowa County","Glyphosate",191922.1,191922.1,191922.1
"CO",8,61,"Kiowa County","Paraquat",3093.6,6492.5,4793.05
"CO",8,63,"Kit Carson County","2,4-D",79500.1,79521.6,79510.85
"CO",8,63,"Kit Carson County","Chlorpyrifos",4279.5,11013.9,7646.7
"CO",8,63,"Kit Carson County","Glyphosate",294898.2,294898.4,294898.3
"CO",8,63,"Kit Carson County","Paraquat",3155.4,6171.9,4663.65
"CO",8,65,"Lake County","2,4-D",16.8,16.8,16.8
"CO",8,65,"Lake County","Glyphosate",0,0.5,0.25
"CO",8,67,"La Plata County","2,4-D",270.1,667.2,468.65
"CO",8,67,"La Plata County","Chlorpyrifos",196.6,245,220.8
"CO",8,67,"La Plata County","Glyphosate",626.3,1217.7,922
"CO",8,67,"La Plata County","Malathion",0,609,304.5
"CO",8,67,"La Plata County","Paraquat",0.1,214.9,107.5
"CO",8,69,"Larimer County","2,4-D",3075,3107.4,3091.2
"CO",8,69,"Larimer County","Chlorpyrifos",272.9,662.8,467.85
"CO",8,69,"Larimer County","Glyphosate",17222.8,17421.6,17322.2
"CO",8,69,"Larimer County","Paraquat",70.1,70.1,70.1
"CO",8,71,"Las Animas County","2,4-D",2155.9,2762.6,2459.25
"CO",8,71,"Las Animas County","Chlorpyrifos",607.4,607.4,607.4
"CO",8,71,"Las Animas County","Glyphosate",3381.8,3435,3408.4
"CO",8,71,"Las Animas County","Paraquat",0,226,113
"CO",8,73,"Lincoln County","2,4-D",47272.7,47280,47276.35
"CO",8,73,"Lincoln County","Chlorpyrifos",2004.7,2775.8,2390.25
"CO",8,73,"Lincoln County","Glyphosate",144009.2,144009.2,144009.2
"CO",8,73,"Lincoln County","Paraquat",2469.7,4236.7,3353.2
"CO",8,75,"Logan County","2,4-D",37139,37201.5,37170.25
"CO",8,75,"Logan County","Chlorpyrifos",628.8,1979.9,1304.35
"CO",8,75,"Logan County","Glyphosate",139033.5,139210.7,139122.1
"CO",8,75,"Logan County","Paraquat",669.7,669.7,669.7
"CO",8,77,"Mesa County","2,4-D",263,813.2,538.1
"CO",8,77,"Mesa County","Chlorpyrifos",777.3,848.3,812.8
"CO",8,77,"Mesa County","Glyphosate",7222.4,7922.1,7572.25
"CO",8,77,"Mesa County","Malathion",0,2243.6,1121.8
"CO",8,77,"Mesa County","Paraquat",34.1,674.2,354.15
"CO",8,79,"Mineral County","2,4-D",1.2,1.2,1.2
"CO",8,79,"Mineral County","Glyphosate",0,0.1,0.05
"CO",8,81,"Moffat County","2,4-D",1221.5,4576.6,2899.05
"CO",8,81,"Moffat County","Chlorpyrifos",0.1,643.1,321.6
"CO",8,81,"Moffat County","Glyphosate",1.1,6837.7,3419.4
"CO",8,81,"Moffat County","Malathion",0,1315.2,657.6
"CO",8,81,"Moffat County","Paraquat",0,701.5,350.75
"CO",8,83,"Montezuma County","2,4-D",697,1823.6,1260.3
"CO",8,83,"Montezuma County","Chlorpyrifos",735.6,904.5,820.05
"CO",8,83,"Montezuma County","Glyphosate",4674.7,8483.7,6579.2
"CO",8,83,"Montezuma County","Malathion",0,2283.7,1141.85
"CO",8,83,"Montezuma County","Paraquat",1.5,707.1,354.3
"CO",8,85,"Montrose County","2,4-D",137,847.9,492.45
"CO",8,85,"Montrose County","Chlorpyrifos",1225.3,1251.7,1238.5
"CO",8,85,"Montrose County","Glyphosate",10668.4,11474,11071.2
"CO",8,85,"Montrose County","Malathion",0,1762.8,881.4
"CO",8,85,"Montrose County","Paraquat",2.1,507.3,254.7
"CO",8,87,"Morgan County","2,4-D",17981,18017.1,17999.05
"CO",8,87,"Morgan County","Chlorpyrifos",374.4,1224.9,799.65
"CO",8,87,"Morgan County","Glyphosate",90090.9,90217.7,90154.3
"CO",8,87,"Morgan County","Paraquat",257.3,257.3,257.3
"CO",8,89,"Otero County","2,4-D",3853.1,4201.4,4027.25
"CO",8,89,"Otero County","Chlorpyrifos",1796.5,1799.4,1797.95
"CO",8,89,"Otero County","Glyphosate",7778.2,7794.4,7786.3
"CO",8,89,"Otero County","Paraquat",0,452.7,226.35
"CO",8,91,"Ouray County","2,4-D",0,67.4,33.7
"CO",8,91,"Ouray County","Chlorpyrifos",21.7,21.7,21.7
"CO",8,91,"Ouray County","Glyphosate",51.7,56.2,53.95
"CO",8,91,"Ouray County","Malathion",0,67.4,33.7
"CO",8,91,"Ouray County","Paraquat",0,18.9,9.45
"CO",8,93,"Park County","2,4-D",260.5,263.4,261.95
"CO",8,93,"Park County","Chlorpyrifos",0,12.2,6.1
"CO",8,93,"Park County","Glyphosate",0,43.2,21.6
"CO",8,93,"Park County","Malathion",0,31.6,15.8
"CO",8,93,"Park County","Paraquat",0,13.5,6.75
"CO",8,95,"Phillips County","2,4-D",28844.9,28855.2,28850.05
"CO",8,95,"Phillips County","Chlorpyrifos",1581,5606.4,3593.7
"CO",8,95,"Phillips County","Glyphosate",128490.9,128922.5,128706.7
"CO",8,95,"Phillips County","Paraquat",1063.8,2298.9,1681.35
"CO",8,97,"Pitkin County","2,4-D",31.9,50.3,41.1
"CO",8,97,"Pitkin County","Chlorpyrifos",0,60.8,30.4
"CO",8,97,"Pitkin County","Glyphosate",0,181.5,90.75
"CO",8,97,"Pitkin County","Malathion",0,157.8,78.9
"CO",8,97,"Pitkin County","Paraquat",0,67.5,33.75
"CO",8,99,"Prowers County","2,4-D",32729.3,33186.9,32958.1
"CO",8,99,"Prowers County","Chlorpyrifos",6006.2,6036.2,6021.2
"CO",8,99,"Prowers County","Glyphosate",68649.7,68663.5,68656.6
"CO",8,99,"Prowers County","Paraquat",291.1,4259.4,2275.25
"CO",8,101,"Pueblo County","2,4-D",1484.1,1744.6,1614.35
"CO",8,101,"Pueblo County","Chlorpyrifos",464.5,464.5,464.5
"CO",8,101,"Pueblo County","Glyphosate",2697.7,2718.8,2708.25
"CO",8,101,"Pueblo County","Paraquat",0,165.7,82.85
"CO",8,103,"Rio Blanco County","2,4-D",678.5,765.7,722.1
"CO",8,103,"Rio Blanco County","Chlorpyrifos",0,194.1,97.05
"CO",8,103,"Rio Blanco County","Glyphosate",0.1,643.4,321.75
"CO",8,103,"Rio Blanco County","Malathion",0,499.8,249.9
"CO",8,103,"Rio Blanco County","Paraquat",0,214.9,107.45
"CO",8,105,"Rio Grande County","2,4-D",1187.6,3502.2,2344.9
"CO",8,105,"Rio Grande County","Chlorpyrifos",0,1772.1,886.05
"CO",8,105,"Rio Grande County","Glyphosate",16841.3,19906.6,18373.95
"CO",8,105,"Rio Grande County","Malathion",0,1657.2,828.6
"CO",8,105,"Rio Grande County","Paraquat",0,799.9,399.95
"CO",8,107,"Routt County","2,4-D",730.1,1477,1103.55
"CO",8,107,"Routt County","Chlorpyrifos",0.6,311,155.8
"CO",8,107,"Routt County","Glyphosate",14,1801.8,907.9
"CO",8,107,"Routt County","Malathion",0,789.1,394.55
"CO",8,107,"Routt County","Paraquat",0,370.9,185.45
"CO",8,109,"Saguache County","2,4-D",673.6,3306.7,1990.15
"CO",8,109,"Saguache County","Chlorpyrifos",0,1741.8,870.9
"CO",8,109,"Saguache County","Glyphosate",9137,12655.9,10896.45
"CO",8,109,"Saguache County","Malathion",0,1630.9,815.45
"CO",8,109,"Saguache County","Paraquat",0,859.8,429.9
"CO",8,113,"San Miguel County","2,4-D",88.4,212.4,150.4
"CO",8,113,"San Miguel County","Chlorpyrifos",103.2,104.5,103.85
"CO",8,113,"San Miguel County","Glyphosate",309.2,316.6,312.9
"CO",8,113,"San Miguel County","Malathion",0,320.5,160.25
"CO",8,113,"San Miguel County","Paraquat",0.1,116.3,58.2
"CO",8,115,"Sedgwick County","2,4-D",19073.6,19109.8,19091.7
"CO",8,115,"Sedgwick County","Chlorpyrifos",223.3,1114.2,668.75
"CO",8,115,"Sedgwick County","Glyphosate",71033.2,71122.6,71077.9
"CO",8,115,"Sedgwick County","Paraquat",337.7,337.7,337.7
"CO",8,117,"Summit County","2,4-D",30,30.3,30.15
"CO",8,117,"Summit County","Chlorpyrifos",0,1.1,0.55
"CO",8,117,"Summit County","Glyphosate",0,4,2
"CO",8,117,"Summit County","Malathion",0,2.8,1.4
"CO",8,117,"Summit County","Paraquat",0,1.2,0.6
"CO",8,119,"Teller County","2,4-D",97.3,98,97.65
"CO",8,119,"Teller County","Chlorpyrifos",0,0.5,0.25
"CO",8,119,"Teller County","Glyphosate",0,5,2.5
"CO",8,119,"Teller County","Malathion",0,1.3,0.65
"CO",8,119,"Teller County","Paraquat",0,0.6,0.3
"CO",8,121,"Washington County","2,4-D",72536.5,72572.1,72554.3
"CO",8,121,"Washington County","Chlorpyrifos",4214.7,7767.9,5991.3
"CO",8,121,"Washington County","Glyphosate",226754.5,226754.5,226754.5
"CO",8,121,"Washington County","Paraquat",2712.6,4836.8,3774.7
"CO",8,123,"Weld County","2,4-D",40646.5,40784.7,40715.6
"CO",8,123,"Weld County","Chlorpyrifos",1561.2,3884.2,2722.7
"CO",8,123,"Weld County","Glyphosate",182084.5,182748.4,182416.45
"CO",8,123,"Weld County","Paraquat",695.8,695.8,695.8
"CO",8,125,"Yuma County","2,4-D",40304.6,40349.5,40327.05
"CO",8,125,"Yuma County","Chlorpyrifos",2002.3,10454,6228.15
"CO",8,125,"Yuma County","Glyphosate",222651.5,223403.4,223027.45
"CO",8,125,"Yuma County","Paraquat",1577.1,3817.2,2697.15
"CT",9,1,"Fairfield County","2,4-D",111.8,79.1,95.45
"CT",9,1,"Fairfield County","Chlorpyrifos",27.1,37.1,32.1
"CT",9,1,"Fairfield County","Glyphosate",161.1,161.5,161.3
"CT",9,1,"Fairfield County","Malathion",0,17.7,8.85
"CT",9,1,"Fairfield County","Paraquat",32.7,31.6,32.15
"CT",9,3,"Hartford County","2,4-D",240.3,182.4,211.35
"CT",9,3,"Hartford County","Chlorpyrifos",291.4,377.5,334.45
"CT",9,3,"Hartford County","Glyphosate",2170.5,2173.8,2172.15
"CT",9,3,"Hartford County","Malathion",0,135.5,67.75
"CT",9,3,"Hartford County","Paraquat",323.7,322.4,323.05
"CT",9,5,"Litchfield County","2,4-D",464.8,329.1,396.95
"CT",9,5,"Litchfield County","Chlorpyrifos",130,162.7,146.35
"CT",9,5,"Litchfield County","Glyphosate",2240.6,2242.8,2241.7
"CT",9,5,"Litchfield County","Malathion",0,66.8,33.4
"CT",9,5,"Litchfield County","Paraquat",294.5,258.7,276.6
"CT",9,7,"Middlesex County","2,4-D",108.3,78.6,93.45
"CT",9,7,"Middlesex County","Chlorpyrifos",56.3,66.1,61.2
"CT",9,7,"Middlesex County","Glyphosate",246.7,248,247.35
"CT",9,7,"Middlesex County","Malathion",0,13.9,6.95
"CT",9,7,"Middlesex County","Paraquat",60.1,58.9,59.5
"CT",9,9,"New Haven County","2,4-D",145.2,107.5,126.35
"CT",9,9,"New Haven County","Chlorpyrifos",135.2,151.8,143.5
"CT",9,9,"New Haven County","Glyphosate",673.5,675.9,674.7
"CT",9,9,"New Haven County","Malathion",0,15.9,7.95
"CT",9,9,"New Haven County","Paraquat",146.4,143.7,145.05
"CT",9,11,"New London County","2,4-D",356.3,252,304.15
"CT",9,11,"New London County","Chlorpyrifos",107.3,136.4,121.85
"CT",9,11,"New London County","Glyphosate",2321.6,2322.1,2321.85
"CT",9,11,"New London County","Malathion",0,18.3,9.15
"CT",9,11,"New London County","Paraquat",294,251.6,272.8
"CT",9,13,"Tolland County","2,4-D",241,176,208.5
"CT",9,13,"Tolland County","Chlorpyrifos",115,153.4,134.2
"CT",9,13,"Tolland County","Glyphosate",2005.5,2006.9,2006.2
"CT",9,13,"Tolland County","Malathion",0,62.5,31.25
"CT",9,13,"Tolland County","Paraquat",258.1,227.9,243
"CT",9,15,"Windham County","2,4-D",311.8,224.8,268.3
"CT",9,15,"Windham County","Chlorpyrifos",122.8,152.4,137.6
"CT",9,15,"Windham County","Glyphosate",2166.1,2167.6,2166.85
"CT",9,15,"Windham County","Malathion",0,19.3,9.65
"CT",9,15,"Windham County","Paraquat",301.5,260.3,280.9
"DE",10,1,"Kent County","2,4-D",5451.5,6052,5751.75
"DE",10,1,"Kent County","Chlorpyrifos",0,1049.4,524.7
"DE",10,1,"Kent County","Glyphosate",19284.4,23170.3,21227.35
"DE",10,1,"Kent County","Paraquat",1514.2,13288.7,7401.45
"DE",10,3,"New Castle County","2,4-D",3811,3837.3,3824.15
"DE",10,3,"New Castle County","Chlorpyrifos",16.5,370.5,193.5
"DE",10,3,"New Castle County","Glyphosate",12871.1,12944.6,12907.85
"DE",10,3,"New Castle County","Paraquat",1293.6,2010.6,1652.1
"DE",10,5,"Sussex County","2,4-D",21429,21533.7,21481.35
"DE",10,5,"Sussex County","Chlorpyrifos",0,1999.6,999.8
"DE",10,5,"Sussex County","Glyphosate",139749.1,140218.5,139983.8
"DE",10,5,"Sussex County","Paraquat",45288.1,50441.3,47864.7
"FL",12,1,"Alachua County","2,4-D",4302,5828.1,5065.05
"FL",12,1,"Alachua County","Chlorpyrifos",2594.7,2614.8,2604.75
"FL",12,1,"Alachua County","Glyphosate",4818.3,5094.2,4956.25
"FL",12,1,"Alachua County","Malathion",22.4,26.1,24.25
"FL",12,1,"Alachua County","Paraquat",302.4,664.6,483.5
"FL",12,3,"Baker County","2,4-D",737.3,737.3,737.3
"FL",12,3,"Baker County","Chlorpyrifos",14.9,14.9,14.9
"FL",12,3,"Baker County","Glyphosate",338.9,338.9,338.9
"FL",12,3,"Baker County","Malathion",1,1,1
"FL",12,3,"Baker County","Paraquat",15.8,22.9,19.35
"FL",12,5,"Bay County","2,4-D",240.8,240.8,240.8
"FL",12,5,"Bay County","Chlorpyrifos",4.6,4.6,4.6
"FL",12,5,"Bay County","Glyphosate",34,67.7,50.85
"FL",12,5,"Bay County","Paraquat",2.6,3.8,3.2
"FL",12,7,"Bradford County","2,4-D",775.4,856.4,815.9
"FL",12,7,"Bradford County","Chlorpyrifos",7,13.4,10.2
"FL",12,7,"Bradford County","Glyphosate",459.7,473.2,466.45
"FL",12,7,"Bradford County","Malathion",0.9,1.6,1.25
"FL",12,7,"Bradford County","Paraquat",6.1,32.1,19.1
"FL",12,9,"Brevard County","2,4-D",308.3,368.2,338.25
"FL",12,9,"Brevard County","Chlorpyrifos",491,496.4,493.7
"FL",12,9,"Brevard County","Glyphosate",3674,3766.9,3720.45
"FL",12,9,"Brevard County","Malathion",189.1,189.1,189.1
"FL",12,9,"Brevard County","Paraquat",166.3,186.9,176.6
"FL",12,11,"Broward County","2,4-D",15.5,15.5,15.5
"FL",12,11,"Broward County","Chlorpyrifos",3.5,3.5,3.5
"FL",12,11,"Broward County","Glyphosate",102.2,102.3,102.25
"FL",12,11,"Broward County","Malathion",1.1,1.2,1.15
"FL",12,11,"Broward County","Paraquat",1.9,3.8,2.85
"FL",12,13,"Calhoun County","2,4-D",2026.3,2026.3,2026.3
"FL",12,13,"Calhoun County","Chlorpyrifos",32,405.2,218.6
"FL",12,13,"Calhoun County","Glyphosate",12762.4,12901,12831.7
"FL",12,13,"Calhoun County","Paraquat",490.3,534.5,512.4
"FL",12,15,"Charlotte County","2,4-D",920.2,920.2,920.2
"FL",12,15,"Charlotte County","Chlorpyrifos",3960.5,3965.5,3963
"FL",12,15,"Charlotte County","Glyphosate",21020.8,21109.2,21065
"FL",12,15,"Charlotte County","Malathion",1695.8,1696.6,1696.2
"FL",12,15,"Charlotte County","Paraquat",1336.1,1361.1,1348.6
"FL",12,17,"Citrus County","2,4-D",1223.8,1223.8,1223.8
"FL",12,17,"Citrus County","Chlorpyrifos",10.1,10.6,10.35
"FL",12,17,"Citrus County","Glyphosate",313.3,322.5,317.9
"FL",12,17,"Citrus County","Malathion",30.3,31.2,30.75
"FL",12,17,"Citrus County","Paraquat",9.1,9.5,9.3
"FL",12,19,"Clay County","2,4-D",1426.8,1501.3,1464.05
"FL",12,19,"Clay County","Chlorpyrifos",2,3,2.5
"FL",12,19,"Clay County","Glyphosate",639.6,641.9,640.75
"FL",12,19,"Clay County","Malathion",0.8,1.6,1.2
"FL",12,19,"Clay County","Paraquat",1.1,76.9,39
"FL",12,21,"Collier County","2,4-D",1003.2,1161.4,1082.3
"FL",12,21,"Collier County","Chlorpyrifos",6211.3,6222.4,6216.85
"FL",12,21,"Collier County","Glyphosate",33344.9,33539.3,33442.1
"FL",12,21,"Collier County","Malathion",3347.5,3349.1,3348.3
"FL",12,21,"Collier County","Paraquat",2471.3,2743.6,2607.45
"FL",12,23,"Columbia County","2,4-D",3498.6,4176.1,3837.35
"FL",12,23,"Columbia County","Chlorpyrifos",119.9,2068.8,1094.35
"FL",12,23,"Columbia County","Glyphosate",2553.4,2553.4,2553.4
"FL",12,23,"Columbia County","Malathion",3.2,3.2,3.2
"FL",12,23,"Columbia County","Paraquat",157.2,400,278.6
"FL",12,27,"DeSoto County","2,4-D",2975.1,2976.6,2975.85
"FL",12,27,"DeSoto County","Chlorpyrifos",18372.6,18372.6,18372.6
"FL",12,27,"DeSoto County","Glyphosate",90438.1,90438.6,90438.35
"FL",12,27,"DeSoto County","Malathion",8215.3,8215.5,8215.4
"FL",12,27,"DeSoto County","Paraquat",5417.5,5453.4,5435.45
"FL",12,29,"Dixie County","2,4-D",1658.5,1713.8,1686.15
"FL",12,29,"Dixie County","Chlorpyrifos",8.3,167.4,87.85
"FL",12,29,"Dixie County","Glyphosate",687.2,687.2,687.2
"FL",12,29,"Dixie County","Paraquat",10,34.8,22.4
"FL",12,31,"Duval County","2,4-D",1011.9,1024.1,1018
"FL",12,31,"Duval County","Chlorpyrifos",103.6,138.4,121
"FL",12,31,"Duval County","Glyphosate",586.3,586.3,586.3
"FL",12,31,"Duval County","Malathion",1.1,1.1,1.1
"FL",12,31,"Duval County","Paraquat",58.2,62.5,60.35
"FL",12,33,"Escambia County","2,4-D",2996.8,2996.8,2996.8
"FL",12,33,"Escambia County","Chlorpyrifos",84.2,848.8,466.5
"FL",12,33,"Escambia County","Glyphosate",16411.2,16543,16477.1
"FL",12,33,"Escambia County","Paraquat",869.9,884,876.95
"FL",12,35,"Flagler County","2,4-D",912,933.7,922.85
"FL",12,35,"Flagler County","Chlorpyrifos",10.3,23.5,16.9
"FL",12,35,"Flagler County","Glyphosate",286.3,310,298.15
"FL",12,35,"Flagler County","Malathion",1.2,4.8,3
"FL",12,35,"Flagler County","Paraquat",11.4,17.8,14.6
"FL",12,37,"Franklin County","2,4-D",23.4,23.4,23.4
"FL",12,37,"Franklin County","Glyphosate",0,3.3,1.65
"FL",12,39,"Gadsden County","2,4-D",1388.1,1388.1,1388.1
"FL",12,39,"Gadsden County","Chlorpyrifos",41.2,173.8,107.5
"FL",12,39,"Gadsden County","Glyphosate",2746.7,2877.8,2812.25
"FL",12,39,"Gadsden County","Paraquat",135.7,153.3,144.5
"FL",12,41,"Gilchrist County","2,4-D",1523.7,3270,2396.85
"FL",12,41,"Gilchrist County","Chlorpyrifos",3242.8,3244.9,3243.85
"FL",12,41,"Gilchrist County","Glyphosate",3876.9,4124.3,4000.6
"FL",12,41,"Gilchrist County","Malathion",4.5,20.8,12.65
"FL",12,41,"Gilchrist County","Paraquat",78.9,427.7,253.3
"FL",12,43,"Glades County","2,4-D",12807,12950.1,12878.55
"FL",12,43,"Glades County","Chlorpyrifos",3864.4,3864.4,3864.4
"FL",12,43,"Glades County","Glyphosate",37594.7,37594.7,37594.7
"FL",12,43,"Glades County","Malathion",1636.5,1636.5,1636.5
"FL",12,43,"Glades County","Paraquat",1162.4,1186.5,1174.45
"FL",12,45,"Gulf County","2,4-D",70.2,70.2,70.2
"FL",12,45,"Gulf County","Chlorpyrifos",0.3,0.3,0.3
"FL",12,45,"Gulf County","Glyphosate",1.7,11.6,6.65
"FL",12,45,"Gulf County","Paraquat",0.3,0.3,0.3
"FL",12,47,"Hamilton County","2,4-D",2239.5,3137.5,2688.5
"FL",12,47,"Hamilton County","Chlorpyrifos",127.9,2710.9,1419.4
"FL",12,47,"Hamilton County","Glyphosate",3762,3762,3762
"FL",12,47,"Hamilton County","Malathion",3.6,3.6,3.6
"FL",12,47,"Hamilton County","Paraquat",272.8,590.1,431.45
"FL",12,49,"Hardee County","2,4-D",2350.3,2446.6,2398.45
"FL",12,49,"Hardee County","Chlorpyrifos",13950.8,13960.3,13955.55
"FL",12,49,"Hardee County","Glyphosate",70116.2,70282.9,70199.55
"FL",12,49,"Hardee County","Malathion",6333.7,6335.1,6334.4
"FL",12,49,"Hardee County","Paraquat",4255,4303.2,4279.1
"FL",12,51,"Hendry County","2,4-D",37885.1,37885.1,37885.1
"FL",12,51,"Hendry County","Chlorpyrifos",38213.9,38213.9,38213.9
"FL",12,51,"Hendry County","Glyphosate",234728.5,234728.5,234728.5
"FL",12,51,"Hendry County","Malathion",17072.9,17072.9,17072.9
"FL",12,51,"Hendry County","Paraquat",11539.1,11673.3,11606.2
"FL",12,53,"Hernando County","2,4-D",1781.1,1781.7,1781.4
"FL",12,53,"Hernando County","Chlorpyrifos",58.7,61.3,60
"FL",12,53,"Hernando County","Glyphosate",1727.5,1732.9,1730.2
"FL",12,53,"Hernando County","Malathion",249.7,250.9,250.3
"FL",12,53,"Hernando County","Paraquat",63.6,64.6,64.1
"FL",12,55,"Highlands County","2,4-D",3213.1,3447.5,3330.3
"FL",12,55,"Highlands County","Chlorpyrifos",17792.9,17792.9,17792.9
"FL",12,55,"Highlands County","Glyphosate",90639.5,90644.5,90642
"FL",12,55,"Highlands County","Malathion",8048.2,8050.4,8049.3
"FL",12,55,"Highlands County","Paraquat",5409.7,5437.4,5423.55
"FL",12,57,"Hillsborough County","2,4-D",6527.3,7043,6785.15
"FL",12,57,"Hillsborough County","Chlorpyrifos",1782.9,1787.7,1785.3
"FL",12,57,"Hillsborough County","Glyphosate",14947.2,16101.6,15524.4
"FL",12,57,"Hillsborough County","Malathion",2166.8,2871.9,2519.35
"FL",12,57,"Hillsborough County","Paraquat",2335.6,2989.2,2662.4
"FL",12,59,"Holmes County","2,4-D",3993.3,3993.3,3993.3
"FL",12,59,"Holmes County","Chlorpyrifos",85.1,603.2,344.15
"FL",12,59,"Holmes County","Glyphosate",7707.3,8114.7,7911
"FL",12,59,"Holmes County","Paraquat",560.7,571.8,566.25
"FL",12,61,"Indian River County","2,4-D",2422.2,2452.9,2437.55
"FL",12,61,"Indian River County","Chlorpyrifos",18476.1,18476.1,18476.1
"FL",12,61,"Indian River County","Glyphosate",79550.2,79554.4,79552.3
"FL",12,61,"Indian River County","Malathion",4804.1,4805.9,4805
"FL",12,61,"Indian River County","Paraquat",4616.8,4645,4630.9
"FL",12,63,"Jackson County","2,4-D",12907.1,12907.1,12907.1
"FL",12,63,"Jackson County","Chlorpyrifos",178.7,4074,2126.35
"FL",12,63,"Jackson County","Glyphosate",55864.3,56643.2,56253.75
"FL",12,63,"Jackson County","Paraquat",2649.7,2853.6,2751.65
"FL",12,65,"Jefferson County","2,4-D",3290.8,3290.8,3290.8
"FL",12,65,"Jefferson County","Chlorpyrifos",287.4,442.1,364.75
"FL",12,65,"Jefferson County","Glyphosate",4216.8,4596.8,4406.8
"FL",12,65,"Jefferson County","Paraquat",408.6,434.9,421.75
"FL",12,67,"Lafayette County","2,4-D",4212.4,4642.5,4427.45
"FL",12,67,"Lafayette County","Chlorpyrifos",102.8,1340.2,721.5
"FL",12,67,"Lafayette County","Glyphosate",3951.9,3951.9,3951.9
"FL",12,67,"Lafayette County","Malathion",0.1,0.1,0.1
"FL",12,67,"Lafayette County","Paraquat",309.2,463.5,386.35
"FL",12,69,"Lake County","2,4-D",4116.1,4163.6,4139.85
"FL",12,69,"Lake County","Chlorpyrifos",812.8,891.2,852
"FL",12,69,"Lake County","Glyphosate",18961.6,19529.8,19245.7
"FL",12,69,"Lake County","Malathion",2766,2791.4,2778.7
"FL",12,69,"Lake County","Paraquat",846.7,882.9,864.8
"FL",12,71,"Lee County","2,4-D",600.4,608.8,604.6
"FL",12,71,"Lee County","Chlorpyrifos",3512.1,3515.5,3513.8
"FL",12,71,"Lee County","Glyphosate",17735.8,17795.1,17765.45
"FL",12,71,"Lee County","Malathion",1528.1,1528.6,1528.35
"FL",12,71,"Lee County","Paraquat",1050.8,1069.5,1060.15
"FL",12,73,"Leon County","2,4-D",1219.8,1219.8,1219.8
"FL",12,73,"Leon County","Chlorpyrifos",14.9,14.9,14.9
"FL",12,73,"Leon County","Glyphosate",108.1,277.8,192.95
"FL",12,73,"Leon County","Paraquat",14.3,20.7,17.5
"FL",12,75,"Levy County","2,4-D",3481.1,6123.4,4802.25
"FL",12,75,"Levy County","Chlorpyrifos",7444.6,7445.7,7445.15
"FL",12,75,"Levy County","Glyphosate",2866.5,3341.7,3104.1
"FL",12,75,"Levy County","Malathion",34.4,39.5,36.95
"FL",12,75,"Levy County","Paraquat",165.7,302.5,234.1
"FL",12,77,"Liberty County","2,4-D",302.3,302.3,302.3
"FL",12,77,"Liberty County","Chlorpyrifos",0.8,0.8,0.8
"FL",12,77,"Liberty County","Glyphosate",5.6,48.1,26.85
"FL",12,77,"Liberty County","Paraquat",0.6,0.6,0.6
"FL",12,79,"Madison County","2,4-D",4178.4,4963.4,4570.9
"FL",12,79,"Madison County","Chlorpyrifos",155.5,2413.7,1284.6
"FL",12,79,"Madison County","Glyphosate",5213.1,5213.1,5213.1
"FL",12,79,"Madison County","Paraquat",582.2,851.8,717
"FL",12,81,"Manatee County","2,4-D",997.2,1118.2,1057.7
"FL",12,81,"Manatee County","Chlorpyrifos",5841.4,5852.3,5846.85
"FL",12,81,"Manatee County","Glyphosate",32600.2,32791.2,32695.7
"FL",12,81,"Manatee County","Malathion",4732.9,4734.5,4733.7
"FL",12,81,"Manatee County","Paraquat",3410.8,3539.9,3475.35
"FL",12,83,"Marion County","2,4-D",8357.1,9412.9,8885
"FL",12,83,"Marion County","Chlorpyrifos",3096.3,3101,3098.65
"FL",12,83,"Marion County","Glyphosate",3972.1,4126,4049.05
"FL",12,83,"Marion County","Malathion",387.5,390.6,389.05
"FL",12,83,"Marion County","Paraquat",168.2,310.6,239.4
"FL",12,85,"Martin County","2,4-D",4111.8,4111.8,4111.8
"FL",12,85,"Martin County","Chlorpyrifos",8324.9,8335.4,8330.15
"FL",12,85,"Martin County","Glyphosate",45876,46060.6,45968.3
"FL",12,85,"Martin County","Malathion",3750.3,3751.8,3751.05
"FL",12,85,"Martin County","Paraquat",2461,2511.5,2486.25
"FL",12,86,"Miami-Dade County","2,4-D",392.5,447.7,420.1
"FL",12,86,"Miami-Dade County","Chlorpyrifos",1620,1620,1620
"FL",12,86,"Miami-Dade County","Glyphosate",16221.8,16223.3,16222.55
"FL",12,86,"Miami-Dade County","Malathion",504.6,505,504.8
"FL",12,86,"Miami-Dade County","Paraquat",681.9,721.7,701.8
"FL",12,87,"Monroe County","2,4-D",0.3,0.3,0.3
"FL",12,87,"Monroe County","Glyphosate",0.9,0.9,0.9
"FL",12,89,"Nassau County","2,4-D",999,999,999
"FL",12,89,"Nassau County","Chlorpyrifos",22.6,22.6,22.6
"FL",12,89,"Nassau County","Glyphosate",349.4,349.4,349.4
"FL",12,89,"Nassau County","Malathion",0.3,0.3,0.3
"FL",12,89,"Nassau County","Paraquat",12.1,15.2,13.65
"FL",12,91,"Okaloosa County","2,4-D",1868,1868,1868
"FL",12,91,"Okaloosa County","Chlorpyrifos",96.5,339.6,218.05
"FL",12,91,"Okaloosa County","Glyphosate",4702.3,4887,4794.65
"FL",12,91,"Okaloosa County","Paraquat",363.2,365.8,364.5
"FL",12,93,"Okeechobee County","2,4-D",1097.5,1133.5,1115.5
"FL",12,93,"Okeechobee County","Chlorpyrifos",2550.6,2554.2,2552.4
"FL",12,93,"Okeechobee County","Glyphosate",15895.5,15957,15926.25
"FL",12,93,"Okeechobee County","Malathion",1025.2,1025.2,1025.2
"FL",12,93,"Okeechobee County","Paraquat",726,766.2,746.1
"FL",12,95,"Orange County","2,4-D",5042.7,5050.4,5046.55
"FL",12,95,"Orange County","Chlorpyrifos",361.1,408.7,384.9
"FL",12,95,"Orange County","Glyphosate",9775.4,10149,9962.2
"FL",12,95,"Orange County","Malathion",1469.7,1473.6,1471.65
"FL",12,95,"Orange County","Paraquat",432.2,442.4,437.3
"FL",12,97,"Osceola County","2,4-D",21949.9,21959.1,21954.5
"FL",12,97,"Osceola County","Chlorpyrifos",392.4,396.6,394.5
"FL",12,97,"Osceola County","Glyphosate",12272.6,12628,12450.3
"FL",12,97,"Osceola County","Malathion",1664.6,1678.7,1671.65
"FL",12,97,"Osceola County","Paraquat",436.3,453.5,444.9
"FL",12,99,"Palm Beach County","2,4-D",149632,150352.7,149992.35
"FL",12,99,"Palm Beach County","Chlorpyrifos",7609.8,7609.8,7609.8
"FL",12,99,"Palm Beach County","Glyphosate",258953.9,258953.9,258953.9
"FL",12,99,"Palm Beach County","Malathion",408.5,408.5,408.5
"FL",12,99,"Palm Beach County","Paraquat",950,1682.9,1316.45
"FL",12,101,"Pasco County","2,4-D",5373.8,5386,5379.9
"FL",12,101,"Pasco County","Chlorpyrifos",372.1,393.1,382.6
"FL",12,101,"Pasco County","Glyphosate",10532.3,10684.9,10608.6
"FL",12,101,"Pasco County","Malathion",1592,1599.3,1595.65
"FL",12,101,"Pasco County","Paraquat",414.3,428.5,421.4
"FL",12,103,"Pinellas County","2,4-D",26.5,26.5,26.5
"FL",12,103,"Pinellas County","Chlorpyrifos",0.4,0.4,0.4
"FL",12,103,"Pinellas County","Glyphosate",12.6,12.6,12.6
"FL",12,103,"Pinellas County","Malathion",1.7,1.7,1.7
"FL",12,103,"Pinellas County","Paraquat",0.4,0.4,0.4
"FL",12,105,"Polk County","2,4-D",18728.3,18828.6,18778.45
"FL",12,105,"Polk County","Chlorpyrifos",5361.1,5364,5362.55
"FL",12,105,"Polk County","Glyphosate",138611.4,140317,139464.2
"FL",12,105,"Polk County","Malathion",21106.6,21285.7,21196.15
"FL",12,105,"Polk County","Paraquat",5735.7,5848.8,5792.25
"FL",12,107,"Putnam County","2,4-D",1677.5,1778,1727.75
"FL",12,107,"Putnam County","Chlorpyrifos",59.9,66.5,63.2
"FL",12,107,"Putnam County","Glyphosate",1395.4,1425.8,1410.6
"FL",12,107,"Putnam County","Malathion",83.7,89,86.35
"FL",12,107,"Putnam County","Paraquat",72.1,88.5,80.3
"FL",12,109,"St. Johns County","2,4-D",244.3,517.8,381.05
"FL",12,109,"St. Johns County","Chlorpyrifos",139.4,184.2,161.8
"FL",12,109,"St. Johns County","Glyphosate",2419.7,4053.6,3236.65
"FL",12,109,"St. Johns County","Malathion",9.6,9.9,9.75
"FL",12,109,"St. Johns County","Paraquat",240.1,265.6,252.85
"FL",12,111,"St. Lucie County","2,4-D",2751,2751,2751
"FL",12,111,"St. Lucie County","Chlorpyrifos",21117.8,21117.8,21117.8
"FL",12,111,"St. Lucie County","Glyphosate",90706.9,90708.8,90707.85
"FL",12,111,"St. Lucie County","Malathion",5393.9,5394.8,5394.35
"FL",12,111,"St. Lucie County","Paraquat",5207.4,5207.4,5207.4
"FL",12,113,"Santa Rosa County","2,4-D",5173.8,5173.8,5173.8
"FL",12,113,"Santa Rosa County","Chlorpyrifos",94,2516.2,1305.1
"FL",12,113,"Santa Rosa County","Glyphosate",26187.4,26304.5,26245.95
"FL",12,113,"Santa Rosa County","Paraquat",1496.5,1507,1501.75
"FL",12,115,"Sarasota County","2,4-D",181.7,181.7,181.7
"FL",12,115,"Sarasota County","Chlorpyrifos",250.9,250.9,250.9
"FL",12,115,"Sarasota County","Glyphosate",1759.4,1759.4,1759.4
"FL",12,115,"Sarasota County","Malathion",92.4,92.4,92.4
"FL",12,115,"Sarasota County","Paraquat",70,71.4,70.7
"FL",12,117,"Seminole County","2,4-D",785.8,787.3,786.55
"FL",12,117,"Seminole County","Chlorpyrifos",39.9,44.6,42.25
"FL",12,117,"Seminole County","Glyphosate",1054.7,1063.5,1059.1
"FL",12,117,"Seminole County","Malathion",151.6,152.6,152.1
"FL",12,117,"Seminole County","Paraquat",47.9,48.4,48.15
"FL",12,119,"Sumter County","2,4-D",6155.5,6191.7,6173.6
"FL",12,119,"Sumter County","Chlorpyrifos",99.6,104.1,101.85
"FL",12,119,"Sumter County","Glyphosate",547.7,570.4,559.05
"FL",12,119,"Sumter County","Malathion",0.8,1.7,1.25
"FL",12,119,"Sumter County","Paraquat",5.7,28.4,17.05
"FL",12,121,"Suwannee County","2,4-D",5954.5,7072.9,6513.7
"FL",12,121,"Suwannee County","Chlorpyrifos",423.7,3640.9,2032.3
"FL",12,121,"Suwannee County","Glyphosate",10138,10138,10138
"FL",12,121,"Suwannee County","Malathion",9.1,9.1,9.1
"FL",12,121,"Suwannee County","Paraquat",975.7,1685.8,1330.75
"FL",12,123,"Taylor County","2,4-D",1305.7,1305.7,1305.7
"FL",12,123,"Taylor County","Chlorpyrifos",6.2,6.2,6.2
"FL",12,123,"Taylor County","Glyphosate",435.9,435.9,435.9
"FL",12,123,"Taylor County","Malathion",1,1,1
"FL",12,123,"Taylor County","Paraquat",3.7,10.9,7.3
"FL",12,125,"Union County","2,4-D",1216.4,1274.9,1245.65
"FL",12,125,"Union County","Chlorpyrifos",22.3,27,24.65
"FL",12,125,"Union County","Glyphosate",385.7,468.3,427
"FL",12,125,"Union County","Malathion",0.1,0.8,0.45
"FL",12,125,"Union County","Paraquat",18.7,44.2,31.45
"FL",12,127,"Volusia County","2,4-D",3019.7,3061.8,3040.75
"FL",12,127,"Volusia County","Chlorpyrifos",122.3,123.6,122.95
"FL",12,127,"Volusia County","Glyphosate",2635.9,2650,2642.95
"FL",12,127,"Volusia County","Malathion",326.6,331.8,329.2
"FL",12,127,"Volusia County","Paraquat",96,108.3,102.15
"FL",12,129,"Wakulla County","2,4-D",1608.2,1608.2,1608.2
"FL",12,129,"Wakulla County","Chlorpyrifos",5.5,5.5,5.5
"FL",12,129,"Wakulla County","Glyphosate",42.4,268.5,155.45
"FL",12,129,"Wakulla County","Paraquat",5,7.1,6.05
"FL",12,131,"Walton County","2,4-D",3596.2,3596.2,3596.2
"FL",12,131,"Walton County","Chlorpyrifos",237,780.6,508.8
"FL",12,131,"Walton County","Glyphosate",6939.4,7300.8,7120.1
"FL",12,131,"Walton County","Paraquat",499.6,501.8,500.7
"FL",12,133,"Washington County","2,4-D",2013.5,2013.5,2013.5
"FL",12,133,"Washington County","Chlorpyrifos",26.9,479.1,253
"FL",12,133,"Washington County","Glyphosate",6313.1,6471.1,6392.1
"FL",12,133,"Washington County","Paraquat",358.1,358.8,358.45
"GA",13,1,"Appling County","2,4-D",3001.2,3566.6,3283.9
"GA",13,1,"Appling County","Chlorpyrifos",713.5,767.4,740.45
"GA",13,1,"Appling County","Glyphosate",24340.4,24530.9,24435.65
"GA",13,1,"Appling County","Paraquat",2115.4,3538.9,2827.15
"GA",13,3,"Atkinson County","2,4-D",2384.1,2403.4,2393.75
"GA",13,3,"Atkinson County","Chlorpyrifos",144.4,929.2,536.8
"GA",13,3,"Atkinson County","Glyphosate",17905,18368,18136.5
"GA",13,3,"Atkinson County","Paraquat",1639.5,1792.7,1716.1
"GA",13,5,"Bacon County","2,4-D",1284.6,1637.2,1460.9
"GA",13,5,"Bacon County","Chlorpyrifos",238.3,260,249.15
"GA",13,5,"Bacon County","Glyphosate",13151,13229.3,13190.15
"GA",13,5,"Bacon County","Paraquat",1103.8,1449.8,1276.8
"GA",13,7,"Baker County","2,4-D",358.8,2782.8,1570.8
"GA",13,7,"Baker County","Chlorpyrifos",2696,2696,2696
"GA",13,7,"Baker County","Glyphosate",15641.1,19437.2,17539.15
"GA",13,7,"Baker County","Paraquat",1686.3,1954.2,1820.25
"GA",13,9,"Baldwin County","2,4-D",7.4,487.4,247.4
"GA",13,9,"Baldwin County","Chlorpyrifos",2.8,2.8,2.8
"GA",13,9,"Baldwin County","Glyphosate",46.4,61.8,54.1
"GA",13,9,"Baldwin County","Paraquat",29.6,37.5,33.55
"GA",13,11,"Banks County","2,4-D",2056.5,2081.4,2068.95
"GA",13,11,"Banks County","Chlorpyrifos",0,5,2.5
"GA",13,11,"Banks County","Glyphosate",342.3,342.4,342.35
"GA",13,11,"Banks County","Paraquat",1.4,27.3,14.35
"GA",13,13,"Barrow County","2,4-D",1210.9,1213.8,1212.35
"GA",13,13,"Barrow County","Chlorpyrifos",230.2,231.5,230.85
"GA",13,13,"Barrow County","Glyphosate",45.9,53.7,49.8
"GA",13,13,"Barrow County","Paraquat",165.8,172.8,169.3
"GA",13,15,"Bartow County","2,4-D",2195.2,3155.3,2675.25
"GA",13,15,"Bartow County","Chlorpyrifos",7.1,19.6,13.35
"GA",13,15,"Bartow County","Glyphosate",3844.7,4221.8,4033.25
"GA",13,15,"Bartow County","Paraquat",2590.2,2793.2,2691.7
"GA",13,17,"Ben Hill County","2,4-D",1622.7,1641.8,1632.25
"GA",13,17,"Ben Hill County","Chlorpyrifos",170.9,912.1,541.5
"GA",13,17,"Ben Hill County","Glyphosate",11936.5,12226,12081.25
"GA",13,17,"Ben Hill County","Paraquat",1265.2,1400.2,1332.7
"GA",13,19,"Berrien County","2,4-D",4669.5,4709,4689.25
"GA",13,19,"Berrien County","Chlorpyrifos",704.6,2524.3,1614.45
"GA",13,19,"Berrien County","Glyphosate",34851.5,35447.5,35149.5
"GA",13,19,"Berrien County","Paraquat",3648.1,3827.4,3737.75
"GA",13,21,"Bibb County","2,4-D",72.7,535.4,304.05
"GA",13,21,"Bibb County","Chlorpyrifos",16.8,20.7,18.75
"GA",13,21,"Bibb County","Glyphosate",521.1,812.3,666.7
"GA",13,21,"Bibb County","Paraquat",103.1,337.3,220.2
"GA",13,23,"Bleckley County","2,4-D",1326.2,2311.1,1818.65
"GA",13,23,"Bleckley County","Chlorpyrifos",2.5,212.3,107.4
"GA",13,23,"Bleckley County","Glyphosate",13605.9,14695.5,14150.7
"GA",13,23,"Bleckley County","Paraquat",2177,3699.8,2938.4
"GA",13,25,"Brantley County","2,4-D",473.5,523.1,498.3
"GA",13,25,"Brantley County","Chlorpyrifos",33.1,34.7,33.9
"GA",13,25,"Brantley County","Glyphosate",862.1,954.8,908.45
"GA",13,25,"Brantley County","Paraquat",113.4,175,144.2
"GA",13,27,"Brooks County","2,4-D",5770.3,5898.8,5834.55
"GA",13,27,"Brooks County","Chlorpyrifos",555.3,2029.2,1292.25
"GA",13,27,"Brooks County","Glyphosate",53437.5,54578.5,54008
"GA",13,27,"Brooks County","Paraquat",6768.4,7273.1,7020.75
"GA",13,29,"Bryan County","2,4-D",177.9,222,199.95
"GA",13,29,"Bryan County","Chlorpyrifos",17.7,19,18.35
"GA",13,29,"Bryan County","Glyphosate",801.6,828.7,815.15
"GA",13,29,"Bryan County","Paraquat",108,144,126
"GA",13,31,"Bulloch County","2,4-D",539.2,3861.6,2200.4
"GA",13,31,"Bulloch County","Chlorpyrifos",200.9,1582.7,891.8
"GA",13,31,"Bulloch County","Glyphosate",33577.7,33862.9,33720.3
"GA",13,31,"Bulloch County","Paraquat",5258.7,6290.5,5774.6
"GA",13,33,"Burke County","2,4-D",438.4,5018.3,2728.35
"GA",13,33,"Burke County","Chlorpyrifos",106.8,1540.3,823.55
"GA",13,33,"Burke County","Glyphosate",25833.6,27135.3,26484.45
"GA",13,33,"Burke County","Paraquat",3972.5,6176.3,5074.4
"GA",13,35,"Butts County","2,4-D",15.8,641.4,328.6
"GA",13,35,"Butts County","Chlorpyrifos",1.5,1.5,1.5
"GA",13,35,"Butts County","Glyphosate",48,109,78.5
"GA",13,35,"Butts County","Paraquat",29.8,67.4,48.6
"GA",13,37,"Calhoun County","2,4-D",318.4,3375.2,1846.8
"GA",13,37,"Calhoun County","Chlorpyrifos",3071.9,3071.9,3071.9
"GA",13,37,"Calhoun County","Glyphosate",14073,18266.6,16169.8
"GA",13,37,"Calhoun County","Paraquat",1818.3,2667.4,2242.85
"GA",13,39,"Camden County","2,4-D",258.3,259.1,258.7
"GA",13,39,"Camden County","Chlorpyrifos",1.1,1.1,1.1
"GA",13,39,"Camden County","Glyphosate",3.8,74.6,39.2
"GA",13,39,"Camden County","Paraquat",0.2,0.7,0.45
"GA",13,43,"Candler County","2,4-D",145.8,1131.3,638.55
"GA",13,43,"Candler County","Chlorpyrifos",40.1,294.6,167.35
"GA",13,43,"Candler County","Glyphosate",7944.1,8285.8,8114.95
"GA",13,43,"Candler County","Paraquat",1030.4,1613.3,1321.85
"GA",13,45,"Carroll County","2,4-D",5113.6,5127.7,5120.65
"GA",13,45,"Carroll County","Chlorpyrifos",7.1,15.7,11.4
"GA",13,45,"Carroll County","Glyphosate",9.3,505.4,257.35
"GA",13,45,"Carroll County","Paraquat",4.2,9.8,7
"GA",13,47,"Catoosa County","2,4-D",821.7,825.1,823.4
"GA",13,47,"Catoosa County","Chlorpyrifos",12.4,13.2,12.8
"GA",13,47,"Catoosa County","Glyphosate",107,246.6,176.8
"GA",13,47,"Catoosa County","Paraquat",6.2,8.3,7.25
"GA",13,49,"Charlton County","2,4-D",287.7,313.7,300.7
"GA",13,49,"Charlton County","Chlorpyrifos",45.8,46,45.9
"GA",13,49,"Charlton County","Glyphosate",223.4,300.4,261.9
"GA",13,49,"Charlton County","Paraquat",8.7,29.3,19
"GA",13,51,"Chatham County","2,4-D",35.3,37.5,36.4
"GA",13,51,"Chatham County","Chlorpyrifos",6.9,6.9,6.9
"GA",13,51,"Chatham County","Glyphosate",7.4,16.9,12.15
"GA",13,51,"Chatham County","Paraquat",5.7,8,6.85
"GA",13,53,"Chattahoochee County","2,4-D",72,73.3,72.65
"GA",13,53,"Chattahoochee County","Chlorpyrifos",3.5,10.6,7.05
"GA",13,53,"Chattahoochee County","Glyphosate",0.5,22.5,11.5
"GA",13,53,"Chattahoochee County","Paraquat",5.5,5.5,5.5
"GA",13,55,"Chattooga County","2,4-D",1558.7,1832.4,1695.55
"GA",13,55,"Chattooga County","Chlorpyrifos",34.6,45.5,40.05
"GA",13,55,"Chattooga County","Glyphosate",2097.1,2360.1,2228.6
"GA",13,55,"Chattooga County","Paraquat",1924.7,1964.9,1944.8
"GA",13,57,"Cherokee County","2,4-D",851.7,853.4,852.55
"GA",13,57,"Cherokee County","Chlorpyrifos",0,0.8,0.4
"GA",13,57,"Cherokee County","Glyphosate",17.5,27.4,22.45
"GA",13,57,"Cherokee County","Paraquat",0.6,5.3,2.95
"GA",13,59,"Clarke County","2,4-D",237.6,237.9,237.75
"GA",13,59,"Clarke County","Chlorpyrifos",22,22,22
"GA",13,59,"Clarke County","Glyphosate",18.8,22.1,20.45
"GA",13,59,"Clarke County","Paraquat",16.6,17.4,17
"GA",13,61,"Clay County","2,4-D",155.3,1148.9,652.1
"GA",13,61,"Clay County","Chlorpyrifos",1077.9,1077.9,1077.9
"GA",13,61,"Clay County","Glyphosate",6391.6,7820.1,7105.85
"GA",13,61,"Clay County","Paraquat",653.7,1072.8,863.25
"GA",13,63,"Clayton County","2,4-D",28.8,28.8,28.8
"GA",13,63,"Clayton County","Glyphosate",0,2.3,1.15
"GA",13,65,"Clinch County","2,4-D",176,176,176
"GA",13,65,"Clinch County","Chlorpyrifos",7.5,25.3,16.4
"GA",13,65,"Clinch County","Glyphosate",504.7,517.9,511.3
"GA",13,65,"Clinch County","Paraquat",39.6,39.6,39.6
"GA",13,67,"Cobb County","2,4-D",202.9,204,203.45
"GA",13,67,"Cobb County","Chlorpyrifos",0,0.4,0.2
"GA",13,67,"Cobb County","Glyphosate",0.8,15.8,8.3
"GA",13,67,"Cobb County","Paraquat",1.9,6.9,4.4
"GA",13,69,"Coffee County","2,4-D",5216.6,5267.3,5241.95
"GA",13,69,"Coffee County","Chlorpyrifos",754.2,3140,1947.1
"GA",13,69,"Coffee County","Glyphosate",39734.6,40627.7,40181.15
"GA",13,69,"Coffee County","Paraquat",4351,4590.2,4470.6
"GA",13,71,"Colquitt County","2,4-D",5286.2,5354.3,5320.25
"GA",13,71,"Colquitt County","Chlorpyrifos",758.2,3093.1,1925.65
"GA",13,71,"Colquitt County","Glyphosate",53052.3,54044.9,53548.6
"GA",13,71,"Colquitt County","Paraquat",5366.3,5849.1,5607.7
"GA",13,73,"Columbia County","2,4-D",0.8,325.2,163
"GA",13,73,"Columbia County","Chlorpyrifos",0.9,5.8,3.35
"GA",13,73,"Columbia County","Glyphosate",11.5,28.2,19.85
"GA",13,73,"Columbia County","Paraquat",3.6,18.2,10.9
"GA",13,75,"Cook County","2,4-D",2389.7,2416.3,2403
"GA",13,75,"Cook County","Chlorpyrifos",280.9,1366.6,823.75
"GA",13,75,"Cook County","Glyphosate",21142,21932.3,21537.15
"GA",13,75,"Cook County","Paraquat",2152.1,2909.3,2530.7
"GA",13,77,"Coweta County","2,4-D",2659.4,2697.5,2678.45
"GA",13,77,"Coweta County","Chlorpyrifos",2.8,8.4,5.6
"GA",13,77,"Coweta County","Glyphosate",105,634.8,369.9
"GA",13,77,"Coweta County","Paraquat",7.5,109.9,58.7
"GA",13,79,"Crawford County","2,4-D",4878.9,5504.7,5191.8
"GA",13,79,"Crawford County","Chlorpyrifos",3267.8,3296,3281.9
"GA",13,79,"Crawford County","Glyphosate",3261.6,3516.5,3389.05
"GA",13,79,"Crawford County","Paraquat",3869.2,4071.3,3970.25
"GA",13,81,"Crisp County","2,4-D",3649.2,3649.2,3649.2
"GA",13,81,"Crisp County","Chlorpyrifos",545.4,1844.2,1194.8
"GA",13,81,"Crisp County","Glyphosate",33871.2,35136,34503.6
"GA",13,81,"Crisp County","Paraquat",3775,4936.5,4355.75
"GA",13,83,"Dade County","2,4-D",583.6,587.3,585.45
"GA",13,83,"Dade County","Chlorpyrifos",0.1,0.9,0.5
"GA",13,83,"Dade County","Glyphosate",88.7,188.9,138.8
"GA",13,83,"Dade County","Paraquat",0.2,1.1,0.65
"GA",13,85,"Dawson County","2,4-D",465.9,485.3,475.6
"GA",13,85,"Dawson County","Chlorpyrifos",7.3,16.5,11.9
"GA",13,85,"Dawson County","Glyphosate",230.8,234.3,232.55
"GA",13,85,"Dawson County","Paraquat",5.5,52.7,29.1
"GA",13,87,"Decatur County","2,4-D",780.1,5349.5,3064.8
"GA",13,87,"Decatur County","Chlorpyrifos",5736,5736,5736
"GA",13,87,"Decatur County","Glyphosate",29904.7,36508.4,33206.55
"GA",13,87,"Decatur County","Paraquat",3691.8,4359.3,4025.55
"GA",13,89,"DeKalb County","2,4-D",11,11,11
"GA",13,89,"DeKalb County","Glyphosate",0.1,0.3,0.2
"GA",13,89,"DeKalb County","Paraquat",0.2,0.2,0.2
"GA",13,91,"Dodge County","2,4-D",1289.7,2976.3,2133
"GA",13,91,"Dodge County","Chlorpyrifos",13.5,217.3,115.4
"GA",13,91,"Dodge County","Glyphosate",15498.7,16171.8,15835.25
"GA",13,91,"Dodge County","Paraquat",2688.5,3568.4,3128.45
"GA",13,93,"Dooly County","2,4-D",5241.7,5307.2,5274.45
"GA",13,93,"Dooly County","Chlorpyrifos",769.8,2512,1640.9
"GA",13,93,"Dooly County","Glyphosate",61837,62990.4,62413.7
"GA",13,93,"Dooly County","Paraquat",6861.3,7395.8,7128.55
"GA",13,95,"Dougherty County","2,4-D",49.2,1131.5,590.35
"GA",13,95,"Dougherty County","Chlorpyrifos",777.9,777.9,777.9
"GA",13,95,"Dougherty County","Glyphosate",2054.4,2831.6,2443
"GA",13,95,"Dougherty County","Paraquat",470.2,488.1,479.15
"GA",13,97,"Douglas County","2,4-D",349.2,393,371.1
"GA",13,97,"Douglas County","Chlorpyrifos",0,6.5,3.25
"GA",13,97,"Douglas County","Glyphosate",82.1,269.2,175.65
"GA",13,97,"Douglas County","Paraquat",4.6,16.3,10.45
"GA",13,99,"Early County","2,4-D",793.9,5052.8,2923.35
"GA",13,99,"Early County","Chlorpyrifos",5266.6,5266.6,5266.6
"GA",13,99,"Early County","Glyphosate",28791.6,35342,32066.8
"GA",13,99,"Early County","Paraquat",3370.8,4129.2,3750
"GA",13,101,"Echols County","2,4-D",596.3,596.3,596.3
"GA",13,101,"Echols County","Chlorpyrifos",39.5,61.5,50.5
"GA",13,101,"Echols County","Glyphosate",2598.7,2649,2623.85
"GA",13,101,"Echols County","Paraquat",194.9,194.9,194.9
"GA",13,103,"Effingham County","2,4-D",58.8,1249.9,654.35
"GA",13,103,"Effingham County","Chlorpyrifos",39.8,322.7,181.25
"GA",13,103,"Effingham County","Glyphosate",4106.3,4366.3,4236.3
"GA",13,103,"Effingham County","Paraquat",651.6,1261.6,956.6
"GA",13,105,"Elbert County","2,4-D",2646.6,2726,2686.3
"GA",13,105,"Elbert County","Chlorpyrifos",0.4,13.9,7.15
"GA",13,105,"Elbert County","Glyphosate",1822.9,2008.5,1915.7
"GA",13,105,"Elbert County","Paraquat",9.1,245.6,127.35
"GA",13,107,"Emanuel County","2,4-D",260.4,2382.5,1321.45
"GA",13,107,"Emanuel County","Chlorpyrifos",133.8,737.4,435.6
"GA",13,107,"Emanuel County","Glyphosate",13896.7,14196.8,14046.75
"GA",13,107,"Emanuel County","Paraquat",2079.1,2797,2438.05
"GA",13,109,"Evans County","2,4-D",466.2,658.7,562.45
"GA",13,109,"Evans County","Chlorpyrifos",228.2,233.2,230.7
"GA",13,109,"Evans County","Glyphosate",2633.7,2711.2,2672.45
"GA",13,109,"Evans County","Paraquat",253.2,484,368.6
"GA",13,111,"Fannin County","2,4-D",477.1,498.1,487.6
"GA",13,111,"Fannin County","Chlorpyrifos",254.9,264.8,259.85
"GA",13,111,"Fannin County","Glyphosate",359,362.1,360.55
"GA",13,111,"Fannin County","Paraquat",54.1,105.3,79.7
"GA",13,113,"Fayette County","2,4-D",513.5,513.6,513.55
"GA",13,113,"Fayette County","Chlorpyrifos",0,0.1,0.05
"GA",13,113,"Fayette County","Glyphosate",0.9,43.1,22
"GA",13,113,"Fayette County","Paraquat",0,0.1,0.05
"GA",13,115,"Floyd County","2,4-D",2306.4,2873.7,2590.05
"GA",13,115,"Floyd County","Chlorpyrifos",7,29.5,18.25
"GA",13,115,"Floyd County","Glyphosate",11307.6,11704.5,11506.05
"GA",13,115,"Floyd County","Paraquat",3696.1,3784.1,3740.1
"GA",13,117,"Forsyth County","2,4-D",638.4,640.2,639.3
"GA",13,117,"Forsyth County","Chlorpyrifos",3,3.7,3.35
"GA",13,117,"Forsyth County","Glyphosate",16.9,28.9,22.9
"GA",13,117,"Forsyth County","Paraquat",3.2,8.6,5.9
"GA",13,119,"Franklin County","2,4-D",3353.3,3405.8,3379.55
"GA",13,119,"Franklin County","Chlorpyrifos",2.4,12.4,7.4
"GA",13,119,"Franklin County","Glyphosate",2669.7,2669.7,2669.7
"GA",13,119,"Franklin County","Paraquat",833.4,973.3,903.35
"GA",13,121,"Fulton County","2,4-D",596.2,604.1,600.15
"GA",13,121,"Fulton County","Chlorpyrifos",146.6,150.3,148.45
"GA",13,121,"Fulton County","Glyphosate",98.9,102.4,100.65
"GA",13,121,"Fulton County","Paraquat",110.9,130.2,120.55
"GA",13,123,"Gilmer County","2,4-D",3372.2,3392,3382.1
"GA",13,123,"Gilmer County","Chlorpyrifos",2001.7,2011,2006.35
"GA",13,123,"Gilmer County","Glyphosate",315.7,326.6,321.15
"GA",13,123,"Gilmer County","Paraquat",1399.6,1448.5,1424.05
"GA",13,125,"Glascock County","2,4-D",17.4,488.4,252.9
"GA",13,125,"Glascock County","Chlorpyrifos",0,59,29.5
"GA",13,125,"Glascock County","Glyphosate",1176.3,1297.4,1236.85
"GA",13,125,"Glascock County","Paraquat",146.1,355.7,250.9
"GA",13,127,"Glynn County","2,4-D",78.1,94.1,86.1
"GA",13,127,"Glynn County","Chlorpyrifos",4.6,4.7,4.65
"GA",13,127,"Glynn County","Glyphosate",87.3,108.7,98
"GA",13,127,"Glynn County","Paraquat",0.8,14,7.4
"GA",13,129,"Gordon County","2,4-D",2942.5,3592,3267.25
"GA",13,129,"Gordon County","Chlorpyrifos",39.4,81.3,60.35
"GA",13,129,"Gordon County","Glyphosate",6793.6,7292.8,7043.2
"GA",13,129,"Gordon County","Paraquat",4890.1,4940.8,4915.45
"GA",13,131,"Grady County","2,4-D",573.7,3609.7,2091.7
"GA",13,131,"Grady County","Chlorpyrifos",1966.8,1966.8,1966.8
"GA",13,131,"Grady County","Glyphosate",22627.9,24597.5,23612.7
"GA",13,131,"Grady County","Paraquat",1680.7,2150.7,1915.7
"GA",13,133,"Greene County","2,4-D",1,1247.8,624.4
"GA",13,133,"Greene County","Chlorpyrifos",0.2,7.6,3.9
"GA",13,133,"Greene County","Glyphosate",185,197.1,191.05
"GA",13,133,"Greene County","Paraquat",44.7,46.1,45.4
"GA",13,135,"Gwinnett County","2,4-D",313.1,313.1,313.1
"GA",13,135,"Gwinnett County","Chlorpyrifos",0,0,0
"GA",13,135,"Gwinnett County","Glyphosate",0.1,2.7,1.4
"GA",13,135,"Gwinnett County","Paraquat",1096.4,1096.4,1096.4
"GA",13,137,"Habersham County","2,4-D",1249.8,1392.8,1321.3
"GA",13,137,"Habersham County","Chlorpyrifos",5.9,34.4,20.15
"GA",13,137,"Habersham County","Glyphosate",1988.1,1988.1,1988.1
"GA",13,137,"Habersham County","Paraquat",69.7,218.1,143.9
"GA",13,139,"Hall County","2,4-D",1743.1,1848.1,1795.6
"GA",13,139,"Hall County","Chlorpyrifos",4.4,26.6,15.5
"GA",13,139,"Hall County","Glyphosate",4560.6,4575,4567.8
"GA",13,139,"Hall County","Paraquat",60.9,247.5,154.2
"GA",13,141,"Hancock County","2,4-D",95.9,707,401.45
"GA",13,141,"Hancock County","Chlorpyrifos",67.8,67.8,67.8
"GA",13,141,"Hancock County","Glyphosate",171.1,178.1,174.6
"GA",13,141,"Hancock County","Paraquat",144.7,146.5,145.6
"GA",13,143,"Haralson County","2,4-D",1347.9,1352.3,1350.1
"GA",13,143,"Haralson County","Chlorpyrifos",5.8,6.6,6.2
"GA",13,143,"Haralson County","Glyphosate",6,137.5,71.75
"GA",13,143,"Haralson County","Paraquat",1.3,3.1,2.2
"GA",13,145,"Harris County","2,4-D",1055.1,1090.2,1072.65
"GA",13,145,"Harris County","Chlorpyrifos",6.6,25.6,16.1
"GA",13,145,"Harris County","Glyphosate",85,371.1,228.05
"GA",13,145,"Harris County","Paraquat",12.7,49.3,31
"GA",13,147,"Hart County","2,4-D",3469.3,3634.9,3552.1
"GA",13,147,"Hart County","Chlorpyrifos",2,34,18
"GA",13,147,"Hart County","Glyphosate",7234.1,7236.4,7235.25
"GA",13,147,"Hart County","Paraquat",2169.4,2554.7,2362.05
"GA",13,149,"Heard County","2,4-D",1334.7,1338.2,1336.45
"GA",13,149,"Heard County","Chlorpyrifos",0.1,0.9,0.5
"GA",13,149,"Heard County","Glyphosate",1.1,127.6,64.35
"GA",13,149,"Heard County","Paraquat",0.3,1.8,1.05
"GA",13,151,"Henry County","2,4-D",1035.2,1055.1,1045.15
"GA",13,151,"Henry County","Chlorpyrifos",0.1,0.3,0.2
"GA",13,151,"Henry County","Glyphosate",138.4,224.6,181.5
"GA",13,151,"Henry County","Paraquat",8.5,8.9,8.7
"GA",13,153,"Houston County","2,4-D",1550.1,2341.1,1945.6
"GA",13,153,"Houston County","Chlorpyrifos",145,343.4,244.2
"GA",13,153,"Houston County","Glyphosate",11437.5,12690.9,12064.2
"GA",13,153,"Houston County","Paraquat",2765.4,3438.5,3101.95
"GA",13,155,"Irwin County","2,4-D",5392.6,5392.6,5392.6
"GA",13,155,"Irwin County","Chlorpyrifos",506.1,2580.1,1543.1
"GA",13,155,"Irwin County","Glyphosate",39197.8,39917.4,39557.6
"GA",13,155,"Irwin County","Paraquat",3692.9,3978.9,3835.9
"GA",13,157,"Jackson County","2,4-D",3287.8,3319.1,3303.45
"GA",13,157,"Jackson County","Chlorpyrifos",68.2,68.5,68.35
"GA",13,157,"Jackson County","Glyphosate",2024.1,2062.4,2043.25
"GA",13,157,"Jackson County","Paraquat",52.8,95.2,74
"GA",13,159,"Jasper County","2,4-D",20.3,1146.5,583.4
"GA",13,159,"Jasper County","Chlorpyrifos",5.4,9.5,7.45
"GA",13,159,"Jasper County","Glyphosate",104.7,222.4,163.55
"GA",13,159,"Jasper County","Paraquat",31.6,82.9,57.25
"GA",13,161,"Jeff Davis County","2,4-D",2518.2,2518.2,2518.2
"GA",13,161,"Jeff Davis County","Chlorpyrifos",91.2,925,508.1
"GA",13,161,"Jeff Davis County","Glyphosate",21060.3,22196.3,21628.3
"GA",13,161,"Jeff Davis County","Paraquat",2123.7,2676.8,2400.25
"GA",13,163,"Jefferson County","2,4-D",226.3,4550.9,2388.6
"GA",13,163,"Jefferson County","Chlorpyrifos",116.5,926.3,521.4
"GA",13,163,"Jefferson County","Glyphosate",15262.4,16907.4,16084.9
"GA",13,163,"Jefferson County","Paraquat",2328.9,4865.3,3597.1
"GA",13,165,"Jenkins County","2,4-D",241.4,2012.4,1126.9
"GA",13,165,"Jenkins County","Chlorpyrifos",36.3,640.4,338.35
"GA",13,165,"Jenkins County","Glyphosate",13830.7,14276.8,14053.75
"GA",13,165,"Jenkins County","Paraquat",2227.3,2881.8,2554.55
"GA",13,167,"Johnson County","2,4-D",489.7,1662.9,1076.3
"GA",13,167,"Johnson County","Chlorpyrifos",2,62.6,32.3
"GA",13,167,"Johnson County","Glyphosate",5182.4,5867.4,5524.9
"GA",13,167,"Johnson County","Paraquat",832.2,1526.5,1179.35
"GA",13,169,"Jones County","2,4-D",1.7,695,348.35
"GA",13,169,"Jones County","Chlorpyrifos",0.6,0.6,0.6
"GA",13,169,"Jones County","Glyphosate",23.4,28.5,25.95
"GA",13,169,"Jones County","Paraquat",13.7,13.7,13.7
"GA",13,171,"Lamar County","2,4-D",1645.9,1719.8,1682.85
"GA",13,171,"Lamar County","Chlorpyrifos",0.7,30.5,15.6
"GA",13,171,"Lamar County","Glyphosate",479.5,1176.8,828.15
"GA",13,171,"Lamar County","Paraquat",36.3,271,153.65
"GA",13,173,"Lanier County","2,4-D",1074.6,1074.6,1074.6
"GA",13,173,"Lanier County","Chlorpyrifos",182.8,387.6,285.2
"GA",13,173,"Lanier County","Glyphosate",8634.6,8878.1,8756.35
"GA",13,173,"Lanier County","Paraquat",799.5,898.4,848.95
"GA",13,175,"Laurens County","2,4-D",1330,3295.4,2312.7
"GA",13,175,"Laurens County","Chlorpyrifos",252,430.5,341.25
"GA",13,175,"Laurens County","Glyphosate",12336.2,13534.9,12935.55
"GA",13,175,"Laurens County","Paraquat",2088.2,3755.7,2921.95
"GA",13,177,"Lee County","2,4-D",378.6,2813.8,1596.2
"GA",13,177,"Lee County","Chlorpyrifos",3440,3440,3440
"GA",13,177,"Lee County","Glyphosate",15751.6,18865.2,17308.4
"GA",13,177,"Lee County","Paraquat",1926.7,2595.4,2261.05
"GA",13,179,"Liberty County","2,4-D",80.6,90.7,85.65
"GA",13,179,"Liberty County","Chlorpyrifos",11.2,11.3,11.25
"GA",13,179,"Liberty County","Glyphosate",47.9,70,58.95
"GA",13,179,"Liberty County","Paraquat",0,10.2,5.1
"GA",13,181,"Lincoln County","2,4-D",582.2,582.2,582.2
"GA",13,181,"Lincoln County","Glyphosate",4.8,4.8,4.8
"GA",13,183,"Long County","2,4-D",191.2,241.2,216.2
"GA",13,183,"Long County","Chlorpyrifos",47.2,49,48.1
"GA",13,183,"Long County","Glyphosate",665.1,712.4,688.75
"GA",13,183,"Long County","Paraquat",19.6,106.1,62.85
"GA",13,185,"Lowndes County","2,4-D",1502.7,1531.3,1517
"GA",13,185,"Lowndes County","Chlorpyrifos",298.7,1030.6,664.65
"GA",13,185,"Lowndes County","Glyphosate",8679.5,9190.9,8935.2
"GA",13,185,"Lowndes County","Paraquat",1563.2,1754.8,1659
"GA",13,187,"Lumpkin County","2,4-D",1019.6,1029.4,1024.5
"GA",13,187,"Lumpkin County","Chlorpyrifos",305,309.6,307.3
"GA",13,187,"Lumpkin County","Glyphosate",121.8,126.7,124.25
"GA",13,187,"Lumpkin County","Paraquat",221.2,245.1,233.15
"GA",13,189,"McDuffie County","2,4-D",3.1,1025.5,514.3
"GA",13,189,"McDuffie County","Chlorpyrifos",3.9,11.7,7.8
"GA",13,189,"McDuffie County","Glyphosate",16.1,71.7,43.9
"GA",13,189,"McDuffie County","Paraquat",11.1,35.2,23.15
"GA",13,191,"McIntosh County","2,4-D",588.4,588.6,588.5
"GA",13,191,"McIntosh County","Chlorpyrifos",0.7,0.7,0.7
"GA",13,191,"McIntosh County","Glyphosate",0.4,161.8,81.1
"GA",13,191,"McIntosh County","Paraquat",0,0.2,0.1
"GA",13,193,"Macon County","2,4-D",5406.6,6630.2,6018.4
"GA",13,193,"Macon County","Chlorpyrifos",175.5,1294.8,735.15
"GA",13,193,"Macon County","Glyphosate",15442,21185.1,18313.55
"GA",13,193,"Macon County","Paraquat",1577.7,2140.4,1859.05
"GA",13,195,"Madison County","2,4-D",2400,2410,2405
"GA",13,195,"Madison County","Chlorpyrifos",7.5,9,8.25
"GA",13,195,"Madison County","Glyphosate",1951.5,1961.5,1956.5
"GA",13,195,"Madison County","Paraquat",901.9,956.9,929.4
"GA",13,197,"Marion County","2,4-D",1257.8,1502.2,1380
"GA",13,197,"Marion County","Chlorpyrifos",79.2,321.3,200.25
"GA",13,197,"Marion County","Glyphosate",864.5,2041.7,1453.1
"GA",13,197,"Marion County","Paraquat",168.9,311,239.95
"GA",13,199,"Meriwether County","2,4-D",2945,2983.8,2964.4
"GA",13,199,"Meriwether County","Chlorpyrifos",3.1,9.5,6.3
"GA",13,199,"Meriwether County","Glyphosate",84.8,581,332.9
"GA",13,199,"Meriwether County","Paraquat",6.1,73.7,39.9
"GA",13,201,"Miller County","2,4-D",710.1,5329.5,3019.8
"GA",13,201,"Miller County","Chlorpyrifos",5228.3,5228.3,5228.3
"GA",13,201,"Miller County","Glyphosate",27467.9,34043.8,30755.85
"GA",13,201,"Miller County","Paraquat",3305.1,4046.7,3675.9
"GA",13,205,"Mitchell County","2,4-D",1361.6,6623,3992.3
"GA",13,205,"Mitchell County","Chlorpyrifos",9076.9,9076.9,9076.9
"GA",13,205,"Mitchell County","Glyphosate",52176,59529.9,55852.95
"GA",13,205,"Mitchell County","Paraquat",5563.9,6294,5928.95
"GA",13,207,"Monroe County","2,4-D",1.8,877.5,439.65
"GA",13,207,"Monroe County","Chlorpyrifos",0.6,0.6,0.6
"GA",13,207,"Monroe County","Glyphosate",22.5,28.8,25.65
"GA",13,207,"Monroe County","Paraquat",14.2,14.2,14.2
"GA",13,209,"Montgomery County","2,4-D",890.1,1634.6,1262.35
"GA",13,209,"Montgomery County","Chlorpyrifos",87.6,213.3,150.45
"GA",13,209,"Montgomery County","Glyphosate",6936.1,7319,7127.55
"GA",13,209,"Montgomery County","Paraquat",1467.5,1923.5,1695.5
"GA",13,211,"Morgan County","2,4-D",87.6,2843.9,1465.75
"GA",13,211,"Morgan County","Chlorpyrifos",3.3,4.3,3.8
"GA",13,211,"Morgan County","Glyphosate",566.4,1096,831.2
"GA",13,211,"Morgan County","Paraquat",49.9,425.4,237.65
"GA",13,213,"Murray County","2,4-D",1296,1764,1530
"GA",13,213,"Murray County","Chlorpyrifos",40.6,88.9,64.75
"GA",13,213,"Murray County","Glyphosate",6563.4,6780.9,6672.15
"GA",13,213,"Murray County","Paraquat",3222.2,3279.8,3251
"GA",13,215,"Muscogee County","2,4-D",202,202,202
"GA",13,215,"Muscogee County","Glyphosate",0,16.4,8.2
"GA",13,217,"Newton County","2,4-D",43.3,986.3,514.8
"GA",13,217,"Newton County","Chlorpyrifos",2.3,2.7,2.5
"GA",13,217,"Newton County","Glyphosate",554.1,749.7,651.9
"GA",13,217,"Newton County","Paraquat",15.8,283.4,149.6
"GA",13,219,"Oconee County","2,4-D",7997.3,8027.7,8012.5
"GA",13,219,"Oconee County","Chlorpyrifos",4763.2,4764.2,4763.7
"GA",13,219,"Oconee County","Glyphosate",16954,16988,16971
"GA",13,219,"Oconee County","Paraquat",3574,3615.6,3594.8
"GA",13,221,"Oglethorpe County","2,4-D",3582.5,3586.9,3584.7
"GA",13,221,"Oglethorpe County","Chlorpyrifos",0.7,1.3,1
"GA",13,221,"Oglethorpe County","Glyphosate",2532.1,2573.6,2552.85
"GA",13,221,"Oglethorpe County","Paraquat",512.3,759.4,635.85
"GA",13,223,"Paulding County","2,4-D",390.6,390.6,390.6
"GA",13,223,"Paulding County","Chlorpyrifos",0,0,0
"GA",13,223,"Paulding County","Glyphosate",1.3,68.1,34.7
"GA",13,223,"Paulding County","Paraquat",0.1,0.1,0.1
"GA",13,225,"Peach County","2,4-D",377.5,997.7,687.6
"GA",13,225,"Peach County","Chlorpyrifos",66.1,121.8,93.95
"GA",13,225,"Peach County","Glyphosate",4731.3,5347.6,5039.45
"GA",13,225,"Peach County","Paraquat",837.7,1634.3,1236
"GA",13,227,"Pickens County","2,4-D",587.7,607.7,597.7
"GA",13,227,"Pickens County","Chlorpyrifos",41.1,50.5,45.8
"GA",13,227,"Pickens County","Glyphosate",237.8,244.2,241
"GA",13,227,"Pickens County","Paraquat",28.8,77.7,53.25
"GA",13,229,"Pierce County","2,4-D",1476.2,2302.8,1889.5
"GA",13,229,"Pierce County","Chlorpyrifos",593.7,617,605.35
"GA",13,229,"Pierce County","Glyphosate",14555.8,14666.9,14611.35
"GA",13,229,"Pierce County","Paraquat",777.6,1509.6,1143.6
"GA",13,231,"Pike County","2,4-D",1766,1780.9,1773.45
"GA",13,231,"Pike County","Chlorpyrifos",2.1,37.5,19.8
"GA",13,231,"Pike County","Glyphosate",4,503.2,253.6
"GA",13,231,"Pike County","Paraquat",11.1,126.7,68.9
"GA",13,233,"Polk County","2,4-D",1469.2,1877.7,1673.45
"GA",13,233,"Polk County","Chlorpyrifos",40.4,55.3,47.85
"GA",13,233,"Polk County","Glyphosate",2945,3193.3,3069.15
"GA",13,233,"Polk County","Paraquat",1299.9,1347.1,1323.5
"GA",13,235,"Pulaski County","2,4-D",2794.6,3694.6,3244.6
"GA",13,235,"Pulaski County","Chlorpyrifos",243,594.3,418.65
"GA",13,235,"Pulaski County","Glyphosate",21761.5,23663,22712.25
"GA",13,235,"Pulaski County","Paraquat",4902.6,6051.7,5477.15
"GA",13,237,"Putnam County","2,4-D",61.9,1044.1,553
"GA",13,237,"Putnam County","Chlorpyrifos",1.9,18.3,10.1
"GA",13,237,"Putnam County","Glyphosate",394,692.1,543.05
"GA",13,237,"Putnam County","Paraquat",87.7,281.8,184.75
"GA",13,239,"Quitman County","2,4-D",15.1,230.3,122.7
"GA",13,239,"Quitman County","Chlorpyrifos",65.1,65.1,65.1
"GA",13,239,"Quitman County","Glyphosate",549.1,645.8,597.45
"GA",13,239,"Quitman County","Paraquat",43.1,43.1,43.1
"GA",13,241,"Rabun County","2,4-D",213,226.1,219.55
"GA",13,241,"Rabun County","Chlorpyrifos",51.3,53.9,52.6
"GA",13,241,"Rabun County","Glyphosate",192.3,192.3,192.3
"GA",13,241,"Rabun County","Paraquat",5,18.6,11.8
"GA",13,243,"Randolph County","2,4-D",248.7,4129.5,2189.1
"GA",13,243,"Randolph County","Chlorpyrifos",2238.8,2238.8,2238.8
"GA",13,243,"Randolph County","Glyphosate",12378.8,15720.6,14049.7
"GA",13,243,"Randolph County","Paraquat",1419,2666.8,2042.9
"GA",13,245,"Richmond County","2,4-D",6.1,358.6,182.35
"GA",13,245,"Richmond County","Chlorpyrifos",7.7,28.5,18.1
"GA",13,245,"Richmond County","Glyphosate",159.6,185.6,172.6
"GA",13,245,"Richmond County","Paraquat",19.7,97.6,58.65
"GA",13,247,"Rockdale County","2,4-D",1.9,199.9,100.9
"GA",13,247,"Rockdale County","Chlorpyrifos",5.8,6.5,6.15
"GA",13,247,"Rockdale County","Glyphosate",48.8,50.2,49.5
"GA",13,247,"Rockdale County","Paraquat",19.9,19.9,19.9
"GA",13,249,"Schley County","2,4-D",860.4,945.1,902.75
"GA",13,249,"Schley County","Chlorpyrifos",1.9,83.4,42.65
"GA",13,249,"Schley County","Glyphosate",1074.1,1605.9,1340
"GA",13,249,"Schley County","Paraquat",99.4,202.2,150.8
"GA",13,251,"Screven County","2,4-D",345.5,2970,1657.75
"GA",13,251,"Screven County","Chlorpyrifos",216.2,1119.4,667.8
"GA",13,251,"Screven County","Glyphosate",19112.7,19759.6,19436.15
"GA",13,251,"Screven County","Paraquat",2917.4,4069.3,3493.35
"GA",13,253,"Seminole County","2,4-D",512.3,3395.5,1953.9
"GA",13,253,"Seminole County","Chlorpyrifos",3174.1,3174.1,3174.1
"GA",13,253,"Seminole County","Glyphosate",22287.8,26178.8,24233.3
"GA",13,253,"Seminole County","Paraquat",2040.8,2511,2275.9
"GA",13,255,"Spalding County","2,4-D",1158.7,1168.4,1163.55
"GA",13,255,"Spalding County","Chlorpyrifos",0.7,1.1,0.9
"GA",13,255,"Spalding County","Glyphosate",68,380.8,224.4
"GA",13,255,"Spalding County","Paraquat",4.6,108.5,56.55
"GA",13,257,"Stephens County","2,4-D",834.2,838.9,836.55
"GA",13,257,"Stephens County","Chlorpyrifos",9.6,10.5,10.05
"GA",13,257,"Stephens County","Glyphosate",243.3,243.3,243.3
"GA",13,257,"Stephens County","Paraquat",0.8,31.9,16.35
"GA",13,259,"Stewart County","2,4-D",91.1,628.2,359.65
"GA",13,259,"Stewart County","Chlorpyrifos",414.1,414.1,414.1
"GA",13,259,"Stewart County","Glyphosate",3375.2,4051.5,3713.35
"GA",13,259,"Stewart County","Paraquat",270.8,409,339.9
"GA",13,261,"Sumter County","2,4-D",549.8,4394.3,2472.05
"GA",13,261,"Sumter County","Chlorpyrifos",3063.6,3063.6,3063.6
"GA",13,261,"Sumter County","Glyphosate",24466.2,27941,26203.6
"GA",13,261,"Sumter County","Paraquat",2018.2,3381.3,2699.75
"GA",13,263,"Talbot County","2,4-D",1186.8,1198.1,1192.45
"GA",13,263,"Talbot County","Chlorpyrifos",4.5,17.9,11.2
"GA",13,263,"Talbot County","Glyphosate",0.8,168.9,84.85
"GA",13,263,"Talbot County","Paraquat",7.6,10.9,9.25
"GA",13,265,"Taliaferro County","2,4-D",0.2,456.2,228.2
"GA",13,265,"Taliaferro County","Chlorpyrifos",0.1,0.1,0.1
"GA",13,265,"Taliaferro County","Glyphosate",0.8,4.2,2.5
"GA",13,265,"Taliaferro County","Paraquat",0.6,0.6,0.6
"GA",13,267,"Tattnall County","2,4-D",2134.8,2690.3,2412.55
"GA",13,267,"Tattnall County","Chlorpyrifos",3828.4,3855,3841.7
"GA",13,267,"Tattnall County","Glyphosate",12437.6,12764.1,12600.85
"GA",13,267,"Tattnall County","Paraquat",1863.1,2820.6,2341.85
"GA",13,269,"Taylor County","2,4-D",2258.5,2559.4,2408.95
"GA",13,269,"Taylor County","Chlorpyrifos",90.6,173.6,132.1
"GA",13,269,"Taylor County","Glyphosate",2178.2,3565.5,2871.85
"GA",13,269,"Taylor County","Paraquat",229.2,661.8,445.5
"GA",13,271,"Telfair County","2,4-D",1767.2,1767.2,1767.2
"GA",13,271,"Telfair County","Chlorpyrifos",83.1,132.6,107.85
"GA",13,271,"Telfair County","Glyphosate",9888.6,10264.2,10076.4
"GA",13,271,"Telfair County","Paraquat",1392.3,1483.5,1437.9
"GA",13,273,"Terrell County","2,4-D",456.4,3530.3,1993.35
"GA",13,273,"Terrell County","Chlorpyrifos",2968.1,2968.1,2968.1
"GA",13,273,"Terrell County","Glyphosate",20740.2,24349.6,22544.9
"GA",13,273,"Terrell County","Paraquat",1927.4,2776.6,2352
"GA",13,275,"Thomas County","2,4-D",690.1,3302.4,1996.25
"GA",13,275,"Thomas County","Chlorpyrifos",1859,1859,1859
"GA",13,275,"Thomas County","Glyphosate",25778.4,27587.5,26682.95
"GA",13,275,"Thomas County","Paraquat",1682.7,2421.3,2052
"GA",13,277,"Tift County","2,4-D",2725.9,2759.2,2742.55
"GA",13,277,"Tift County","Chlorpyrifos",259,1565.5,912.25
"GA",13,277,"Tift County","Glyphosate",23426.5,24036.5,23731.5
"GA",13,277,"Tift County","Paraquat",2571.2,3114.6,2842.9
"GA",13,279,"Toombs County","2,4-D",1682.4,2017.8,1850.1
"GA",13,279,"Toombs County","Chlorpyrifos",2255.9,2275.5,2265.7
"GA",13,279,"Toombs County","Glyphosate",7098.9,7384,7241.45
"GA",13,279,"Toombs County","Paraquat",841.4,1656.1,1248.75
"GA",13,281,"Towns County","2,4-D",231.2,231.3,231.25
"GA",13,281,"Towns County","Chlorpyrifos",0,0,0
"GA",13,281,"Towns County","Glyphosate",0.9,36.4,18.65
"GA",13,281,"Towns County","Paraquat",0,2.2,1.1
"GA",13,283,"Treutlen County","2,4-D",263.1,937.5,600.3
"GA",13,283,"Treutlen County","Chlorpyrifos",1.8,47.8,24.8
"GA",13,283,"Treutlen County","Glyphosate",3142.9,3232.6,3187.75
"GA",13,283,"Treutlen County","Paraquat",611.2,686.8,649
"GA",13,285,"Troup County","2,4-D",1529.4,1529.8,1529.6
"GA",13,285,"Troup County","Chlorpyrifos",0.2,0.6,0.4
"GA",13,285,"Troup County","Glyphosate",0.2,128.2,64.2
"GA",13,285,"Troup County","Paraquat",0.3,0.8,0.55
"GA",13,287,"Turner County","2,4-D",3065.7,3102.9,3084.3
"GA",13,287,"Turner County","Chlorpyrifos",370,1814.9,1092.45
"GA",13,287,"Turner County","Glyphosate",27883.1,28458.9,28171
"GA",13,287,"Turner County","Paraquat",2962,3200.3,3081.15
"GA",13,289,"Twiggs County","2,4-D",488.3,939.4,713.85
"GA",13,289,"Twiggs County","Chlorpyrifos",4.4,50.6,27.5
"GA",13,289,"Twiggs County","Glyphosate",6132.9,6287.7,6210.3
"GA",13,289,"Twiggs County","Paraquat",1133,1255.7,1194.35
"GA",13,291,"Union County","2,4-D",725.9,749.1,737.5
"GA",13,291,"Union County","Chlorpyrifos",117.2,128.2,122.7
"GA",13,291,"Union County","Glyphosate",276.5,281.2,278.85
"GA",13,291,"Union County","Paraquat",88.6,145.1,116.85
"GA",13,293,"Upson County","2,4-D",1809.8,1839.1,1824.45
"GA",13,293,"Upson County","Chlorpyrifos",1.9,94.8,48.35
"GA",13,293,"Upson County","Glyphosate",1.9,422.6,212.25
"GA",13,293,"Upson County","Paraquat",25.5,30,27.75
"GA",13,295,"Walker County","2,4-D",2587.4,3239.2,2913.3
"GA",13,295,"Walker County","Chlorpyrifos",19.9,40.9,30.4
"GA",13,295,"Walker County","Glyphosate",4768.2,5208.1,4988.15
"GA",13,295,"Walker County","Paraquat",2595.7,2620.6,2608.15
"GA",13,297,"Walton County","2,4-D",1649.6,1692.3,1670.95
"GA",13,297,"Walton County","Chlorpyrifos",131.9,132.9,132.4
"GA",13,297,"Walton County","Glyphosate",2694.4,2724.2,2709.3
"GA",13,297,"Walton County","Paraquat",103.2,162.1,132.65
"GA",13,299,"Ware County","2,4-D",818.5,1181.1,999.8
"GA",13,299,"Ware County","Chlorpyrifos",266.8,276,271.4
"GA",13,299,"Ware County","Glyphosate",6025.8,6128.2,6077
"GA",13,299,"Ware County","Paraquat",367.9,682.6,525.25
"GA",13,301,"Warren County","2,4-D",35.8,943.6,489.7
"GA",13,301,"Warren County","Chlorpyrifos",0,23.7,11.85
"GA",13,301,"Warren County","Glyphosate",1727,2005.3,1866.15
"GA",13,301,"Warren County","Paraquat",203.8,334.2,269
"GA",13,303,"Washington County","2,4-D",951.3,2386,1668.65
"GA",13,303,"Washington County","Chlorpyrifos",54,215.8,134.9
"GA",13,303,"Washington County","Glyphosate",6829.1,9011.1,7920.1
"GA",13,303,"Washington County","Paraquat",1670.1,2777.7,2223.9
"GA",13,305,"Wayne County","2,4-D",1621.2,2128.8,1875
"GA",13,305,"Wayne County","Chlorpyrifos",339.2,354.4,346.8
"GA",13,305,"Wayne County","Glyphosate",9338.7,9488.2,9413.45
"GA",13,305,"Wayne County","Paraquat",886.8,1365,1125.9
"GA",13,307,"Webster County","2,4-D",196.2,874.7,535.45
"GA",13,307,"Webster County","Chlorpyrifos",1002.8,1002.8,1002.8
"GA",13,307,"Webster County","Glyphosate",6745.8,7976.5,7361.15
"GA",13,307,"Webster County","Paraquat",675.9,861.9,768.9
"GA",13,309,"Wheeler County","2,4-D",374.8,953.2,664
"GA",13,309,"Wheeler County","Chlorpyrifos",7.1,69.3,38.2
"GA",13,309,"Wheeler County","Glyphosate",3973.9,4548.2,4261.05
"GA",13,309,"Wheeler County","Paraquat",847.2,1240.9,1044.05
"GA",13,311,"White County","2,4-D",747.9,810.8,779.35
"GA",13,311,"White County","Chlorpyrifos",0,29.6,14.8
"GA",13,311,"White County","Glyphosate",784.3,790.3,787.3
"GA",13,311,"White County","Paraquat",17.4,170.4,93.9
"GA",13,313,"Whitfield County","2,4-D",1375.1,1446,1410.55
"GA",13,313,"Whitfield County","Chlorpyrifos",0,7.9,3.95
"GA",13,313,"Whitfield County","Glyphosate",1021.1,1257,1139.05
"GA",13,313,"Whitfield County","Paraquat",295.7,305.1,300.4
"GA",13,315,"Wilcox County","2,4-D",2664.8,2665.9,2665.35
"GA",13,315,"Wilcox County","Chlorpyrifos",166.2,1355.5,760.85
"GA",13,315,"Wilcox County","Glyphosate",24331.5,24927.3,24629.4
"GA",13,315,"Wilcox County","Paraquat",2593.4,3092,2842.7
"GA",13,317,"Wilkes County","2,4-D",2665.9,2700.4,2683.15
"GA",13,317,"Wilkes County","Chlorpyrifos",1,7.9,4.45
"GA",13,317,"Wilkes County","Glyphosate",660.7,812.8,736.75
"GA",13,317,"Wilkes County","Paraquat",32.2,93,62.6
"GA",13,319,"Wilkinson County","2,4-D",58.7,355.1,206.9
"GA",13,319,"Wilkinson County","Chlorpyrifos",23.6,25.4,24.5
"GA",13,319,"Wilkinson County","Glyphosate",493.7,608.6,551.15
"GA",13,319,"Wilkinson County","Paraquat",62.4,244.3,153.35
"GA",13,321,"Worth County","2,4-D",5952.1,6023,5987.55
"GA",13,321,"Worth County","Chlorpyrifos",298,3379.7,1838.85
"GA",13,321,"Worth County","Glyphosate",54909.5,56462,55685.75
"GA",13,321,"Worth County","Paraquat",5660.7,6624.6,6142.65
"IA",19,1,"Adair County","2,4-D",25737.1,25964,25850.55
"IA",19,1,"Adair County","Chlorpyrifos",4.4,1099,551.7
"IA",19,1,"Adair County","Glyphosate",121032.2,122256.3,121644.25
"IA",19,1,"Adair County","Paraquat",0.6,1004.6,502.6
"IA",19,3,"Adams County","2,4-D",17136.8,17263,17199.9
"IA",19,3,"Adams County","Chlorpyrifos",2.8,646.1,324.45
"IA",19,3,"Adams County","Glyphosate",78448.3,79203.9,78826.1
"IA",19,3,"Adams County","Paraquat",0.4,648.1,324.25
"IA",19,5,"Allamakee County","2,4-D",2508.2,2609.1,2558.65
"IA",19,5,"Allamakee County","Chlorpyrifos",111.5,852.9,482.2
"IA",19,5,"Allamakee County","Glyphosate",55610.4,56498.6,56054.5
"IA",19,5,"Allamakee County","Paraquat",1,452.1,226.55
"IA",19,7,"Appanoose County","2,4-D",4266.9,4329.4,4298.15
"IA",19,7,"Appanoose County","Chlorpyrifos",1.5,426.4,213.95
"IA",19,7,"Appanoose County","Glyphosate",39799.4,39799.2,39799.3
"IA",19,7,"Appanoose County","Paraquat",0.2,302.6,151.4
"IA",19,9,"Audubon County","2,4-D",7735.9,8057.1,7896.5
"IA",19,9,"Audubon County","Chlorpyrifos",2461.2,3259.7,2860.45
"IA",19,9,"Audubon County","Glyphosate",108980.4,109243.8,109112.1
"IA",19,9,"Audubon County","Paraquat",1.6,938.3,469.95
"IA",19,11,"Benton County","2,4-D",12683.5,12775.2,12729.35
"IA",19,11,"Benton County","Chlorpyrifos",100.1,1459.8,779.95
"IA",19,11,"Benton County","Glyphosate",173455.8,174314.6,173885.2
"IA",19,11,"Benton County","Paraquat",0.6,1547,773.8
"IA",19,13,"Black Hawk County","2,4-D",2539,2554.4,2546.7
"IA",19,13,"Black Hawk County","Chlorpyrifos",305.7,1120.9,713.3
"IA",19,13,"Black Hawk County","Glyphosate",112897.9,113006.6,112952.25
"IA",19,13,"Black Hawk County","Paraquat",0.9,1012.6,506.75
"IA",19,15,"Boone County","2,4-D",8230.5,8268.7,8249.6
"IA",19,15,"Boone County","Chlorpyrifos",320.5,1229.1,774.8
"IA",19,15,"Boone County","Glyphosate",113746.5,113849.2,113797.85
"IA",19,15,"Boone County","Paraquat",357.4,1074.5,715.95
"IA",19,17,"Bremer County","2,4-D",2003.9,2022.7,2013.3
"IA",19,17,"Bremer County","Chlorpyrifos",229.2,950.1,589.65
"IA",19,17,"Bremer County","Glyphosate",90714.8,90883.2,90799
"IA",19,17,"Bremer County","Paraquat",0.2,798.8,399.5
"IA",19,19,"Buchanan County","2,4-D",2373.3,2397.3,2385.3
"IA",19,19,"Buchanan County","Chlorpyrifos",264.8,1344.3,804.55
"IA",19,19,"Buchanan County","Glyphosate",120632.2,120808.9,120720.55
"IA",19,19,"Buchanan County","Paraquat",0.8,1015.1,507.95
"IA",19,21,"Buena Vista County","2,4-D",5914.1,6107.1,6010.6
"IA",19,21,"Buena Vista County","Chlorpyrifos",2326.2,2388.2,2357.2
"IA",19,21,"Buena Vista County","Glyphosate",151678.2,151848.2,151763.2
"IA",19,21,"Buena Vista County","Paraquat",0.9,1383.4,692.15
"IA",19,23,"Butler County","2,4-D",1942.1,2231.6,2086.85
"IA",19,23,"Butler County","Chlorpyrifos",1397.4,2411.2,1904.3
"IA",19,23,"Butler County","Glyphosate",123290.2,123677,123483.6
"IA",19,23,"Butler County","Paraquat",0,1079.9,539.95
"IA",19,25,"Calhoun County","2,4-D",10628.8,10718.1,10673.45
"IA",19,25,"Calhoun County","Chlorpyrifos",3410.5,4423.8,3917.15
"IA",19,25,"Calhoun County","Glyphosate",161635.2,161759,161697.1
"IA",19,25,"Calhoun County","Paraquat",0,1353.7,676.85
"IA",19,27,"Carroll County","2,4-D",10089.7,10426.5,10258.1
"IA",19,27,"Carroll County","Chlorpyrifos",2939,4174.7,3556.85
"IA",19,27,"Carroll County","Glyphosate",155496.2,155782.6,155639.4
"IA",19,27,"Carroll County","Paraquat",0,1247.4,623.7
"IA",19,29,"Cass County","2,4-D",28928.7,29073.2,29000.95
"IA",19,29,"Cass County","Chlorpyrifos",4.5,896.8,450.65
"IA",19,29,"Cass County","Glyphosate",139835.2,140598.2,140216.7
"IA",19,29,"Cass County","Paraquat",0.6,1153.1,576.85
"IA",19,31,"Cedar County","2,4-D",9421.5,9473.1,9447.3
"IA",19,31,"Cedar County","Chlorpyrifos",57.5,1121.8,589.65
"IA",19,31,"Cedar County","Glyphosate",131084,131607.2,131345.6
"IA",19,31,"Cedar County","Paraquat",0.3,1150.7,575.5
"IA",19,33,"Cerro Gordo County","2,4-D",2024.4,2319.9,2172.15
"IA",19,33,"Cerro Gordo County","Chlorpyrifos",1520.2,2478.7,1999.45
"IA",19,33,"Cerro Gordo County","Glyphosate",130272.6,130420.7,130346.65
"IA",19,33,"Cerro Gordo County","Paraquat",0.8,1154.8,577.8
"IA",19,35,"Cherokee County","2,4-D",8175.7,8402.4,8289.05
"IA",19,35,"Cherokee County","Chlorpyrifos",2148.4,2221.8,2185.1
"IA",19,35,"Cherokee County","Glyphosate",140159.2,140434.5,140296.85
"IA",19,35,"Cherokee County","Paraquat",0.8,1276.3,638.55
"IA",19,37,"Chickasaw County","2,4-D",2462.9,2487.1,2475
"IA",19,37,"Chickasaw County","Chlorpyrifos",285.6,1138.2,711.9
"IA",19,37,"Chickasaw County","Glyphosate",109853.5,110043.4,109948.45
"IA",19,37,"Chickasaw County","Paraquat",0.7,973.2,486.95
"IA",19,39,"Clarke County","2,4-D",4258.8,4371.8,4315.3
"IA",19,39,"Clarke County","Chlorpyrifos",1.5,668.7,335.1
"IA",19,39,"Clarke County","Glyphosate",38486.3,38486.1,38486.2
"IA",19,39,"Clarke County","Paraquat",0.2,287.7,143.95
"IA",19,41,"Clay County","2,4-D",5700.8,6002,5851.4
"IA",19,41,"Clay County","Chlorpyrifos",2127.2,2225.4,2176.3
"IA",19,41,"Clay County","Glyphosate",138876.5,139126.9,139001.7
"IA",19,41,"Clay County","Paraquat",0.8,1252.2,626.5
"IA",19,43,"Clayton County","2,4-D",2507,2610.9,2558.95
"IA",19,43,"Clayton County","Chlorpyrifos",170.3,1242.3,706.3
"IA",19,43,"Clayton County","Glyphosate",89283.9,90126.2,89705.05
"IA",19,43,"Clayton County","Paraquat",0.6,723.5,362.05
"IA",19,45,"Clinton County","2,4-D",9935.3,10020.8,9978.05
"IA",19,45,"Clinton County","Chlorpyrifos",97.5,1377,737.25
"IA",19,45,"Clinton County","Glyphosate",146028.3,146871.1,146449.7
"IA",19,45,"Clinton County","Paraquat",0.9,1235.7,618.3
"IA",19,47,"Crawford County","2,4-D",13316.7,13931.4,13624.05
"IA",19,47,"Crawford County","Chlorpyrifos",3685.1,5256,4470.55
"IA",19,47,"Crawford County","Glyphosate",186757.8,187335.9,187046.85
"IA",19,47,"Crawford County","Paraquat",1.1,1522.8,761.95
"IA",19,49,"Dallas County","2,4-D",7706.6,7741.6,7724.1
"IA",19,49,"Dallas County","Chlorpyrifos",308.3,1062.8,685.55
"IA",19,49,"Dallas County","Glyphosate",106079.6,106236.9,106158.25
"IA",19,49,"Dallas County","Paraquat",297.1,1021.9,659.5
"IA",19,51,"Davis County","2,4-D",2602.9,2719.6,2661.25
"IA",19,51,"Davis County","Chlorpyrifos",1.2,976.7,488.95
"IA",19,51,"Davis County","Glyphosate",46637.7,47856.2,47246.95
"IA",19,51,"Davis County","Paraquat",0.2,955.8,478
"IA",19,53,"Decatur County","2,4-D",4532.7,4645.7,4589.2
"IA",19,53,"Decatur County","Chlorpyrifos",1.5,671.2,336.35
"IA",19,53,"Decatur County","Glyphosate",39760.2,39759.1,39759.65
"IA",19,53,"Decatur County","Paraquat",0.2,297.9,149.05
"IA",19,55,"Delaware County","2,4-D",2182.6,2235.4,2209
"IA",19,55,"Delaware County","Chlorpyrifos",184.3,1422.9,803.6
"IA",19,55,"Delaware County","Glyphosate",110053.8,110497.6,110275.7
"IA",19,55,"Delaware County","Paraquat",0.7,863.7,432.2
"IA",19,57,"Des Moines County","2,4-D",3557.6,3599.4,3578.5
"IA",19,57,"Des Moines County","Chlorpyrifos",2.9,689.1,346
"IA",19,57,"Des Moines County","Glyphosate",64109.7,64499.3,64304.5
"IA",19,57,"Des Moines County","Paraquat",0.4,1321.1,660.75
"IA",19,59,"Dickinson County","2,4-D",3451.5,3808.9,3630.2
"IA",19,59,"Dickinson County","Chlorpyrifos",1302,1418.6,1360.3
"IA",19,59,"Dickinson County","Glyphosate",85112.7,85378.9,85245.8
"IA",19,59,"Dickinson County","Paraquat",0.3,764.8,382.55
"IA",19,61,"Dubuque County","2,4-D",2061,2172.6,2116.8
"IA",19,61,"Dubuque County","Chlorpyrifos",135.8,1195.4,665.6
"IA",19,61,"Dubuque County","Glyphosate",78822.3,79615.9,79219.1
"IA",19,61,"Dubuque County","Paraquat",3,606,304.5
"IA",19,63,"Emmet County","2,4-D",3999.8,4145.1,4072.45
"IA",19,63,"Emmet County","Chlorpyrifos",1552.8,1600.2,1576.5
"IA",19,63,"Emmet County","Glyphosate",101823.7,101955.5,101889.6
"IA",19,63,"Emmet County","Paraquat",0,894.3,447.15
"IA",19,65,"Fayette County","2,4-D",3503.9,3561.7,3532.8
"IA",19,65,"Fayette County","Chlorpyrifos",363.8,1516.1,939.95
"IA",19,65,"Fayette County","Glyphosate",140940.5,141426.8,141183.65
"IA",19,65,"Fayette County","Paraquat",0.2,1249.9,625.05
"IA",19,67,"Floyd County","2,4-D",1910.9,2175.7,2043.3
"IA",19,67,"Floyd County","Chlorpyrifos",1418.8,2361.4,1890.1
"IA",19,67,"Floyd County","Glyphosate",116468.7,116890.1,116679.4
"IA",19,67,"Floyd County","Paraquat",0.4,1053.7,527.05
"IA",19,69,"Franklin County","2,4-D",2060.4,2415.1,2237.75
"IA",19,69,"Franklin County","Chlorpyrifos",1547.4,2691.8,2119.6
"IA",19,69,"Franklin County","Glyphosate",146431.4,146573,146502.2
"IA",19,69,"Franklin County","Paraquat",0.9,1242.1,621.5
"IA",19,71,"Fremont County","2,4-D",24736.2,24759.8,24748
"IA",19,71,"Fremont County","Chlorpyrifos",4.3,457.7,231
"IA",19,71,"Fremont County","Glyphosate",121864.4,122035.9,121950.15
"IA",19,71,"Fremont County","Paraquat",0.6,1010,505.3
"IA",19,73,"Greene County","2,4-D",10272.1,10534.2,10403.15
"IA",19,73,"Greene County","Chlorpyrifos",3079.4,4185,3632.2
"IA",19,73,"Greene County","Glyphosate",152131.5,152393.9,152262.7
"IA",19,73,"Greene County","Paraquat",0.8,1252.5,626.65
"IA",19,75,"Grundy County","2,4-D",8937.4,8955.2,8946.3
"IA",19,75,"Grundy County","Chlorpyrifos",226.5,1125.9,676.2
"IA",19,75,"Grundy County","Glyphosate",126221.4,126272,126246.7
"IA",19,75,"Grundy County","Paraquat",353.7,1217.6,785.65
"IA",19,77,"Guthrie County","2,4-D",8931.1,9614.3,9272.7
"IA",19,77,"Guthrie County","Chlorpyrifos",2229.2,3283.6,2756.4
"IA",19,77,"Guthrie County","Glyphosate",105889.1,106536.5,106212.8
"IA",19,77,"Guthrie County","Paraquat",0.1,885.9,443
"IA",19,79,"Hamilton County","2,4-D",9402.7,9421.6,9412.15
"IA",19,79,"Hamilton County","Chlorpyrifos",222.2,1302.1,762.15
"IA",19,79,"Hamilton County","Glyphosate",130966.5,131017.7,130992.1
"IA",19,79,"Hamilton County","Paraquat",424.1,1231.9,828
"IA",19,81,"Hancock County","2,4-D",1975.9,2321.5,2148.7
"IA",19,81,"Hancock County","Chlorpyrifos",1515.7,2666,2090.85
"IA",19,81,"Hancock County","Glyphosate",141857.6,142102.9,141980.25
"IA",19,81,"Hancock County","Paraquat",0.7,1209.3,605
"IA",19,83,"Hardin County","2,4-D",8682.3,8720,8701.15
"IA",19,83,"Hardin County","Chlorpyrifos",317.6,1359.9,838.75
"IA",19,83,"Hardin County","Glyphosate",118829.5,118940.4,118884.95
"IA",19,83,"Hardin County","Paraquat",410.4,1103.6,757
"IA",19,85,"Harrison County","2,4-D",11626.9,11897.7,11762.3
"IA",19,85,"Harrison County","Chlorpyrifos",3292.7,4420.1,3856.4
"IA",19,85,"Harrison County","Glyphosate",158543.3,158918.3,158730.8
"IA",19,85,"Harrison County","Paraquat",1.5,1319,660.25
"IA",19,87,"Henry County","2,4-D",3927.4,3983.2,3955.3
"IA",19,87,"Henry County","Chlorpyrifos",3.1,821.5,412.3
"IA",19,87,"Henry County","Glyphosate",70929.6,71475.8,71202.7
"IA",19,87,"Henry County","Paraquat",0.5,1464.2,732.35
"IA",19,89,"Howard County","2,4-D",2445.8,2471.2,2458.5
"IA",19,89,"Howard County","Chlorpyrifos",291.5,1028.5,660
"IA",19,89,"Howard County","Glyphosate",103383.8,103574,103478.9
"IA",19,89,"Howard County","Paraquat",0.6,940.1,470.35
"IA",19,91,"Humboldt County","2,4-D",1790.3,2036.3,1913.3
"IA",19,91,"Humboldt County","Chlorpyrifos",1374.3,2166.5,1770.4
"IA",19,91,"Humboldt County","Glyphosate",112757.4,112848.5,112802.95
"IA",19,91,"Humboldt County","Paraquat",0.7,1019.9,510.3
"IA",19,93,"Ida County","2,4-D",8177.5,8535.3,8356.4
"IA",19,93,"Ida County","Chlorpyrifos",2442.4,3366.9,2904.65
"IA",19,93,"Ida County","Glyphosate",117052.3,117356.3,117204.3
"IA",19,93,"Ida County","Paraquat",0,976,488
"IA",19,95,"Iowa County","2,4-D",8552.4,8661,8606.7
"IA",19,95,"Iowa County","Chlorpyrifos",117.3,980.1,548.7
"IA",19,95,"Iowa County","Glyphosate",110088.8,111160.9,110624.85
"IA",19,95,"Iowa County","Paraquat",0.2,981.7,490.95
"IA",19,97,"Jackson County","2,4-D",6139.3,6391,6265.15
"IA",19,97,"Jackson County","Chlorpyrifos",273.2,1040,656.6
"IA",19,97,"Jackson County","Glyphosate",79656.3,82089.1,80872.7
"IA",19,97,"Jackson County","Paraquat",0.6,639.9,320.25
"IA",19,99,"Jasper County","2,4-D",10189.8,10291.4,10240.6
"IA",19,99,"Jasper County","Chlorpyrifos",728.1,1679.4,1203.75
"IA",19,99,"Jasper County","Glyphosate",140718.9,140951.4,140835.15
"IA",19,99,"Jasper County","Paraquat",374.6,1360.6,867.6
"IA",19,101,"Jefferson County","2,4-D",3538.4,3581.7,3560.05
"IA",19,101,"Jefferson County","Chlorpyrifos",2.7,714.7,358.7
"IA",19,101,"Jefferson County","Glyphosate",64112.1,64568,64340.05
"IA",19,101,"Jefferson County","Paraquat",0.4,1333.3,666.85
"IA",19,103,"Johnson County","2,4-D",7402.2,7513.9,7458.05
"IA",19,103,"Johnson County","Chlorpyrifos",122.1,899.4,510.75
"IA",19,103,"Johnson County","Glyphosate",98464.3,99498.1,98981.2
"IA",19,103,"Johnson County","Paraquat",0.6,875.2,437.9
"IA",19,105,"Jones County","2,4-D",7104.5,7197.3,7150.9
"IA",19,105,"Jones County","Chlorpyrifos",103.5,1041.5,572.5
"IA",19,105,"Jones County","Glyphosate",102590.2,103532.4,103061.3
"IA",19,105,"Jones County","Paraquat",0.7,848.7,424.7
"IA",19,107,"Keokuk County","2,4-D",5887,5958.1,5922.55
"IA",19,107,"Keokuk County","Chlorpyrifos",3.6,1160.3,581.95
"IA",19,107,"Keokuk County","Glyphosate",105365.2,106229.2,105797.2
"IA",19,107,"Keokuk County","Paraquat",0.5,2179.7,1090.1
"IA",19,109,"Kossuth County","2,4-D",3896.8,4468.7,4182.75
"IA",19,109,"Kossuth County","Chlorpyrifos",2957.6,4776.3,3866.95
"IA",19,109,"Kossuth County","Glyphosate",253189.8,253352.5,253271.15
"IA",19,109,"Kossuth County","Paraquat",1.5,2244.9,1123.2
"IA",19,111,"Lee County","2,4-D",3657.7,3704.2,3680.95
"IA",19,111,"Lee County","Chlorpyrifos",4.6,753,378.8
"IA",19,111,"Lee County","Glyphosate",66047.1,66599.7,66323.4
"IA",19,111,"Lee County","Paraquat",0.6,1373,686.8
"IA",19,113,"Linn County","2,4-D",8830,8933.7,8881.85
"IA",19,113,"Linn County","Chlorpyrifos",122.3,1152.4,637.35
"IA",19,113,"Linn County","Glyphosate",123429.5,124415.2,123922.35
"IA",19,113,"Linn County","Paraquat",1.9,1070.6,536.25
"IA",19,115,"Louisa County","2,4-D",4062.9,4092.1,4077.5
"IA",19,115,"Louisa County","Chlorpyrifos",2.9,707.9,355.4
"IA",19,115,"Louisa County","Glyphosate",73704.1,73993.4,73848.75
"IA",19,115,"Louisa County","Paraquat",0.4,1532.7,766.55
"IA",19,117,"Lucas County","2,4-D",3844.9,3957,3900.95
"IA",19,117,"Lucas County","Chlorpyrifos",1.2,648.1,324.65
"IA",19,117,"Lucas County","Glyphosate",33436,33435.3,33435.65
"IA",19,117,"Lucas County","Paraquat",0.2,248.7,124.45
"IA",19,119,"Lyon County","2,4-D",6769.1,7138.4,6953.75
"IA",19,119,"Lyon County","Chlorpyrifos",2164.5,2284.6,2224.55
"IA",19,119,"Lyon County","Glyphosate",141929.3,142259.6,142094.45
"IA",19,119,"Lyon County","Paraquat",0,1245.5,622.75
"IA",19,121,"Madison County","2,4-D",7953.2,8078.6,8015.9
"IA",19,121,"Madison County","Chlorpyrifos",4.6,861.3,432.95
"IA",19,121,"Madison County","Glyphosate",80757.3,80756.8,80757.05
"IA",19,121,"Madison County","Paraquat",0.6,617.7,309.15
"IA",19,123,"Mahaska County","2,4-D",6219.5,6268.2,6243.85
"IA",19,123,"Mahaska County","Chlorpyrifos",2.5,1114.6,558.55
"IA",19,123,"Mahaska County","Glyphosate",113130.8,113654.5,113392.65
"IA",19,123,"Mahaska County","Paraquat",0.3,2360.7,1180.5
"IA",19,125,"Marion County","2,4-D",8334.8,8449.6,8392.2
"IA",19,125,"Marion County","Chlorpyrifos",3.6,832.6,418.1
"IA",19,125,"Marion County","Glyphosate",87824.2,87823.7,87823.95
"IA",19,125,"Marion County","Paraquat",0.4,673.1,336.75
"IA",19,127,"Marshall County","2,4-D",9038.7,9093.1,9065.9
"IA",19,127,"Marshall County","Chlorpyrifos",440.9,1300.5,870.7
"IA",19,127,"Marshall County","Glyphosate",126013.7,126147.4,126080.55
"IA",19,127,"Marshall County","Paraquat",338.3,1219.7,779
"IA",19,129,"Mills County","2,4-D",21658.9,21697.7,21678.3
"IA",19,129,"Mills County","Chlorpyrifos",2.3,458.9,230.6
"IA",19,129,"Mills County","Glyphosate",107523.1,107733.3,107628.2
"IA",19,129,"Mills County","Paraquat",0.3,892.2,446.25
"IA",19,131,"Mitchell County","2,4-D",1670.5,1962.6,1816.55
"IA",19,131,"Mitchell County","Chlorpyrifos",1226.8,2193.7,1710.25
"IA",19,131,"Mitchell County","Glyphosate",115569.2,115852.2,115710.7
"IA",19,131,"Mitchell County","Paraquat",1.6,980.7,491.15
"IA",19,133,"Monona County","2,4-D",11628.6,11907.8,11768.2
"IA",19,133,"Monona County","Chlorpyrifos",3485.7,4626.5,4056.1
"IA",19,133,"Monona County","Glyphosate",164113.2,164436.7,164274.95
"IA",19,133,"Monona County","Paraquat",0.8,1377.9,689.35
"IA",19,135,"Monroe County","2,4-D",3777.4,3903.7,3840.55
"IA",19,135,"Monroe County","Chlorpyrifos",1.3,716.3,358.8
"IA",19,135,"Monroe County","Glyphosate",33600.6,33600.4,33600.5
"IA",19,135,"Monroe County","Paraquat",0.2,250.6,125.4
"IA",19,137,"Montgomery County","2,4-D",21073.9,21160.3,21117.1
"IA",19,137,"Montgomery County","Chlorpyrifos",3.6,596.8,300.2
"IA",19,137,"Montgomery County","Glyphosate",102829.7,103291.9,103060.8
"IA",19,137,"Montgomery County","Paraquat",1,852.8,426.9
"IA",19,139,"Muscatine County","2,4-D",5813.1,5857.4,5835.25
"IA",19,139,"Muscatine County","Chlorpyrifos",50,674.7,362.35
"IA",19,139,"Muscatine County","Glyphosate",78618,79048.8,78833.4
"IA",19,139,"Muscatine County","Paraquat",0.5,696.8,348.65
"IA",19,141,"O'Brien County","2,4-D",5909.1,6123.8,6016.45
"IA",19,141,"O'Brien County","Chlorpyrifos",2221.2,2289.3,2255.25
"IA",19,141,"O'Brien County","Glyphosate",145378.4,145567.9,145473.15
"IA",19,141,"O'Brien County","Paraquat",0,1314,657
"IA",19,143,"Osceola County","2,4-D",3840.3,3923.3,3881.8
"IA",19,143,"Osceola County","Chlorpyrifos",1701.4,1728.5,1714.95
"IA",19,143,"Osceola County","Glyphosate",111423.3,111497.4,111460.35
"IA",19,143,"Osceola County","Paraquat",0,999.4,499.7
"IA",19,145,"Page County","2,4-D",25221,25320.1,25270.55
"IA",19,145,"Page County","Chlorpyrifos",0,693.1,346.55
"IA",19,145,"Page County","Glyphosate",122037.4,122608.5,122322.95
"IA",19,145,"Page County","Paraquat",0,1013.7,506.85
"IA",19,147,"Palo Alto County","2,4-D",4877.4,5091.8,4984.6
"IA",19,147,"Palo Alto County","Chlorpyrifos",2120.7,2190.7,2155.7
"IA",19,147,"Palo Alto County","Glyphosate",139175.1,139349.7,139262.4
"IA",19,147,"Palo Alto County","Paraquat",0,1204.8,602.4
"IA",19,149,"Plymouth County","2,4-D",10857,11581.7,11219.35
"IA",19,149,"Plymouth County","Chlorpyrifos",3078.7,3314.5,3196.6
"IA",19,149,"Plymouth County","Glyphosate",200881.7,201511.6,201196.65
"IA",19,149,"Plymouth County","Paraquat",1.1,1831,916.05
"IA",19,151,"Pocahontas County","2,4-D",4854.4,4972,4913.2
"IA",19,151,"Pocahontas County","Chlorpyrifos",2361.2,2399.1,2380.15
"IA",19,151,"Pocahontas County","Glyphosate",154635.4,154726.6,154681
"IA",19,151,"Pocahontas County","Paraquat",0,1369,684.5
"IA",19,153,"Polk County","2,4-D",4882.9,4921.2,4902.05
"IA",19,153,"Polk County","Chlorpyrifos",300.5,742.6,521.55
"IA",19,153,"Polk County","Glyphosate",68394.9,68473.9,68434.4
"IA",19,153,"Polk County","Paraquat",175.4,667.6,421.5
"IA",19,155,"Pottawattamie County","2,4-D",48599.4,48664.3,48631.85
"IA",19,155,"Pottawattamie County","Chlorpyrifos",8.8,954.8,481.8
"IA",19,155,"Pottawattamie County","Glyphosate",238221.3,238605.9,238413.6
"IA",19,155,"Pottawattamie County","Paraquat",2.5,1957.9,980.2
"IA",19,157,"Poweshiek County","2,4-D",8568.5,8651.6,8610.05
"IA",19,157,"Poweshiek County","Chlorpyrifos",595.5,1407.5,1001.5
"IA",19,157,"Poweshiek County","Glyphosate",117343.5,117568.8,117456.15
"IA",19,157,"Poweshiek County","Paraquat",319.7,1130.9,725.3
"IA",19,159,"Ringgold County","2,4-D",6075.4,6274.1,6174.75
"IA",19,159,"Ringgold County","Chlorpyrifos",0.4,1137.3,568.85
"IA",19,159,"Ringgold County","Glyphosate",56494.1,56493.8,56493.95
"IA",19,159,"Ringgold County","Paraquat",0.1,422.9,211.5
"IA",19,161,"Sac County","2,4-D",10181.8,10451.3,10316.55
"IA",19,161,"Sac County","Chlorpyrifos",3238.9,4313,3775.95
"IA",19,161,"Sac County","Glyphosate",153148.1,153373.3,153260.7
"IA",19,161,"Sac County","Paraquat",0.9,1283.7,642.3
"IA",19,163,"Scott County","2,4-D",5934.5,5965.4,5949.95
"IA",19,163,"Scott County","Chlorpyrifos",36.8,769.2,403
"IA",19,163,"Scott County","Glyphosate",86396.9,86703.4,86550.15
"IA",19,163,"Scott County","Paraquat",0.6,743.3,371.95
"IA",19,165,"Shelby County","2,4-D",11061.9,11407.9,11234.9
"IA",19,165,"Shelby County","Chlorpyrifos",3547.6,4675.2,4111.4
"IA",19,165,"Shelby County","Glyphosate",161188.4,161478.6,161333.5
"IA",19,165,"Shelby County","Paraquat",0.9,1373.4,687.15
"IA",19,167,"Sioux County","2,4-D",7564.3,7866.7,7715.5
"IA",19,167,"Sioux County","Chlorpyrifos",3106.5,3204.4,3155.45
"IA",19,167,"Sioux County","Glyphosate",203848.9,204118.7,203983.8
"IA",19,167,"Sioux County","Paraquat",1.1,1700.3,850.7
"IA",19,169,"Story County","2,4-D",8791.8,8832.4,8812.1
"IA",19,169,"Story County","Chlorpyrifos",375.2,1290.9,833.05
"IA",19,169,"Story County","Glyphosate",122391.5,122482.9,122437.2
"IA",19,169,"Story County","Paraquat",363.9,1171.1,767.5
"IA",19,171,"Tama County","2,4-D",10057.1,10161.3,10109.2
"IA",19,171,"Tama County","Chlorpyrifos",740.8,1685.5,1213.15
"IA",19,171,"Tama County","Glyphosate",139054.3,139277.1,139165.7
"IA",19,171,"Tama County","Paraquat",371.9,1343.3,857.6
"IA",19,173,"Taylor County","2,4-D",21349.9,21534.9,21442.4
"IA",19,173,"Taylor County","Chlorpyrifos",5.7,905.3,455.5
"IA",19,173,"Taylor County","Glyphosate",101042.6,102029.3,101535.95
"IA",19,173,"Taylor County","Paraquat",0.8,840.6,420.7
"IA",19,175,"Union County","2,4-D",5765.2,5940.1,5852.65
"IA",19,175,"Union County","Chlorpyrifos",0,1019.8,509.9
"IA",19,175,"Union County","Glyphosate",55826.6,55826.3,55826.45
"IA",19,175,"Union County","Paraquat",0,420,210
"IA",19,177,"Van Buren County","2,4-D",2569,2688.2,2628.6
"IA",19,177,"Van Buren County","Chlorpyrifos",1.9,995.2,498.55
"IA",19,177,"Van Buren County","Glyphosate",45996,47082.7,46539.35
"IA",19,177,"Van Buren County","Paraquat",0.3,941.3,470.8
"IA",19,179,"Wapello County","2,4-D",2876.9,2985.2,2931.05
"IA",19,179,"Wapello County","Chlorpyrifos",2.2,985.4,493.8
"IA",19,179,"Wapello County","Glyphosate",51959.9,52903.4,52431.65
"IA",19,179,"Wapello County","Paraquat",0.3,1072.9,536.6
"IA",19,181,"Warren County","2,4-D",7363.1,7489.3,7426.2
"IA",19,181,"Warren County","Chlorpyrifos",7.5,854.7,431.1
"IA",19,181,"Warren County","Glyphosate",76426.6,76426.1,76426.35
"IA",19,181,"Warren County","Paraquat",1,585.8,293.4
"IA",19,183,"Washington County","2,4-D",5604.7,5680.4,5642.55
"IA",19,183,"Washington County","Chlorpyrifos",5.7,1176.4,591.05
"IA",19,183,"Washington County","Glyphosate",101016,101758.7,101387.35
"IA",19,183,"Washington County","Paraquat",0.8,2101.1,1050.95
"IA",19,185,"Wayne County","2,4-D",6584.5,6715.2,6649.85
"IA",19,185,"Wayne County","Chlorpyrifos",2.1,833.1,417.6
"IA",19,185,"Wayne County","Glyphosate",63233.3,63233,63233.15
"IA",19,185,"Wayne County","Paraquat",0.3,477.1,238.7
"IA",19,187,"Webster County","2,4-D",11501.3,11527.6,11514.45
"IA",19,187,"Webster County","Chlorpyrifos",313.6,1478.2,895.9
"IA",19,187,"Webster County","Glyphosate",162173.8,162245.8,162209.8
"IA",19,187,"Webster County","Paraquat",458.5,1562.5,1010.5
"IA",19,189,"Winnebago County","2,4-D",1567.6,1801.6,1684.6
"IA",19,189,"Winnebago County","Chlorpyrifos",1176.2,1939.8,1558
"IA",19,189,"Winnebago County","Glyphosate",102071.8,102183.6,102127.7
"IA",19,189,"Winnebago County","Paraquat",0.6,899.2,449.9
"IA",19,191,"Winneshiek County","2,4-D",2579.5,2670.9,2625.2
"IA",19,191,"Winneshiek County","Chlorpyrifos",216.1,1355,785.55
"IA",19,191,"Winneshiek County","Glyphosate",104140.8,104839.1,104489.95
"IA",19,191,"Winneshiek County","Paraquat",1.5,857.4,429.45
"IA",19,193,"Woodbury County","2,4-D",14944.7,15535.8,15240.25
"IA",19,193,"Woodbury County","Chlorpyrifos",4205.9,5797.9,5001.9
"IA",19,193,"Woodbury County","Glyphosate",202722.8,203336.5,203029.65
"IA",19,193,"Woodbury County","Paraquat",0.4,1686.2,843.3
"IA",19,195,"Worth County","2,4-D",1590.7,1796.1,1693.4
"IA",19,195,"Worth County","Chlorpyrifos",1215.5,1906.5,1561
"IA",19,195,"Worth County","Glyphosate",95489.8,95678,95583.9
"IA",19,195,"Worth County","Paraquat",0.6,881.6,441.1
"IA",19,197,"Wright County","2,4-D",2316,2636.9,2476.45
"IA",19,197,"Wright County","Chlorpyrifos",1773.4,2802.3,2287.85
"IA",19,197,"Wright County","Glyphosate",146500.4,146603.5,146551.95
"IA",19,197,"Wright County","Paraquat",0.9,1320.8,660.85
"ID",16,1,"Ada County","2,4-D",405.4,494.4,449.9
"ID",16,1,"Ada County","Chlorpyrifos",790.3,792.7,791.5
"ID",16,1,"Ada County","Glyphosate",8368.2,8451.5,8409.85
"ID",16,1,"Ada County","Malathion",0.2,21,10.6
"ID",16,1,"Ada County","Paraquat",265.2,330.3,297.75
"ID",16,3,"Adams County","2,4-D",55.4,69.4,62.4
"ID",16,3,"Adams County","Chlorpyrifos",131.8,131.8,131.8
"ID",16,3,"Adams County","Glyphosate",394,431.3,412.65
"ID",16,3,"Adams County","Malathion",0.1,0.1,0.1
"ID",16,3,"Adams County","Paraquat",102.4,103.6,103
"ID",16,5,"Bannock County","2,4-D",2124.9,2215.3,2170.1
"ID",16,5,"Bannock County","Chlorpyrifos",499.7,629,564.35
"ID",16,5,"Bannock County","Glyphosate",4114.5,4114.5,4114.5
"ID",16,5,"Bannock County","Malathion",1.1,206.6,103.85
"ID",16,5,"Bannock County","Paraquat",7.4,665.3,336.35
"ID",16,7,"Bear Lake County","2,4-D",632.7,769.5,701.1
"ID",16,7,"Bear Lake County","Chlorpyrifos",720,795.8,757.9
"ID",16,7,"Bear Lake County","Glyphosate",1845.4,1845.4,1845.4
"ID",16,7,"Bear Lake County","Malathion",0,310.9,155.45
"ID",16,7,"Bear Lake County","Paraquat",0.9,651.3,326.1
"ID",16,9,"Benewah County","2,4-D",868.8,1400,1134.4
"ID",16,9,"Benewah County","Chlorpyrifos",13.5,223.1,118.3
"ID",16,9,"Benewah County","Glyphosate",17995.4,17997.2,17996.3
"ID",16,9,"Benewah County","Malathion",1.2,15.5,8.35
"ID",16,9,"Benewah County","Paraquat",25.8,428.6,227.2
"ID",16,11,"Bingham County","2,4-D",6446,6713.6,6579.8
"ID",16,11,"Bingham County","Chlorpyrifos",8358.3,8914,8636.15
"ID",16,11,"Bingham County","Glyphosate",49459.8,49459.8,49459.8
"ID",16,11,"Bingham County","Malathion",7.8,607.6,307.7
"ID",16,11,"Bingham County","Paraquat",78.6,1339.9,709.25
"ID",16,13,"Blaine County","2,4-D",367.3,518,442.65
"ID",16,13,"Blaine County","Chlorpyrifos",1537.5,1566.1,1551.8
"ID",16,13,"Blaine County","Glyphosate",1799.9,1959.9,1879.9
"ID",16,13,"Blaine County","Malathion",0.9,278.6,139.75
"ID",16,13,"Blaine County","Paraquat",34.2,34.2,34.2
"ID",16,15,"Boise County","2,4-D",59.8,62,60.9
"ID",16,15,"Boise County","Chlorpyrifos",19.2,19.2,19.2
"ID",16,15,"Boise County","Glyphosate",101.6,106.1,103.85
"ID",16,15,"Boise County","Paraquat",16.2,18.3,17.25
"ID",16,17,"Bonner County","2,4-D",32.4,34.4,33.4
"ID",16,17,"Bonner County","Chlorpyrifos",11.9,48.8,30.35
"ID",16,17,"Bonner County","Glyphosate",585,587.8,586.4
"ID",16,17,"Bonner County","Malathion",0.8,69.2,35
"ID",16,17,"Bonner County","Paraquat",122.9,132.5,127.7
"ID",16,19,"Bonneville County","2,4-D",5381.3,5580.6,5480.95
"ID",16,19,"Bonneville County","Chlorpyrifos",1055,1302.8,1178.9
"ID",16,19,"Bonneville County","Glyphosate",17008.2,17008.2,17008.2
"ID",16,19,"Bonneville County","Malathion",0.5,450.2,225.35
"ID",16,19,"Bonneville County","Paraquat",27.8,1072,549.9
"ID",16,21,"Boundary County","2,4-D",333.4,351.6,342.5
"ID",16,21,"Boundary County","Chlorpyrifos",3.1,262.4,132.75
"ID",16,21,"Boundary County","Glyphosate",8573.9,8575.3,8574.6
"ID",16,21,"Boundary County","Malathion",0.4,431.8,216.1
"ID",16,21,"Boundary County","Paraquat",774.5,801.2,787.85
"ID",16,23,"Butte County","2,4-D",789,962.7,875.85
"ID",16,23,"Butte County","Chlorpyrifos",913.4,992.8,953.1
"ID",16,23,"Butte County","Glyphosate",3280.1,3280.1,3280.1
"ID",16,23,"Butte County","Malathion",0,394.1,197.05
"ID",16,23,"Butte County","Paraquat",0.8,823.3,412.05
"ID",16,25,"Camas County","2,4-D",286.1,562.9,424.5
"ID",16,25,"Camas County","Chlorpyrifos",2409.7,2457.8,2433.75
"ID",16,25,"Camas County","Glyphosate",1278.1,1592.8,1435.45
"ID",16,25,"Camas County","Malathion",0,495.2,247.6
"ID",16,25,"Camas County","Paraquat",33,33,33
"ID",16,27,"Canyon County","2,4-D",1618.5,2082.9,1850.7
"ID",16,27,"Canyon County","Chlorpyrifos",3763.9,3780.1,3772
"ID",16,27,"Canyon County","Glyphosate",33727.8,34475.2,34101.5
"ID",16,27,"Canyon County","Malathion",4.1,294.6,149.35
"ID",16,27,"Canyon County","Paraquat",1086.6,1914.4,1500.5
"ID",16,29,"Caribou County","2,4-D",4659.7,4762.5,4711.1
"ID",16,29,"Caribou County","Chlorpyrifos",540,810.4,675.2
"ID",16,29,"Caribou County","Glyphosate",11072.4,11072.4,11072.4
"ID",16,29,"Caribou County","Malathion",0,233.2,116.6
"ID",16,29,"Caribou County","Paraquat",7.8,899.3,453.55
"ID",16,31,"Cassia County","2,4-D",4886.7,6035.6,5461.15
"ID",16,31,"Cassia County","Chlorpyrifos",10112.6,10595.2,10353.9
"ID",16,31,"Cassia County","Glyphosate",45361.4,48325.2,46843.3
"ID",16,31,"Cassia County","Malathion",0.1,655.2,327.65
"ID",16,31,"Cassia County","Paraquat",221.4,221.4,221.4
"ID",16,33,"Clark County","2,4-D",591,706.1,648.55
"ID",16,33,"Clark County","Chlorpyrifos",604.3,652.7,628.5
"ID",16,33,"Clark County","Glyphosate",2141,2141,2141
"ID",16,33,"Clark County","Malathion",0,260.9,130.45
"ID",16,33,"Clark County","Paraquat",3.4,540.8,272.1
"ID",16,35,"Clearwater County","2,4-D",257.4,308.1,282.75
"ID",16,35,"Clearwater County","Chlorpyrifos",0,87.3,43.65
"ID",16,35,"Clearwater County","Glyphosate",4976.8,4980.7,4978.75
"ID",16,35,"Clearwater County","Malathion",0,63.1,31.55
"ID",16,35,"Clearwater County","Paraquat",114.6,165.6,140.1
"ID",16,37,"Custer County","2,4-D",204.8,278.3,241.55
"ID",16,37,"Custer County","Chlorpyrifos",386.6,414.4,400.5
"ID",16,37,"Custer County","Glyphosate",1200.8,1200.8,1200.8
"ID",16,37,"Custer County","Malathion",0.8,167.4,84.1
"ID",16,37,"Custer County","Paraquat",1.9,344.4,173.15
"ID",16,39,"Elmore County","2,4-D",4479.2,4654.8,4567
"ID",16,39,"Elmore County","Chlorpyrifos",2153.2,2155.6,2154.4
"ID",16,39,"Elmore County","Glyphosate",18838.7,19559.1,19198.9
"ID",16,39,"Elmore County","Malathion",1.3,1.4,1.35
"ID",16,39,"Elmore County","Paraquat",865.8,1007.9,936.85
"ID",16,41,"Franklin County","2,4-D",1152.8,1312.2,1232.5
"ID",16,41,"Franklin County","Chlorpyrifos",860.6,905.8,883.2
"ID",16,41,"Franklin County","Glyphosate",9925.9,9925.9,9925.9
"ID",16,41,"Franklin County","Malathion",1.7,357,179.35
"ID",16,41,"Franklin County","Paraquat",10.3,853,431.65
"ID",16,43,"Fremont County","2,4-D",3962.4,4052.9,4007.65
"ID",16,43,"Fremont County","Chlorpyrifos",540.9,857.6,699.25
"ID",16,43,"Fremont County","Glyphosate",10934.4,10934.3,10934.35
"ID",16,43,"Fremont County","Malathion",8.8,214.9,111.85
"ID",16,43,"Fremont County","Paraquat",30.7,467.3,249
"ID",16,45,"Gem County","2,4-D",324.3,364.4,344.35
"ID",16,45,"Gem County","Chlorpyrifos",278.4,279,278.7
"ID",16,45,"Gem County","Glyphosate",2899,3152.2,3025.6
"ID",16,45,"Gem County","Malathion",0.9,0.9,0.9
"ID",16,45,"Gem County","Paraquat",200.2,207,203.6
"ID",16,47,"Gooding County","2,4-D",500.9,751.1,626
"ID",16,47,"Gooding County","Chlorpyrifos",2087.1,2350.1,2218.6
"ID",16,47,"Gooding County","Glyphosate",22765.3,22932.9,22849.1
"ID",16,47,"Gooding County","Malathion",0,333.1,166.55
"ID",16,47,"Gooding County","Paraquat",76,76,76
"ID",16,49,"Idaho County","2,4-D",2639.3,2769.8,2704.55
"ID",16,49,"Idaho County","Chlorpyrifos",88,788.4,438.2
"ID",16,49,"Idaho County","Glyphosate",48499.4,48543.2,48521.3
"ID",16,49,"Idaho County","Malathion",4,661.6,332.8
"ID",16,49,"Idaho County","Paraquat",1184.6,1622.9,1403.75
"ID",16,51,"Jefferson County","2,4-D",3010.2,3390.8,3200.5
"ID",16,51,"Jefferson County","Chlorpyrifos",2042.9,2287.1,2165
"ID",16,51,"Jefferson County","Glyphosate",20180.5,20180.4,20180.45
"ID",16,51,"Jefferson County","Malathion",4.5,859.4,431.95
"ID",16,51,"Jefferson County","Paraquat",28.5,1777.1,902.8
"ID",16,53,"Jerome County","2,4-D",913.7,1299.3,1106.5
"ID",16,53,"Jerome County","Chlorpyrifos",4872.9,5173.6,5023.25
"ID",16,53,"Jerome County","Glyphosate",23556.5,23653.9,23605.2
"ID",16,53,"Jerome County","Malathion",0.5,444.6,222.55
"ID",16,53,"Jerome County","Paraquat",94.3,94.3,94.3
"ID",16,55,"Kootenai County","2,4-D",340.8,614,477.4
"ID",16,55,"Kootenai County","Chlorpyrifos",18.8,361.6,190.2
"ID",16,55,"Kootenai County","Glyphosate",8712.8,8716.2,8714.5
"ID",16,55,"Kootenai County","Malathion",0.9,537.5,269.2
"ID",16,55,"Kootenai County","Paraquat",966.6,1148,1057.3
"ID",16,57,"Latah County","2,4-D",2088,4768.1,3428.05
"ID",16,57,"Latah County","Chlorpyrifos",8.3,555,281.65
"ID",16,57,"Latah County","Glyphosate",51342.1,51348.6,51345.35
"ID",16,57,"Latah County","Malathion",1.1,164.2,82.65
"ID",16,57,"Latah County","Paraquat",293.3,1936.6,1114.95
"ID",16,59,"Lemhi County","2,4-D",299.9,385.4,342.65
"ID",16,59,"Lemhi County","Chlorpyrifos",461.4,470.9,466.15
"ID",16,59,"Lemhi County","Glyphosate",1020.2,1020.2,1020.2
"ID",16,59,"Lemhi County","Malathion",1.4,195.8,98.6
"ID",16,59,"Lemhi County","Paraquat",1.5,455,228.25
"ID",16,61,"Lewis County","2,4-D",2052.4,2734.2,2393.3
"ID",16,61,"Lewis County","Chlorpyrifos",1.9,501.9,251.9
"ID",16,61,"Lewis County","Glyphosate",42531.6,42537,42534.3
"ID",16,61,"Lewis County","Malathion",0,331.5,165.75
"ID",16,61,"Lewis County","Paraquat",595,1100,847.5
"ID",16,63,"Lincoln County","2,4-D",361,500.3,430.65
"ID",16,63,"Lincoln County","Chlorpyrifos",2991.5,3044.5,3018
"ID",16,63,"Lincoln County","Glyphosate",13778.5,13973.3,13875.9
"ID",16,63,"Lincoln County","Malathion",0,244.3,122.15
"ID",16,63,"Lincoln County","Paraquat",17.6,17.6,17.6
"ID",16,65,"Madison County","2,4-D",3556,3639.1,3597.55
"ID",16,65,"Madison County","Chlorpyrifos",468.5,911.2,689.85
"ID",16,65,"Madison County","Glyphosate",9870.5,9870.4,9870.45
"ID",16,65,"Madison County","Malathion",4.9,194.3,99.6
"ID",16,65,"Madison County","Paraquat",32.8,479.3,256.05
"ID",16,67,"Minidoka County","2,4-D",1559,1896.9,1727.95
"ID",16,67,"Minidoka County","Chlorpyrifos",10186.1,10439.9,10313
"ID",16,67,"Minidoka County","Glyphosate",44096.2,44733.1,44414.65
"ID",16,67,"Minidoka County","Malathion",0.9,484,242.45
"ID",16,67,"Minidoka County","Paraquat",231.2,231.2,231.2
"ID",16,69,"Nez Perce County","2,4-D",2297,4007.9,3152.45
"ID",16,69,"Nez Perce County","Chlorpyrifos",7.8,580.9,294.35
"ID",16,69,"Nez Perce County","Glyphosate",49474.4,49489.4,49481.9
"ID",16,69,"Nez Perce County","Malathion",0.4,305.5,152.95
"ID",16,69,"Nez Perce County","Paraquat",547.8,1692.2,1120
"ID",16,71,"Oneida County","2,4-D",2215,2409.3,2312.15
"ID",16,71,"Oneida County","Chlorpyrifos",1019.3,1158.3,1088.8
"ID",16,71,"Oneida County","Glyphosate",8326.9,8326.8,8326.85
"ID",16,71,"Oneida County","Malathion",0,438.6,219.3
"ID",16,71,"Oneida County","Paraquat",10.8,1378.3,694.55
"ID",16,73,"Owyhee County","2,4-D",1701.5,1954.1,1827.8
"ID",16,73,"Owyhee County","Chlorpyrifos",2114.9,2119.4,2117.15
"ID",16,73,"Owyhee County","Glyphosate",19655,19936.1,19795.55
"ID",16,73,"Owyhee County","Malathion",0.1,0.4,0.25
"ID",16,73,"Owyhee County","Paraquat",1065.3,1109.3,1087.3
"ID",16,75,"Payette County","2,4-D",423.9,515.5,469.7
"ID",16,75,"Payette County","Chlorpyrifos",723.1,725.5,724.3
"ID",16,75,"Payette County","Glyphosate",8123.2,8294.3,8208.75
"ID",16,75,"Payette County","Malathion",1.3,48.2,24.75
"ID",16,75,"Payette County","Paraquat",333.1,471.4,402.25
"ID",16,77,"Power County","2,4-D",5923.9,5971.7,5947.8
"ID",16,77,"Power County","Chlorpyrifos",4007,4519.6,4263.3
"ID",16,77,"Power County","Glyphosate",30514,30514,30514
"ID",16,77,"Power County","Malathion",0,105.5,52.75
"ID",16,77,"Power County","Paraquat",16.7,1220.6,618.65
"ID",16,79,"Shoshone County","2,4-D",0.1,0.5,0.3
"ID",16,79,"Shoshone County","Chlorpyrifos",0,5.9,2.95
"ID",16,79,"Shoshone County","Glyphosate",16,16.1,16.05
"ID",16,79,"Shoshone County","Malathion",0,12.3,6.15
"ID",16,79,"Shoshone County","Paraquat",22,22,22
"ID",16,81,"Teton County","2,4-D",1652.7,1726,1689.35
"ID",16,81,"Teton County","Chlorpyrifos",387.3,441,414.15
"ID",16,81,"Teton County","Glyphosate",4629.1,4629.1,4629.1
"ID",16,81,"Teton County","Malathion",3.2,170.2,86.7
"ID",16,81,"Teton County","Paraquat",5.4,400.4,202.9
"ID",16,83,"Twin Falls County","2,4-D",2562.6,3463.2,3012.9
"ID",16,83,"Twin Falls County","Chlorpyrifos",5030.3,6631.1,5830.7
"ID",16,83,"Twin Falls County","Glyphosate",28972.9,29743.7,29358.3
"ID",16,83,"Twin Falls County","Malathion",1.1,667.4,334.25
"ID",16,83,"Twin Falls County","Paraquat",86,86,86
"ID",16,85,"Valley County","2,4-D",322.8,327.3,325.05
"ID",16,85,"Valley County","Chlorpyrifos",40.4,40.4,40.4
"ID",16,85,"Valley County","Glyphosate",365.9,377.8,371.85
"ID",16,85,"Valley County","Paraquat",32.5,43.2,37.85
"ID",16,87,"Washington County","2,4-D",1940.4,2074.7,2007.55
"ID",16,87,"Washington County","Chlorpyrifos",1150.8,1152.8,1151.8
"ID",16,87,"Washington County","Glyphosate",7017.6,7141.4,7079.5
"ID",16,87,"Washington County","Malathion",1,75.2,38.1
"ID",16,87,"Washington County","Paraquat",682.1,944.8,813.45
"IL",17,1,"Adams County","2,4-D",11465.2,11880.5,11672.85
"IL",17,1,"Adams County","Chlorpyrifos",11.9,1814.5,913.2
"IL",17,1,"Adams County","Glyphosate",144021.6,145322.6,144672.1
"IL",17,1,"Adams County","Paraquat",1.7,3930.3,1966
"IL",17,3,"Alexander County","2,4-D",6140.6,6398.1,6269.35
"IL",17,3,"Alexander County","Chlorpyrifos",224.9,340.6,282.75
"IL",17,3,"Alexander County","Glyphosate",42434.5,42560.2,42497.35
"IL",17,3,"Alexander County","Malathion",12.7,12.7,12.7
"IL",17,3,"Alexander County","Paraquat",3131.5,3131.8,3131.65
"IL",17,5,"Bond County","2,4-D",2912.9,3646.8,3279.85
"IL",17,5,"Bond County","Chlorpyrifos",662.2,875.5,768.85
"IL",17,5,"Bond County","Glyphosate",59760.1,60786.7,60273.4
"IL",17,5,"Bond County","Malathion",0,101.3,50.65
"IL",17,5,"Bond County","Paraquat",408.1,1691.2,1049.65
"IL",17,7,"Boone County","2,4-D",2090.4,2455.1,2272.75
"IL",17,7,"Boone County","Chlorpyrifos",136.2,558.5,347.35
"IL",17,7,"Boone County","Glyphosate",47724.6,47791.8,47758.2
"IL",17,7,"Boone County","Paraquat",3.7,693.9,348.8
"IL",17,9,"Brown County","2,4-D",2951.7,3101.5,3026.6
"IL",17,9,"Brown County","Chlorpyrifos",3.2,496.4,249.8
"IL",17,9,"Brown County","Glyphosate",36463.1,36773.7,36618.4
"IL",17,9,"Brown County","Paraquat",0.4,1039,519.7
"IL",17,11,"Bureau County","2,4-D",10233.1,10252.1,10242.6
"IL",17,11,"Bureau County","Chlorpyrifos",3.8,1811.5,907.65
"IL",17,11,"Bureau County","Glyphosate",204539.9,204781.3,204660.6
"IL",17,11,"Bureau County","Paraquat",0.5,3252.3,1626.4
"IL",17,13,"Calhoun County","2,4-D",929.2,1058.3,993.75
"IL",17,13,"Calhoun County","Chlorpyrifos",202.6,273.5,238.05
"IL",17,13,"Calhoun County","Glyphosate",15426.7,15558.9,15492.8
"IL",17,13,"Calhoun County","Malathion",0,63.2,31.6
"IL",17,13,"Calhoun County","Paraquat",95.1,471.7,283.4
"IL",17,15,"Carroll County","2,4-D",5102.6,5132,5117.3
"IL",17,15,"Carroll County","Chlorpyrifos",8.9,949.3,479.1
"IL",17,15,"Carroll County","Glyphosate",86483.1,86726,86604.55
"IL",17,15,"Carroll County","Paraquat",5.6,1579.2,792.4
"IL",17,17,"Cass County","2,4-D",2984.8,3055.9,3020.35
"IL",17,17,"Cass County","Chlorpyrifos",905.5,1071.2,988.35
"IL",17,17,"Cass County","Glyphosate",63055.3,63194.2,63124.75
"IL",17,17,"Cass County","Malathion",0,64,32
"IL",17,17,"Cass County","Paraquat",338.1,2112.2,1225.15
"IL",17,19,"Champaign County","2,4-D",22613,22734.3,22673.65
"IL",17,19,"Champaign County","Chlorpyrifos",22.4,5128.3,2575.35
"IL",17,19,"Champaign County","Glyphosate",252561.6,252709.5,252635.55
"IL",17,19,"Champaign County","Paraquat",434.7,1677.7,1056.2
"IL",17,21,"Christian County","2,4-D",7136.7,7239.9,7188.3
"IL",17,21,"Christian County","Chlorpyrifos",1844.3,2262.4,2053.35
"IL",17,21,"Christian County","Glyphosate",156324,156451.1,156387.55
"IL",17,21,"Christian County","Malathion",0,53.3,26.65
"IL",17,21,"Christian County","Paraquat",1005.2,4641.1,2823.15
"IL",17,23,"Clark County","2,4-D",7827.8,7994,7910.9
"IL",17,23,"Clark County","Chlorpyrifos",1690.2,1709.1,1699.65
"IL",17,23,"Clark County","Glyphosate",76168,76448.5,76308.25
"IL",17,23,"Clark County","Malathion",1.7,36.1,18.9
"IL",17,23,"Clark County","Paraquat",138.3,979.1,558.7
"IL",17,25,"Clay County","2,4-D",7588.6,7789.1,7688.85
"IL",17,25,"Clay County","Chlorpyrifos",1529.1,1553.4,1541.25
"IL",17,25,"Clay County","Glyphosate",70852.1,71317.2,71084.65
"IL",17,25,"Clay County","Malathion",1.5,45.4,23.45
"IL",17,25,"Clay County","Paraquat",131,882.7,506.85
"IL",17,27,"Clinton County","2,4-D",24301.4,25993.9,25147.65
"IL",17,27,"Clinton County","Chlorpyrifos",2028.1,3580.4,2804.25
"IL",17,27,"Clinton County","Glyphosate",157833.9,159380.1,158607
"IL",17,27,"Clinton County","Malathion",363.6,363.6,363.6
"IL",17,27,"Clinton County","Paraquat",9725.6,9729.8,9727.7
"IL",17,29,"Coles County","2,4-D",9473.1,9663.8,9568.45
"IL",17,29,"Coles County","Chlorpyrifos",2223.3,2279.1,2251.2
"IL",17,29,"Coles County","Glyphosate",93731.1,93773.8,93752.45
"IL",17,29,"Coles County","Malathion",2,102.3,52.15
"IL",17,29,"Coles County","Paraquat",163,1281.3,722.15
"IL",17,31,"Cook County","2,4-D",135.8,214.3,175.05
"IL",17,31,"Cook County","Chlorpyrifos",16,53.2,34.6
"IL",17,31,"Cook County","Glyphosate",2955.4,2958.2,2956.8
"IL",17,31,"Cook County","Paraquat",1.2,41.5,21.35
"IL",17,33,"Crawford County","2,4-D",7070.1,7204.5,7137.3
"IL",17,33,"Crawford County","Chlorpyrifos",1575.8,1593,1584.4
"IL",17,33,"Crawford County","Glyphosate",69437.4,69702.2,69569.8
"IL",17,33,"Crawford County","Malathion",1.5,32.9,17.2
"IL",17,33,"Crawford County","Paraquat",124.9,914.7,519.8
"IL",17,35,"Cumberland County","2,4-D",5551.9,5660.7,5606.3
"IL",17,35,"Cumberland County","Chlorpyrifos",1301.4,1329.1,1315.25
"IL",17,35,"Cumberland County","Glyphosate",55306.9,55337.1,55322
"IL",17,35,"Cumberland County","Malathion",0,50.2,25.1
"IL",17,35,"Cumberland County","Paraquat",98,744.1,421.05
"IL",17,37,"DeKalb County","2,4-D",6176.2,6711.6,6443.9
"IL",17,37,"DeKalb County","Chlorpyrifos",320.8,1554.4,937.6
"IL",17,37,"DeKalb County","Glyphosate",139161.9,139372.3,139267.1
"IL",17,37,"DeKalb County","Paraquat",4.9,2199.6,1102.25
"IL",17,39,"De Witt County","2,4-D",7044.4,7123.9,7084.15
"IL",17,39,"De Witt County","Chlorpyrifos",547.5,773.5,660.5
"IL",17,39,"De Witt County","Glyphosate",116568.4,116590.1,116579.25
"IL",17,39,"De Witt County","Paraquat",0.6,1764.6,882.6
"IL",17,41,"Douglas County","2,4-D",8966.7,9211.4,9089.05
"IL",17,41,"Douglas County","Chlorpyrifos",2129.5,2213.2,2171.35
"IL",17,41,"Douglas County","Glyphosate",88776,88823.9,88799.95
"IL",17,41,"Douglas County","Malathion",0.5,151,75.75
"IL",17,41,"Douglas County","Paraquat",152.9,1229.2,691.05
"IL",17,43,"DuPage County","2,4-D",74.9,82.1,78.5
"IL",17,43,"DuPage County","Chlorpyrifos",5.6,16.6,11.1
"IL",17,43,"DuPage County","Glyphosate",1758.3,1760,1759.15
"IL",17,43,"DuPage County","Paraquat",0.1,21,10.55
"IL",17,45,"Edgar County","2,4-D",13199.1,13408,13303.55
"IL",17,45,"Edgar County","Chlorpyrifos",3113.9,3155.7,3134.8
"IL",17,45,"Edgar County","Glyphosate",131050.1,131101.1,131075.6
"IL",17,45,"Edgar County","Malathion",2.7,77.9,40.3
"IL",17,45,"Edgar County","Paraquat",228.1,1788.2,1008.15
"IL",17,47,"Edwards County","2,4-D",3986.9,3995,3990.95
"IL",17,47,"Edwards County","Chlorpyrifos",4.7,859.1,431.9
"IL",17,47,"Edwards County","Glyphosate",30833.8,30860.5,30847.15
"IL",17,47,"Edwards County","Malathion",0,16,8
"IL",17,47,"Edwards County","Paraquat",600.8,600.8,600.8
"IL",17,49,"Effingham County","2,4-D",7682.2,8104.8,7893.5
"IL",17,49,"Effingham County","Chlorpyrifos",1689.3,1792.7,1741
"IL",17,49,"Effingham County","Glyphosate",74183.5,74455.4,74319.45
"IL",17,49,"Effingham County","Malathion",0,186.3,93.15
"IL",17,49,"Effingham County","Paraquat",132.6,973.3,552.95
"IL",17,51,"Fayette County","2,4-D",10556.7,10958.9,10757.8
"IL",17,51,"Fayette County","Chlorpyrifos",2119.3,2181.8,2150.55
"IL",17,51,"Fayette County","Glyphosate",103422.9,103893.3,103658.1
"IL",17,51,"Fayette County","Malathion",1,113.9,57.45
"IL",17,51,"Fayette County","Paraquat",195.7,1225.2,710.45
"IL",17,53,"Ford County","2,4-D",11980.3,12138.5,12059.4
"IL",17,53,"Ford County","Chlorpyrifos",0.8,2609.8,1305.3
"IL",17,53,"Ford County","Glyphosate",131905.6,132092.6,131999.1
"IL",17,53,"Ford County","Paraquat",231.6,862.8,547.2
"IL",17,55,"Franklin County","2,4-D",5933.8,5944.7,5939.25
"IL",17,55,"Franklin County","Chlorpyrifos",1.9,1087.5,544.7
"IL",17,55,"Franklin County","Glyphosate",37793.3,37850.5,37821.9
"IL",17,55,"Franklin County","Malathion",1.3,45.2,23.25
"IL",17,55,"Franklin County","Paraquat",768.4,768.4,768.4
"IL",17,57,"Fulton County","2,4-D",9950.8,10366.9,10158.85
"IL",17,57,"Fulton County","Chlorpyrifos",15,1489.3,752.15
"IL",17,57,"Fulton County","Glyphosate",124377.4,125212.6,124795
"IL",17,57,"Fulton County","Paraquat",2,3327.6,1664.8
"IL",17,59,"Gallatin County","2,4-D",6321.8,6408.9,6365.35
"IL",17,59,"Gallatin County","Chlorpyrifos",6.2,1348,677.1
"IL",17,59,"Gallatin County","Glyphosate",50125.5,50446,50285.75
"IL",17,59,"Gallatin County","Malathion",0,15.1,7.55
"IL",17,59,"Gallatin County","Paraquat",988,987.9,987.95
"IL",17,61,"Greene County","2,4-D",4246.7,4469.3,4358
"IL",17,61,"Greene County","Chlorpyrifos",1057.7,1320.1,1188.9
"IL",17,61,"Greene County","Glyphosate",86788,87006.5,86897.25
"IL",17,61,"Greene County","Malathion",0,94,47
"IL",17,61,"Greene County","Paraquat",541.6,2623.4,1582.5
"IL",17,63,"Grundy County","2,4-D",3588.1,3711,3649.55
"IL",17,63,"Grundy County","Chlorpyrifos",232.6,809.6,521.1
"IL",17,63,"Grundy County","Glyphosate",85834,85863.9,85848.95
"IL",17,63,"Grundy County","Paraquat",2.5,1096.6,549.55
"IL",17,65,"Hamilton County","2,4-D",7417.3,7457.8,7437.55
"IL",17,65,"Hamilton County","Chlorpyrifos",6.4,1629.7,818.05
"IL",17,65,"Hamilton County","Glyphosate",58343.7,58499.7,58421.7
"IL",17,65,"Hamilton County","Malathion",0,43.9,21.95
"IL",17,65,"Hamilton County","Paraquat",1173.5,1173.4,1173.45
"IL",17,67,"Hancock County","2,4-D",13302.7,13489,13395.85
"IL",17,67,"Hancock County","Chlorpyrifos",14.9,1706.4,860.65
"IL",17,67,"Hancock County","Glyphosate",168401.5,168961.8,168681.65
"IL",17,67,"Hancock County","Paraquat",3.8,4337.9,2170.85
"IL",17,69,"Hardin County","2,4-D",484.2,487.3,485.75
"IL",17,69,"Hardin County","Chlorpyrifos",0,232.8,116.4
"IL",17,69,"Hardin County","Glyphosate",3517.7,3540.4,3529.05
"IL",17,69,"Hardin County","Malathion",0,22,11
"IL",17,69,"Hardin County","Paraquat",70,70,70
"IL",17,71,"Henderson County","2,4-D",6111.4,6208.5,6159.95
"IL",17,71,"Henderson County","Chlorpyrifos",7.6,1016.8,512.2
"IL",17,71,"Henderson County","Glyphosate",77639.1,78105.2,77872.15
"IL",17,71,"Henderson County","Paraquat",1.9,2302.6,1152.25
"IL",17,73,"Henry County","2,4-D",9758.1,9786.3,9772.2
"IL",17,73,"Henry County","Chlorpyrifos",0.5,1703.8,852.15
"IL",17,73,"Henry County","Glyphosate",200348.2,200928.2,200638.2
"IL",17,73,"Henry County","Paraquat",10,3065.8,1537.9
"IL",17,75,"Iroquois County","2,4-D",25218.9,25387.8,25303.35
"IL",17,75,"Iroquois County","Chlorpyrifos",5,6173.9,3089.45
"IL",17,75,"Iroquois County","Glyphosate",289632.6,289848.7,289740.65
"IL",17,75,"Iroquois County","Paraquat",471.8,1977.1,1224.45
"IL",17,77,"Jackson County","2,4-D",17570.1,19107,18338.55
"IL",17,77,"Jackson County","Chlorpyrifos",872.4,1496,1184.2
"IL",17,77,"Jackson County","Glyphosate",119760.7,120796.1,120278.4
"IL",17,77,"Jackson County","Malathion",104,104,104
"IL",17,77,"Jackson County","Paraquat",8497.8,8511.5,8504.65
"IL",17,79,"Jasper County","2,4-D",8815.7,8957.6,8886.65
"IL",17,79,"Jasper County","Chlorpyrifos",1932.9,1960.8,1946.85
"IL",17,79,"Jasper County","Glyphosate",88140.8,88236.6,88188.7
"IL",17,79,"Jasper County","Malathion",0,50.2,25.1
"IL",17,79,"Jasper County","Paraquat",159.7,1116.3,638
"IL",17,81,"Jefferson County","2,4-D",6998.1,7061.6,7029.85
"IL",17,81,"Jefferson County","Chlorpyrifos",5.9,1433.3,719.6
"IL",17,81,"Jefferson County","Glyphosate",46428,46679.1,46553.55
"IL",17,81,"Jefferson County","Malathion",1,63.6,32.3
"IL",17,81,"Jefferson County","Paraquat",949.7,949.6,949.65
"IL",17,83,"Jersey County","2,4-D",2374.3,2543.4,2458.85
"IL",17,83,"Jersey County","Chlorpyrifos",589.5,753.3,671.4
"IL",17,83,"Jersey County","Glyphosate",47738.2,48000.9,47869.55
"IL",17,83,"Jersey County","Malathion",0,87.9,43.95
"IL",17,83,"Jersey County","Paraquat",297,1451.7,874.35
"IL",17,85,"Jo Daviess County","2,4-D",4253.1,4328.4,4290.75
"IL",17,85,"Jo Daviess County","Chlorpyrifos",9.6,805.3,407.45
"IL",17,85,"Jo Daviess County","Glyphosate",68835,69559.8,69197.4
"IL",17,85,"Jo Daviess County","Paraquat",1.4,1175,588.2
"IL",17,87,"Johnson County","2,4-D",3730.6,4434.6,4082.6
"IL",17,87,"Johnson County","Chlorpyrifos",165.2,259.5,212.35
"IL",17,87,"Johnson County","Glyphosate",25334.9,25409.3,25372.1
"IL",17,87,"Johnson County","Malathion",14.7,14.7,14.7
"IL",17,87,"Johnson County","Paraquat",1812.6,1812.6,1812.6
"IL",17,89,"Kane County","2,4-D",2426,3074.3,2750.15
"IL",17,89,"Kane County","Chlorpyrifos",152.6,654,403.3
"IL",17,89,"Kane County","Glyphosate",55884.5,56017.6,55951.05
"IL",17,89,"Kane County","Paraquat",2.6,768.5,385.55
"IL",17,91,"Kankakee County","2,4-D",12280.9,12568,12424.45
"IL",17,91,"Kankakee County","Chlorpyrifos",74.7,3390.7,1732.7
"IL",17,91,"Kankakee County","Glyphosate",147405.9,147725.8,147565.85
"IL",17,91,"Kankakee County","Paraquat",224.4,1043.6,634
"IL",17,93,"Kendall County","2,4-D",2511.9,2642,2576.95
"IL",17,93,"Kendall County","Chlorpyrifos",133.4,603.2,368.3
"IL",17,93,"Kendall County","Glyphosate",57667.6,57710.1,57688.85
"IL",17,93,"Kendall County","Paraquat",1.4,853.2,427.3
"IL",17,95,"Knox County","2,4-D",11750,11918.7,11834.35
"IL",17,95,"Knox County","Chlorpyrifos",13.8,1907.1,960.45
"IL",17,95,"Knox County","Glyphosate",149085.1,150221.4,149653.25
"IL",17,95,"Knox County","Paraquat",3.5,4036.8,2020.15
"IL",17,97,"Lake County","2,4-D",365.8,604.1,484.95
"IL",17,97,"Lake County","Chlorpyrifos",33.7,111,72.35
"IL",17,97,"Lake County","Glyphosate",7658.2,7703.2,7680.7
"IL",17,97,"Lake County","Paraquat",1.9,87,44.45
"IL",17,99,"LaSalle County","2,4-D",9816.7,10632.1,10224.4
"IL",17,99,"LaSalle County","Chlorpyrifos",651.7,2276.4,1464.05
"IL",17,99,"LaSalle County","Glyphosate",234078.6,234322.5,234200.55
"IL",17,99,"LaSalle County","Paraquat",3.6,2988.3,1495.95
"IL",17,101,"Lawrence County","2,4-D",6603.4,6659.9,6631.65
"IL",17,101,"Lawrence County","Chlorpyrifos",1400.4,1402.6,1401.5
"IL",17,101,"Lawrence County","Glyphosate",63071.8,63337.6,63204.7
"IL",17,101,"Lawrence County","Malathion",1.3,5.5,3.4
"IL",17,101,"Lawrence County","Paraquat",115.3,808.1,461.7
"IL",17,103,"Lee County","2,4-D",9246.2,9277.2,9261.7
"IL",17,103,"Lee County","Chlorpyrifos",3.1,1674.8,838.95
"IL",17,103,"Lee County","Glyphosate",174781.7,174938.9,174860.3
"IL",17,103,"Lee County","Paraquat",9.2,2963.7,1486.45
"IL",17,105,"Livingston County","2,4-D",24974.4,25209,25091.7
"IL",17,105,"Livingston County","Chlorpyrifos",26.7,5493.9,2760.3
"IL",17,105,"Livingston County","Glyphosate",274473.3,274731.9,274602.6
"IL",17,105,"Livingston County","Paraquat",483.8,1799.1,1141.45
"IL",17,107,"Logan County","2,4-D",11860.4,12111.6,11986
"IL",17,107,"Logan County","Chlorpyrifos",997.5,1327,1162.25
"IL",17,107,"Logan County","Glyphosate",191121,191468.2,191294.6
"IL",17,107,"Logan County","Paraquat",2.1,3161.5,1581.8
"IL",17,109,"McDonough County","2,4-D",10509.6,10798,10653.8
"IL",17,109,"McDonough County","Chlorpyrifos",11.6,1544.1,777.85
"IL",17,109,"McDonough County","Glyphosate",134331.9,134911.1,134621.5
"IL",17,109,"McDonough County","Paraquat",1.6,3721.8,1861.7
"IL",17,111,"McHenry County","2,4-D",2963.5,3923.8,3443.65
"IL",17,111,"McHenry County","Chlorpyrifos",238.2,885.1,561.65
"IL",17,111,"McHenry County","Glyphosate",66190.8,66364.4,66277.6
"IL",17,111,"McHenry County","Paraquat",11.3,956.5,483.9
"IL",17,113,"McLean County","2,4-D",21310.6,21648.7,21479.65
"IL",17,113,"McLean County","Chlorpyrifos",1611.8,2314.9,1963.35
"IL",17,113,"McLean County","Glyphosate",354734.3,355041.7,354888
"IL",17,113,"McLean County","Paraquat",0.5,5271.1,2635.8
"IL",17,115,"Macon County","2,4-D",9809.9,9932.1,9871
"IL",17,115,"Macon County","Chlorpyrifos",774.6,1072.7,923.65
"IL",17,115,"Macon County","Glyphosate",160958.4,161068.9,161013.65
"IL",17,115,"Macon County","Paraquat",0.4,2529.5,1264.95
"IL",17,117,"Macoupin County","2,4-D",6792.7,7112.5,6952.6
"IL",17,117,"Macoupin County","Chlorpyrifos",1726.9,2160.8,1943.85
"IL",17,117,"Macoupin County","Glyphosate",141009.1,141474.6,141241.85
"IL",17,117,"Macoupin County","Malathion",0,166.7,83.35
"IL",17,117,"Macoupin County","Paraquat",885.1,4264.3,2574.7
"IL",17,119,"Madison County","2,4-D",4741.8,5661.7,5201.75
"IL",17,119,"Madison County","Chlorpyrifos",1061.5,1416.4,1238.95
"IL",17,119,"Madison County","Glyphosate",98420.1,99558.9,98989.5
"IL",17,119,"Madison County","Malathion",0,166.9,83.45
"IL",17,119,"Madison County","Paraquat",685.7,2721,1703.35
"IL",17,121,"Marion County","2,4-D",6925.5,7227.2,7076.35
"IL",17,121,"Marion County","Chlorpyrifos",1461.8,1485.9,1473.85
"IL",17,121,"Marion County","Glyphosate",64545.9,65140.2,64843.05
"IL",17,121,"Marion County","Malathion",1.2,45.1,23.15
"IL",17,121,"Marion County","Paraquat",117.8,850.1,483.95
"IL",17,123,"Marshall County","2,4-D",6337,6638.1,6487.55
"IL",17,123,"Marshall County","Chlorpyrifos",577.2,764,670.6
"IL",17,123,"Marshall County","Glyphosate",102313.2,102587.1,102450.15
"IL",17,123,"Marshall County","Paraquat",1.1,1617.6,809.35
"IL",17,125,"Mason County","2,4-D",7540.3,7800.9,7670.6
"IL",17,125,"Mason County","Chlorpyrifos",714.2,889.7,801.95
"IL",17,125,"Mason County","Glyphosate",117209.6,118002.7,117606.15
"IL",17,125,"Mason County","Paraquat",1.7,2168.4,1085.05
"IL",17,127,"Massac County","2,4-D",2801.5,2928.2,2864.85
"IL",17,127,"Massac County","Chlorpyrifos",2.4,566.7,284.55
"IL",17,127,"Massac County","Glyphosate",20597,21081.9,20839.45
"IL",17,127,"Massac County","Malathion",0.2,15.9,8.05
"IL",17,127,"Massac County","Paraquat",440.8,440.8,440.8
"IL",17,129,"Menard County","2,4-D",5013.6,5161.6,5087.6
"IL",17,129,"Menard County","Chlorpyrifos",432.8,576.5,504.65
"IL",17,129,"Menard County","Glyphosate",80807.5,80936.4,80871.95
"IL",17,129,"Menard County","Paraquat",0.9,1305.7,653.3
"IL",17,131,"Mercer County","2,4-D",6030.9,6070,6050.45
"IL",17,131,"Mercer County","Chlorpyrifos",0.4,1090.2,545.3
"IL",17,131,"Mercer County","Glyphosate",123862.6,124310.9,124086.75
"IL",17,131,"Mercer County","Paraquat",6.2,1876.9,941.55
"IL",17,133,"Monroe County","2,4-D",16680.6,18283.6,17482.1
"IL",17,133,"Monroe County","Chlorpyrifos",1051.5,1933.7,1492.6
"IL",17,133,"Monroe County","Glyphosate",111456.8,112879.6,112168.2
"IL",17,133,"Monroe County","Malathion",184.6,184.6,184.6
"IL",17,133,"Monroe County","Paraquat",7481.1,7495.3,7488.2
"IL",17,135,"Montgomery County","2,4-D",6131.2,6537.7,6334.45
"IL",17,135,"Montgomery County","Chlorpyrifos",1487.2,1856.9,1672.05
"IL",17,135,"Montgomery County","Glyphosate",131144,131513.7,131328.85
"IL",17,135,"Montgomery County","Malathion",0,56.4,28.2
"IL",17,135,"Montgomery County","Paraquat",873.7,3784.9,2329.3
"IL",17,137,"Morgan County","2,4-D",4996.9,5114.5,5055.7
"IL",17,137,"Morgan County","Chlorpyrifos",1320.8,1607.7,1464.25
"IL",17,137,"Morgan County","Glyphosate",104779.2,104924.9,104852.05
"IL",17,137,"Morgan County","Malathion",0,71.1,35.55
"IL",17,137,"Morgan County","Paraquat",642.1,3228.6,1935.35
"IL",17,139,"Moultrie County","2,4-D",6668.4,6807.1,6737.75
"IL",17,139,"Moultrie County","Chlorpyrifos",1606.5,1646.4,1626.45
"IL",17,139,"Moultrie County","Glyphosate",65536.6,65588.1,65562.35
"IL",17,139,"Moultrie County","Malathion",13.3,85.4,49.35
"IL",17,139,"Moultrie County","Paraquat",112.2,925.7,518.95
"IL",17,141,"Ogle County","2,4-D",8612.7,8684.2,8648.45
"IL",17,141,"Ogle County","Chlorpyrifos",9.5,1587,798.25
"IL",17,141,"Ogle County","Glyphosate",156932.4,157386,157159.2
"IL",17,141,"Ogle County","Paraquat",9.2,2694.5,1351.85
"IL",17,143,"Peoria County","2,4-D",6895.7,7373.6,7134.65
"IL",17,143,"Peoria County","Chlorpyrifos",705.1,907.5,806.3
"IL",17,143,"Peoria County","Glyphosate",111219.8,111538.3,111379.05
"IL",17,143,"Peoria County","Paraquat",2.7,1752.1,877.4
"IL",17,145,"Perry County","2,4-D",17183,19021.5,18102.25
"IL",17,145,"Perry County","Chlorpyrifos",1057.6,1805.6,1431.6
"IL",17,145,"Perry County","Glyphosate",115142.9,116397.1,115770
"IL",17,145,"Perry County","Malathion",151,151,151
"IL",17,145,"Perry County","Paraquat",7778.5,7784.8,7781.65
"IL",17,147,"Piatt County","2,4-D",10845.5,10892.2,10868.85
"IL",17,147,"Piatt County","Chlorpyrifos",11,2527.1,1269.05
"IL",17,147,"Piatt County","Glyphosate",122918.3,122965.6,122941.95
"IL",17,147,"Piatt County","Paraquat",208.9,824.4,516.65
"IL",17,149,"Pike County","2,4-D",5563,5775.6,5669.3
"IL",17,149,"Pike County","Chlorpyrifos",1583.5,1962.8,1773.15
"IL",17,149,"Pike County","Glyphosate",110393.9,110879.8,110636.85
"IL",17,149,"Pike County","Malathion",0,268.7,134.35
"IL",17,149,"Pike County","Paraquat",601.4,3662,2131.7
"IL",17,151,"Pope County","2,4-D",1087.5,1090.2,1088.85
"IL",17,151,"Pope County","Chlorpyrifos",1.1,208.4,104.75
"IL",17,151,"Pope County","Glyphosate",7636.9,7647.8,7642.35
"IL",17,151,"Pope County","Malathion",0,7.8,3.9
"IL",17,151,"Pope County","Paraquat",154.8,154.7,154.75
"IL",17,153,"Pulaski County","2,4-D",7697.1,8126.9,7912
"IL",17,153,"Pulaski County","Chlorpyrifos",392.5,620,506.25
"IL",17,153,"Pulaski County","Glyphosate",52317.3,52549.8,52433.55
"IL",17,153,"Pulaski County","Malathion",39,39,39
"IL",17,153,"Pulaski County","Paraquat",3674.7,3674.7,3674.7
"IL",17,155,"Putnam County","2,4-D",1454,1469.3,1461.65
"IL",17,155,"Putnam County","Chlorpyrifos",4.1,257.7,130.9
"IL",17,155,"Putnam County","Glyphosate",29484.1,29536.1,29510.1
"IL",17,155,"Putnam County","Paraquat",0.4,458.7,229.55
"IL",17,157,"Randolph County","2,4-D",22258.6,24346.8,23302.7
"IL",17,157,"Randolph County","Chlorpyrifos",1238.6,2144.4,1691.5
"IL",17,157,"Randolph County","Glyphosate",149967.9,151654.1,150811
"IL",17,157,"Randolph County","Malathion",167,167,167
"IL",17,157,"Randolph County","Paraquat",10339.2,10356.5,10347.85
"IL",17,159,"Richland County","2,4-D",6687.2,6775.2,6731.2
"IL",17,159,"Richland County","Chlorpyrifos",1443.6,1464.4,1454
"IL",17,159,"Richland County","Glyphosate",65186.8,65328.1,65257.45
"IL",17,159,"Richland County","Malathion",0,37.6,18.8
"IL",17,159,"Richland County","Paraquat",118.7,830.7,474.7
"IL",17,161,"Rock Island County","2,4-D",2825,2845.2,2835.1
"IL",17,161,"Rock Island County","Chlorpyrifos",2,509,255.5
"IL",17,161,"Rock Island County","Glyphosate",55502,55704.4,55603.2
"IL",17,161,"Rock Island County","Paraquat",3.4,869.5,436.45
"IL",17,163,"St. Clair County","2,4-D",25101.2,26551.3,25826.25
"IL",17,163,"St. Clair County","Chlorpyrifos",1781.8,2812.4,2297.1
"IL",17,163,"St. Clair County","Glyphosate",166513.9,167964.4,167239.15
"IL",17,163,"St. Clair County","Malathion",202.7,202.7,202.7
"IL",17,163,"St. Clair County","Paraquat",10859.4,10879.7,10869.55
"IL",17,165,"Saline County","2,4-D",4055.2,4088.3,4071.75
"IL",17,165,"Saline County","Chlorpyrifos",0,1126.2,563.1
"IL",17,165,"Saline County","Glyphosate",34351.3,34499.7,34425.5
"IL",17,165,"Saline County","Malathion",0,43.9,21.95
"IL",17,165,"Saline County","Paraquat",679.2,679.2,679.2
"IL",17,167,"Sangamon County","2,4-D",7169,7246.9,7207.95
"IL",17,167,"Sangamon County","Chlorpyrifos",2063.4,2463,2263.2
"IL",17,167,"Sangamon County","Glyphosate",154972,155138.8,155055.4
"IL",17,167,"Sangamon County","Malathion",0,94.5,47.25
"IL",17,167,"Sangamon County","Paraquat",894.7,4965.4,2930.05
"IL",17,169,"Schuyler County","2,4-D",5143,5290.6,5216.8
"IL",17,169,"Schuyler County","Chlorpyrifos",5.3,853,429.15
"IL",17,169,"Schuyler County","Glyphosate",64723.6,65283.6,65003.6
"IL",17,169,"Schuyler County","Paraquat",0.7,1759.1,879.9
"IL",17,171,"Scott County","2,4-D",1998.6,2089.7,2044.15
"IL",17,171,"Scott County","Chlorpyrifos",467.5,592,529.75
"IL",17,171,"Scott County","Glyphosate",39871.7,39967.3,39919.5
"IL",17,171,"Scott County","Malathion",0,44.7,22.35
"IL",17,171,"Scott County","Paraquat",258.5,1172.4,715.45
"IL",17,173,"Shelby County","2,4-D",14378.2,14734.9,14556.55
"IL",17,173,"Shelby County","Chlorpyrifos",3331.4,3420.9,3376.15
"IL",17,173,"Shelby County","Glyphosate",137565.8,137864,137714.9
"IL",17,173,"Shelby County","Malathion",0,161.6,80.8
"IL",17,173,"Shelby County","Paraquat",238.3,1917.8,1078.05
"IL",17,175,"Stark County","2,4-D",5648.4,5746.7,5697.55
"IL",17,175,"Stark County","Chlorpyrifos",482.3,647.2,564.75
"IL",17,175,"Stark County","Glyphosate",91823,91850.2,91836.6
"IL",17,175,"Stark County","Paraquat",1.1,1474.2,737.65
"IL",17,177,"Stephenson County","2,4-D",6920.4,6993.9,6957.15
"IL",17,177,"Stephenson County","Chlorpyrifos",10.7,1306.9,658.8
"IL",17,177,"Stephenson County","Glyphosate",123708.1,124537.6,124122.85
"IL",17,177,"Stephenson County","Paraquat",1.6,2098.3,1049.95
"IL",17,179,"Tazewell County","2,4-D",9259.2,9581,9420.1
"IL",17,179,"Tazewell County","Chlorpyrifos",802.5,1064.7,933.6
"IL",17,179,"Tazewell County","Glyphosate",148627.7,149144.1,148885.9
"IL",17,179,"Tazewell County","Paraquat",0.2,2435.9,1218.05
"IL",17,181,"Union County","2,4-D",5710.9,6322.7,6016.8
"IL",17,181,"Union County","Chlorpyrifos",284.9,686.4,485.65
"IL",17,181,"Union County","Glyphosate",38605.7,38800.1,38702.9
"IL",17,181,"Union County","Malathion",93.3,93.3,93.3
"IL",17,181,"Union County","Paraquat",2711.2,2711.4,2711.3
"IL",17,183,"Vermilion County","2,4-D",19093,19207.3,19150.15
"IL",17,183,"Vermilion County","Chlorpyrifos",35.1,4118.5,2076.8
"IL",17,183,"Vermilion County","Glyphosate",208727.1,208882.7,208804.9
"IL",17,183,"Vermilion County","Paraquat",369,1358.3,863.65
"IL",17,185,"Wabash County","2,4-D",3969.1,4006.4,3987.75
"IL",17,185,"Wabash County","Chlorpyrifos",0,798.6,399.3
"IL",17,185,"Wabash County","Glyphosate",31481.9,31626.2,31554.05
"IL",17,185,"Wabash County","Malathion",0,3.1,1.55
"IL",17,185,"Wabash County","Paraquat",615.9,615.9,615.9
"IL",17,187,"Warren County","2,4-D",11174.9,11231,11202.95
"IL",17,187,"Warren County","Chlorpyrifos",12,1489.3,750.65
"IL",17,187,"Warren County","Glyphosate",142824.5,143125.9,142975.2
"IL",17,187,"Warren County","Paraquat",1.7,3917.5,1959.6
"IL",17,189,"Washington County","2,4-D",31529.4,34204.3,32866.85
"IL",17,189,"Washington County","Chlorpyrifos",2264.5,3679.7,2972.1
"IL",17,189,"Washington County","Glyphosate",208584.9,210856.9,209720.9
"IL",17,189,"Washington County","Malathion",294.9,294.9,294.9
"IL",17,189,"Washington County","Paraquat",13541.5,13553,13547.25
"IL",17,191,"Wayne County","2,4-D",12239.9,12377.3,12308.6
"IL",17,191,"Wayne County","Chlorpyrifos",3.8,2611.5,1307.65
"IL",17,191,"Wayne County","Glyphosate",94202.9,94746.8,94474.85
"IL",17,191,"Wayne County","Malathion",36.3,92.7,64.5
"IL",17,191,"Wayne County","Paraquat",1857,1857,1857
"IL",17,193,"White County","2,4-D",8965,9182.3,9073.65
"IL",17,193,"White County","Chlorpyrifos",12.3,1792.6,902.45
"IL",17,193,"White County","Glyphosate",70057.2,70875.2,70466.2
"IL",17,193,"White County","Malathion",1.6,33,17.3
"IL",17,193,"White County","Paraquat",1452.9,1452.8,1452.85
"IL",17,195,"Whiteside County","2,4-D",8243,8323.3,8283.15
"IL",17,195,"Whiteside County","Chlorpyrifos",9.8,1513.7,761.75
"IL",17,195,"Whiteside County","Glyphosate",150442.4,150694.8,150568.6
"IL",17,195,"Whiteside County","Paraquat",27.8,2629.4,1328.6
"IL",17,197,"Will County","2,4-D",3703.4,4406.5,4054.95
"IL",17,197,"Will County","Chlorpyrifos",255.5,836.8,546.15
"IL",17,197,"Will County","Glyphosate",89549.9,89826.1,89688
"IL",17,197,"Will County","Paraquat",0.8,1044.2,522.5
"IL",17,199,"Williamson County","2,4-D",6082.1,6679.9,6381
"IL",17,199,"Williamson County","Chlorpyrifos",343,668.4,505.7
"IL",17,199,"Williamson County","Glyphosate",40855.6,41116.8,40986.2
"IL",17,199,"Williamson County","Malathion",66.9,66.9,66.9
"IL",17,199,"Williamson County","Paraquat",2809.9,2815.9,2812.9
"IL",17,201,"Winnebago County","2,4-D",3292.2,3333.7,3312.95
"IL",17,201,"Winnebago County","Chlorpyrifos",21.3,625.5,323.4
"IL",17,201,"Winnebago County","Glyphosate",62554.6,62851.1,62702.85
"IL",17,201,"Winnebago County","Paraquat",3.3,1013.9,508.6
"IL",17,203,"Woodford County","2,4-D",8577.6,8867.6,8722.6
"IL",17,203,"Woodford County","Chlorpyrifos",718.3,996.5,857.4
"IL",17,203,"Woodford County","Glyphosate",141895.4,142054.1,141974.75
"IL",17,203,"Woodford County","Paraquat",0.4,2120.2,1060.3
"IN",18,1,"Adams County","2,4-D",6418.8,6537.8,6478.3
"IN",18,1,"Adams County","Chlorpyrifos",249.3,389.3,319.3
"IN",18,1,"Adams County","Glyphosate",67133.5,67453.3,67293.4
"IN",18,1,"Adams County","Paraquat",0.7,867.2,433.95
"IN",18,3,"Allen County","2,4-D",8037.6,8220.1,8128.85
"IN",18,3,"Allen County","Chlorpyrifos",324.5,579.4,451.95
"IN",18,3,"Allen County","Glyphosate",85144.8,85659,85401.9
"IN",18,3,"Allen County","Paraquat",5,1086.1,545.55
"IN",18,5,"Bartholomew County","2,4-D",10180.6,10671.3,10425.95
"IN",18,5,"Bartholomew County","Chlorpyrifos",36.8,302.1,169.45
"IN",18,5,"Bartholomew County","Glyphosate",61279.4,61332.9,61306.15
"IN",18,5,"Bartholomew County","Malathion",0,46.5,23.25
"IN",18,5,"Bartholomew County","Paraquat",10.5,654.2,332.35
"IN",18,7,"Benton County","2,4-D",51016,51396.7,51206.35
"IN",18,7,"Benton County","Chlorpyrifos",15078.6,15116.2,15097.4
"IN",18,7,"Benton County","Glyphosate",140318.5,140461.7,140390.1
"IN",18,7,"Benton County","Paraquat",0,800.8,400.4
"IN",18,9,"Blackford County","2,4-D",4885,4925.7,4905.35
"IN",18,9,"Blackford County","Chlorpyrifos",4.4,439.4,221.9
"IN",18,9,"Blackford County","Glyphosate",44209.9,44241,44225.45
"IN",18,9,"Blackford County","Paraquat",0.5,486.4,243.45
"IN",18,11,"Boone County","2,4-D",15545.5,15916,15730.75
"IN",18,11,"Boone County","Chlorpyrifos",3.2,426.1,214.65
"IN",18,11,"Boone County","Glyphosate",93283.4,93354.2,93318.8
"IN",18,11,"Boone County","Malathion",0,0.6,0.3
"IN",18,11,"Boone County","Paraquat",0.2,1008.1,504.15
"IN",18,13,"Brown County","2,4-D",109.2,213.2,161.2
"IN",18,13,"Brown County","Chlorpyrifos",0.3,16.3,8.3
"IN",18,13,"Brown County","Glyphosate",1787.4,1847.8,1817.6
"IN",18,13,"Brown County","Malathion",2.9,2.9,2.9
"IN",18,13,"Brown County","Paraquat",49,56.7,52.85
"IN",18,15,"Carroll County","2,4-D",4857.8,4881.3,4869.55
"IN",18,15,"Carroll County","Chlorpyrifos",20.7,6254.3,3137.5
"IN",18,15,"Carroll County","Glyphosate",65287.4,65353.6,65320.5
"IN",18,15,"Carroll County","Paraquat",509.6,621.1,565.35
"IN",18,17,"Cass County","2,4-D",5023.3,5105.9,5064.6
"IN",18,17,"Cass County","Chlorpyrifos",11.3,6279.9,3145.6
"IN",18,17,"Cass County","Glyphosate",65959.4,66162.2,66060.8
"IN",18,17,"Cass County","Paraquat",558.6,665.5,612.05
"IN",18,19,"Clark County","2,4-D",7262,7401.9,7331.95
"IN",18,19,"Clark County","Chlorpyrifos",47.4,889.3,468.35
"IN",18,19,"Clark County","Glyphosate",29467.3,29699.9,29583.6
"IN",18,19,"Clark County","Malathion",104.9,104.9,104.9
"IN",18,19,"Clark County","Paraquat",194.7,402,298.35
"IN",18,21,"Clay County","2,4-D",7391.4,7677.8,7534.6
"IN",18,21,"Clay County","Chlorpyrifos",8.7,5268.6,2638.65
"IN",18,21,"Clay County","Glyphosate",78051.5,78152.4,78101.95
"IN",18,21,"Clay County","Malathion",0,25.9,12.95
"IN",18,21,"Clay County","Paraquat",273.1,375.9,324.5
"IN",18,23,"Clinton County","2,4-D",16693.2,16999.3,16846.25
"IN",18,23,"Clinton County","Chlorpyrifos",31.8,539,285.4
"IN",18,23,"Clinton County","Glyphosate",99178,99273.8,99225.9
"IN",18,23,"Clinton County","Malathion",0,5.7,2.85
"IN",18,23,"Clinton County","Paraquat",2.3,1155.3,578.8
"IN",18,25,"Crawford County","2,4-D",137.5,570.3,353.9
"IN",18,25,"Crawford County","Chlorpyrifos",0.4,43.1,21.75
"IN",18,25,"Crawford County","Glyphosate",2262.7,2532.3,2397.5
"IN",18,25,"Crawford County","Malathion",3.1,3.1,3.1
"IN",18,25,"Crawford County","Paraquat",64.4,73.8,69.1
"IN",18,27,"Daviess County","2,4-D",7480.8,7555.8,7518.3
"IN",18,27,"Daviess County","Chlorpyrifos",223.4,465.2,344.3
"IN",18,27,"Daviess County","Glyphosate",106935.9,107066.8,107001.35
"IN",18,27,"Daviess County","Malathion",0,16.4,8.2
"IN",18,27,"Daviess County","Paraquat",1801.4,2057,1929.2
"IN",18,29,"Dearborn County","2,4-D",3367.9,3376.6,3372.25
"IN",18,29,"Dearborn County","Chlorpyrifos",3,375.2,189.1
"IN",18,29,"Dearborn County","Glyphosate",10098.5,10116.2,10107.35
"IN",18,29,"Dearborn County","Malathion",15.3,15.3,15.3
"IN",18,29,"Dearborn County","Paraquat",98.9,164.8,131.85
"IN",18,31,"Decatur County","2,4-D",12149.2,12796.8,12473
"IN",18,31,"Decatur County","Chlorpyrifos",31.7,391.7,211.7
"IN",18,31,"Decatur County","Glyphosate",72198.5,72286,72242.25
"IN",18,31,"Decatur County","Malathion",0,33.2,16.6
"IN",18,31,"Decatur County","Paraquat",2,834.6,418.3
"IN",18,33,"DeKalb County","2,4-D",6501.2,6587.9,6544.55
"IN",18,33,"DeKalb County","Chlorpyrifos",211.2,337.4,274.3
"IN",18,33,"DeKalb County","Glyphosate",58172.3,58572,58372.15
"IN",18,33,"DeKalb County","Paraquat",3.2,742.2,372.7
"IN",18,35,"Delaware County","2,4-D",10459,10559.7,10509.35
"IN",18,35,"Delaware County","Chlorpyrifos",20,1047.8,533.9
"IN",18,35,"Delaware County","Glyphosate",98021.3,98089.5,98055.4
"IN",18,35,"Delaware County","Paraquat",0.2,1119.6,559.9
"IN",18,37,"Dubois County","2,4-D",5240.5,5340.8,5290.65
"IN",18,37,"Dubois County","Chlorpyrifos",153.4,276.4,214.9
"IN",18,37,"Dubois County","Glyphosate",70881,71022.3,70951.65
"IN",18,37,"Dubois County","Malathion",0,1.7,0.85
"IN",18,37,"Dubois County","Paraquat",1204,1397.8,1300.9
"IN",18,39,"Elkhart County","2,4-D",4527.4,4776.9,4652.15
"IN",18,39,"Elkhart County","Chlorpyrifos",90.1,3833.6,1961.85
"IN",18,39,"Elkhart County","Glyphosate",36864.8,37460.1,37162.45
"IN",18,39,"Elkhart County","Paraquat",328.7,387.2,357.95
"IN",18,41,"Fayette County","2,4-D",4884.4,5009.5,4946.95
"IN",18,41,"Fayette County","Chlorpyrifos",3.8,529.8,266.8
"IN",18,41,"Fayette County","Glyphosate",44195.3,44271.4,44233.35
"IN",18,41,"Fayette County","Paraquat",0.9,530.1,265.5
"IN",18,43,"Floyd County","2,4-D",253.8,434.2,344
"IN",18,43,"Floyd County","Chlorpyrifos",0.4,34.5,17.45
"IN",18,43,"Floyd County","Glyphosate",4070.2,4187.8,4129
"IN",18,43,"Floyd County","Malathion",12.3,12.3,12.3
"IN",18,43,"Floyd County","Paraquat",82.5,103,92.75
"IN",18,45,"Fountain County","2,4-D",10406.9,10871.6,10639.25
"IN",18,45,"Fountain County","Chlorpyrifos",11.8,6780.8,3396.3
"IN",18,45,"Fountain County","Glyphosate",103797.7,104054,103925.85
"IN",18,45,"Fountain County","Paraquat",422.8,548,485.4
"IN",18,47,"Franklin County","2,4-D",9756.5,9816.5,9786.5
"IN",18,47,"Franklin County","Chlorpyrifos",22.2,1607,814.6
"IN",18,47,"Franklin County","Glyphosate",37588.1,37675.7,37631.9
"IN",18,47,"Franklin County","Malathion",14.7,14.7,14.7
"IN",18,47,"Franklin County","Paraquat",472,702.3,587.15
"IN",18,49,"Fulton County","2,4-D",4424,4505.1,4464.55
"IN",18,49,"Fulton County","Chlorpyrifos",3,5627.3,2815.15
"IN",18,49,"Fulton County","Glyphosate",59730.9,59928.3,59829.6
"IN",18,49,"Fulton County","Paraquat",529.1,622.7,575.9
"IN",18,51,"Gibson County","2,4-D",9381,9862.4,9621.7
"IN",18,51,"Gibson County","Chlorpyrifos",264.9,486.4,375.65
"IN",18,51,"Gibson County","Glyphosate",128099.6,128138,128118.8
"IN",18,51,"Gibson County","Malathion",0,44.8,22.4
"IN",18,51,"Gibson County","Paraquat",2068.8,2443.5,2256.15
"IN",18,53,"Grant County","2,4-D",14027.1,14274.7,14150.9
"IN",18,53,"Grant County","Chlorpyrifos",22.9,363.9,193.4
"IN",18,53,"Grant County","Glyphosate",86271.1,86320.2,86295.65
"IN",18,53,"Grant County","Paraquat",0,767.1,383.55
"IN",18,55,"Greene County","2,4-D",5008,5043.4,5025.7
"IN",18,55,"Greene County","Chlorpyrifos",127.6,277.9,202.75
"IN",18,55,"Greene County","Glyphosate",70284.7,70493.6,70389.15
"IN",18,55,"Greene County","Malathion",0,1.7,0.85
"IN",18,55,"Greene County","Paraquat",992.1,1214.9,1103.5
"IN",18,57,"Hamilton County","2,4-D",8839.8,9157.1,8998.45
"IN",18,57,"Hamilton County","Chlorpyrifos",12.9,259.5,136.2
"IN",18,57,"Hamilton County","Glyphosate",53079.9,53129.2,53104.55
"IN",18,57,"Hamilton County","Malathion",0,16.4,8.2
"IN",18,57,"Hamilton County","Paraquat",1.6,576,288.8
"IN",18,59,"Hancock County","2,4-D",10885.6,11226,11055.8
"IN",18,59,"Hancock County","Chlorpyrifos",20.4,330.4,175.4
"IN",18,59,"Hancock County","Glyphosate",65504,65567.5,65535.75
"IN",18,59,"Hancock County","Malathion",0,16.4,8.2
"IN",18,59,"Hancock County","Paraquat",1.9,696.2,349.05
"IN",18,61,"Harrison County","2,4-D",2251.4,3172.6,2712
"IN",18,61,"Harrison County","Chlorpyrifos",3.2,216.9,110.05
"IN",18,61,"Harrison County","Glyphosate",35239.5,35849.1,35544.3
"IN",18,61,"Harrison County","Malathion",46.1,46.1,46.1
"IN",18,61,"Harrison County","Paraquat",662.1,850,756.05
"IN",18,63,"Hendricks County","2,4-D",10682,11279.2,10980.6
"IN",18,63,"Hendricks County","Chlorpyrifos",7.3,324.9,166.1
"IN",18,63,"Hendricks County","Glyphosate",63616.3,63697.5,63656.9
"IN",18,63,"Hendricks County","Malathion",0,17,8.5
"IN",18,63,"Hendricks County","Paraquat",0.4,721.4,360.9
"IN",18,65,"Henry County","2,4-D",10728.2,10896.8,10812.5
"IN",18,65,"Henry County","Chlorpyrifos",12.5,1145.3,578.9
"IN",18,65,"Henry County","Glyphosate",98697.7,98822,98759.85
"IN",18,65,"Henry County","Paraquat",1.1,1167.1,584.1
"IN",18,67,"Howard County","2,4-D",10356.9,10623.2,10490.05
"IN",18,67,"Howard County","Chlorpyrifos",28.3,294.2,161.25
"IN",18,67,"Howard County","Glyphosate",62358.2,62397.4,62377.8
"IN",18,67,"Howard County","Malathion",0,29.5,14.75
"IN",18,67,"Howard County","Paraquat",4.6,659.6,332.1
"IN",18,69,"Huntington County","2,4-D",7058.6,7106.3,7082.45
"IN",18,69,"Huntington County","Chlorpyrifos",308.5,373.6,341.05
"IN",18,69,"Huntington County","Glyphosate",78733.6,78893.3,78813.45
"IN",18,69,"Huntington County","Paraquat",4.6,1010,507.3
"IN",18,71,"Jackson County","2,4-D",5135.8,5636.2,5386
"IN",18,71,"Jackson County","Chlorpyrifos",9,363.8,186.4
"IN",18,71,"Jackson County","Glyphosate",80709.7,81036.6,80873.15
"IN",18,71,"Jackson County","Malathion",90.6,90.6,90.6
"IN",18,71,"Jackson County","Paraquat",1662.3,2078,1870.15
"IN",18,73,"Jasper County","2,4-D",56792.6,57372.4,57082.5
"IN",18,73,"Jasper County","Chlorpyrifos",15223.3,15277.1,15250.2
"IN",18,73,"Jasper County","Glyphosate",151571.9,151654.3,151613.1
"IN",18,73,"Jasper County","Paraquat",2.7,926.4,464.55
"IN",18,75,"Jay County","2,4-D",11958.8,12045.1,12001.95
"IN",18,75,"Jay County","Chlorpyrifos",32.6,1126.9,579.75
"IN",18,75,"Jay County","Glyphosate",103410.8,103522,103466.4
"IN",18,75,"Jay County","Paraquat",2.1,1172.3,587.2
"IN",18,77,"Jefferson County","2,4-D",9022.5,9059.1,9040.8
"IN",18,77,"Jefferson County","Chlorpyrifos",6.4,958.1,482.25
"IN",18,77,"Jefferson County","Glyphosate",36336,36405.4,36370.7
"IN",18,77,"Jefferson County","Malathion",2.8,2.8,2.8
"IN",18,77,"Jefferson County","Paraquat",209.6,470,339.8
"IN",18,79,"Jennings County","2,4-D",10993.2,11072.2,11032.7
"IN",18,79,"Jennings County","Chlorpyrifos",8.8,1651.3,830.05
"IN",18,79,"Jennings County","Glyphosate",46112.5,46265,46188.75
"IN",18,79,"Jennings County","Malathion",3.4,3.4,3.4
"IN",18,79,"Jennings County","Paraquat",478.1,776.7,627.4
"IN",18,81,"Johnson County","2,4-D",7687.3,8268.3,7977.8
"IN",18,81,"Johnson County","Chlorpyrifos",41.6,292,166.8
"IN",18,81,"Johnson County","Glyphosate",45730.1,45809.6,45769.85
"IN",18,81,"Johnson County","Malathion",0,6.2,3.1
"IN",18,81,"Johnson County","Paraquat",1.4,521,261.2
"IN",18,83,"Knox County","2,4-D",11225.4,11564,11394.7
"IN",18,83,"Knox County","Chlorpyrifos",301.6,598.9,450.25
"IN",18,83,"Knox County","Glyphosate",156039.8,156075.1,156057.45
"IN",18,83,"Knox County","Malathion",0,50.9,25.45
"IN",18,83,"Knox County","Paraquat",2244.8,2751.7,2498.25
"IN",18,85,"Kosciusko County","2,4-D",6082.6,6246.7,6164.65
"IN",18,85,"Kosciusko County","Chlorpyrifos",12.4,6887.6,3450
"IN",18,85,"Kosciusko County","Glyphosate",70781.1,71179,70980.05
"IN",18,85,"Kosciusko County","Paraquat",579.1,695.8,637.45
"IN",18,87,"LaGrange County","2,4-D",3868.3,4212.7,4040.5
"IN",18,87,"LaGrange County","Chlorpyrifos",196.7,675.8,436.25
"IN",18,87,"LaGrange County","Glyphosate",35783.7,36672.6,36228.15
"IN",18,87,"LaGrange County","Paraquat",2.2,512.4,257.3
"IN",18,89,"Lake County","2,4-D",22393.7,22953.9,22673.8
"IN",18,89,"Lake County","Chlorpyrifos",6942.2,6978.2,6960.2
"IN",18,89,"Lake County","Glyphosate",62514.6,62621.1,62567.85
"IN",18,89,"Lake County","Paraquat",8.7,355.1,181.9
"IN",18,91,"LaPorte County","2,4-D",45432.4,46786.5,46109.45
"IN",18,91,"LaPorte County","Chlorpyrifos",13067.4,13229,13148.2
"IN",18,91,"LaPorte County","Glyphosate",124269.3,124791.4,124530.35
"IN",18,91,"LaPorte County","Paraquat",12.1,732.5,372.3
"IN",18,93,"Lawrence County","2,4-D",1771.8,3177.3,2474.55
"IN",18,93,"Lawrence County","Chlorpyrifos",2.7,181.2,91.95
"IN",18,93,"Lawrence County","Glyphosate",27450,28231.4,27840.7
"IN",18,93,"Lawrence County","Malathion",20.9,20.9,20.9
"IN",18,93,"Lawrence County","Paraquat",525,673.6,599.3
"IN",18,95,"Madison County","2,4-D",14192.2,14574.9,14383.55
"IN",18,95,"Madison County","Chlorpyrifos",31.8,399.4,215.6
"IN",18,95,"Madison County","Glyphosate",85305.1,85360.2,85332.65
"IN",18,95,"Madison County","Malathion",0,43.7,21.85
"IN",18,95,"Madison County","Paraquat",2.4,917.6,460
"IN",18,97,"Marion County","2,4-D",1182.1,1370.5,1276.3
"IN",18,97,"Marion County","Chlorpyrifos",5.2,49.3,27.25
"IN",18,97,"Marion County","Glyphosate",7243.3,7266,7254.65
"IN",18,97,"Marion County","Malathion",0,22.7,11.35
"IN",18,97,"Marion County","Paraquat",0.3,67.1,33.7
"IN",18,99,"Marshall County","2,4-D",4826.8,4947.3,4887.05
"IN",18,99,"Marshall County","Chlorpyrifos",13.1,5618.5,2815.8
"IN",18,99,"Marshall County","Glyphosate",58534.6,58820.4,58677.5
"IN",18,99,"Marshall County","Paraquat",504.3,598.4,551.35
"IN",18,101,"Martin County","2,4-D",1544.7,1572.5,1558.6
"IN",18,101,"Martin County","Chlorpyrifos",39.5,87.5,63.5
"IN",18,101,"Martin County","Glyphosate",21759.7,21825.5,21792.6
"IN",18,101,"Martin County","Malathion",0,6.3,3.15
"IN",18,101,"Martin County","Paraquat",323.9,386.9,355.4
"IN",18,103,"Miami County","2,4-D",5152.6,5260.4,5206.5
"IN",18,103,"Miami County","Chlorpyrifos",19.8,6579.4,3299.6
"IN",18,103,"Miami County","Glyphosate",63764.3,64015,63889.65
"IN",18,103,"Miami County","Paraquat",365.5,491,428.25
"IN",18,105,"Monroe County","2,4-D",566.4,1078.3,822.35
"IN",18,105,"Monroe County","Chlorpyrifos",2.7,72.2,37.45
"IN",18,105,"Monroe County","Glyphosate",8672.2,8988.1,8830.15
"IN",18,105,"Monroe County","Malathion",4.6,4.6,4.6
"IN",18,105,"Monroe County","Paraquat",156.9,205.6,181.25
"IN",18,107,"Montgomery County","2,4-D",13629.7,14037,13833.35
"IN",18,107,"Montgomery County","Chlorpyrifos",5.4,9356.8,4681.1
"IN",18,107,"Montgomery County","Glyphosate",140540.5,140816.4,140678.45
"IN",18,107,"Montgomery County","Malathion",0,4,2
"IN",18,107,"Montgomery County","Paraquat",524,702.8,613.4
"IN",18,109,"Morgan County","2,4-D",6575.1,7337.3,6956.2
"IN",18,109,"Morgan County","Chlorpyrifos",87.3,330.6,208.95
"IN",18,109,"Morgan County","Glyphosate",39253.9,39353.3,39303.6
"IN",18,109,"Morgan County","Malathion",0,9.6,4.8
"IN",18,109,"Morgan County","Paraquat",11.3,450.4,230.85
"IN",18,111,"Newton County","2,4-D",41346.9,42327.5,41837.2
"IN",18,111,"Newton County","Chlorpyrifos",11099.5,11122.3,11110.9
"IN",18,111,"Newton County","Glyphosate",110406.5,110608.9,110507.7
"IN",18,111,"Newton County","Paraquat",6.6,678.7,342.65
"IN",18,113,"Noble County","2,4-D",5565.6,5721,5643.3
"IN",18,113,"Noble County","Chlorpyrifos",259.2,465.8,362.5
"IN",18,113,"Noble County","Glyphosate",54608.9,55019.2,54814.05
"IN",18,113,"Noble County","Paraquat",6.6,758.6,382.6
"IN",18,115,"Ohio County","2,4-D",1235.9,1242.9,1239.4
"IN",18,115,"Ohio County","Chlorpyrifos",0.9,125.7,63.3
"IN",18,115,"Ohio County","Glyphosate",3195.6,3210.3,3202.95
"IN",18,115,"Ohio County","Malathion",1,1,1
"IN",18,115,"Ohio County","Paraquat",31.3,51.8,41.55
"IN",18,117,"Orange County","2,4-D",1886.5,2508.5,2197.5
"IN",18,117,"Orange County","Chlorpyrifos",1.3,151.2,76.25
"IN",18,117,"Orange County","Glyphosate",30193.7,30553.7,30373.7
"IN",18,117,"Orange County","Malathion",24.7,24.7,24.7
"IN",18,117,"Orange County","Paraquat",617.9,767.7,692.8
"IN",18,119,"Owen County","2,4-D",2613.1,3081.6,2847.35
"IN",18,119,"Owen County","Chlorpyrifos",4.1,2019.3,1011.7
"IN",18,119,"Owen County","Glyphosate",28728.9,28918.4,28823.65
"IN",18,119,"Owen County","Malathion",0,20.4,10.2
"IN",18,119,"Owen County","Paraquat",90.3,130.1,110.2
"IN",18,121,"Parke County","2,4-D",7199.6,7812.2,7505.9
"IN",18,121,"Parke County","Chlorpyrifos",9.5,4917.7,2463.6
"IN",18,121,"Parke County","Glyphosate",73318.5,73675.9,73497.2
"IN",18,121,"Parke County","Malathion",0,31.7,15.85
"IN",18,121,"Parke County","Paraquat",282.4,373.9,328.15
"IN",18,123,"Perry County","2,4-D",1044.4,1538.8,1291.6
"IN",18,123,"Perry County","Chlorpyrifos",1.5,68.7,35.1
"IN",18,123,"Perry County","Glyphosate",16162,16372.5,16267.25
"IN",18,123,"Perry County","Paraquat",328.6,415,371.8
"IN",18,125,"Pike County","2,4-D",3694.5,3749.8,3722.15
"IN",18,125,"Pike County","Chlorpyrifos",83.5,203.5,143.5
"IN",18,125,"Pike County","Glyphosate",53123.4,53156.6,53140
"IN",18,125,"Pike County","Paraquat",683.3,862.5,772.9
"IN",18,127,"Porter County","2,4-D",25221.4,25785.4,25503.4
"IN",18,127,"Porter County","Chlorpyrifos",8074.2,8151.2,8112.7
"IN",18,127,"Porter County","Glyphosate",71377.3,71517,71447.15
"IN",18,127,"Porter County","Paraquat",6.4,389.7,198.05
"IN",18,129,"Posey County","2,4-D",8043.7,8614.6,8329.15
"IN",18,129,"Posey County","Chlorpyrifos",215.5,412.2,313.85
"IN",18,129,"Posey County","Glyphosate",111057.6,111075.1,111066.35
"IN",18,129,"Posey County","Malathion",0,10.2,5.1
"IN",18,129,"Posey County","Paraquat",1669.4,2017.8,1843.6
"IN",18,131,"Pulaski County","2,4-D",38489,38943.1,38716.05
"IN",18,131,"Pulaski County","Chlorpyrifos",10430.9,10476.9,10453.9
"IN",18,131,"Pulaski County","Glyphosate",103116.4,103179,103147.7
"IN",18,131,"Pulaski County","Paraquat",8.1,631,319.55
"IN",18,133,"Putnam County","2,4-D",8253.3,8878.6,8565.95
"IN",18,133,"Putnam County","Chlorpyrifos",11.2,5641.8,2826.5
"IN",18,133,"Putnam County","Glyphosate",84625.1,84903.3,84764.2
"IN",18,133,"Putnam County","Paraquat",318.8,425.7,372.25
"IN",18,135,"Randolph County","2,4-D",13908.3,14060.2,13984.25
"IN",18,135,"Randolph County","Chlorpyrifos",29.6,1495.5,762.55
"IN",18,135,"Randolph County","Glyphosate",128222.2,128335.6,128278.9
"IN",18,135,"Randolph County","Paraquat",0.1,1556.4,778.25
"IN",18,137,"Ripley County","2,4-D",13375.5,13422.2,13398.85
"IN",18,137,"Ripley County","Chlorpyrifos",13.2,1994.1,1003.65
"IN",18,137,"Ripley County","Glyphosate",55362.8,55453.6,55408.2
"IN",18,137,"Ripley County","Malathion",26.1,26.1,26.1
"IN",18,137,"Ripley County","Paraquat",584.7,940.6,762.65
"IN",18,139,"Rush County","2,4-D",16231.4,16791.3,16511.35
"IN",18,139,"Rush County","Chlorpyrifos",42.3,502.3,272.3
"IN",18,139,"Rush County","Glyphosate",96518.4,96605.3,96561.85
"IN",18,139,"Rush County","Malathion",0,44.3,22.15
"IN",18,139,"Rush County","Paraquat",3.9,1115.7,559.8
"IN",18,141,"St. Joseph County","2,4-D",3267.5,3343.8,3305.65
"IN",18,141,"St. Joseph County","Chlorpyrifos",14.6,4109.4,2062
"IN",18,141,"St. Joseph County","Glyphosate",42891,43067.1,42979.05
"IN",18,141,"St. Joseph County","Paraquat",367.9,437,402.45
"IN",18,143,"Scott County","2,4-D",4527,4543.8,4535.4
"IN",18,143,"Scott County","Chlorpyrifos",2.5,567.9,285.2
"IN",18,143,"Scott County","Glyphosate",19119,19148.7,19133.85
"IN",18,143,"Scott County","Paraquat",142.3,274.6,208.45
"IN",18,145,"Shelby County","2,4-D",14736.3,15079.4,14907.85
"IN",18,145,"Shelby County","Chlorpyrifos",41.1,431.7,236.4
"IN",18,145,"Shelby County","Glyphosate",88831.5,88893,88862.25
"IN",18,145,"Shelby County","Malathion",0,43.1,21.55
"IN",18,145,"Shelby County","Paraquat",3.8,937.2,470.5
"IN",18,147,"Spencer County","2,4-D",6044.3,6125.3,6084.8
"IN",18,147,"Spencer County","Chlorpyrifos",142.7,318.7,230.7
"IN",18,147,"Spencer County","Glyphosate",84544.7,84675.1,84609.9
"IN",18,147,"Spencer County","Malathion",0,25.6,12.8
"IN",18,147,"Spencer County","Paraquat",1095.7,1389.6,1242.65
"IN",18,149,"Starke County","2,4-D",19611,20017.2,19814.1
"IN",18,149,"Starke County","Chlorpyrifos",5091,5154.3,5122.65
"IN",18,149,"Starke County","Glyphosate",51968.3,52014.4,51991.35
"IN",18,149,"Starke County","Paraquat",6.1,328.3,167.2
"IN",18,151,"Steuben County","2,4-D",3829.8,3982.3,3906.05
"IN",18,151,"Steuben County","Chlorpyrifos",160.7,380.9,270.8
"IN",18,151,"Steuben County","Glyphosate",33162.7,33601.8,33382.25
"IN",18,151,"Steuben County","Paraquat",1.5,472,236.75
"IN",18,153,"Sullivan County","2,4-D",6834.5,6923.7,6879.1
"IN",18,153,"Sullivan County","Chlorpyrifos",177.7,353,265.35
"IN",18,153,"Sullivan County","Glyphosate",94417.7,94460.6,94439.15
"IN",18,153,"Sullivan County","Malathion",0,34.8,17.4
"IN",18,153,"Sullivan County","Paraquat",1362.4,1673.3,1517.85
"IN",18,155,"Switzerland County","2,4-D",2840.9,2849,2844.95
"IN",18,155,"Switzerland County","Chlorpyrifos",2.3,310,156.15
"IN",18,155,"Switzerland County","Glyphosate",8630.9,8646.6,8638.75
"IN",18,155,"Switzerland County","Malathion",2.6,2.6,2.6
"IN",18,155,"Switzerland County","Paraquat",74.9,132.4,103.65
"IN",18,157,"Tippecanoe County","2,4-D",10904.5,11347.7,11126.1
"IN",18,157,"Tippecanoe County","Chlorpyrifos",18.6,7318.6,3668.6
"IN",18,157,"Tippecanoe County","Glyphosate",110717,111059.1,110888.05
"IN",18,157,"Tippecanoe County","Malathion",0,4.5,2.25
"IN",18,157,"Tippecanoe County","Paraquat",430,567.4,498.7
"IN",18,159,"Tipton County","2,4-D",11381.4,11496,11438.7
"IN",18,159,"Tipton County","Chlorpyrifos",16.8,281.3,149.05
"IN",18,159,"Tipton County","Glyphosate",68301.5,68315,68308.25
"IN",18,159,"Tipton County","Malathion",0,30.4,15.2
"IN",18,159,"Tipton County","Paraquat",0,743.1,371.55
"IN",18,161,"Union County","2,4-D",4121.4,4221.7,4171.55
"IN",18,161,"Union County","Chlorpyrifos",8.1,495.3,251.7
"IN",18,161,"Union County","Glyphosate",38629.1,38685.3,38657.2
"IN",18,161,"Union County","Paraquat",0,492.2,246.1
"IN",18,163,"Vanderburgh County","2,4-D",2920.4,3165.8,3043.1
"IN",18,163,"Vanderburgh County","Chlorpyrifos",68.5,158.5,113.5
"IN",18,163,"Vanderburgh County","Glyphosate",42088.4,42105.2,42096.8
"IN",18,163,"Vanderburgh County","Malathion",0,5.7,2.85
"IN",18,163,"Vanderburgh County","Paraquat",539.9,682.9,611.4
"IN",18,165,"Vermillion County","2,4-D",4379.4,4702.1,4540.75
"IN",18,165,"Vermillion County","Chlorpyrifos",5.9,2733.4,1369.65
"IN",18,165,"Vermillion County","Glyphosate",42491.5,42633.8,42562.65
"IN",18,165,"Vermillion County","Paraquat",183.1,232.2,207.65
"IN",18,167,"Vigo County","2,4-D",5636.4,5836.1,5736.25
"IN",18,167,"Vigo County","Chlorpyrifos",12.3,4167.6,2089.95
"IN",18,167,"Vigo County","Glyphosate",60700.6,60840.3,60770.45
"IN",18,167,"Vigo County","Malathion",0,5.1,2.55
"IN",18,167,"Vigo County","Paraquat",197.9,280.3,239.1
"IN",18,169,"Wabash County","2,4-D",5197.3,5260.1,5228.7
"IN",18,169,"Wabash County","Chlorpyrifos",22,6557.7,3289.85
"IN",18,169,"Wabash County","Glyphosate",65179.8,65334.7,65257.25
"IN",18,169,"Wabash County","Paraquat",418.8,542.3,480.55
"IN",18,171,"Warren County","2,4-D",9724,10035,9879.5
"IN",18,171,"Warren County","Chlorpyrifos",13.6,6054.5,3034.05
"IN",18,171,"Warren County","Glyphosate",94898.7,95075,94986.85
"IN",18,171,"Warren County","Paraquat",406.9,517.2,462.05
"IN",18,173,"Warrick County","2,4-D",3877.7,3994,3935.85
"IN",18,173,"Warrick County","Chlorpyrifos",95.2,209.8,152.5
"IN",18,173,"Warrick County","Glyphosate",55083.1,55111.8,55097.45
"IN",18,173,"Warrick County","Malathion",0,20.9,10.45
"IN",18,173,"Warrick County","Paraquat",781.7,956,868.85
"IN",18,175,"Washington County","2,4-D",3658,4674,4166
"IN",18,175,"Washington County","Chlorpyrifos",1.4,295.4,148.4
"IN",18,175,"Washington County","Glyphosate",57171.7,57767.2,57469.45
"IN",18,175,"Washington County","Malathion",44.2,44.2,44.2
"IN",18,175,"Washington County","Paraquat",1308,1596.9,1452.45
"IN",18,177,"Wayne County","2,4-D",8989,9230.6,9109.8
"IN",18,177,"Wayne County","Chlorpyrifos",21.6,1093.1,557.35
"IN",18,177,"Wayne County","Glyphosate",83114.5,83272.8,83193.65
"IN",18,177,"Wayne County","Paraquat",1,1038.8,519.9
"IN",18,179,"Wells County","2,4-D",7621,7662.6,7641.8
"IN",18,179,"Wells County","Chlorpyrifos",337.3,393,365.15
"IN",18,179,"Wells County","Glyphosate",82162.3,82319.3,82240.8
"IN",18,179,"Wells County","Paraquat",5,1075.1,540.05
"IN",18,181,"White County","2,4-D",54876.2,55551.6,55213.9
"IN",18,181,"White County","Chlorpyrifos",15617.9,15672.1,15645
"IN",18,181,"White County","Glyphosate",149149.4,149290.7,149220.05
"IN",18,181,"White County","Paraquat",16,890.5,453.25
"IN",18,183,"Whitley County","2,4-D",5894.5,5982.5,5938.5
"IN",18,183,"Whitley County","Chlorpyrifos",227.8,352.1,289.95
"IN",18,183,"Whitley County","Glyphosate",56665.1,56982.7,56823.9
"IN",18,183,"Whitley County","Paraquat",1.4,756.3,378.85
"KS",20,1,"Allen County","2,4-D",6085.7,6092.6,6089.15
"KS",20,1,"Allen County","Chlorpyrifos",134.3,626.9,380.6
"KS",20,1,"Allen County","Glyphosate",55032.7,55146.4,55089.55
"KS",20,1,"Allen County","Malathion",0.4,47.1,23.75
"KS",20,1,"Allen County","Paraquat",36.3,1597.9,817.1
"KS",20,3,"Anderson County","2,4-D",10625.8,11040.9,10833.35
"KS",20,3,"Anderson County","Chlorpyrifos",48.1,458.5,253.3
"KS",20,3,"Anderson County","Glyphosate",75589.8,75637.6,75613.7
"KS",20,3,"Anderson County","Paraquat",61.3,311.7,186.5
"KS",20,5,"Atchison County","2,4-D",16327.7,16444.1,16385.9
"KS",20,5,"Atchison County","Chlorpyrifos",393.8,497.7,445.75
"KS",20,5,"Atchison County","Glyphosate",72281.8,72282.7,72282.25
"KS",20,5,"Atchison County","Malathion",0.5,0.5,0.5
"KS",20,5,"Atchison County","Paraquat",0,548.8,274.4
"KS",20,7,"Barber County","2,4-D",7985.2,8011.5,7998.35
"KS",20,7,"Barber County","Chlorpyrifos",503.7,933,718.35
"KS",20,7,"Barber County","Glyphosate",26728.1,26776.7,26752.4
"KS",20,7,"Barber County","Malathion",154.3,154.3,154.3
"KS",20,7,"Barber County","Paraquat",1132.6,1337.5,1235.05
"KS",20,9,"Barton County","2,4-D",46449.7,46695,46572.35
"KS",20,9,"Barton County","Chlorpyrifos",1947.1,2374.9,2161
"KS",20,9,"Barton County","Glyphosate",132828.9,132829.4,132829.15
"KS",20,9,"Barton County","Malathion",0,1611.7,805.85
"KS",20,9,"Barton County","Paraquat",128.6,1829,978.8
"KS",20,11,"Bourbon County","2,4-D",4985.9,4992.3,4989.1
"KS",20,11,"Bourbon County","Chlorpyrifos",115.4,265.4,190.4
"KS",20,11,"Bourbon County","Glyphosate",25585.3,25740.3,25662.8
"KS",20,11,"Bourbon County","Malathion",0.5,42.8,21.65
"KS",20,11,"Bourbon County","Paraquat",0,722.5,361.25
"KS",20,13,"Brown County","2,4-D",31099.9,31293.2,31196.55
"KS",20,13,"Brown County","Chlorpyrifos",608.5,801.5,705
"KS",20,13,"Brown County","Glyphosate",145744.6,145745.1,145744.85
"KS",20,13,"Brown County","Malathion",0.5,0.5,0.5
"KS",20,13,"Brown County","Paraquat",85.4,1176.8,631.1
"KS",20,15,"Butler County","2,4-D",14452,14475.8,14463.9
"KS",20,15,"Butler County","Chlorpyrifos",437.6,1499.2,968.4
"KS",20,15,"Butler County","Glyphosate",77502.7,77945.4,77724.05
"KS",20,15,"Butler County","Malathion",0.7,161.9,81.3
"KS",20,15,"Butler County","Paraquat",18.4,2359.8,1189.1
"KS",20,17,"Chase County","2,4-D",5103.7,5147.3,5125.5
"KS",20,17,"Chase County","Chlorpyrifos",17.9,341,179.45
"KS",20,17,"Chase County","Glyphosate",17223.5,17354.8,17289.15
"KS",20,17,"Chase County","Paraquat",16.4,60.7,38.55
"KS",20,19,"Chautauqua County","2,4-D",4571.8,4578.3,4575.05
"KS",20,19,"Chautauqua County","Chlorpyrifos",119.9,192.5,156.2
"KS",20,19,"Chautauqua County","Glyphosate",6093.9,6293.4,6193.65
"KS",20,19,"Chautauqua County","Malathion",0.1,44.3,22.2
"KS",20,19,"Chautauqua County","Paraquat",0,178.5,89.25
"KS",20,21,"Cherokee County","2,4-D",8793.8,8811,8802.4
"KS",20,21,"Cherokee County","Chlorpyrifos",86.8,1165.3,626.05
"KS",20,21,"Cherokee County","Glyphosate",85443.2,85484.8,85464
"KS",20,21,"Cherokee County","Malathion",38.7,44.1,41.4
"KS",20,21,"Cherokee County","Paraquat",20.7,2550.6,1285.65
"KS",20,23,"Cheyenne County","2,4-D",34834.3,35001.6,34917.95
"KS",20,23,"Cheyenne County","Chlorpyrifos",5642.3,5646.4,5644.35
"KS",20,23,"Cheyenne County","Glyphosate",114385.6,114390.9,114388.25
"KS",20,23,"Cheyenne County","Paraquat",6854.9,8167.9,7511.4
"KS",20,25,"Clark County","2,4-D",13846.4,13876.6,13861.5
"KS",20,25,"Clark County","Chlorpyrifos",743.7,743.7,743.7
"KS",20,25,"Clark County","Glyphosate",25146,25147.4,25146.7
"KS",20,25,"Clark County","Malathion",0,179.9,89.95
"KS",20,25,"Clark County","Paraquat",1954.9,1970,1962.45
"KS",20,27,"Clay County","2,4-D",29288.7,29356.7,29322.7
"KS",20,27,"Clay County","Chlorpyrifos",679.6,1896,1287.8
"KS",20,27,"Clay County","Glyphosate",157664.6,157665.7,157665.15
"KS",20,27,"Clay County","Paraquat",563.8,1542.3,1053.05
"KS",20,29,"Cloud County","2,4-D",30341.8,30502.3,30422.05
"KS",20,29,"Cloud County","Chlorpyrifos",1516.7,2500.2,2008.45
"KS",20,29,"Cloud County","Glyphosate",129900.4,129901.4,129900.9
"KS",20,29,"Cloud County","Paraquat",357.6,1876.4,1117
"KS",20,31,"Coffey County","2,4-D",9496.3,9575.9,9536.1
"KS",20,31,"Coffey County","Chlorpyrifos",47.4,412.5,229.95
"KS",20,31,"Coffey County","Glyphosate",65046.5,65096.6,65071.55
"KS",20,31,"Coffey County","Paraquat",60.1,220.8,140.45
"KS",20,33,"Comanche County","2,4-D",6965.5,7004.5,6985
"KS",20,33,"Comanche County","Chlorpyrifos",927.9,1155.4,1041.65
"KS",20,33,"Comanche County","Glyphosate",17046.6,17088.3,17067.45
"KS",20,33,"Comanche County","Malathion",289.9,289.9,289.9
"KS",20,33,"Comanche County","Paraquat",762.3,1027.9,895.1
"KS",20,35,"Cowley County","2,4-D",14519,14556.2,14537.6
"KS",20,35,"Cowley County","Chlorpyrifos",755.4,2306.1,1530.75
"KS",20,35,"Cowley County","Glyphosate",68066.8,68535.5,68301.15
"KS",20,35,"Cowley County","Malathion",0.7,253.6,127.15
"KS",20,35,"Cowley County","Paraquat",793.7,3207.4,2000.55
"KS",20,37,"Crawford County","2,4-D",7460.1,7469.3,7464.7
"KS",20,37,"Crawford County","Chlorpyrifos",172,878.6,525.3
"KS",20,37,"Crawford County","Glyphosate",66151.1,66287.9,66219.5
"KS",20,37,"Crawford County","Malathion",1.3,60.5,30.9
"KS",20,37,"Crawford County","Paraquat",47.9,1952,999.95
"KS",20,39,"Decatur County","2,4-D",31788.4,31859.2,31823.8
"KS",20,39,"Decatur County","Chlorpyrifos",7760,7764.1,7762.05
"KS",20,39,"Decatur County","Glyphosate",106641,106645.7,106643.35
"KS",20,39,"Decatur County","Paraquat",4025.6,4749.3,4387.45
"KS",20,41,"Dickinson County","2,4-D",31580.1,31725.6,31652.85
"KS",20,41,"Dickinson County","Chlorpyrifos",1101.9,1519.1,1310.5
"KS",20,41,"Dickinson County","Glyphosate",103601.7,103602.4,103602.05
"KS",20,41,"Dickinson County","Malathion",0,912.4,456.2
"KS",20,41,"Dickinson County","Paraquat",5.6,1608.2,806.9
"KS",20,43,"Doniphan County","2,4-D",20889.2,20919.4,20904.3
"KS",20,43,"Doniphan County","Chlorpyrifos",331.1,450.2,390.65
"KS",20,43,"Doniphan County","Glyphosate",95512.3,95512.7,95512.5
"KS",20,43,"Doniphan County","Malathion",0.4,0.4,0.4
"KS",20,43,"Doniphan County","Paraquat",0,700.4,350.2
"KS",20,45,"Douglas County","2,4-D",5133.5,5264,5198.75
"KS",20,45,"Douglas County","Chlorpyrifos",24,241.4,132.7
"KS",20,45,"Douglas County","Glyphosate",37913.2,37937.5,37925.35
"KS",20,45,"Douglas County","Paraquat",29,165.1,97.05
"KS",20,47,"Edwards County","2,4-D",22222.4,22285.9,22254.15
"KS",20,47,"Edwards County","Chlorpyrifos",1375,3670.8,2522.9
"KS",20,47,"Edwards County","Glyphosate",82836.1,82848.3,82842.2
"KS",20,47,"Edwards County","Malathion",423.1,423.1,423.1
"KS",20,47,"Edwards County","Paraquat",2298.9,3744.1,3021.5
"KS",20,49,"Elk County","2,4-D",4863.7,4869.4,4866.55
"KS",20,49,"Elk County","Chlorpyrifos",105.4,218.4,161.9
"KS",20,49,"Elk County","Glyphosate",10016.5,10205.1,10110.8
"KS",20,49,"Elk County","Malathion",0,39,19.5
"KS",20,49,"Elk County","Paraquat",0,301.2,150.6
"KS",20,51,"Ellis County","2,4-D",31361,31413.3,31387.15
"KS",20,51,"Ellis County","Chlorpyrifos",230.4,586.6,408.5
"KS",20,51,"Ellis County","Glyphosate",77617.9,77618.9,77618.4
"KS",20,51,"Ellis County","Malathion",0,192.1,96.05
"KS",20,51,"Ellis County","Paraquat",160.4,1356.6,758.5
"KS",20,53,"Ellsworth County","2,4-D",19980.7,20017.5,19999.1
"KS",20,53,"Ellsworth County","Chlorpyrifos",247.4,477.7,362.55
"KS",20,53,"Ellsworth County","Glyphosate",52263.1,52263.9,52263.5
"KS",20,53,"Ellsworth County","Malathion",0,206.9,103.45
"KS",20,53,"Ellsworth County","Paraquat",49.7,868.7,459.2
"KS",20,55,"Finney County","2,4-D",48631.8,49335.9,48983.85
"KS",20,55,"Finney County","Chlorpyrifos",8584.2,8584.2,8584.2
"KS",20,55,"Finney County","Glyphosate",152513.3,153618.9,153066.1
"KS",20,55,"Finney County","Malathion",0,1828.2,914.1
"KS",20,55,"Finney County","Paraquat",6220.6,7077.8,6649.2
"KS",20,57,"Ford County","2,4-D",41333.2,41755.9,41544.55
"KS",20,57,"Ford County","Chlorpyrifos",4485.8,4485.8,4485.8
"KS",20,57,"Ford County","Glyphosate",112159.6,112160.2,112159.9
"KS",20,57,"Ford County","Malathion",0,452.7,226.35
"KS",20,57,"Ford County","Paraquat",5725.2,6287.5,6006.35
"KS",20,59,"Franklin County","2,4-D",9889,10076.4,9982.7
"KS",20,59,"Franklin County","Chlorpyrifos",48.6,433.6,241.1
"KS",20,59,"Franklin County","Glyphosate",68026.1,68077.7,68051.9
"KS",20,59,"Franklin County","Paraquat",60.4,252.2,156.3
"KS",20,61,"Geary County","2,4-D",3564.6,3621.9,3593.25
"KS",20,61,"Geary County","Chlorpyrifos",14.7,556,285.35
"KS",20,61,"Geary County","Glyphosate",17282,17314.6,17298.3
"KS",20,61,"Geary County","Paraquat",12.5,102.8,57.65
"KS",20,63,"Gove County","2,4-D",34942.7,34967.2,34954.95
"KS",20,63,"Gove County","Chlorpyrifos",866.5,3217.5,2042
"KS",20,63,"Gove County","Glyphosate",121104,121104,121104
"KS",20,63,"Gove County","Malathion",0,167.9,83.95
"KS",20,63,"Gove County","Paraquat",1712.3,3222.7,2467.5
"KS",20,65,"Graham County","2,4-D",35505.7,35541.1,35523.4
"KS",20,65,"Graham County","Chlorpyrifos",2542.6,2553.5,2548.05
"KS",20,65,"Graham County","Glyphosate",110286.1,110290.8,110288.45
"KS",20,65,"Graham County","Paraquat",3569.3,4229.5,3899.4
"KS",20,67,"Grant County","2,4-D",22096.7,22172.7,22134.7
"KS",20,67,"Grant County","Chlorpyrifos",3133.9,3133.9,3133.9
"KS",20,67,"Grant County","Glyphosate",70352.2,70352.4,70352.3
"KS",20,67,"Grant County","Malathion",0,195.8,97.9
"KS",20,67,"Grant County","Paraquat",2688.6,3147.9,2918.25
"KS",20,69,"Gray County","2,4-D",34532.8,34900.2,34716.5
"KS",20,69,"Gray County","Chlorpyrifos",6326.9,6326.9,6326.9
"KS",20,69,"Gray County","Glyphosate",118579.3,118579.9,118579.6
"KS",20,69,"Gray County","Malathion",0,738.1,369.05
"KS",20,69,"Gray County","Paraquat",4772.2,5538.2,5155.2
"KS",20,71,"Greeley County","2,4-D",54093.2,54112,54102.6
"KS",20,71,"Greeley County","Chlorpyrifos",824.4,1909.5,1366.95
"KS",20,71,"Greeley County","Glyphosate",152285.1,152285.1,152285.1
"KS",20,71,"Greeley County","Malathion",0,128.5,64.25
"KS",20,71,"Greeley County","Paraquat",3549.5,5431.2,4490.35
"KS",20,73,"Greenwood County","2,4-D",10820.7,10830.8,10825.75
"KS",20,73,"Greenwood County","Chlorpyrifos",188.5,358.9,273.7
"KS",20,73,"Greenwood County","Glyphosate",21301,21705.4,21503.2
"KS",20,73,"Greenwood County","Malathion",0.1,68.9,34.5
"KS",20,73,"Greenwood County","Paraquat",10.9,632.7,321.8
"KS",20,75,"Hamilton County","2,4-D",33921.1,33982.7,33951.9
"KS",20,75,"Hamilton County","Chlorpyrifos",1754.8,1754.8,1754.8
"KS",20,75,"Hamilton County","Glyphosate",74441.7,74541.6,74491.65
"KS",20,75,"Hamilton County","Malathion",0,359.4,179.7
"KS",20,75,"Hamilton County","Paraquat",3848.1,4089.1,3968.6
"KS",20,77,"Harper County","2,4-D",13784.3,13826.2,13805.25
"KS",20,77,"Harper County","Chlorpyrifos",829,1633.3,1231.15
"KS",20,77,"Harper County","Glyphosate",42111.4,42132.9,42122.15
"KS",20,77,"Harper County","Malathion",252.1,252.1,252.1
"KS",20,77,"Harper County","Paraquat",2108.8,2496.6,2302.7
"KS",20,79,"Harvey County","2,4-D",15997.6,16024.6,16011.1
"KS",20,79,"Harvey County","Chlorpyrifos",533.7,3047.7,1790.7
"KS",20,79,"Harvey County","Glyphosate",100404.3,100408.1,100406.2
"KS",20,79,"Harvey County","Malathion",161.8,161.8,161.8
"KS",20,79,"Harvey County","Paraquat",926.4,3259.4,2092.9
"KS",20,81,"Haskell County","2,4-D",23104.5,23388.4,23246.45
"KS",20,81,"Haskell County","Chlorpyrifos",5770.4,5770.4,5770.4
"KS",20,81,"Haskell County","Glyphosate",102529.9,102530.4,102530.15
"KS",20,81,"Haskell County","Malathion",0,358.9,179.45
"KS",20,81,"Haskell County","Paraquat",3064.9,3870.2,3467.55
"KS",20,83,"Hodgeman County","2,4-D",26639.4,26708.5,26673.95
"KS",20,83,"Hodgeman County","Chlorpyrifos",1859.3,1859.3,1859.3
"KS",20,83,"Hodgeman County","Glyphosate",62671.3,62672.2,62671.75
"KS",20,83,"Hodgeman County","Malathion",0,127.3,63.65
"KS",20,83,"Hodgeman County","Paraquat",3305.9,3462.3,3384.1
"KS",20,85,"Jackson County","2,4-D",11675.1,12022.9,11849
"KS",20,85,"Jackson County","Chlorpyrifos",419.2,558.1,488.65
"KS",20,85,"Jackson County","Glyphosate",52940.5,52943.2,52941.85
"KS",20,85,"Jackson County","Paraquat",0,427.7,213.85
"KS",20,87,"Jefferson County","2,4-D",13133.1,13344.1,13238.6
"KS",20,87,"Jefferson County","Chlorpyrifos",423.5,543.1,483.3
"KS",20,87,"Jefferson County","Glyphosate",59846.1,59847.4,59846.75
"KS",20,87,"Jefferson County","Malathion",1.6,1.6,1.6
"KS",20,87,"Jefferson County","Paraquat",0,487.2,243.6
"KS",20,89,"Jewell County","2,4-D",40387.8,40555.9,40471.85
"KS",20,89,"Jewell County","Chlorpyrifos",1624.5,2712.3,2168.4
"KS",20,89,"Jewell County","Glyphosate",169919.5,169921.1,169920.3
"KS",20,89,"Jewell County","Paraquat",496.1,2328.8,1412.45
"KS",20,91,"Johnson County","2,4-D",3015.2,3086,3050.6
"KS",20,91,"Johnson County","Chlorpyrifos",15,96.1,55.55
"KS",20,91,"Johnson County","Glyphosate",21808.1,21821,21814.55
"KS",20,91,"Johnson County","Paraquat",19,80,49.5
"KS",20,93,"Kearny County","2,4-D",36339.4,36724.3,36531.85
"KS",20,93,"Kearny County","Chlorpyrifos",5057.2,5057.2,5057.2
"KS",20,93,"Kearny County","Glyphosate",95257.3,95257.8,95257.55
"KS",20,93,"Kearny County","Malathion",0,1496.2,748.1
"KS",20,93,"Kearny County","Paraquat",4655,5266.8,4960.9
"KS",20,95,"Kingman County","2,4-D",11129.5,11169.7,11149.6
"KS",20,95,"Kingman County","Chlorpyrifos",954.7,2002.9,1478.8
"KS",20,95,"Kingman County","Glyphosate",41075.6,41101.3,41088.45
"KS",20,95,"Kingman County","Malathion",298.3,298.3,298.3
"KS",20,95,"Kingman County","Paraquat",1441.6,2013.5,1727.55
"KS",20,97,"Kiowa County","2,4-D",15641.1,15668.6,15654.85
"KS",20,97,"Kiowa County","Chlorpyrifos",652.1,1792.5,1222.3
"KS",20,97,"Kiowa County","Glyphosate",46857.4,46883.3,46870.35
"KS",20,97,"Kiowa County","Malathion",203.7,203.7,203.7
"KS",20,97,"Kiowa County","Paraquat",1859.4,2546,2202.7
"KS",20,99,"Labette County","2,4-D",8235.9,8247.9,8241.9
"KS",20,99,"Labette County","Chlorpyrifos",179.1,915.8,547.45
"KS",20,99,"Labette County","Glyphosate",63601.9,63763.7,63682.8
"KS",20,99,"Labette County","Malathion",7,68.6,37.8
"KS",20,99,"Labette County","Paraquat",0,1885.8,942.9
"KS",20,101,"Lane County","2,4-D",41402.3,41412,41407.15
"KS",20,101,"Lane County","Chlorpyrifos",955.4,1363.5,1159.45
"KS",20,101,"Lane County","Glyphosate",121466.6,121466.6,121466.6
"KS",20,101,"Lane County","Malathion",0,66.4,33.2
"KS",20,101,"Lane County","Paraquat",2075.7,3268.4,2672.05
"KS",20,103,"Leavenworth County","2,4-D",6783.2,6964.6,6873.9
"KS",20,103,"Leavenworth County","Chlorpyrifos",266.7,331.2,298.95
"KS",20,103,"Leavenworth County","Glyphosate",31270.3,31271.2,31270.75
"KS",20,103,"Leavenworth County","Malathion",1.1,1.1,1.1
"KS",20,103,"Leavenworth County","Paraquat",13.9,262.6,138.25
"KS",20,105,"Lincoln County","2,4-D",24271.5,24330.2,24300.85
"KS",20,105,"Lincoln County","Chlorpyrifos",434.9,699.3,567.1
"KS",20,105,"Lincoln County","Glyphosate",69088.9,69089.7,69089.3
"KS",20,105,"Lincoln County","Malathion",0,356,178
"KS",20,105,"Lincoln County","Paraquat",25.6,1029.6,527.6
"KS",20,107,"Linn County","2,4-D",7317.6,7374.7,7346.15
"KS",20,107,"Linn County","Chlorpyrifos",37.9,196.7,117.3
"KS",20,107,"Linn County","Glyphosate",49735.3,49794.3,49764.8
"KS",20,107,"Linn County","Paraquat",48.2,150.3,99.25
"KS",20,109,"Logan County","2,4-D",34468.3,34480.9,34474.6
"KS",20,109,"Logan County","Chlorpyrifos",1145.2,2850.9,1998.05
"KS",20,109,"Logan County","Glyphosate",112807.4,112807.4,112807.4
"KS",20,109,"Logan County","Malathion",0,86.6,43.3
"KS",20,109,"Logan County","Paraquat",1671.9,3420.1,2546
"KS",20,111,"Lyon County","2,4-D",10700.6,11137.3,10918.95
"KS",20,111,"Lyon County","Chlorpyrifos",59.6,747.3,403.45
"KS",20,111,"Lyon County","Glyphosate",65697.8,65809.6,65753.7
"KS",20,111,"Lyon County","Paraquat",58.7,259.1,158.9
"KS",20,113,"McPherson County","2,4-D",40851.3,40947.1,40899.2
"KS",20,113,"McPherson County","Chlorpyrifos",692.6,1308.5,1000.55
"KS",20,113,"McPherson County","Glyphosate",126092.7,126093.3,126093
"KS",20,113,"McPherson County","Malathion",0,514.8,257.4
"KS",20,113,"McPherson County","Paraquat",7,2285,1146
"KS",20,115,"Marion County","2,4-D",33031.5,33135.3,33083.4
"KS",20,115,"Marion County","Chlorpyrifos",847.4,1238.1,1042.75
"KS",20,115,"Marion County","Glyphosate",114357.3,114358.3,114357.8
"KS",20,115,"Marion County","Malathion",0,620.6,310.3
"KS",20,115,"Marion County","Paraquat",27.6,1678.3,852.95
"KS",20,117,"Marshall County","2,4-D",33575.4,36159.1,34867.25
"KS",20,117,"Marshall County","Chlorpyrifos",1292.5,2097,1694.75
"KS",20,117,"Marshall County","Glyphosate",168327.3,168329,168328.15
"KS",20,117,"Marshall County","Malathion",0.7,0.7,0.7
"KS",20,117,"Marshall County","Paraquat",53,1452.2,752.6
"KS",20,119,"Meade County","2,4-D",25377.7,25722.1,25549.9
"KS",20,119,"Meade County","Chlorpyrifos",5401.2,5401.2,5401.2
"KS",20,119,"Meade County","Glyphosate",107033.4,107034.4,107033.9
"KS",20,119,"Meade County","Malathion",0,126.5,63.25
"KS",20,119,"Meade County","Paraquat",2848.7,3485.1,3166.9
"KS",20,121,"Miami County","2,4-D",5973.5,6085.6,6029.55
"KS",20,121,"Miami County","Chlorpyrifos",28.7,189.1,108.9
"KS",20,121,"Miami County","Glyphosate",40262.6,40304,40283.3
"KS",20,121,"Miami County","Paraquat",36.4,140.8,88.6
"KS",20,123,"Mitchell County","2,4-D",40084,40194,40139
"KS",20,123,"Mitchell County","Chlorpyrifos",1049.9,2083.9,1566.9
"KS",20,123,"Mitchell County","Glyphosate",140793.5,140794.7,140794.1
"KS",20,123,"Mitchell County","Paraquat",296.8,2333.6,1315.2
"KS",20,125,"Montgomery County","2,4-D",7452.3,7460.5,7456.4
"KS",20,125,"Montgomery County","Chlorpyrifos",154.2,908.3,531.25
"KS",20,125,"Montgomery County","Glyphosate",55259.6,55412.9,55336.25
"KS",20,125,"Montgomery County","Malathion",0.3,55.1,27.7
"KS",20,125,"Montgomery County","Paraquat",25.7,1678.6,852.15
"KS",20,127,"Morris County","2,4-D",9383,9505.5,9444.25
"KS",20,127,"Morris County","Chlorpyrifos",27.8,864.5,446.15
"KS",20,127,"Morris County","Glyphosate",44221.7,44312.4,44267.05
"KS",20,127,"Morris County","Paraquat",35.5,221.8,128.65
"KS",20,129,"Morton County","2,4-D",27154.9,27171.9,27163.4
"KS",20,129,"Morton County","Chlorpyrifos",1885.4,1885.4,1885.4
"KS",20,129,"Morton County","Glyphosate",68752.6,68752.8,68752.7
"KS",20,129,"Morton County","Malathion",0,74.6,37.3
"KS",20,129,"Morton County","Paraquat",3368.2,3649.4,3508.8
"KS",20,131,"Nemaha County","2,4-D",31936.6,32698.1,32317.35
"KS",20,131,"Nemaha County","Chlorpyrifos",1453.6,1778.4,1616
"KS",20,131,"Nemaha County","Glyphosate",146023.6,146025.2,146024.4
"KS",20,131,"Nemaha County","Malathion",0.1,0.1,0.1
"KS",20,131,"Nemaha County","Paraquat",28.7,1160.4,594.55
"KS",20,133,"Neosho County","2,4-D",6445.5,6452.5,6449
"KS",20,133,"Neosho County","Chlorpyrifos",133.8,724.8,429.3
"KS",20,133,"Neosho County","Glyphosate",49830.8,49955.9,49893.35
"KS",20,133,"Neosho County","Malathion",0.4,47.1,23.75
"KS",20,133,"Neosho County","Paraquat",34.3,1512.9,773.6
"KS",20,135,"Ness County","2,4-D",45065.1,45083.7,45074.4
"KS",20,135,"Ness County","Chlorpyrifos",324.6,487,405.8
"KS",20,135,"Ness County","Glyphosate",124343.3,124343.3,124343.3
"KS",20,135,"Ness County","Malathion",0,127.5,63.75
"KS",20,135,"Ness County","Paraquat",2469.5,3574.3,3021.9
"KS",20,137,"Norton County","2,4-D",26337.1,26372.6,26354.85
"KS",20,137,"Norton County","Chlorpyrifos",5934,5941.4,5937.7
"KS",20,137,"Norton County","Glyphosate",126914.8,126920.5,126917.65
"KS",20,137,"Norton County","Paraquat",2475.6,3066.6,2771.1
"KS",20,139,"Osage County","2,4-D",10396.1,10955.3,10675.7
"KS",20,139,"Osage County","Chlorpyrifos",46.7,426.4,236.55
"KS",20,139,"Osage County","Glyphosate",71788.9,71853.1,71821
"KS",20,139,"Osage County","Paraquat",59.5,291.2,175.35
"KS",20,141,"Osborne County","2,4-D",33114,33199.4,33156.7
"KS",20,141,"Osborne County","Chlorpyrifos",817.1,1465.2,1141.15
"KS",20,141,"Osborne County","Glyphosate",101224.3,101226.3,101225.3
"KS",20,141,"Osborne County","Paraquat",160.7,1991.9,1076.3
"KS",20,143,"Ottawa County","2,4-D",25148.5,25325.6,25237.05
"KS",20,143,"Ottawa County","Chlorpyrifos",1707.6,2178.5,1943.05
"KS",20,143,"Ottawa County","Glyphosate",105832.4,105834.1,105833.25
"KS",20,143,"Ottawa County","Paraquat",354.7,1588.5,971.6
"KS",20,145,"Pawnee County","2,4-D",33162.2,33288.1,33225.15
"KS",20,145,"Pawnee County","Chlorpyrifos",2992.8,4605.3,3799.05
"KS",20,145,"Pawnee County","Glyphosate",89042.1,89051.5,89046.8
"KS",20,145,"Pawnee County","Malathion",935,935,935
"KS",20,145,"Pawnee County","Paraquat",3803.3,5192.1,4497.7
"KS",20,147,"Phillips County","2,4-D",36514.1,36679.5,36596.8
"KS",20,147,"Phillips County","Chlorpyrifos",1612,2722.6,2167.3
"KS",20,147,"Phillips County","Glyphosate",113927.6,113930.1,113928.85
"KS",20,147,"Phillips County","Paraquat",91.7,2037.4,1064.55
"KS",20,149,"Pottawatomie County","2,4-D",12978.4,13318.8,13148.6
"KS",20,149,"Pottawatomie County","Chlorpyrifos",1358.4,1504.2,1431.3
"KS",20,149,"Pottawatomie County","Glyphosate",58045.6,58049.3,58047.45
"KS",20,149,"Pottawatomie County","Malathion",0.5,0.5,0.5
"KS",20,149,"Pottawatomie County","Paraquat",0,495.9,247.95
"KS",20,151,"Pratt County","2,4-D",20013.8,20040.4,20027.1
"KS",20,151,"Pratt County","Chlorpyrifos",634,3023.5,1828.75
"KS",20,151,"Pratt County","Glyphosate",78826.3,78839.2,78832.75
"KS",20,151,"Pratt County","Malathion",198.1,198.1,198.1
"KS",20,151,"Pratt County","Paraquat",2317.4,3512.9,2915.15
"KS",20,153,"Rawlins County","2,4-D",43108.9,43188.1,43148.5
"KS",20,153,"Rawlins County","Chlorpyrifos",6628.3,6637.3,6632.8
"KS",20,153,"Rawlins County","Glyphosate",142419.2,142425.5,142422.35
"KS",20,153,"Rawlins County","Paraquat",5065.7,6138.6,5602.15
"KS",20,155,"Reno County","2,4-D",23832.7,23992.7,23912.7
"KS",20,155,"Reno County","Chlorpyrifos",3202.4,5444.2,4323.3
"KS",20,155,"Reno County","Glyphosate",113501.4,113523.6,113512.5
"KS",20,155,"Reno County","Malathion",971.6,971.6,971.6
"KS",20,155,"Reno County","Paraquat",2267,4769.1,3518.05
"KS",20,157,"Republic County","2,4-D",37924.5,38177.6,38051.05
"KS",20,157,"Republic County","Chlorpyrifos",2473.3,5026.2,3749.75
"KS",20,157,"Republic County","Glyphosate",216829.8,216830.7,216830.25
"KS",20,157,"Republic County","Paraquat",600.1,1832.8,1216.45
"KS",20,159,"Rice County","2,4-D",39433.8,39529.7,39481.75
"KS",20,159,"Rice County","Chlorpyrifos",762.2,1206.8,984.5
"KS",20,159,"Rice County","Glyphosate",117728.5,117728.9,117728.7
"KS",20,159,"Rice County","Malathion",0,586.7,293.35
"KS",20,159,"Rice County","Paraquat",49,1791.9,920.45
"KS",20,161,"Riley County","2,4-D",6002.4,7011,6506.7
"KS",20,161,"Riley County","Chlorpyrifos",901.5,1222.2,1061.85
"KS",20,161,"Riley County","Glyphosate",36699.8,36701.5,36700.65
"KS",20,161,"Riley County","Malathion",0.2,0.2,0.2
"KS",20,161,"Riley County","Paraquat",19.7,434.5,227.1
"KS",20,163,"Rooks County","2,4-D",37962.5,38066.7,38014.6
"KS",20,163,"Rooks County","Chlorpyrifos",984,1584.7,1284.35
"KS",20,163,"Rooks County","Glyphosate",102352.4,102354.6,102353.5
"KS",20,163,"Rooks County","Paraquat",97,2487.1,1292.05
"KS",20,165,"Rush County","2,4-D",33497.8,33551,33524.4
"KS",20,165,"Rush County","Chlorpyrifos",439,687.9,563.45
"KS",20,165,"Rush County","Glyphosate",84071.6,84072.2,84071.9
"KS",20,165,"Rush County","Malathion",0,364.2,182.1
"KS",20,165,"Rush County","Paraquat",179.9,1127,653.45
"KS",20,167,"Russell County","2,4-D",24197.5,24233.2,24215.35
"KS",20,167,"Russell County","Chlorpyrifos",257.3,449.9,353.6
"KS",20,167,"Russell County","Glyphosate",63129.5,63130.4,63129.95
"KS",20,167,"Russell County","Malathion",0,211.2,105.6
"KS",20,167,"Russell County","Paraquat",89.3,832.3,460.8
"KS",20,169,"Saline County","2,4-D",24515.3,24598.8,24557.05
"KS",20,169,"Saline County","Chlorpyrifos",625.7,957.6,791.65
"KS",20,169,"Saline County","Glyphosate",72867.7,72868.2,72867.95
"KS",20,169,"Saline County","Malathion",0,519.6,259.8
"KS",20,169,"Saline County","Paraquat",7,1226.3,616.65
"KS",20,171,"Scott County","2,4-D",49499.8,49509.1,49504.45
"KS",20,171,"Scott County","Chlorpyrifos",645.1,2076.8,1360.95
"KS",20,171,"Scott County","Glyphosate",154964.2,154964.2,154964.2
"KS",20,171,"Scott County","Malathion",0,63.9,31.95
"KS",20,171,"Scott County","Paraquat",2068.6,3597.8,2833.2
"KS",20,173,"Sedgwick County","2,4-D",18651.1,18743.3,18697.2
"KS",20,173,"Sedgwick County","Chlorpyrifos",2008.2,4180.5,3094.35
"KS",20,173,"Sedgwick County","Glyphosate",97993.5,98002.3,97997.9
"KS",20,173,"Sedgwick County","Malathion",618.7,618.7,618.7
"KS",20,173,"Sedgwick County","Paraquat",1363.4,3569.2,2466.3
"KS",20,175,"Seward County","2,4-D",21720.1,22076,21898.05
"KS",20,175,"Seward County","Chlorpyrifos",4156,4156.1,4156.05
"KS",20,175,"Seward County","Glyphosate",86320.6,86321,86320.8
"KS",20,175,"Seward County","Malathion",0,254,127
"KS",20,175,"Seward County","Paraquat",2469.1,3367.7,2918.4
"KS",20,177,"Shawnee County","2,4-D",5952.1,5975.2,5963.65
"KS",20,177,"Shawnee County","Chlorpyrifos",24.4,241.9,133.15
"KS",20,177,"Shawnee County","Glyphosate",43010.9,43035.7,43023.3
"KS",20,177,"Shawnee County","Paraquat",31,203.5,117.25
"KS",20,179,"Sheridan County","2,4-D",39927.1,40070.3,39998.7
"KS",20,179,"Sheridan County","Chlorpyrifos",8612.2,8623,8617.6
"KS",20,179,"Sheridan County","Glyphosate",183200.6,183205.6,183203.1
"KS",20,179,"Sheridan County","Paraquat",4416.3,5560.1,4988.2
"KS",20,181,"Sherman County","2,4-D",55423,55928,55675.5
"KS",20,181,"Sherman County","Chlorpyrifos",13051.9,13060.2,13056.05
"KS",20,181,"Sherman County","Glyphosate",186032.8,186035.2,186034
"KS",20,181,"Sherman County","Paraquat",7369.1,10344.9,8857
"KS",20,183,"Smith County","2,4-D",46657.2,46773.1,46715.15
"KS",20,183,"Smith County","Chlorpyrifos",1057.8,2514,1785.9
"KS",20,183,"Smith County","Glyphosate",170873.3,170874.9,170874.1
"KS",20,183,"Smith County","Paraquat",321.4,2860.8,1591.1
"KS",20,185,"Stafford County","2,4-D",18774.2,18888.3,18831.25
"KS",20,185,"Stafford County","Chlorpyrifos",2550.9,4789.5,3670.2
"KS",20,185,"Stafford County","Glyphosate",77829.9,77841.5,77835.7
"KS",20,185,"Stafford County","Malathion",789.1,789.1,789.1
"KS",20,185,"Stafford County","Paraquat",2006.2,3369.8,2688
"KS",20,187,"Stanton County","2,4-D",34343.1,34378.1,34360.6
"KS",20,187,"Stanton County","Chlorpyrifos",3780.8,3780.8,3780.8
"KS",20,187,"Stanton County","Glyphosate",100054.4,100054.6,100054.5
"KS",20,187,"Stanton County","Malathion",0,66.4,33.2
"KS",20,187,"Stanton County","Paraquat",4154.4,4759.8,4457.1
"KS",20,189,"Stevens County","2,4-D",23753.3,24039.3,23896.3
"KS",20,189,"Stevens County","Chlorpyrifos",6721.1,6721.1,6721.1
"KS",20,189,"Stevens County","Glyphosate",121584.5,121585,121584.75
"KS",20,189,"Stevens County","Malathion",0,105.8,52.9
"KS",20,189,"Stevens County","Paraquat",2802.9,4998.5,3900.7
"KS",20,191,"Sumner County","2,4-D",33089.8,33190.9,33140.35
"KS",20,191,"Sumner County","Chlorpyrifos",1510.3,4606.9,3058.6
"KS",20,191,"Sumner County","Glyphosate",152523.3,152536,152529.65
"KS",20,191,"Sumner County","Malathion",430.7,430.7,430.7
"KS",20,191,"Sumner County","Paraquat",3568.9,6752.3,5160.6
"KS",20,193,"Thomas County","2,4-D",55341.8,55458.1,55399.95
"KS",20,193,"Thomas County","Chlorpyrifos",12450.8,12458.6,12454.7
"KS",20,193,"Thomas County","Glyphosate",218747.2,218749.8,218748.5
"KS",20,193,"Thomas County","Paraquat",7065.3,8629.7,7847.5
"KS",20,195,"Trego County","2,4-D",37078.4,37102.6,37090.5
"KS",20,195,"Trego County","Chlorpyrifos",506,845.9,675.95
"KS",20,195,"Trego County","Glyphosate",110977.9,110977.9,110977.9
"KS",20,195,"Trego County","Malathion",0,165.5,82.75
"KS",20,195,"Trego County","Paraquat",1613,2549.3,2081.15
"KS",20,197,"Wabaunsee County","2,4-D",6394,6478,6436
"KS",20,197,"Wabaunsee County","Chlorpyrifos",17.6,382,199.8
"KS",20,197,"Wabaunsee County","Glyphosate",28983.6,29094.8,29039.2
"KS",20,197,"Wabaunsee County","Paraquat",22.3,145.8,84.05
"KS",20,199,"Wallace County","2,4-D",36062.6,36069.7,36066.15
"KS",20,199,"Wallace County","Chlorpyrifos",1809.7,3464.5,2637.1
"KS",20,199,"Wallace County","Glyphosate",113909.1,113909.1,113909.1
"KS",20,199,"Wallace County","Malathion",0,48.7,24.35
"KS",20,199,"Wallace County","Paraquat",2359.4,4127.7,3243.55
"KS",20,201,"Washington County","2,4-D",36780,36889.4,36834.7
"KS",20,201,"Washington County","Chlorpyrifos",1064.9,3305.6,2185.25
"KS",20,201,"Washington County","Glyphosate",213626.3,213627.9,213627.1
"KS",20,201,"Washington County","Paraquat",668.4,1838.2,1253.3
"KS",20,203,"Wichita County","2,4-D",43000,43006,43003
"KS",20,203,"Wichita County","Chlorpyrifos",685.9,1667.1,1176.5
"KS",20,203,"Wichita County","Glyphosate",129687.4,129687.4,129687.4
"KS",20,203,"Wichita County","Malathion",0,41.1,20.55
"KS",20,203,"Wichita County","Paraquat",2192.6,3794.5,2993.55
"KS",20,205,"Wilson County","2,4-D",6879.9,6884.3,6882.1
"KS",20,205,"Wilson County","Chlorpyrifos",85.1,876.3,480.7
"KS",20,205,"Wilson County","Glyphosate",60399.2,60491.1,60445.15
"KS",20,205,"Wilson County","Malathion",0.4,29.2,14.8
"KS",20,205,"Wilson County","Paraquat",31.9,1806.5,919.2
"KS",20,207,"Woodson County","2,4-D",4958.5,4966.1,4962.3
"KS",20,207,"Woodson County","Chlorpyrifos",178.4,501.1,339.75
"KS",20,207,"Woodson County","Glyphosate",30337.2,30471.2,30404.2
"KS",20,207,"Woodson County","Malathion",0.1,51.6,25.85
"KS",20,207,"Woodson County","Paraquat",195.8,1110.5,653.15
"KS",20,209,"Wyandotte County","2,4-D",563,570.8,566.9
"KS",20,209,"Wyandotte County","Chlorpyrifos",18.4,22.4,20.4
"KS",20,209,"Wyandotte County","Glyphosate",2949.7,2949.8,2949.75
"KS",20,209,"Wyandotte County","Malathion",0,0,0
"KS",20,209,"Wyandotte County","Paraquat",0,22.4,11.2
"KY",21,1,"Adair County","2,4-D",5724,5723.9,5723.95
"KY",21,1,"Adair County","Chlorpyrifos",2.6,465.7,234.15
"KY",21,1,"Adair County","Glyphosate",10736.8,11246.2,10991.5
"KY",21,1,"Adair County","Malathion",1.7,1.7,1.7
"KY",21,1,"Adair County","Paraquat",1323.1,1517.8,1420.45
"KY",21,3,"Allen County","2,4-D",5519.6,5519.3,5519.45
"KY",21,3,"Allen County","Chlorpyrifos",3.4,276,139.7
"KY",21,3,"Allen County","Glyphosate",8932.2,9502.7,9217.45
"KY",21,3,"Allen County","Paraquat",687.7,1038.6,863.15
"KY",21,5,"Anderson County","2,4-D",578.8,580.7,579.75
"KY",21,5,"Anderson County","Chlorpyrifos",17.4,102.5,59.95
"KY",21,5,"Anderson County","Glyphosate",1467.8,1467.8,1467.8
"KY",21,5,"Anderson County","Paraquat",37.4,143,90.2
"KY",21,7,"Ballard County","2,4-D",4572.6,6313.1,5442.85
"KY",21,7,"Ballard County","Chlorpyrifos",788,1599.6,1193.8
"KY",21,7,"Ballard County","Glyphosate",24694.6,25743.2,25218.9
"KY",21,7,"Ballard County","Malathion",0.5,27.2,13.85
"KY",21,7,"Ballard County","Paraquat",1080.4,1510.8,1295.6
"KY",21,9,"Barren County","2,4-D",11571.8,11571.3,11571.55
"KY",21,9,"Barren County","Chlorpyrifos",5.3,1264.3,634.8
"KY",21,9,"Barren County","Glyphosate",32679.5,33439.5,33059.5
"KY",21,9,"Barren County","Malathion",3.4,3.4,3.4
"KY",21,9,"Barren County","Paraquat",3555.4,4005.4,3780.4
"KY",21,11,"Bath County","2,4-D",1279,1291.1,1285.05
"KY",21,11,"Bath County","Chlorpyrifos",33.5,197,115.25
"KY",21,11,"Bath County","Glyphosate",5586.3,5586.3,5586.3
"KY",21,11,"Bath County","Paraquat",65,304.8,184.9
"KY",21,13,"Bell County","2,4-D",297.9,298,297.95
"KY",21,13,"Bell County","Chlorpyrifos",1.3,2.4,1.85
"KY",21,13,"Bell County","Glyphosate",19.5,22.2,20.85
"KY",21,13,"Bell County","Paraquat",12.8,15.4,14.1
"KY",21,15,"Boone County","2,4-D",374.1,375.7,374.9
"KY",21,15,"Boone County","Chlorpyrifos",123.4,165.1,144.25
"KY",21,15,"Boone County","Glyphosate",5528.8,5621.9,5575.35
"KY",21,15,"Boone County","Paraquat",251.6,259.9,255.75
"KY",21,17,"Bourbon County","2,4-D",1817.4,1880.8,1849.1
"KY",21,17,"Bourbon County","Chlorpyrifos",113,458.4,285.7
"KY",21,17,"Bourbon County","Glyphosate",10035.2,10035.3,10035.25
"KY",21,17,"Bourbon County","Paraquat",123.7,494.8,309.25
"KY",21,19,"Boyd County","2,4-D",995.2,1016.3,1005.75
"KY",21,19,"Boyd County","Chlorpyrifos",0.1,22,11.05
"KY",21,19,"Boyd County","Glyphosate",158.2,172.3,165.25
"KY",21,19,"Boyd County","Paraquat",38.8,51.7,45.25
"KY",21,21,"Boyle County","2,4-D",806.8,831.7,819.25
"KY",21,21,"Boyle County","Chlorpyrifos",24.8,253.5,139.15
"KY",21,21,"Boyle County","Glyphosate",5900.4,5900.4,5900.4
"KY",21,21,"Boyle County","Paraquat",114.3,240.7,177.5
"KY",21,23,"Bracken County","2,4-D",161,165.8,163.4
"KY",21,23,"Bracken County","Chlorpyrifos",52,140.2,96.1
"KY",21,23,"Bracken County","Glyphosate",2309.6,2448.7,2379.15
"KY",21,23,"Bracken County","Paraquat",119.9,123.7,121.8
"KY",21,25,"Breathitt County","2,4-D",448.7,459.7,454.2
"KY",21,25,"Breathitt County","Chlorpyrifos",0,17.7,8.85
"KY",21,25,"Breathitt County","Glyphosate",74.4,79.9,77.15
"KY",21,25,"Breathitt County","Paraquat",23.7,30.2,26.95
"KY",21,27,"Breckinridge County","2,4-D",11358.9,11358.6,11358.75
"KY",21,27,"Breckinridge County","Chlorpyrifos",5.7,1043.2,524.45
"KY",21,27,"Breckinridge County","Glyphosate",37408.1,38068.2,37738.15
"KY",21,27,"Breckinridge County","Malathion",3.9,3.9,3.9
"KY",21,27,"Breckinridge County","Paraquat",3038.8,3389.2,3214
"KY",21,29,"Bullitt County","2,4-D",1760.7,1760.5,1760.6
"KY",21,29,"Bullitt County","Chlorpyrifos",4.7,127.5,66.1
"KY",21,29,"Bullitt County","Glyphosate",4819.2,4949.3,4884.25
"KY",21,29,"Bullitt County","Malathion",7.4,7.4,7.4
"KY",21,29,"Bullitt County","Paraquat",360.5,402.4,381.45
"KY",21,31,"Butler County","2,4-D",7259.8,7259.5,7259.65
"KY",21,31,"Butler County","Chlorpyrifos",4,726.4,365.2
"KY",21,31,"Butler County","Glyphosate",27391.2,27730.3,27560.75
"KY",21,31,"Butler County","Malathion",4.3,4.3,4.3
"KY",21,31,"Butler County","Paraquat",2214.7,2321.6,2268.15
"KY",21,33,"Caldwell County","2,4-D",3799.8,3816.4,3808.1
"KY",21,33,"Caldwell County","Chlorpyrifos",6.1,1009,507.55
"KY",21,33,"Caldwell County","Glyphosate",43657.9,43658.3,43658.1
"KY",21,33,"Caldwell County","Malathion",7.5,7.5,7.5
"KY",21,33,"Caldwell County","Paraquat",192.4,787.8,490.1
"KY",21,35,"Calloway County","2,4-D",6570.2,8509.3,7539.75
"KY",21,35,"Calloway County","Chlorpyrifos",175.4,1154,664.7
"KY",21,35,"Calloway County","Glyphosate",28995.5,30334.6,29665.05
"KY",21,35,"Calloway County","Malathion",0.5,6.4,3.45
"KY",21,35,"Calloway County","Paraquat",1433.1,1905,1669.05
"KY",21,37,"Campbell County","2,4-D",63.8,65.1,64.45
"KY",21,37,"Campbell County","Chlorpyrifos",36.6,48.5,42.55
"KY",21,37,"Campbell County","Glyphosate",796.5,834.4,815.45
"KY",21,37,"Campbell County","Paraquat",76.9,77.9,77.4
"KY",21,39,"Carlisle County","2,4-D",3761.4,5015.1,4388.25
"KY",21,39,"Carlisle County","Chlorpyrifos",84.7,748.1,416.4
"KY",21,39,"Carlisle County","Glyphosate",20063.5,20613.5,20338.5
"KY",21,39,"Carlisle County","Malathion",0,2.6,1.3
"KY",21,39,"Carlisle County","Paraquat",913.4,1235.9,1074.65
"KY",21,41,"Carroll County","2,4-D",318.8,320,319.4
"KY",21,41,"Carroll County","Chlorpyrifos",58.1,90.3,74.2
"KY",21,41,"Carroll County","Glyphosate",5014,5071.7,5042.85
"KY",21,41,"Carroll County","Paraquat",138.4,146.1,142.25
"KY",21,43,"Carter County","2,4-D",3451.9,3506.7,3479.3
"KY",21,43,"Carter County","Chlorpyrifos",0.1,73.1,36.6
"KY",21,43,"Carter County","Glyphosate",359,438.9,398.95
"KY",21,43,"Carter County","Paraquat",145.9,178.5,162.2
"KY",21,45,"Casey County","2,4-D",5390.7,5390.1,5390.4
"KY",21,45,"Casey County","Chlorpyrifos",7,418.7,212.85
"KY",21,45,"Casey County","Glyphosate",9665.9,10162.6,9914.25
"KY",21,45,"Casey County","Malathion",4,4,4
"KY",21,45,"Casey County","Paraquat",1164.4,1344.2,1254.3
"KY",21,47,"Christian County","2,4-D",9892.9,10082.7,9987.8
"KY",21,47,"Christian County","Chlorpyrifos",64.8,2363.9,1214.35
"KY",21,47,"Christian County","Glyphosate",111107.9,111109.2,111108.55
"KY",21,47,"Christian County","Malathion",27.8,27.8,27.8
"KY",21,47,"Christian County","Paraquat",460.1,1981.4,1220.75
"KY",21,49,"Clark County","2,4-D",1256.3,1264.3,1260.3
"KY",21,49,"Clark County","Chlorpyrifos",30,217,123.5
"KY",21,49,"Clark County","Glyphosate",5871.1,5871.1,5871.1
"KY",21,49,"Clark County","Paraquat",71.6,312.8,192.2
"KY",21,51,"Clay County","2,4-D",651.8,694.8,673.3
"KY",21,51,"Clay County","Chlorpyrifos",0.3,63.2,31.75
"KY",21,51,"Clay County","Glyphosate",298.7,304.4,301.55
"KY",21,51,"Clay County","Paraquat",45.8,72.8,59.3
"KY",21,53,"Clinton County","2,4-D",2182.8,2182.7,2182.75
"KY",21,53,"Clinton County","Chlorpyrifos",1.8,71,36.4
"KY",21,53,"Clinton County","Glyphosate",1954.6,2207.3,2080.95
"KY",21,53,"Clinton County","Paraquat",195,282.9,238.95
"KY",21,55,"Crittenden County","2,4-D",2451.2,2454.2,2452.7
"KY",21,55,"Crittenden County","Chlorpyrifos",3,436.6,219.8
"KY",21,55,"Crittenden County","Glyphosate",25762.4,25763.6,25763
"KY",21,55,"Crittenden County","Paraquat",94.7,522.2,308.45
"KY",21,57,"Cumberland County","2,4-D",2021.8,2021.7,2021.75
"KY",21,57,"Cumberland County","Chlorpyrifos",0.5,98.7,49.6
"KY",21,57,"Cumberland County","Glyphosate",3841,4031.7,3936.35
"KY",21,57,"Cumberland County","Paraquat",292.7,354.9,323.8
"KY",21,59,"Daviess County","2,4-D",6539,6642.3,6590.65
"KY",21,59,"Daviess County","Chlorpyrifos",35.7,1212.1,623.9
"KY",21,59,"Daviess County","Glyphosate",89062.8,89063.7,89063.25
"KY",21,59,"Daviess County","Malathion",1.1,1.1,1.1
"KY",21,59,"Daviess County","Paraquat",375.5,1763.5,1069.5
"KY",21,61,"Edmonson County","2,4-D",3047.3,3047.3,3047.3
"KY",21,61,"Edmonson County","Chlorpyrifos",1,128.4,64.7
"KY",21,61,"Edmonson County","Glyphosate",8803.4,9030.1,8916.75
"KY",21,61,"Edmonson County","Paraquat",404,483.3,443.65
"KY",21,63,"Elliott County","2,4-D",1780.8,1802.6,1791.7
"KY",21,63,"Elliott County","Chlorpyrifos",0.7,26.1,13.4
"KY",21,63,"Elliott County","Glyphosate",145.5,172.6,159.05
"KY",21,63,"Elliott County","Paraquat",71.5,84.6,78.05
"KY",21,65,"Estill County","2,4-D",1558.4,1643.1,1600.75
"KY",21,65,"Estill County","Chlorpyrifos",0.4,85.9,43.15
"KY",21,65,"Estill County","Glyphosate",1112.4,1154,1133.2
"KY",21,65,"Estill County","Paraquat",59.9,117.9,88.9
"KY",21,67,"Fayette County","2,4-D",1108.4,1124.6,1116.5
"KY",21,67,"Fayette County","Chlorpyrifos",29.7,256.8,143.25
"KY",21,67,"Fayette County","Glyphosate",5940.6,5940.7,5940.65
"KY",21,67,"Fayette County","Paraquat",90.2,311.3,200.75
"KY",21,69,"Fleming County","2,4-D",1631.7,1660.7,1646.2
"KY",21,69,"Fleming County","Chlorpyrifos",92.9,450.2,271.55
"KY",21,69,"Fleming County","Glyphosate",13402.2,13402.4,13402.3
"KY",21,69,"Fleming County","Paraquat",139.9,458.9,299.4
"KY",21,71,"Floyd County","2,4-D",167.4,179,173.2
"KY",21,71,"Floyd County","Chlorpyrifos",0.1,11.4,5.75
"KY",21,71,"Floyd County","Glyphosate",76.7,77.5,77.1
"KY",21,71,"Floyd County","Paraquat",6.8,13.8,10.3
"KY",21,73,"Franklin County","2,4-D",586.8,605.2,596
"KY",21,73,"Franklin County","Chlorpyrifos",15.6,124.2,69.9
"KY",21,73,"Franklin County","Glyphosate",2590.4,2590.5,2590.45
"KY",21,73,"Franklin County","Paraquat",44.3,158.4,101.35
"KY",21,75,"Fulton County","2,4-D",5016.5,6342.8,5679.65
"KY",21,75,"Fulton County","Chlorpyrifos",83.4,886.8,485.1
"KY",21,75,"Fulton County","Glyphosate",23045.5,23750.1,23397.8
"KY",21,75,"Fulton County","Malathion",0,2.7,1.35
"KY",21,75,"Fulton County","Paraquat",1356.9,1689.8,1523.35
"KY",21,77,"Gallatin County","2,4-D",255.6,274.4,265
"KY",21,77,"Gallatin County","Chlorpyrifos",36.1,92.2,64.15
"KY",21,77,"Gallatin County","Glyphosate",4144.8,4209.4,4177.1
"KY",21,77,"Gallatin County","Paraquat",84.2,90.8,87.5
"KY",21,79,"Garrard County","2,4-D",1098.3,1113.3,1105.8
"KY",21,79,"Garrard County","Chlorpyrifos",42,219.7,130.85
"KY",21,79,"Garrard County","Glyphosate",2309.7,2309.8,2309.75
"KY",21,79,"Garrard County","Paraquat",42.3,295.1,168.7
"KY",21,81,"Grant County","2,4-D",102,106.9,104.45
"KY",21,81,"Grant County","Chlorpyrifos",39.9,119.6,79.75
"KY",21,81,"Grant County","Glyphosate",1454.4,1591.4,1522.9
"KY",21,81,"Grant County","Paraquat",88.8,91.4,90.1
"KY",21,83,"Graves County","2,4-D",11645.6,15808.7,13727.15
"KY",21,83,"Graves County","Chlorpyrifos",201.3,2257.6,1229.45
"KY",21,83,"Graves County","Glyphosate",62385.1,64564.8,63474.95
"KY",21,83,"Graves County","Malathion",0.5,6.5,3.5
"KY",21,83,"Graves County","Paraquat",2727.9,3774.7,3251.3
"KY",21,85,"Grayson County","2,4-D",7923.3,7923.1,7923.2
"KY",21,85,"Grayson County","Chlorpyrifos",4.5,581.6,293.05
"KY",21,85,"Grayson County","Glyphosate",22820.5,23369.3,23094.9
"KY",21,85,"Grayson County","Malathion",2.3,2.3,2.3
"KY",21,85,"Grayson County","Paraquat",1727.7,1913,1820.35
"KY",21,87,"Green County","2,4-D",5379.6,5379.5,5379.55
"KY",21,87,"Green County","Chlorpyrifos",1.8,358.1,179.95
"KY",21,87,"Green County","Glyphosate",13206,13645.4,13425.7
"KY",21,87,"Green County","Malathion",2.8,2.8,2.8
"KY",21,87,"Green County","Paraquat",989.9,1248.3,1119.1
"KY",21,89,"Greenup County","2,4-D",2191.9,2272.3,2232.1
"KY",21,89,"Greenup County","Chlorpyrifos",2.8,90.1,46.45
"KY",21,89,"Greenup County","Glyphosate",1274.2,1337.8,1306
"KY",21,89,"Greenup County","Paraquat",90.1,147.2,118.65
"KY",21,91,"Hancock County","2,4-D",1251,1265,1258
"KY",21,91,"Hancock County","Chlorpyrifos",4.2,336.8,170.5
"KY",21,91,"Hancock County","Glyphosate",15229.2,15229.2,15229.2
"KY",21,91,"Hancock County","Malathion",1.1,1.1,1.1
"KY",21,91,"Hancock County","Paraquat",51.9,323.6,187.75
"KY",21,93,"Hardin County","2,4-D",11658.9,11658.6,11658.75
"KY",21,93,"Hardin County","Chlorpyrifos",7.3,1443.4,725.35
"KY",21,93,"Hardin County","Glyphosate",43815.8,44304.9,44060.35
"KY",21,93,"Hardin County","Malathion",14.7,14.7,14.7
"KY",21,93,"Hardin County","Paraquat",4220.8,4401,4310.9
"KY",21,95,"Harlan County","2,4-D",179.2,175.9,177.55
"KY",21,95,"Harlan County","Chlorpyrifos",5.2,5.2,5.2
"KY",21,95,"Harlan County","Glyphosate",7.7,8.4,8.05
"KY",21,95,"Harlan County","Paraquat",9.1,9.1,9.1
"KY",21,97,"Harrison County","2,4-D",1297,1318.3,1307.65
"KY",21,97,"Harrison County","Chlorpyrifos",65.3,447.4,256.35
"KY",21,97,"Harrison County","Glyphosate",6619.2,6619.2,6619.2
"KY",21,97,"Harrison County","Paraquat",121.1,430,275.55
"KY",21,99,"Hart County","2,4-D",5943.5,5942.9,5943.2
"KY",21,99,"Hart County","Chlorpyrifos",6.7,347.2,176.95
"KY",21,99,"Hart County","Glyphosate",13307.1,13840.2,13573.65
"KY",21,99,"Hart County","Malathion",0.7,0.7,0.7
"KY",21,99,"Hart County","Paraquat",855.7,1104.1,979.9
"KY",21,101,"Henderson County","2,4-D",7109.3,7129.2,7119.25
"KY",21,101,"Henderson County","Chlorpyrifos",13.9,1348.9,681.4
"KY",21,101,"Henderson County","Glyphosate",101173.5,101174.7,101174.1
"KY",21,101,"Henderson County","Malathion",22.8,22.8,22.8
"KY",21,101,"Henderson County","Paraquat",442.7,1989.9,1216.3
"KY",21,103,"Henry County","2,4-D",1594.9,1620.8,1607.85
"KY",21,103,"Henry County","Chlorpyrifos",328.1,542,435.05
"KY",21,103,"Henry County","Glyphosate",24864.8,25171.7,25018.25
"KY",21,103,"Henry County","Paraquat",778.9,816.4,797.65
"KY",21,105,"Hickman County","2,4-D",5338.2,7746.5,6542.35
"KY",21,105,"Hickman County","Chlorpyrifos",328.1,1452.8,890.45
"KY",21,105,"Hickman County","Glyphosate",34343.1,35683.7,35013.4
"KY",21,105,"Hickman County","Malathion",0,11,5.5
"KY",21,105,"Hickman County","Paraquat",1448.9,2052.4,1750.65
"KY",21,107,"Hopkins County","2,4-D",3501.9,3510.3,3506.1
"KY",21,107,"Hopkins County","Chlorpyrifos",4.3,757.5,380.9
"KY",21,107,"Hopkins County","Glyphosate",42734.4,42735.6,42735
"KY",21,107,"Hopkins County","Paraquat",171.4,856.8,514.1
"KY",21,109,"Jackson County","2,4-D",2389.2,2427.3,2408.25
"KY",21,109,"Jackson County","Chlorpyrifos",0.4,57,28.7
"KY",21,109,"Jackson County","Glyphosate",255.9,329.7,292.8
"KY",21,109,"Jackson County","Paraquat",104,127.7,115.85
"KY",21,111,"Jefferson County","2,4-D",809.1,808.5,808.8
"KY",21,111,"Jefferson County","Chlorpyrifos",5.9,85,45.45
"KY",21,111,"Jefferson County","Glyphosate",2219.8,2274.6,2247.2
"KY",21,111,"Jefferson County","Malathion",6.2,6.2,6.2
"KY",21,111,"Jefferson County","Paraquat",230.1,251,240.55
"KY",21,113,"Jessamine County","2,4-D",677.8,697.7,687.75
"KY",21,113,"Jessamine County","Chlorpyrifos",22.3,107.6,64.95
"KY",21,113,"Jessamine County","Glyphosate",1985.3,1985.5,1985.4
"KY",21,113,"Jessamine County","Paraquat",33.1,164.9,99
"KY",21,115,"Johnson County","2,4-D",688.3,701.8,695.05
"KY",21,115,"Johnson County","Chlorpyrifos",0,13.8,6.9
"KY",21,115,"Johnson County","Glyphosate",88.1,96.5,92.3
"KY",21,115,"Johnson County","Paraquat",27,35,31
"KY",21,117,"Kenton County","2,4-D",38.8,40.7,39.75
"KY",21,117,"Kenton County","Chlorpyrifos",34.2,61.8,48
"KY",21,117,"Kenton County","Glyphosate",440.9,500.8,470.85
"KY",21,117,"Kenton County","Paraquat",70.7,71.4,71.05
"KY",21,119,"Knott County","2,4-D",224.1,224.1,224.1
"KY",21,119,"Knott County","Glyphosate",0,1,0.5
"KY",21,119,"Knott County","Paraquat",8.8,8.8,8.8
"KY",21,121,"Knox County","2,4-D",739.7,767.1,753.4
"KY",21,121,"Knox County","Chlorpyrifos",0,28.7,14.35
"KY",21,121,"Knox County","Glyphosate",193.7,217,205.35
"KY",21,121,"Knox County","Paraquat",29.5,45.8,37.65
"KY",21,123,"Larue County","2,4-D",7830.5,7830.2,7830.35
"KY",21,123,"Larue County","Chlorpyrifos",10.5,1086.5,548.5
"KY",21,123,"Larue County","Glyphosate",31926.3,32178.6,32052.45
"KY",21,123,"Larue County","Malathion",4.4,4.4,4.4
"KY",21,123,"Larue County","Paraquat",3156.7,3300.6,3228.65
"KY",21,125,"Laurel County","2,4-D",3039.8,3117.3,3078.55
"KY",21,125,"Laurel County","Chlorpyrifos",8,104.3,56.15
"KY",21,125,"Laurel County","Glyphosate",829,891,860
"KY",21,125,"Laurel County","Paraquat",139.3,189.3,164.3
"KY",21,127,"Lawrence County","2,4-D",1340.2,1345.9,1343.05
"KY",21,127,"Lawrence County","Chlorpyrifos",0,6.1,3.05
"KY",21,127,"Lawrence County","Glyphosate",72.7,88.6,80.65
"KY",21,127,"Lawrence County","Paraquat",54.4,57.8,56.1
"KY",21,129,"Lee County","2,4-D",426.6,431.8,429.2
"KY",21,129,"Lee County","Chlorpyrifos",0,6.2,3.1
"KY",21,129,"Lee County","Glyphosate",48.8,59.5,54.15
"KY",21,129,"Lee County","Paraquat",16.9,20.2,18.55
"KY",21,131,"Leslie County","2,4-D",35.6,35.6,35.6
"KY",21,131,"Leslie County","Glyphosate",0,0.2,0.1
"KY",21,131,"Leslie County","Paraquat",1.4,1.4,1.4
"KY",21,133,"Letcher County","2,4-D",40.6,40.9,40.75
"KY",21,133,"Letcher County","Chlorpyrifos",0,0.3,0.15
"KY",21,133,"Letcher County","Glyphosate",1.8,2.1,1.95
"KY",21,133,"Letcher County","Paraquat",1.6,1.7,1.65
"KY",21,135,"Lewis County","2,4-D",2401.3,2510.8,2456.05
"KY",21,135,"Lewis County","Chlorpyrifos",0.7,141.8,71.25
"KY",21,135,"Lewis County","Glyphosate",4238.5,4344.8,4291.65
"KY",21,135,"Lewis County","Paraquat",108.3,220.9,164.6
"KY",21,137,"Lincoln County","2,4-D",1593.7,1618.8,1606.25
"KY",21,137,"Lincoln County","Chlorpyrifos",96.7,658.8,377.75
"KY",21,137,"Lincoln County","Glyphosate",14792.6,14792.7,14792.65
"KY",21,137,"Lincoln County","Paraquat",275,534.7,404.85
"KY",21,139,"Livingston County","2,4-D",4435.1,5089,4762.05
"KY",21,139,"Livingston County","Chlorpyrifos",220.9,589.6,405.25
"KY",21,139,"Livingston County","Glyphosate",11008.5,11279.6,11144.05
"KY",21,139,"Livingston County","Malathion",0.3,7.8,4.05
"KY",21,139,"Livingston County","Paraquat",535.7,704.6,620.15
"KY",21,141,"Logan County","2,4-D",8295.7,8478,8386.85
"KY",21,141,"Logan County","Chlorpyrifos",32.2,1211.8,622
"KY",21,141,"Logan County","Glyphosate",93839.7,93840.7,93840.2
"KY",21,141,"Logan County","Malathion",9.6,9.6,9.6
"KY",21,141,"Logan County","Paraquat",345.2,1776.5,1060.85
"KY",21,143,"Lyon County","2,4-D",1677.7,1940.8,1809.25
"KY",21,143,"Lyon County","Chlorpyrifos",341.8,501.8,421.8
"KY",21,143,"Lyon County","Glyphosate",4693.5,4801.2,4747.35
"KY",21,143,"Lyon County","Malathion",0.1,11.9,6
"KY",21,143,"Lyon County","Paraquat",244.6,313.1,278.85
"KY",21,145,"McCracken County","2,4-D",2820.7,3663,3241.85
"KY",21,145,"McCracken County","Chlorpyrifos",214,659.5,436.75
"KY",21,145,"McCracken County","Glyphosate",13476.9,13877.2,13677.05
"KY",21,145,"McCracken County","Malathion",0.8,7.7,4.25
"KY",21,145,"McCracken County","Paraquat",634.6,848.8,741.7
"KY",21,147,"McCreary County","2,4-D",453.2,455.1,454.15
"KY",21,147,"McCreary County","Chlorpyrifos",0,3.5,1.75
"KY",21,147,"McCreary County","Glyphosate",16.3,30.7,23.5
"KY",21,147,"McCreary County","Paraquat",17.8,19,18.4
"KY",21,149,"McLean County","2,4-D",4458.1,4476.9,4467.5
"KY",21,149,"McLean County","Chlorpyrifos",10.3,683,346.65
"KY",21,149,"McLean County","Glyphosate",60110.9,60112.2,60111.55
"KY",21,149,"McLean County","Malathion",13,13,13
"KY",21,149,"McLean County","Paraquat",250.4,1188.5,719.45
"KY",21,151,"Madison County","2,4-D",2007.3,2018.3,2012.8
"KY",21,151,"Madison County","Chlorpyrifos",58.5,203.5,131
"KY",21,151,"Madison County","Glyphosate",2604.2,2604.3,2604.25
"KY",21,151,"Madison County","Paraquat",57.2,433.4,245.3
"KY",21,153,"Magoffin County","2,4-D",1328.9,1339.7,1334.3
"KY",21,153,"Magoffin County","Chlorpyrifos",0.1,19.3,9.7
"KY",21,153,"Magoffin County","Glyphosate",73.7,87.1,80.4
"KY",21,153,"Magoffin County","Paraquat",59,65.5,62.25
"KY",21,155,"Marion County","2,4-D",7556.5,7556.3,7556.4
"KY",21,155,"Marion County","Chlorpyrifos",4.5,738,371.25
"KY",21,155,"Marion County","Glyphosate",21326.7,21832.2,21579.45
"KY",21,155,"Marion County","Malathion",15.3,15.3,15.3
"KY",21,155,"Marion County","Paraquat",2060.2,2274.7,2167.45
"KY",21,157,"Marshall County","2,4-D",3790.8,4463.3,4127.05
"KY",21,157,"Marshall County","Chlorpyrifos",167.2,551.1,359.15
"KY",21,157,"Marshall County","Glyphosate",11163.4,11578.2,11370.8
"KY",21,157,"Marshall County","Malathion",0.3,5.9,3.1
"KY",21,157,"Marshall County","Paraquat",635.1,800.7,717.9
"KY",21,159,"Martin County","2,4-D",325.4,325.4,325.4
"KY",21,159,"Martin County","Glyphosate",0,1.5,0.75
"KY",21,159,"Martin County","Paraquat",12.8,12.8,12.8
"KY",21,161,"Mason County","2,4-D",1076.1,1104.3,1090.2
"KY",21,161,"Mason County","Chlorpyrifos",75.7,603.1,339.4
"KY",21,161,"Mason County","Glyphosate",12183.1,12183.1,12183.1
"KY",21,161,"Mason County","Paraquat",211.2,439.1,325.15
"KY",21,163,"Meade County","2,4-D",6557.4,6557.2,6557.3
"KY",21,163,"Meade County","Chlorpyrifos",2.2,848.1,425.15
"KY",21,163,"Meade County","Glyphosate",23994.4,24258,24126.2
"KY",21,163,"Meade County","Malathion",9.1,9.1,9.1
"KY",21,163,"Meade County","Paraquat",2461.1,2556.1,2508.6
"KY",21,165,"Menifee County","2,4-D",1223.2,1290.2,1256.7
"KY",21,165,"Menifee County","Chlorpyrifos",0,66.9,33.45
"KY",21,165,"Menifee County","Glyphosate",1013.9,1057.5,1035.7
"KY",21,165,"Menifee County","Paraquat",46.9,93,69.95
"KY",21,167,"Mercer County","2,4-D",1287.2,1349.5,1318.35
"KY",21,167,"Mercer County","Chlorpyrifos",90.6,548.2,319.4
"KY",21,167,"Mercer County","Glyphosate",10183.4,10183.4,10183.4
"KY",21,167,"Mercer County","Paraquat",212,431.7,321.85
"KY",21,169,"Metcalfe County","2,4-D",4416.4,4415.1,4415.75
"KY",21,169,"Metcalfe County","Chlorpyrifos",13.6,347.3,180.45
"KY",21,169,"Metcalfe County","Glyphosate",7572.6,7995.8,7784.2
"KY",21,169,"Metcalfe County","Malathion",14.7,14.7,14.7
"KY",21,169,"Metcalfe County","Paraquat",882.7,1087.8,985.25
"KY",21,171,"Monroe County","2,4-D",6148.4,6148.3,6148.35
"KY",21,171,"Monroe County","Chlorpyrifos",2.1,444.7,223.4
"KY",21,171,"Monroe County","Glyphosate",9463.3,10075.1,9769.2
"KY",21,171,"Monroe County","Malathion",1.1,1.1,1.1
"KY",21,171,"Monroe County","Paraquat",1173.1,1526.3,1349.7
"KY",21,173,"Montgomery County","2,4-D",765,771.4,768.2
"KY",21,173,"Montgomery County","Chlorpyrifos",14.8,198.6,106.7
"KY",21,173,"Montgomery County","Glyphosate",2044.1,2044.1,2044.1
"KY",21,173,"Montgomery County","Paraquat",51.3,234,142.65
"KY",21,175,"Morgan County","2,4-D",3301.4,3349,3325.2
"KY",21,175,"Morgan County","Chlorpyrifos",0.5,57.9,29.2
"KY",21,175,"Morgan County","Glyphosate",389.6,425.1,407.35
"KY",21,175,"Morgan County","Paraquat",139.3,167.3,153.3
"KY",21,177,"Muhlenberg County","2,4-D",2187.5,2206.1,2196.8
"KY",21,177,"Muhlenberg County","Chlorpyrifos",7.6,471.5,239.55
"KY",21,177,"Muhlenberg County","Glyphosate",23444.1,23444.6,23444.35
"KY",21,177,"Muhlenberg County","Malathion",5.7,5.7,5.7
"KY",21,177,"Muhlenberg County","Paraquat",92.7,459.6,276.15
"KY",21,179,"Nelson County","2,4-D",9014.4,9014.1,9014.25
"KY",21,179,"Nelson County","Chlorpyrifos",5.6,1062.2,533.9
"KY",21,179,"Nelson County","Glyphosate",28071.9,28559.4,28315.65
"KY",21,179,"Nelson County","Malathion",5.7,5.7,5.7
"KY",21,179,"Nelson County","Paraquat",3002.8,3191.4,3097.1
"KY",21,181,"Nicholas County","2,4-D",747.4,773.6,760.5
"KY",21,181,"Nicholas County","Chlorpyrifos",50.6,282.7,166.65
"KY",21,181,"Nicholas County","Glyphosate",2529.9,2529.9,2529.9
"KY",21,181,"Nicholas County","Paraquat",50.8,263.2,157
"KY",21,183,"Ohio County","2,4-D",3646.5,3654.7,3650.6
"KY",21,183,"Ohio County","Chlorpyrifos",3.2,629.1,316.15
"KY",21,183,"Ohio County","Glyphosate",42725.4,42726.2,42725.8
"KY",21,183,"Ohio County","Malathion",2.8,2.8,2.8
"KY",21,183,"Ohio County","Paraquat",185.3,825.7,505.5
"KY",21,185,"Oldham County","2,4-D",612.9,633.2,623.05
"KY",21,185,"Oldham County","Chlorpyrifos",134,155.7,144.85
"KY",21,185,"Oldham County","Glyphosate",9519.9,9601.6,9560.75
"KY",21,185,"Oldham County","Paraquat",319,333.1,326.05
"KY",21,187,"Owen County","2,4-D",308.2,371.5,339.85
"KY",21,187,"Owen County","Chlorpyrifos",78.2,211.8,145
"KY",21,187,"Owen County","Glyphosate",4767.1,4973.4,4870.25
"KY",21,187,"Owen County","Paraquat",176.6,184.2,180.4
"KY",21,189,"Owsley County","2,4-D",535.4,547.4,541.4
"KY",21,189,"Owsley County","Chlorpyrifos",0,21.1,10.55
"KY",21,189,"Owsley County","Glyphosate",82,93.5,87.75
"KY",21,189,"Owsley County","Paraquat",29.6,36.9,33.25
"KY",21,191,"Pendleton County","2,4-D",320.1,325.9,323
"KY",21,191,"Pendleton County","Chlorpyrifos",28.8,127.3,78.05
"KY",21,191,"Pendleton County","Glyphosate",5235.8,5343.2,5289.5
"KY",21,191,"Pendleton County","Paraquat",64.5,73.2,68.85
"KY",21,193,"Perry County","2,4-D",456.2,468.4,462.3
"KY",21,193,"Perry County","Chlorpyrifos",0,12.1,6.05
"KY",21,193,"Perry County","Glyphosate",80,83.8,81.9
"KY",21,193,"Perry County","Paraquat",17.8,25.1,21.45
"KY",21,195,"Pike County","2,4-D",492.1,498.9,495.5
"KY",21,195,"Pike County","Chlorpyrifos",0.2,6.9,3.55
"KY",21,195,"Pike County","Glyphosate",134,136.2,135.1
"KY",21,195,"Pike County","Paraquat",19,24.5,21.75
"KY",21,197,"Powell County","2,4-D",879.9,929.4,904.65
"KY",21,197,"Powell County","Chlorpyrifos",3.3,56.8,30.05
"KY",21,197,"Powell County","Glyphosate",1064.5,1084.3,1074.4
"KY",21,197,"Powell County","Paraquat",36,76.8,56.4
"KY",21,199,"Pulaski County","2,4-D",7121.7,8168.5,7645.1
"KY",21,199,"Pulaski County","Chlorpyrifos",4.4,938.4,471.4
"KY",21,199,"Pulaski County","Glyphosate",13251,13536.4,13393.7
"KY",21,199,"Pulaski County","Paraquat",293.8,937.8,615.8
"KY",21,201,"Robertson County","2,4-D",264.2,265.8,265
"KY",21,201,"Robertson County","Chlorpyrifos",12.9,62.9,37.9
"KY",21,201,"Robertson County","Glyphosate",595.4,595.4,595.4
"KY",21,201,"Robertson County","Paraquat",16.8,72.5,44.65
"KY",21,203,"Rockcastle County","2,4-D",2414.9,2591.6,2503.25
"KY",21,203,"Rockcastle County","Chlorpyrifos",0.9,196.1,98.5
"KY",21,203,"Rockcastle County","Glyphosate",1866.5,2014.4,1940.45
"KY",21,203,"Rockcastle County","Paraquat",112.4,219.9,166.15
"KY",21,205,"Rowan County","2,4-D",1006.6,1074.6,1040.6
"KY",21,205,"Rowan County","Chlorpyrifos",2.5,75.3,38.9
"KY",21,205,"Rowan County","Glyphosate",1713.3,1745.5,1729.4
"KY",21,205,"Rowan County","Paraquat",37.8,97.6,67.7
"KY",21,207,"Russell County","2,4-D",3717.6,3717.5,3717.55
"KY",21,207,"Russell County","Chlorpyrifos",2.1,234.9,118.5
"KY",21,207,"Russell County","Glyphosate",8472.5,8788.3,8630.4
"KY",21,207,"Russell County","Malathion",1.4,1.4,1.4
"KY",21,207,"Russell County","Paraquat",678.9,778.7,728.8
"KY",21,209,"Scott County","2,4-D",1132.3,1156,1144.15
"KY",21,209,"Scott County","Chlorpyrifos",72.7,326.5,199.6
"KY",21,209,"Scott County","Glyphosate",5033.8,5034.2,5034
"KY",21,209,"Scott County","Paraquat",98.2,336.8,217.5
"KY",21,211,"Shelby County","2,4-D",1838.2,1964.8,1901.5
"KY",21,211,"Shelby County","Chlorpyrifos",74.1,1124.8,599.45
"KY",21,211,"Shelby County","Glyphosate",31559.2,31559.6,31559.4
"KY",21,211,"Shelby County","Paraquat",498.2,775,636.6
"KY",21,213,"Simpson County","2,4-D",4910.6,4971.5,4941.05
"KY",21,213,"Simpson County","Chlorpyrifos",2.8,860,431.4
"KY",21,213,"Simpson County","Glyphosate",56189.3,56189.2,56189.25
"KY",21,213,"Simpson County","Malathion",10.7,10.7,10.7
"KY",21,213,"Simpson County","Paraquat",223.4,1021.4,622.4
"KY",21,215,"Spencer County","2,4-D",632.8,649.7,641.25
"KY",21,215,"Spencer County","Chlorpyrifos",26.4,181.8,104.1
"KY",21,215,"Spencer County","Glyphosate",7849.8,7849.9,7849.85
"KY",21,215,"Spencer County","Paraquat",83,175.7,129.35
"KY",21,217,"Taylor County","2,4-D",5405.1,5404.7,5404.9
"KY",21,217,"Taylor County","Chlorpyrifos",5.3,588.7,297
"KY",21,217,"Taylor County","Glyphosate",18532.8,18788.6,18660.7
"KY",21,217,"Taylor County","Paraquat",1714.7,1855.6,1785.15
"KY",21,219,"Todd County","2,4-D",6008.4,6149.3,6078.85
"KY",21,219,"Todd County","Chlorpyrifos",34,1194.9,614.45
"KY",21,219,"Todd County","Glyphosate",68059.3,68061.5,68060.4
"KY",21,219,"Todd County","Malathion",36.8,36.8,36.8
"KY",21,219,"Todd County","Paraquat",281.3,1240.1,760.7
"KY",21,221,"Trigg County","2,4-D",4666.8,6209.6,5438.2
"KY",21,221,"Trigg County","Chlorpyrifos",668,1298.8,983.4
"KY",21,221,"Trigg County","Glyphosate",19244.6,20458.5,19851.55
"KY",21,221,"Trigg County","Malathion",0.8,23.4,12.1
"KY",21,221,"Trigg County","Paraquat",760,1127.1,943.55
"KY",21,223,"Trimble County","2,4-D",528.5,555.2,541.85
"KY",21,223,"Trimble County","Chlorpyrifos",62.4,142.3,102.35
"KY",21,223,"Trimble County","Glyphosate",8621.8,8731.9,8676.85
"KY",21,223,"Trimble County","Paraquat",148.7,162.5,155.6
"KY",21,225,"Union County","2,4-D",6994.9,7004.9,6999.9
"KY",21,225,"Union County","Chlorpyrifos",9.5,950.4,479.95
"KY",21,225,"Union County","Glyphosate",84751.8,84753.1,84752.45
"KY",21,225,"Union County","Paraquat",469.5,1390.2,929.85
"KY",21,227,"Warren County","2,4-D",12913.9,12910.7,12912.3
"KY",21,227,"Warren County","Chlorpyrifos",53.4,1665.4,859.4
"KY",21,227,"Warren County","Glyphosate",43363.2,43894.6,43628.9
"KY",21,227,"Warren County","Malathion",7.9,7.9,7.9
"KY",21,227,"Warren County","Paraquat",4786.5,4998.7,4892.6
"KY",21,229,"Washington County","2,4-D",1171.2,1292.5,1231.85
"KY",21,229,"Washington County","Chlorpyrifos",39.3,506.2,272.75
"KY",21,229,"Washington County","Glyphosate",9990.9,9991,9990.95
"KY",21,229,"Washington County","Paraquat",213.3,414.8,314.05
"KY",21,231,"Wayne County","2,4-D",3616.4,4179.3,3897.85
"KY",21,231,"Wayne County","Chlorpyrifos",1.5,497.7,249.6
"KY",21,231,"Wayne County","Glyphosate",7224.1,7373.7,7298.9
"KY",21,231,"Wayne County","Paraquat",140.5,488.7,314.6
"KY",21,233,"Webster County","2,4-D",4024.1,4035.1,4029.6
"KY",21,233,"Webster County","Chlorpyrifos",7.9,618.5,313.2
"KY",21,233,"Webster County","Glyphosate",51924.6,51925.7,51925.15
"KY",21,233,"Webster County","Paraquat",244.3,979.8,612.05
"KY",21,235,"Whitley County","2,4-D",1600.6,1645.7,1623.15
"KY",21,235,"Whitley County","Chlorpyrifos",0,51.9,25.95
"KY",21,235,"Whitley County","Glyphosate",297.1,365.9,331.5
"KY",21,235,"Whitley County","Paraquat",63.7,91.5,77.6
"KY",21,237,"Wolfe County","2,4-D",1105.9,1124.8,1115.35
"KY",21,237,"Wolfe County","Chlorpyrifos",0,25.2,12.6
"KY",21,237,"Wolfe County","Glyphosate",123.1,152.9,138
"KY",21,237,"Wolfe County","Paraquat",46.4,57.6,52
"KY",21,239,"Woodford County","2,4-D",990,1010.8,1000.4
"KY",21,239,"Woodford County","Chlorpyrifos",30.7,198.2,114.45
"KY",21,239,"Woodford County","Glyphosate",3636.2,3636.6,3636.4
"KY",21,239,"Woodford County","Paraquat",58.6,269.1,163.85
"LA",22,1,"Acadia Parish","2,4-D",6338.5,10980.6,8659.55
"LA",22,1,"Acadia Parish","Chlorpyrifos",6.8,6.8,6.8
"LA",22,1,"Acadia Parish","Glyphosate",98923.1,99233.6,99078.35
"LA",22,1,"Acadia Parish","Malathion",2.8,2.8,2.8
"LA",22,1,"Acadia Parish","Paraquat",154.1,1345.8,749.95
"LA",22,3,"Allen Parish","2,4-D",1244.8,2448.5,1846.65
"LA",22,3,"Allen Parish","Chlorpyrifos",7.1,7.1,7.1
"LA",22,3,"Allen Parish","Glyphosate",22164.7,22432.9,22298.8
"LA",22,3,"Allen Parish","Malathion",0.5,34.1,17.3
"LA",22,3,"Allen Parish","Paraquat",47.5,295.9,171.7
"LA",22,5,"Ascension Parish","2,4-D",4852.4,6626.2,5739.3
"LA",22,5,"Ascension Parish","Glyphosate",11398.1,11503,11450.55
"LA",22,5,"Ascension Parish","Paraquat",0,52,26
"LA",22,7,"Assumption Parish","2,4-D",7166.1,8080.1,7623.1
"LA",22,7,"Assumption Parish","Glyphosate",18069.8,18086.1,18077.95
"LA",22,7,"Assumption Parish","Paraquat",351,1036.3,693.65
"LA",22,9,"Avoyelles Parish","2,4-D",17071.9,17434.2,17253.05
"LA",22,9,"Avoyelles Parish","Chlorpyrifos",95.5,95.5,95.5
"LA",22,9,"Avoyelles Parish","Glyphosate",115950.7,115172.1,115561.4
"LA",22,9,"Avoyelles Parish","Malathion",0,264,132
"LA",22,9,"Avoyelles Parish","Paraquat",259.1,567.9,413.5
"LA",22,11,"Beauregard Parish","2,4-D",324.1,1202.2,763.15
"LA",22,11,"Beauregard Parish","Chlorpyrifos",3.1,3.1,3.1
"LA",22,11,"Beauregard Parish","Glyphosate",13037.9,13630.8,13334.35
"LA",22,11,"Beauregard Parish","Malathion",1.5,1.5,1.5
"LA",22,11,"Beauregard Parish","Paraquat",0.7,307.1,153.9
"LA",22,13,"Bienville Parish","2,4-D",6477.6,6477.6,6477.6
"LA",22,13,"Bienville Parish","Chlorpyrifos",0.8,0.8,0.8
"LA",22,13,"Bienville Parish","Glyphosate",17.4,145.9,81.65
"LA",22,13,"Bienville Parish","Paraquat",0,0.1,0.05
"LA",22,15,"Bossier Parish","2,4-D",9156.5,10219.5,9688
"LA",22,15,"Bossier Parish","Chlorpyrifos",307,307,307
"LA",22,15,"Bossier Parish","Glyphosate",10319.9,10407.2,10363.55
"LA",22,15,"Bossier Parish","Malathion",61.3,61.3,61.3
"LA",22,15,"Bossier Parish","Paraquat",1031,1031,1031
"LA",22,17,"Caddo Parish","2,4-D",11252.7,15722.6,13487.65
"LA",22,17,"Caddo Parish","Chlorpyrifos",4520.3,4520.3,4520.3
"LA",22,17,"Caddo Parish","Glyphosate",50895.9,51122.6,51009.25
"LA",22,17,"Caddo Parish","Malathion",178.6,178.6,178.6
"LA",22,17,"Caddo Parish","Paraquat",4419.3,4419.3,4419.3
"LA",22,19,"Calcasieu Parish","2,4-D",1237.9,2282.4,1760.15
"LA",22,19,"Calcasieu Parish","Chlorpyrifos",4.2,4.2,4.2
"LA",22,19,"Calcasieu Parish","Glyphosate",20823,22859.5,21841.25
"LA",22,19,"Calcasieu Parish","Malathion",1.1,1.1,1.1
"LA",22,19,"Calcasieu Parish","Paraquat",3.8,276.3,140.05
"LA",22,21,"Caldwell Parish","2,4-D",7370.6,7405.7,7388.15
"LA",22,21,"Caldwell Parish","Chlorpyrifos",58.2,58.2,58.2
"LA",22,21,"Caldwell Parish","Glyphosate",15578.5,15860,15719.25
"LA",22,21,"Caldwell Parish","Malathion",118.8,118.8,118.8
"LA",22,21,"Caldwell Parish","Paraquat",219.8,542.1,380.95
"LA",22,23,"Cameron Parish","2,4-D",966.5,1433.4,1199.95
"LA",22,23,"Cameron Parish","Chlorpyrifos",0.3,0.3,0.3
"LA",22,23,"Cameron Parish","Glyphosate",11552.2,13091.9,12322.05
"LA",22,23,"Cameron Parish","Malathion",0.6,0.6,0.6
"LA",22,23,"Cameron Parish","Paraquat",0,125.3,62.65
"LA",22,25,"Catahoula Parish","2,4-D",17004,16925.7,16964.85
"LA",22,25,"Catahoula Parish","Chlorpyrifos",68.2,68.2,68.2
"LA",22,25,"Catahoula Parish","Glyphosate",117479.6,116955.9,117217.75
"LA",22,25,"Catahoula Parish","Malathion",0,784,392
"LA",22,25,"Catahoula Parish","Paraquat",355.2,684.6,519.9
"LA",22,27,"Claiborne Parish","2,4-D",6246.6,6246.6,6246.6
"LA",22,27,"Claiborne Parish","Chlorpyrifos",1.1,1.1,1.1
"LA",22,27,"Claiborne Parish","Glyphosate",136.6,258.9,197.75
"LA",22,27,"Claiborne Parish","Paraquat",0,0.8,0.4
"LA",22,29,"Concordia Parish","2,4-D",19686.7,19981.5,19834.1
"LA",22,29,"Concordia Parish","Chlorpyrifos",27.5,27.5,27.5
"LA",22,29,"Concordia Parish","Glyphosate",147266.3,146732.3,146999.3
"LA",22,29,"Concordia Parish","Malathion",0,657.9,328.95
"LA",22,29,"Concordia Parish","Paraquat",395.5,632.4,513.95
"LA",22,31,"De Soto Parish","2,4-D",17500.8,17637.8,17569.3
"LA",22,31,"De Soto Parish","Chlorpyrifos",1764,1764,1764
"LA",22,31,"De Soto Parish","Glyphosate",1454.3,1565.3,1509.8
"LA",22,31,"De Soto Parish","Paraquat",102.2,102.2,102.2
"LA",22,33,"East Baton Rouge Parish","2,4-D",6188.5,6210.6,6199.55
"LA",22,33,"East Baton Rouge Parish","Chlorpyrifos",0.2,0.2,0.2
"LA",22,33,"East Baton Rouge Parish","Glyphosate",50.8,213,131.9
"LA",22,33,"East Baton Rouge Parish","Paraquat",0,11.4,5.7
"LA",22,35,"East Carroll Parish","2,4-D",48359.8,48458.3,48409.05
"LA",22,35,"East Carroll Parish","Chlorpyrifos",869.6,869.6,869.6
"LA",22,35,"East Carroll Parish","Glyphosate",169268.2,169115.5,169191.85
"LA",22,35,"East Carroll Parish","Malathion",396.3,396.3,396.3
"LA",22,35,"East Carroll Parish","Paraquat",10715.3,11202.7,10959
"LA",22,37,"East Feliciana Parish","2,4-D",8190.2,8833.3,8511.75
"LA",22,37,"East Feliciana Parish","Glyphosate",1049.3,961.5,1005.4
"LA",22,37,"East Feliciana Parish","Paraquat",0,257.4,128.7
"LA",22,39,"Evangeline Parish","2,4-D",6936.3,8962.4,7949.35
"LA",22,39,"Evangeline Parish","Chlorpyrifos",28,28,28
"LA",22,39,"Evangeline Parish","Glyphosate",45892.3,45862.6,45877.45
"LA",22,39,"Evangeline Parish","Malathion",0,23.7,11.85
"LA",22,39,"Evangeline Parish","Paraquat",77.9,94.9,86.4
"LA",22,41,"Franklin Parish","2,4-D",42199.7,45090.9,43645.3
"LA",22,41,"Franklin Parish","Chlorpyrifos",3716.5,3716.5,3716.5
"LA",22,41,"Franklin Parish","Glyphosate",149006.8,150139.9,149573.35
"LA",22,41,"Franklin Parish","Malathion",394,394,394
"LA",22,41,"Franklin Parish","Paraquat",7165.2,7305.5,7235.35
"LA",22,43,"Grant Parish","2,4-D",2760,2737.5,2748.75
"LA",22,43,"Grant Parish","Chlorpyrifos",57.8,57.8,57.8
"LA",22,43,"Grant Parish","Glyphosate",15827.2,15765.4,15796.3
"LA",22,43,"Grant Parish","Malathion",0,53.1,26.55
"LA",22,43,"Grant Parish","Paraquat",39.7,68.1,53.9
"LA",22,45,"Iberia Parish","2,4-D",11231.6,12111.4,11671.5
"LA",22,45,"Iberia Parish","Glyphosate",27882.5,27939.3,27910.9
"LA",22,45,"Iberia Parish","Paraquat",253.3,1267,760.15
"LA",22,47,"Iberville Parish","2,4-D",7474.8,9461.9,8468.35
"LA",22,47,"Iberville Parish","Chlorpyrifos",0.9,0.9,0.9
"LA",22,47,"Iberville Parish","Glyphosate",25679,25785.6,25732.3
"LA",22,47,"Iberville Parish","Paraquat",665.1,1344.3,1004.7
"LA",22,49,"Jackson Parish","2,4-D",1893.8,1893.8,1893.8
"LA",22,49,"Jackson Parish","Glyphosate",33.7,70.8,52.25
"LA",22,51,"Jefferson Parish","2,4-D",0,181.9,90.95
"LA",22,51,"Jefferson Parish","Glyphosate",0,11.7,5.85
"LA",22,53,"Jefferson Davis Parish","2,4-D",5360.2,8650.6,7005.4
"LA",22,53,"Jefferson Davis Parish","Chlorpyrifos",43.3,43.3,43.3
"LA",22,53,"Jefferson Davis Parish","Glyphosate",76435,77044,76739.5
"LA",22,53,"Jefferson Davis Parish","Malathion",2.7,2.7,2.7
"LA",22,53,"Jefferson Davis Parish","Paraquat",10.5,721.8,366.15
"LA",22,55,"Lafayette Parish","2,4-D",2206,3567.3,2886.65
"LA",22,55,"Lafayette Parish","Chlorpyrifos",0.8,0.8,0.8
"LA",22,55,"Lafayette Parish","Glyphosate",14370.9,14447.7,14409.3
"LA",22,55,"Lafayette Parish","Paraquat",328.2,543.1,435.65
"LA",22,57,"Lafourche Parish","2,4-D",8993.8,11643.8,10318.8
"LA",22,57,"Lafourche Parish","Glyphosate",20151,20314,20232.5
"LA",22,57,"Lafourche Parish","Paraquat",0,42.7,21.35
"LA",22,59,"La Salle Parish","2,4-D",323.3,323.3,323.3
"LA",22,59,"La Salle Parish","Chlorpyrifos",1.7,1.7,1.7
"LA",22,59,"La Salle Parish","Glyphosate",230.9,230.9,230.9
"LA",22,59,"La Salle Parish","Paraquat",0.2,0.2,0.2
"LA",22,61,"Lincoln Parish","2,4-D",5488.3,5489.7,5489
"LA",22,61,"Lincoln Parish","Chlorpyrifos",1.7,1.7,1.7
"LA",22,61,"Lincoln Parish","Glyphosate",401.2,512.7,456.95
"LA",22,61,"Lincoln Parish","Paraquat",0,14,7
"LA",22,63,"Livingston Parish","2,4-D",2390.9,2398.4,2394.65
"LA",22,63,"Livingston Parish","Glyphosate",0.6,64.5,32.55
"LA",22,63,"Livingston Parish","Paraquat",0,1.6,0.8
"LA",22,65,"Madison Parish","2,4-D",47953.7,48547.4,48250.55
"LA",22,65,"Madison Parish","Chlorpyrifos",2919.6,2919.6,2919.6
"LA",22,65,"Madison Parish","Glyphosate",173073.1,174229.7,173651.4
"LA",22,65,"Madison Parish","Malathion",748.5,748.5,748.5
"LA",22,65,"Madison Parish","Paraquat",11143.2,11623.8,11383.5
"LA",22,67,"Morehouse Parish","2,4-D",47653,50319.8,48986.4
"LA",22,67,"Morehouse Parish","Chlorpyrifos",3112.9,3112.9,3112.9
"LA",22,67,"Morehouse Parish","Glyphosate",161299.1,162400.5,161849.8
"LA",22,67,"Morehouse Parish","Malathion",47.3,47.3,47.3
"LA",22,67,"Morehouse Parish","Paraquat",8280.1,11056.6,9668.35
"LA",22,69,"Natchitoches Parish","2,4-D",15827.9,15827.9,15827.9
"LA",22,69,"Natchitoches Parish","Chlorpyrifos",2928,2928,2928
"LA",22,69,"Natchitoches Parish","Glyphosate",47661.5,47695.6,47678.55
"LA",22,69,"Natchitoches Parish","Malathion",42.8,42.8,42.8
"LA",22,69,"Natchitoches Parish","Paraquat",9168.6,9469.8,9319.2
"LA",22,71,"Orleans Parish","2,4-D",0,41,20.5
"LA",22,71,"Orleans Parish","Glyphosate",0,2.6,1.3
"LA",22,73,"Ouachita Parish","2,4-D",14382.1,14397.6,14389.85
"LA",22,73,"Ouachita Parish","Chlorpyrifos",1111.9,1111.9,1111.9
"LA",22,73,"Ouachita Parish","Glyphosate",46610.5,47124.1,46867.3
"LA",22,73,"Ouachita Parish","Malathion",144,144,144
"LA",22,73,"Ouachita Parish","Paraquat",434.4,1656,1045.2
"LA",22,75,"Plaquemines Parish","2,4-D",14.2,2104.3,1059.25
"LA",22,75,"Plaquemines Parish","Glyphosate",62.7,197.3,130
"LA",22,77,"Pointe Coupee Parish","2,4-D",12021,11647.6,11834.3
"LA",22,77,"Pointe Coupee Parish","Chlorpyrifos",178.5,178.5,178.5
"LA",22,77,"Pointe Coupee Parish","Glyphosate",85937.3,84616.3,85276.8
"LA",22,77,"Pointe Coupee Parish","Malathion",0,59.1,29.55
"LA",22,77,"Pointe Coupee Parish","Paraquat",172.5,1100.3,636.4
"LA",22,79,"Rapides Parish","2,4-D",9254.3,9505.1,9379.7
"LA",22,79,"Rapides Parish","Chlorpyrifos",38.4,38.4,38.4
"LA",22,79,"Rapides Parish","Glyphosate",47938.1,47739.7,47838.9
"LA",22,79,"Rapides Parish","Malathion",0,374.3,187.15
"LA",22,79,"Rapides Parish","Paraquat",147.8,476.6,312.2
"LA",22,81,"Red River Parish","2,4-D",17106.2,19160.6,18133.4
"LA",22,81,"Red River Parish","Chlorpyrifos",571.3,571.3,571.3
"LA",22,81,"Red River Parish","Glyphosate",12957.2,13510.9,13234.05
"LA",22,81,"Red River Parish","Malathion",129.2,129.2,129.2
"LA",22,81,"Red River Parish","Paraquat",1760.5,1760.5,1760.5
"LA",22,83,"Richland Parish","2,4-D",34149.5,37627.7,35888.6
"LA",22,83,"Richland Parish","Chlorpyrifos",2128.8,2128.8,2128.8
"LA",22,83,"Richland Parish","Glyphosate",117868.8,118114.2,117991.5
"LA",22,83,"Richland Parish","Malathion",169.4,169.4,169.4
"LA",22,83,"Richland Parish","Paraquat",6308.5,7307.4,6807.95
"LA",22,85,"Sabine Parish","2,4-D",2629.4,2629.4,2629.4
"LA",22,85,"Sabine Parish","Chlorpyrifos",2.1,2.1,2.1
"LA",22,85,"Sabine Parish","Glyphosate",248.6,248.6,248.6
"LA",22,85,"Sabine Parish","Malathion",0,0,0
"LA",22,87,"St. Bernard Parish","2,4-D",1.6,234.7,118.15
"LA",22,87,"St. Bernard Parish","Glyphosate",6.9,21.9,14.4
"LA",22,89,"St. Charles Parish","2,4-D",0,380,190
"LA",22,89,"St. Charles Parish","Glyphosate",0,24.5,12.25
"LA",22,91,"St. Helena Parish","2,4-D",4868.3,4868.3,4868.3
"LA",22,91,"St. Helena Parish","Glyphosate",113.3,242.9,178.1
"LA",22,91,"St. Helena Parish","Paraquat",0,97.5,48.75
"LA",22,93,"St. James Parish","2,4-D",8282.7,8841.1,8561.9
"LA",22,93,"St. James Parish","Glyphosate",22423.2,22431.8,22427.5
"LA",22,93,"St. James Parish","Paraquat",0,152.4,76.2
"LA",22,95,"St. John the Baptist Parish","2,4-D",1835.7,1971.2,1903.45
"LA",22,95,"St. John the Baptist Parish","Glyphosate",3603.9,3610.9,3607.4
"LA",22,95,"St. John the Baptist Parish","Paraquat",0,9.5,4.75
"LA",22,97,"St. Landry Parish","2,4-D",16297.7,17145,16721.35
"LA",22,97,"St. Landry Parish","Chlorpyrifos",65.6,65.6,65.6
"LA",22,97,"St. Landry Parish","Glyphosate",120795.6,120111.5,120453.55
"LA",22,97,"St. Landry Parish","Malathion",0,59.4,29.7
"LA",22,97,"St. Landry Parish","Paraquat",239.2,400.9,320.05
"LA",22,99,"St. Martin Parish","2,4-D",6096.6,7835.8,6966.2
"LA",22,99,"St. Martin Parish","Chlorpyrifos",1.8,1.8,1.8
"LA",22,99,"St. Martin Parish","Glyphosate",27068.3,27088.6,27078.45
"LA",22,99,"St. Martin Parish","Paraquat",570.5,1134.2,852.35
"LA",22,101,"St. Mary Parish","2,4-D",8930.3,9707,9318.65
"LA",22,101,"St. Mary Parish","Glyphosate",17981.1,18047.9,18014.5
"LA",22,101,"St. Mary Parish","Paraquat",221.7,1091.5,656.6
"LA",22,103,"St. Tammany Parish","2,4-D",3267.3,3267.3,3267.3
"LA",22,103,"St. Tammany Parish","Glyphosate",452.9,538,495.45
"LA",22,103,"St. Tammany Parish","Paraquat",0,0.2,0.1
"LA",22,105,"Tangipahoa Parish","2,4-D",9788.6,9928.9,9858.75
"LA",22,105,"Tangipahoa Parish","Chlorpyrifos",0.5,0.5,0.5
"LA",22,105,"Tangipahoa Parish","Glyphosate",377.6,612,494.8
"LA",22,105,"Tangipahoa Parish","Paraquat",0,116.2,58.1
"LA",22,107,"Tensas Parish","2,4-D",38170.6,38201.4,38186
"LA",22,107,"Tensas Parish","Chlorpyrifos",3957.4,3957.4,3957.4
"LA",22,107,"Tensas Parish","Glyphosate",152486.8,153650.2,153068.5
"LA",22,107,"Tensas Parish","Malathion",1595.6,1595.6,1595.6
"LA",22,107,"Tensas Parish","Paraquat",9706.6,9968.8,9837.7
"LA",22,109,"Terrebonne Parish","2,4-D",3556.2,4561,4058.6
"LA",22,109,"Terrebonne Parish","Glyphosate",6995.4,7060.1,7027.75
"LA",22,111,"Union Parish","2,4-D",6826.4,6826.4,6826.4
"LA",22,111,"Union Parish","Chlorpyrifos",2.3,2.3,2.3
"LA",22,111,"Union Parish","Glyphosate",185.1,318.6,251.85
"LA",22,111,"Union Parish","Paraquat",0,1.7,0.85
"LA",22,113,"Vermilion Parish","2,4-D",12348.7,14893,13620.85
"LA",22,113,"Vermilion Parish","Chlorpyrifos",4.9,4.9,4.9
"LA",22,113,"Vermilion Parish","Glyphosate",53644.8,54459.7,54052.25
"LA",22,113,"Vermilion Parish","Malathion",3.2,3.2,3.2
"LA",22,113,"Vermilion Parish","Paraquat",1371.5,1825.6,1598.55
"LA",22,115,"Vernon Parish","2,4-D",4348.6,4348.6,4348.6
"LA",22,115,"Vernon Parish","Chlorpyrifos",1.4,1.4,1.4
"LA",22,115,"Vernon Parish","Glyphosate",2133.3,2133.3,2133.3
"LA",22,115,"Vernon Parish","Malathion",2.7,2.7,2.7
"LA",22,115,"Vernon Parish","Paraquat",0,0.1,0.05
"LA",22,117,"Washington Parish","2,4-D",5377.4,5661.2,5519.3
"LA",22,117,"Washington Parish","Chlorpyrifos",0,0,0
"LA",22,117,"Washington Parish","Glyphosate",278.5,417.9,348.2
"LA",22,117,"Washington Parish","Paraquat",0,206.2,103.1
"LA",22,119,"Webster Parish","2,4-D",5841.4,5842.5,5841.95
"LA",22,119,"Webster Parish","Chlorpyrifos",831.9,831.9,831.9
"LA",22,119,"Webster Parish","Glyphosate",561.9,581.7,571.8
"LA",22,121,"West Baton Rouge Parish","2,4-D",720.7,718.3,719.5
"LA",22,121,"West Baton Rouge Parish","Chlorpyrifos",7.4,7.4,7.4
"LA",22,121,"West Baton Rouge Parish","Glyphosate",5169,5162.5,5165.75
"LA",22,121,"West Baton Rouge Parish","Paraquat",9.5,273.1,141.3
"LA",22,123,"West Carroll Parish","2,4-D",22259.4,23401.6,22830.5
"LA",22,123,"West Carroll Parish","Chlorpyrifos",785.3,785.3,785.3
"LA",22,123,"West Carroll Parish","Glyphosate",76968.8,76469.1,76718.95
"LA",22,123,"West Carroll Parish","Malathion",114.2,114.2,114.2
"LA",22,123,"West Carroll Parish","Paraquat",4320.2,4558.5,4439.35
"LA",22,125,"West Feliciana Parish","2,4-D",7741.2,8295.3,8018.25
"LA",22,125,"West Feliciana Parish","Glyphosate",1988,1732.2,1860.1
"LA",22,125,"West Feliciana Parish","Paraquat",0,554.7,277.35
"LA",22,127,"Winn Parish","2,4-D",2468,2468,2468
"LA",22,127,"Winn Parish","Chlorpyrifos",0.5,0.5,0.5
"LA",22,127,"Winn Parish","Glyphosate",0.6,49.6,25.1
"MA",25,1,"Barnstable County","2,4-D",19.4,13.7,16.55
"MA",25,1,"Barnstable County","Chlorpyrifos",10.7,13.2,11.95
"MA",25,1,"Barnstable County","Glyphosate",40.7,40.8,40.75
"MA",25,1,"Barnstable County","Malathion",0,7.5,3.75
"MA",25,1,"Barnstable County","Paraquat",11.5,12,11.75
"MA",25,3,"Berkshire County","2,4-D",357.4,246.9,302.15
"MA",25,3,"Berkshire County","Chlorpyrifos",57.1,72,64.55
"MA",25,3,"Berkshire County","Glyphosate",684,684.3,684.15
"MA",25,3,"Berkshire County","Malathion",0,20.1,10.05
"MA",25,3,"Berkshire County","Paraquat",137.2,120.5,128.85
"MA",25,5,"Bristol County","2,4-D",141.4,101.2,121.3
"MA",25,5,"Bristol County","Chlorpyrifos",80.8,107.3,94.05
"MA",25,5,"Bristol County","Glyphosate",787.2,788,787.6
"MA",25,5,"Bristol County","Malathion",0,37.8,18.9
"MA",25,5,"Bristol County","Paraquat",129.8,123.9,126.85
"MA",25,7,"Dukes County","2,4-D",105.3,71.5,88.4
"MA",25,7,"Dukes County","Chlorpyrifos",2,3,2.5
"MA",25,7,"Dukes County","Glyphosate",21.4,21.4,21.4
"MA",25,7,"Dukes County","Malathion",0,0.5,0.25
"MA",25,7,"Dukes County","Paraquat",2,2,2
"MA",25,9,"Essex County","2,4-D",118.6,85.9,102.25
"MA",25,9,"Essex County","Chlorpyrifos",66.4,87.1,76.75
"MA",25,9,"Essex County","Glyphosate",337.2,337.8,337.5
"MA",25,9,"Essex County","Malathion",0,29.6,14.8
"MA",25,9,"Essex County","Paraquat",86.3,84.6,85.45
"MA",25,11,"Franklin County","2,4-D",423.5,297.5,360.5
"MA",25,11,"Franklin County","Chlorpyrifos",194.2,238,216.1
"MA",25,11,"Franklin County","Glyphosate",1307.3,1308.5,1307.9
"MA",25,11,"Franklin County","Malathion",0,91.3,45.65
"MA",25,11,"Franklin County","Paraquat",276,262.7,269.35
"MA",25,13,"Hampden County","2,4-D",143.1,102.3,122.7
"MA",25,13,"Hampden County","Chlorpyrifos",71.5,93,82.25
"MA",25,13,"Hampden County","Glyphosate",491.7,492.2,491.95
"MA",25,13,"Hampden County","Malathion",0,69.4,34.7
"MA",25,13,"Hampden County","Paraquat",132.8,127.1,129.95
"MA",25,15,"Hampshire County","2,4-D",240.8,174.6,207.7
"MA",25,15,"Hampshire County","Chlorpyrifos",162.5,206.6,184.55
"MA",25,15,"Hampshire County","Glyphosate",1428,1429.6,1428.8
"MA",25,15,"Hampshire County","Malathion",0,43.2,21.6
"MA",25,15,"Hampshire County","Paraquat",216.9,204.2,210.55
"MA",25,17,"Middlesex County","2,4-D",134.5,99.8,117.15
"MA",25,17,"Middlesex County","Chlorpyrifos",134.2,156.5,145.35
"MA",25,17,"Middlesex County","Glyphosate",507.9,509.6,508.75
"MA",25,17,"Middlesex County","Malathion",0,61.7,30.85
"MA",25,17,"Middlesex County","Paraquat",172.4,170.1,171.25
"MA",25,19,"Nantucket County","2,4-D",2.3,1.7,2
"MA",25,19,"Nantucket County","Chlorpyrifos",0.9,1.7,1.3
"MA",25,19,"Nantucket County","Glyphosate",7.5,7.5,7.5
"MA",25,19,"Nantucket County","Malathion",0,0.5,0.25
"MA",25,19,"Nantucket County","Paraquat",0.9,0.9,0.9
"MA",25,21,"Norfolk County","2,4-D",54.6,38.2,46.4
"MA",25,21,"Norfolk County","Chlorpyrifos",14.4,19.4,16.9
"MA",25,21,"Norfolk County","Glyphosate",117.3,117.8,117.55
"MA",25,21,"Norfolk County","Malathion",0,19.8,9.9
"MA",25,21,"Norfolk County","Paraquat",19.9,21.1,20.5
"MA",25,23,"Plymouth County","2,4-D",115.4,81.2,98.3
"MA",25,23,"Plymouth County","Chlorpyrifos",67.1,82.5,74.8
"MA",25,23,"Plymouth County","Glyphosate",313.7,313.8,313.75
"MA",25,23,"Plymouth County","Malathion",0,28.8,14.4
"MA",25,23,"Plymouth County","Paraquat",84,83.2,83.6
"MA",25,25,"Suffolk County","2,4-D",0.8,0.5,0.65
"MA",25,27,"Worcester County","2,4-D",420.3,305.3,362.8
"MA",25,27,"Worcester County","Chlorpyrifos",358.2,385.8,372
"MA",25,27,"Worcester County","Glyphosate",1001.2,1005.9,1003.55
"MA",25,27,"Worcester County","Malathion",0,66.6,33.3
"MA",25,27,"Worcester County","Paraquat",431.3,422.9,427.1
"MD",24,1,"Allegany County","2,4-D",13.8,274.6,144.2
"MD",24,1,"Allegany County","Chlorpyrifos",19.8,20.3,20.05
"MD",24,1,"Allegany County","Glyphosate",1896.9,1908,1902.45
"MD",24,1,"Allegany County","Paraquat",8.7,70.3,39.5
"MD",24,3,"Anne Arundel County","2,4-D",112.9,346.6,229.75
"MD",24,3,"Anne Arundel County","Chlorpyrifos",15.1,90,52.55
"MD",24,3,"Anne Arundel County","Glyphosate",3072.9,3181.5,3127.2
"MD",24,3,"Anne Arundel County","Paraquat",678.6,843,760.8
"MD",24,5,"Baltimore County","2,4-D",774.7,850.2,812.45
"MD",24,5,"Baltimore County","Chlorpyrifos",46.2,170.8,108.5
"MD",24,5,"Baltimore County","Glyphosate",42585.6,42585.6,42585.6
"MD",24,5,"Baltimore County","Malathion",0.6,0.6,0.6
"MD",24,5,"Baltimore County","Paraquat",2485.9,2485.9,2485.9
"MD",24,9,"Calvert County","2,4-D",278.9,463.9,371.4
"MD",24,9,"Calvert County","Chlorpyrifos",5.2,61.6,33.4
"MD",24,9,"Calvert County","Glyphosate",3012.2,3078.9,3045.55
"MD",24,9,"Calvert County","Paraquat",502.7,1314.2,908.45
"MD",24,11,"Caroline County","2,4-D",1369.5,2862.3,2115.9
"MD",24,11,"Caroline County","Chlorpyrifos",192.8,854.4,523.6
"MD",24,11,"Caroline County","Glyphosate",33497.8,34675.6,34086.7
"MD",24,11,"Caroline County","Paraquat",5685.5,5790.6,5738.05
"MD",24,13,"Carroll County","2,4-D",1422.4,1596.3,1509.35
"MD",24,13,"Carroll County","Chlorpyrifos",174.9,357.2,266.05
"MD",24,13,"Carroll County","Glyphosate",82382.1,82382.1,82382.1
"MD",24,13,"Carroll County","Malathion",4.9,4.9,4.9
"MD",24,13,"Carroll County","Paraquat",3736.1,3736.1,3736.1
"MD",24,15,"Cecil County","2,4-D",348.2,1408,878.1
"MD",24,15,"Cecil County","Chlorpyrifos",72.8,542.7,307.75
"MD",24,15,"Cecil County","Glyphosate",13331.1,13478,13404.55
"MD",24,15,"Cecil County","Paraquat",1718.5,1726.3,1722.4
"MD",24,17,"Charles County","2,4-D",223.2,656.2,439.7
"MD",24,17,"Charles County","Chlorpyrifos",4.5,108.9,56.7
"MD",24,17,"Charles County","Glyphosate",5881.5,7610.3,6745.9
"MD",24,17,"Charles County","Paraquat",974.6,1707.8,1341.2
"MD",24,19,"Dorchester County","2,4-D",4582.5,4582.5,4582.5
"MD",24,19,"Dorchester County","Chlorpyrifos",32.7,435.1,233.9
"MD",24,19,"Dorchester County","Glyphosate",44438.9,44439.9,44439.4
"MD",24,19,"Dorchester County","Paraquat",6139.4,6139.2,6139.3
"MD",24,21,"Frederick County","2,4-D",2008.9,2240.4,2124.65
"MD",24,21,"Frederick County","Chlorpyrifos",113.5,345.4,229.45
"MD",24,21,"Frederick County","Glyphosate",108867.4,108867.4,108867.4
"MD",24,21,"Frederick County","Malathion",6.7,6.7,6.7
"MD",24,21,"Frederick County","Paraquat",4716.3,4716.3,4716.3
"MD",24,23,"Garrett County","2,4-D",68,872.6,470.3
"MD",24,23,"Garrett County","Chlorpyrifos",7,10.7,8.85
"MD",24,23,"Garrett County","Glyphosate",12901.8,12924,12912.9
"MD",24,23,"Garrett County","Paraquat",6,425.7,215.85
"MD",24,25,"Harford County","2,4-D",792.7,873.8,833.25
"MD",24,25,"Harford County","Chlorpyrifos",105.8,223.1,164.45
"MD",24,25,"Harford County","Glyphosate",43450.8,43450.8,43450.8
"MD",24,25,"Harford County","Malathion",2.1,2.1,2.1
"MD",24,25,"Harford County","Paraquat",2401.5,2401.5,2401.5
"MD",24,27,"Howard County","2,4-D",270.9,298.1,284.5
"MD",24,27,"Howard County","Chlorpyrifos",29.4,59.9,44.65
"MD",24,27,"Howard County","Glyphosate",13243.1,13243.1,13243.1
"MD",24,27,"Howard County","Malathion",2,2,2
"MD",24,27,"Howard County","Paraquat",617.4,617.4,617.4
"MD",24,29,"Kent County","2,4-D",1061.9,2797.6,1929.75
"MD",24,29,"Kent County","Chlorpyrifos",46.2,843.5,444.85
"MD",24,29,"Kent County","Glyphosate",29066.1,29637.8,29351.95
"MD",24,29,"Kent County","Paraquat",4628.7,4672.2,4650.45
"MD",24,31,"Montgomery County","2,4-D",592.4,693.9,643.15
"MD",24,31,"Montgomery County","Chlorpyrifos",85.5,142,113.75
"MD",24,31,"Montgomery County","Glyphosate",39537,39537,39537
"MD",24,31,"Montgomery County","Malathion",0.9,0.9,0.9
"MD",24,31,"Montgomery County","Paraquat",1179.8,1179.8,1179.8
"MD",24,33,"Prince George's County","2,4-D",133,303.5,218.25
"MD",24,33,"Prince George's County","Chlorpyrifos",0.9,66.6,33.75
"MD",24,33,"Prince George's County","Glyphosate",2282.2,2355.3,2318.75
"MD",24,33,"Prince George's County","Paraquat",571.7,770,670.85
"MD",24,35,"Queen Anne's County","2,4-D",1283.6,3303.5,2293.55
"MD",24,35,"Queen Anne's County","Chlorpyrifos",71.7,995.8,533.75
"MD",24,35,"Queen Anne's County","Glyphosate",37395.2,37910.5,37652.85
"MD",24,35,"Queen Anne's County","Paraquat",5767.9,5800.1,5784
"MD",24,37,"St. Mary's County","2,4-D",304.7,1042.8,673.75
"MD",24,37,"St. Mary's County","Chlorpyrifos",16.8,150.7,83.75
"MD",24,37,"St. Mary's County","Glyphosate",10101.9,10228.7,10165.3
"MD",24,37,"St. Mary's County","Paraquat",1322.1,2085,1703.55
"MD",24,39,"Somerset County","2,4-D",2594.7,2594.7,2594.7
"MD",24,39,"Somerset County","Chlorpyrifos",24.2,276.6,150.4
"MD",24,39,"Somerset County","Glyphosate",20208.2,20209.8,20209
"MD",24,39,"Somerset County","Paraquat",3280.9,3280.8,3280.85
"MD",24,41,"Talbot County","2,4-D",1103,2475.2,1789.1
"MD",24,41,"Talbot County","Chlorpyrifos",38,653.3,345.65
"MD",24,41,"Talbot County","Glyphosate",26713.2,27567.4,27140.3
"MD",24,41,"Talbot County","Paraquat",4766.1,4839.3,4802.7
"MD",24,43,"Washington County","2,4-D",1110.8,1193.8,1152.3
"MD",24,43,"Washington County","Chlorpyrifos",714.5,817,765.75
"MD",24,43,"Washington County","Glyphosate",42038.4,42038.4,42038.4
"MD",24,43,"Washington County","Malathion",2.9,2.9,2.9
"MD",24,43,"Washington County","Paraquat",2270.2,2270.2,2270.2
"MD",24,45,"Wicomico County","2,4-D",2317.1,2317.1,2317.1
"MD",24,45,"Wicomico County","Chlorpyrifos",25.2,445.5,235.35
"MD",24,45,"Wicomico County","Glyphosate",25732.6,25734.6,25733.6
"MD",24,45,"Wicomico County","Paraquat",3034.1,3033.9,3034
"MD",24,47,"Worcester County","2,4-D",3358.9,3358.9,3358.9
"MD",24,47,"Worcester County","Chlorpyrifos",27.2,698.6,362.9
"MD",24,47,"Worcester County","Glyphosate",38533.7,38535.6,38534.65
"MD",24,47,"Worcester County","Paraquat",4432.2,4432.1,4432.15
"ME",23,1,"Androscoggin County","2,4-D",69.3,101.2,85.25
"ME",23,1,"Androscoggin County","Chlorpyrifos",124.4,127.6,126
"ME",23,1,"Androscoggin County","Glyphosate",781.7,789.3,785.5
"ME",23,1,"Androscoggin County","Paraquat",92.7,88.5,90.6
"ME",23,3,"Aroostook County","2,4-D",24.6,34.2,29.4
"ME",23,3,"Aroostook County","Chlorpyrifos",40.6,42.1,41.35
"ME",23,3,"Aroostook County","Glyphosate",2658.7,2655.6,2657.15
"ME",23,3,"Aroostook County","Paraquat",205.2,203.8,204.5
"ME",23,5,"Cumberland County","2,4-D",19.8,30.6,25.2
"ME",23,5,"Cumberland County","Chlorpyrifos",39,39.4,39.2
"ME",23,5,"Cumberland County","Glyphosate",221.4,220.6,221
"ME",23,5,"Cumberland County","Paraquat",30.3,28.9,29.6
"ME",23,7,"Franklin County","2,4-D",7.5,11.1,9.3
"ME",23,7,"Franklin County","Chlorpyrifos",13.5,13.8,13.65
"ME",23,7,"Franklin County","Glyphosate",107.2,105.5,106.35
"ME",23,7,"Franklin County","Paraquat",10.5,10,10.25
"ME",23,9,"Hancock County","2,4-D",4.6,10.7,7.65
"ME",23,9,"Hancock County","Chlorpyrifos",16.6,15.9,16.25
"ME",23,9,"Hancock County","Glyphosate",20.6,21.3,20.95
"ME",23,9,"Hancock County","Paraquat",14.9,14.3,14.6
"ME",23,11,"Kennebec County","2,4-D",129.5,163.9,146.7
"ME",23,11,"Kennebec County","Chlorpyrifos",179.2,190.5,184.85
"ME",23,11,"Kennebec County","Glyphosate",1710.4,1711.5,1710.95
"ME",23,11,"Kennebec County","Paraquat",120.4,114.9,117.65
"ME",23,13,"Knox County","2,4-D",2.1,4.8,3.45
"ME",23,13,"Knox County","Chlorpyrifos",7.4,7.1,7.25
"ME",23,13,"Knox County","Glyphosate",25.3,25.9,25.6
"ME",23,13,"Knox County","Paraquat",6.5,6.2,6.35
"ME",23,15,"Lincoln County","2,4-D",4.5,7,5.75
"ME",23,15,"Lincoln County","Chlorpyrifos",8.9,9,8.95
"ME",23,15,"Lincoln County","Glyphosate",52.2,52.2,52.2
"ME",23,15,"Lincoln County","Paraquat",6.9,6.6,6.75
"ME",23,17,"Oxford County","2,4-D",37.6,66,51.8
"ME",23,17,"Oxford County","Chlorpyrifos",90.7,89.9,90.3
"ME",23,17,"Oxford County","Glyphosate",369.9,377.2,373.55
"ME",23,17,"Oxford County","Paraquat",73.7,70.3,72
"ME",23,19,"Penobscot County","2,4-D",31.5,214.2,122.85
"ME",23,19,"Penobscot County","Chlorpyrifos",193.5,220.6,207.05
"ME",23,19,"Penobscot County","Glyphosate",3113.1,3111.1,3112.1
"ME",23,19,"Penobscot County","Paraquat",99.5,120,109.75
"ME",23,21,"Piscataquis County","2,4-D",2.4,30.1,16.25
"ME",23,21,"Piscataquis County","Chlorpyrifos",22.6,27.8,25.2
"ME",23,21,"Piscataquis County","Glyphosate",525.2,525.4,525.3
"ME",23,21,"Piscataquis County","Paraquat",7.9,13.7,10.8
"ME",23,23,"Sagadahoc County","2,4-D",4.4,4.9,4.65
"ME",23,23,"Sagadahoc County","Chlorpyrifos",4.7,5.2,4.95
"ME",23,23,"Sagadahoc County","Glyphosate",64,63.9,63.95
"ME",23,23,"Sagadahoc County","Paraquat",2.9,2.8,2.85
"ME",23,25,"Somerset County","2,4-D",12.4,113,62.7
"ME",23,25,"Somerset County","Chlorpyrifos",92.4,109.6,101
"ME",23,25,"Somerset County","Glyphosate",1789.5,1790.7,1790.1
"ME",23,25,"Somerset County","Paraquat",39.3,37.7,38.5
"ME",23,27,"Waldo County","2,4-D",8.4,63.4,35.9
"ME",23,27,"Waldo County","Chlorpyrifos",55.2,63.8,59.5
"ME",23,27,"Waldo County","Glyphosate",953.1,953.4,953.25
"ME",23,27,"Waldo County","Paraquat",26.7,25.6,26.15
"ME",23,29,"Washington County","2,4-D",12.2,28.5,20.35
"ME",23,29,"Washington County","Chlorpyrifos",44.2,42.4,43.3
"ME",23,29,"Washington County","Glyphosate",50.2,50.3,50.25
"ME",23,29,"Washington County","Paraquat",38.8,37.1,37.95
"ME",23,31,"York County","2,4-D",34.9,56.7,45.8
"ME",23,31,"York County","Chlorpyrifos",72.2,72.2,72.2
"ME",23,31,"York County","Glyphosate",441.5,443.1,442.3
"ME",23,31,"York County","Paraquat",59.8,57.2,58.5
"MI",26,1,"Alcona County","2,4-D",140.1,304.8,222.45
"MI",26,1,"Alcona County","Chlorpyrifos",5,84.3,44.65
"MI",26,1,"Alcona County","Glyphosate",1806.6,1931.3,1868.95
"MI",26,1,"Alcona County","Malathion",0,90.2,45.1
"MI",26,1,"Alcona County","Paraquat",5.8,28.5,17.15
"MI",26,3,"Alger County","2,4-D",61.4,114.1,87.75
"MI",26,3,"Alger County","Chlorpyrifos",0.1,21.9,11
"MI",26,3,"Alger County","Glyphosate",818.3,865.1,841.7
"MI",26,3,"Alger County","Paraquat",0,2.8,1.4
"MI",26,5,"Allegan County","2,4-D",741.4,6286.2,3513.8
"MI",26,5,"Allegan County","Chlorpyrifos",1909.4,7268.6,4589
"MI",26,5,"Allegan County","Glyphosate",46615.7,46831.4,46723.55
"MI",26,5,"Allegan County","Paraquat",284.6,761.9,523.25
"MI",26,7,"Alpena County","2,4-D",202.5,507.7,355.1
"MI",26,7,"Alpena County","Chlorpyrifos",30.6,165.6,98.1
"MI",26,7,"Alpena County","Glyphosate",3665.9,3942.3,3804.1
"MI",26,7,"Alpena County","Malathion",0,138.5,69.25
"MI",26,7,"Alpena County","Paraquat",38,77.5,57.75
"MI",26,9,"Antrim County","2,4-D",2383.2,2462.1,2422.65
"MI",26,9,"Antrim County","Chlorpyrifos",1913.7,1989.5,1951.6
"MI",26,9,"Antrim County","Glyphosate",5147.1,5324.5,5235.8
"MI",26,9,"Antrim County","Malathion",64.4,64.4,64.4
"MI",26,9,"Antrim County","Paraquat",413.5,434.7,424.1
"MI",26,11,"Arenac County","2,4-D",197.3,590.8,394.05
"MI",26,11,"Arenac County","Chlorpyrifos",86,227.8,156.9
"MI",26,11,"Arenac County","Glyphosate",21227.3,21731,21479.15
"MI",26,11,"Arenac County","Paraquat",3.5,107.3,55.4
"MI",26,13,"Baraga County","2,4-D",34.4,67.6,51
"MI",26,13,"Baraga County","Chlorpyrifos",0.1,2.9,1.5
"MI",26,13,"Baraga County","Glyphosate",243.2,338.8,291
"MI",26,13,"Baraga County","Paraquat",0,2.4,1.2
"MI",26,15,"Barry County","2,4-D",1670.9,2641.7,2156.3
"MI",26,15,"Barry County","Chlorpyrifos",13.7,525.4,269.55
"MI",26,15,"Barry County","Glyphosate",29514.6,29676.2,29595.4
"MI",26,15,"Barry County","Paraquat",9.4,298.9,154.15
"MI",26,17,"Bay County","2,4-D",723.5,1589.5,1156.5
"MI",26,17,"Bay County","Chlorpyrifos",316.3,779.1,547.7
"MI",26,17,"Bay County","Glyphosate",68388.9,69475.6,68932.25
"MI",26,17,"Bay County","Malathion",1.2,1.2,1.2
"MI",26,17,"Bay County","Paraquat",4.7,350.1,177.4
"MI",26,19,"Benzie County","2,4-D",1131.5,1149.3,1140.4
"MI",26,19,"Benzie County","Chlorpyrifos",988.7,1008.8,998.75
"MI",26,19,"Benzie County","Glyphosate",1908.7,1976.5,1942.6
"MI",26,19,"Benzie County","Malathion",33.2,33.2,33.2
"MI",26,19,"Benzie County","Paraquat",430.6,441,435.8
"MI",26,21,"Berrien County","2,4-D",318.3,4606.3,2462.3
"MI",26,21,"Berrien County","Chlorpyrifos",3943.6,8856.5,6400.05
"MI",26,21,"Berrien County","Glyphosate",38681.2,38924.5,38802.85
"MI",26,21,"Berrien County","Paraquat",994.9,1314.5,1154.7
"MI",26,23,"Branch County","2,4-D",2639.4,3256.5,2947.95
"MI",26,23,"Branch County","Chlorpyrifos",5.1,873.8,439.45
"MI",26,23,"Branch County","Glyphosate",61945,62194.4,62069.7
"MI",26,23,"Branch County","Malathion",2.1,2.1,2.1
"MI",26,23,"Branch County","Paraquat",3.1,639.7,321.4
"MI",26,25,"Calhoun County","2,4-D",2789.6,3531.7,3160.65
"MI",26,25,"Calhoun County","Chlorpyrifos",25.6,930.4,478
"MI",26,25,"Calhoun County","Glyphosate",61636.6,61716.6,61676.6
"MI",26,25,"Calhoun County","Malathion",0.1,0.1,0.1
"MI",26,25,"Calhoun County","Paraquat",18.4,587.1,302.75
"MI",26,27,"Cass County","2,4-D",190.9,5371.7,2781.3
"MI",26,27,"Cass County","Chlorpyrifos",1656.8,7901.3,4779.05
"MI",26,27,"Cass County","Glyphosate",51314.6,51771.5,51543.05
"MI",26,27,"Cass County","Paraquat",49.4,567.4,308.4
"MI",26,29,"Charlevoix County","2,4-D",222.4,269,245.7
"MI",26,29,"Charlevoix County","Chlorpyrifos",144.1,201,172.55
"MI",26,29,"Charlevoix County","Glyphosate",926.9,1082.7,1004.8
"MI",26,29,"Charlevoix County","Malathion",64.9,64.9,64.9
"MI",26,29,"Charlevoix County","Paraquat",125,140.2,132.6
"MI",26,31,"Cheboygan County","2,4-D",43.6,200.3,121.95
"MI",26,31,"Cheboygan County","Chlorpyrifos",14.9,78.2,46.55
"MI",26,31,"Cheboygan County","Glyphosate",522.4,645.7,584.05
"MI",26,31,"Cheboygan County","Malathion",0,48.6,24.3
"MI",26,31,"Cheboygan County","Paraquat",19.6,28.9,24.25
"MI",26,33,"Chippewa County","2,4-D",19,219.3,119.15
"MI",26,33,"Chippewa County","Chlorpyrifos",0.4,28.7,14.55
"MI",26,33,"Chippewa County","Glyphosate",924.9,1095.6,1010.25
"MI",26,33,"Chippewa County","Paraquat",0,4.5,2.25
"MI",26,35,"Clare County","2,4-D",2.8,551.2,277
"MI",26,35,"Clare County","Chlorpyrifos",5.2,160.6,82.9
"MI",26,35,"Clare County","Glyphosate",4634,4815.9,4724.95
"MI",26,35,"Clare County","Malathion",0,138.2,69.1
"MI",26,35,"Clare County","Paraquat",8.7,41.4,25.05
"MI",26,37,"Clinton County","2,4-D",3501.1,3970.6,3735.85
"MI",26,37,"Clinton County","Chlorpyrifos",31.7,818.4,425.05
"MI",26,37,"Clinton County","Glyphosate",57049.9,57316.2,57183.05
"MI",26,37,"Clinton County","Paraquat",17.9,581.9,299.9
"MI",26,39,"Crawford County","2,4-D",0.4,11.7,6.05
"MI",26,39,"Crawford County","Chlorpyrifos",0,0.4,0.2
"MI",26,39,"Crawford County","Glyphosate",19.2,19.6,19.4
"MI",26,39,"Crawford County","Malathion",0,0.8,0.4
"MI",26,39,"Crawford County","Paraquat",0,0.2,0.1
"MI",26,41,"Delta County","2,4-D",121.1,434.2,277.65
"MI",26,41,"Delta County","Chlorpyrifos",0.2,82.7,41.45
"MI",26,41,"Delta County","Glyphosate",4054.5,4260.8,4157.65
"MI",26,41,"Delta County","Paraquat",0,21,10.5
"MI",26,43,"Dickinson County","2,4-D",58.5,146.3,102.4
"MI",26,43,"Dickinson County","Chlorpyrifos",0.1,36.6,18.35
"MI",26,43,"Dickinson County","Glyphosate",1906.7,1995.2,1950.95
"MI",26,43,"Dickinson County","Paraquat",0,11.4,5.7
"MI",26,45,"Eaton County","2,4-D",2960.6,3804.2,3382.4
"MI",26,45,"Eaton County","Chlorpyrifos",35,709.1,372.05
"MI",26,45,"Eaton County","Glyphosate",56316.2,56410.4,56363.3
"MI",26,45,"Eaton County","Paraquat",20.7,445.2,232.95
"MI",26,47,"Emmet County","2,4-D",89.4,175.8,132.6
"MI",26,47,"Emmet County","Chlorpyrifos",10.4,74.4,42.4
"MI",26,47,"Emmet County","Glyphosate",523.9,688.8,606.35
"MI",26,47,"Emmet County","Malathion",45.4,45.4,45.4
"MI",26,47,"Emmet County","Paraquat",8.5,17.5,13
"MI",26,49,"Genesee County","2,4-D",1819.6,2034.5,1927.05
"MI",26,49,"Genesee County","Chlorpyrifos",83.6,539.1,311.35
"MI",26,49,"Genesee County","Glyphosate",33498.2,34026.5,33762.35
"MI",26,49,"Genesee County","Malathion",0,0,0
"MI",26,49,"Genesee County","Paraquat",144.9,377.1,261
"MI",26,51,"Gladwin County","2,4-D",3.6,556.4,280
"MI",26,51,"Gladwin County","Chlorpyrifos",6.9,196.9,101.9
"MI",26,51,"Gladwin County","Glyphosate",7113,7301.4,7207.2
"MI",26,51,"Gladwin County","Malathion",0,169.7,84.85
"MI",26,51,"Gladwin County","Paraquat",12.6,54.2,33.4
"MI",26,53,"Gogebic County","2,4-D",81.3,93.6,87.45
"MI",26,53,"Gogebic County","Chlorpyrifos",0.2,2.8,1.5
"MI",26,53,"Gogebic County","Glyphosate",473.3,489.4,481.35
"MI",26,53,"Gogebic County","Paraquat",0,0.4,0.2
"MI",26,55,"Grand Traverse County","2,4-D",2911.2,2983,2947.1
"MI",26,55,"Grand Traverse County","Chlorpyrifos",2340.7,2448.3,2394.5
"MI",26,55,"Grand Traverse County","Glyphosate",6772.4,7161.4,6966.9
"MI",26,55,"Grand Traverse County","Malathion",147.1,147.1,147.1
"MI",26,55,"Grand Traverse County","Paraquat",699.9,738.9,719.4
"MI",26,57,"Gratiot County","2,4-D",18.8,4098.4,2058.6
"MI",26,57,"Gratiot County","Chlorpyrifos",38.5,1681.9,860.2
"MI",26,57,"Gratiot County","Glyphosate",84271.2,85655.4,84963.3
"MI",26,57,"Gratiot County","Malathion",0,1839.3,919.65
"MI",26,57,"Gratiot County","Paraquat",134,616.9,375.45
"MI",26,59,"Hillsdale County","2,4-D",3245.9,4006,3625.95
"MI",26,59,"Hillsdale County","Chlorpyrifos",42.3,876,459.15
"MI",26,59,"Hillsdale County","Glyphosate",62482.9,62667.7,62575.3
"MI",26,59,"Hillsdale County","Paraquat",24.8,611.2,318
"MI",26,61,"Houghton County","2,4-D",85,141,113
"MI",26,61,"Houghton County","Chlorpyrifos",0.1,11.3,5.7
"MI",26,61,"Houghton County","Glyphosate",817,896.2,856.6
"MI",26,61,"Houghton County","Paraquat",0,5.1,2.55
"MI",26,63,"Huron County","2,4-D",2030.1,3096,2563.05
"MI",26,63,"Huron County","Chlorpyrifos",921.4,1896.2,1408.8
"MI",26,63,"Huron County","Glyphosate",136053.9,139241.2,137647.55
"MI",26,63,"Huron County","Malathion",4,4,4
"MI",26,63,"Huron County","Paraquat",12.8,677.9,345.35
"MI",26,65,"Ingham County","2,4-D",2389,2989.8,2689.4
"MI",26,65,"Ingham County","Chlorpyrifos",9.3,586.3,297.8
"MI",26,65,"Ingham County","Glyphosate",41599.2,41782.5,41690.85
"MI",26,65,"Ingham County","Malathion",1.5,1.5,1.5
"MI",26,65,"Ingham County","Paraquat",5,414.3,209.65
"MI",26,67,"Ionia County","2,4-D",3027.2,3874.6,3450.9
"MI",26,67,"Ionia County","Chlorpyrifos",132.4,995.8,564.1
"MI",26,67,"Ionia County","Glyphosate",55464.1,55629.1,55546.6
"MI",26,67,"Ionia County","Malathion",0.1,0.1,0.1
"MI",26,67,"Ionia County","Paraquat",66.5,589.9,328.2
"MI",26,69,"Iosco County","2,4-D",85.7,272.3,179
"MI",26,69,"Iosco County","Chlorpyrifos",8.5,87.9,48.2
"MI",26,69,"Iosco County","Glyphosate",2385.4,2480.3,2432.85
"MI",26,69,"Iosco County","Malathion",0,110.2,55.1
"MI",26,69,"Iosco County","Paraquat",8.9,39.8,24.35
"MI",26,71,"Iron County","2,4-D",18.8,63.3,41.05
"MI",26,71,"Iron County","Chlorpyrifos",0.1,6.2,3.15
"MI",26,71,"Iron County","Glyphosate",465.8,476.6,471.2
"MI",26,71,"Iron County","Paraquat",0,1,0.5
"MI",26,73,"Isabella County","2,4-D",7.9,2957.1,1482.5
"MI",26,73,"Isabella County","Chlorpyrifos",26.1,801.9,414
"MI",26,73,"Isabella County","Glyphosate",43751.7,45014.9,44383.3
"MI",26,73,"Isabella County","Malathion",0,796.9,398.45
"MI",26,73,"Isabella County","Paraquat",90.8,300.5,195.65
"MI",26,75,"Jackson County","2,4-D",2176,3165.1,2670.55
"MI",26,75,"Jackson County","Chlorpyrifos",27.5,674.7,351.1
"MI",26,75,"Jackson County","Glyphosate",40134.5,40286.2,40210.35
"MI",26,75,"Jackson County","Malathion",0.2,0.2,0.2
"MI",26,75,"Jackson County","Paraquat",17.1,396.5,206.8
"MI",26,77,"Kalamazoo County","2,4-D",366.1,4173,2269.55
"MI",26,77,"Kalamazoo County","Chlorpyrifos",1062.8,5350,3206.4
"MI",26,77,"Kalamazoo County","Glyphosate",35179,35613,35396
"MI",26,77,"Kalamazoo County","Paraquat",33.8,392.8,213.3
"MI",26,79,"Kalkaska County","2,4-D",114.1,137.3,125.7
"MI",26,79,"Kalkaska County","Chlorpyrifos",5.5,28.5,17
"MI",26,79,"Kalkaska County","Glyphosate",502.3,765.6,633.95
"MI",26,79,"Kalkaska County","Malathion",27.9,27.9,27.9
"MI",26,79,"Kalkaska County","Paraquat",5.1,13,9.05
"MI",26,81,"Kent County","2,4-D",820.1,6667.1,3743.6
"MI",26,81,"Kent County","Chlorpyrifos",7890.5,11125.8,9508.15
"MI",26,81,"Kent County","Glyphosate",32240.4,32386.6,32313.5
"MI",26,81,"Kent County","Paraquat",441.6,702.5,572.05
"MI",26,83,"Keweenaw County","2,4-D",0,2,1
"MI",26,85,"Lake County","2,4-D",111.7,196.3,154
"MI",26,85,"Lake County","Chlorpyrifos",18.8,57.6,38.2
"MI",26,85,"Lake County","Glyphosate",544.9,588.7,566.8
"MI",26,85,"Lake County","Malathion",0,34.2,17.1
"MI",26,85,"Lake County","Paraquat",3.9,19,11.45
"MI",26,87,"Lapeer County","2,4-D",1999.4,2426,2212.7
"MI",26,87,"Lapeer County","Chlorpyrifos",58.9,576.4,317.65
"MI",26,87,"Lapeer County","Glyphosate",32998.6,33836.1,33417.35
"MI",26,87,"Lapeer County","Malathion",1.6,1.6,1.6
"MI",26,87,"Lapeer County","Paraquat",79.5,310.3,194.9
"MI",26,89,"Leelanau County","2,4-D",5290.1,5341,5315.55
"MI",26,89,"Leelanau County","Chlorpyrifos",4419.1,4460.2,4439.65
"MI",26,89,"Leelanau County","Glyphosate",9643.3,9836,9739.65
"MI",26,89,"Leelanau County","Malathion",58.8,58.8,58.8
"MI",26,89,"Leelanau County","Paraquat",913.3,934.7,924
"MI",26,91,"Lenawee County","2,4-D",5221.5,5466.6,5344.05
"MI",26,91,"Lenawee County","Chlorpyrifos",93.9,1497.6,795.75
"MI",26,91,"Lenawee County","Glyphosate",92037.7,92483.5,92260.6
"MI",26,91,"Lenawee County","Malathion",3.3,3.3,3.3
"MI",26,91,"Lenawee County","Paraquat",166.4,903.3,534.85
"MI",26,93,"Livingston County","2,4-D",971.6,1212.8,1092.2
"MI",26,93,"Livingston County","Chlorpyrifos",10.4,296.9,153.65
"MI",26,93,"Livingston County","Glyphosate",15587.5,15990.4,15788.95
"MI",26,93,"Livingston County","Malathion",0.1,0.1,0.1
"MI",26,93,"Livingston County","Paraquat",11.2,140.8,76
"MI",26,95,"Luce County","2,4-D",0,45.5,22.75
"MI",26,95,"Luce County","Chlorpyrifos",0,3.5,1.75
"MI",26,95,"Luce County","Glyphosate",62.6,62.6,62.6
"MI",26,95,"Luce County","Paraquat",0,0,0
"MI",26,97,"Mackinac County","2,4-D",75.5,148.5,112
"MI",26,97,"Mackinac County","Chlorpyrifos",0,15.3,7.65
"MI",26,97,"Mackinac County","Glyphosate",835.7,858.9,847.3
"MI",26,97,"Mackinac County","Paraquat",0,2.7,1.35
"MI",26,99,"Macomb County","2,4-D",636.8,728.4,682.6
"MI",26,99,"Macomb County","Chlorpyrifos",74.8,236.8,155.8
"MI",26,99,"Macomb County","Glyphosate",11903.1,12146.3,12024.7
"MI",26,99,"Macomb County","Malathion",5.2,5.2,5.2
"MI",26,99,"Macomb County","Paraquat",109.1,193.1,151.1
"MI",26,101,"Manistee County","2,4-D",590.1,624.1,607.1
"MI",26,101,"Manistee County","Chlorpyrifos",473.1,508.6,490.85
"MI",26,101,"Manistee County","Glyphosate",1200.2,1315.1,1257.65
"MI",26,101,"Manistee County","Malathion",43.9,43.9,43.9
"MI",26,101,"Manistee County","Paraquat",260.5,285.3,272.9
"MI",26,103,"Marquette County","2,4-D",0,106.8,53.4
"MI",26,103,"Marquette County","Chlorpyrifos",0.1,14.1,7.1
"MI",26,103,"Marquette County","Glyphosate",397.8,432.5,415.15
"MI",26,103,"Marquette County","Paraquat",0,3.6,1.8
"MI",26,105,"Mason County","2,4-D",2058.7,2386.6,2222.65
"MI",26,105,"Mason County","Chlorpyrifos",1102.1,1412.7,1257.4
"MI",26,105,"Mason County","Glyphosate",7148,7626.1,7387.05
"MI",26,105,"Mason County","Malathion",0,324.2,162.1
"MI",26,105,"Mason County","Paraquat",233,354.5,293.75
"MI",26,107,"Mecosta County","2,4-D",25.2,984.6,504.9
"MI",26,107,"Mecosta County","Chlorpyrifos",53.9,559.9,306.9
"MI",26,107,"Mecosta County","Glyphosate",11855.7,12170,12012.85
"MI",26,107,"Mecosta County","Malathion",0,546.1,273.05
"MI",26,107,"Mecosta County","Paraquat",13,182.6,97.8
"MI",26,109,"Menominee County","2,4-D",162.1,584.5,373.3
"MI",26,109,"Menominee County","Chlorpyrifos",1.9,183.1,92.5
"MI",26,109,"Menominee County","Glyphosate",10723.8,10899.6,10811.7
"MI",26,109,"Menominee County","Paraquat",0,70.8,35.4
"MI",26,111,"Midland County","2,4-D",3.6,1054.1,528.85
"MI",26,111,"Midland County","Chlorpyrifos",17.9,433.8,225.85
"MI",26,111,"Midland County","Glyphosate",21789,22145.8,21967.4
"MI",26,111,"Midland County","Malathion",0,445.7,222.85
"MI",26,111,"Midland County","Paraquat",34.5,155.4,94.95
"MI",26,113,"Missaukee County","2,4-D",387.5,487.2,437.35
"MI",26,113,"Missaukee County","Chlorpyrifos",4.7,289.9,147.3
"MI",26,113,"Missaukee County","Glyphosate",7943.9,8153.3,8048.6
"MI",26,113,"Missaukee County","Malathion",563.6,563.6,563.6
"MI",26,113,"Missaukee County","Paraquat",4.2,147.4,75.8
"MI",26,115,"Monroe County","2,4-D",3192.9,3294.4,3243.65
"MI",26,115,"Monroe County","Chlorpyrifos",35.7,830.3,433
"MI",26,115,"Monroe County","Glyphosate",51269.1,51618.9,51444
"MI",26,115,"Monroe County","Malathion",35.2,35.2,35.2
"MI",26,115,"Monroe County","Paraquat",30.8,447.4,239.1
"MI",26,117,"Montcalm County","2,4-D",11.1,3080.2,1545.65
"MI",26,117,"Montcalm County","Chlorpyrifos",186.2,1297.1,741.65
"MI",26,117,"Montcalm County","Glyphosate",35257.8,36633.9,35945.85
"MI",26,117,"Montcalm County","Malathion",0,1282.9,641.45
"MI",26,117,"Montcalm County","Paraquat",43.9,1655.2,849.55
"MI",26,119,"Montmorency County","2,4-D",76.6,182.6,129.6
"MI",26,119,"Montmorency County","Chlorpyrifos",5.3,46.4,25.85
"MI",26,119,"Montmorency County","Glyphosate",1231.2,1309.1,1270.15
"MI",26,119,"Montmorency County","Malathion",0,36.1,18.05
"MI",26,119,"Montmorency County","Paraquat",6.5,17.7,12.1
"MI",26,121,"Muskegon County","2,4-D",1376.4,1802.9,1589.65
"MI",26,121,"Muskegon County","Chlorpyrifos",800.8,1125.2,963
"MI",26,121,"Muskegon County","Glyphosate",6876.5,6979.3,6927.9
"MI",26,121,"Muskegon County","Malathion",0,332.2,166.1
"MI",26,121,"Muskegon County","Paraquat",164.8,287,225.9
"MI",26,123,"Newaygo County","2,4-D",1708,2196.6,1952.3
"MI",26,123,"Newaygo County","Chlorpyrifos",683.1,1227.4,955.25
"MI",26,123,"Newaygo County","Glyphosate",9610.6,9940.2,9775.4
"MI",26,123,"Newaygo County","Malathion",0,595.8,297.9
"MI",26,123,"Newaygo County","Paraquat",140.2,322,231.1
"MI",26,125,"Oakland County","2,4-D",189.5,299,244.25
"MI",26,125,"Oakland County","Chlorpyrifos",32.3,76.1,54.2
"MI",26,125,"Oakland County","Glyphosate",2390.7,2585.7,2488.2
"MI",26,125,"Oakland County","Malathion",0.2,0.2,0.2
"MI",26,125,"Oakland County","Paraquat",53.8,69.8,61.8
"MI",26,127,"Oceana County","2,4-D",4269,4560.3,4414.65
"MI",26,127,"Oceana County","Chlorpyrifos",4431.1,4782.9,4607
"MI",26,127,"Oceana County","Glyphosate",12730,13432.2,13081.1
"MI",26,127,"Oceana County","Malathion",0,332,166
"MI",26,127,"Oceana County","Paraquat",936.6,1037.6,987.1
"MI",26,129,"Ogemaw County","2,4-D",266.6,537.8,402.2
"MI",26,129,"Ogemaw County","Chlorpyrifos",16,172.1,94.05
"MI",26,129,"Ogemaw County","Glyphosate",4131.9,4311.4,4221.65
"MI",26,129,"Ogemaw County","Malathion",0,248.4,124.2
"MI",26,129,"Ogemaw County","Paraquat",19.3,83.3,51.3
"MI",26,131,"Ontonagon County","2,4-D",126.4,202,164.2
"MI",26,131,"Ontonagon County","Chlorpyrifos",0.2,5.7,2.95
"MI",26,131,"Ontonagon County","Glyphosate",723.9,767.3,745.6
"MI",26,131,"Ontonagon County","Paraquat",0,0.6,0.3
"MI",26,133,"Osceola County","2,4-D",6.2,761.7,383.95
"MI",26,133,"Osceola County","Chlorpyrifos",19,327.8,173.4
"MI",26,133,"Osceola County","Glyphosate",5502.5,5802.8,5652.65
"MI",26,133,"Osceola County","Malathion",0,294.9,147.45
"MI",26,133,"Osceola County","Paraquat",4.8,104.1,54.45
"MI",26,135,"Oscoda County","2,4-D",39.1,114.4,76.75
"MI",26,135,"Oscoda County","Chlorpyrifos",0.5,29,14.75
"MI",26,135,"Oscoda County","Glyphosate",468.8,510.6,489.7
"MI",26,135,"Oscoda County","Malathion",0,33.8,16.9
"MI",26,135,"Oscoda County","Paraquat",0.5,8.1,4.3
"MI",26,137,"Otsego County","2,4-D",94.7,212.8,153.75
"MI",26,137,"Otsego County","Chlorpyrifos",1.5,49.5,25.5
"MI",26,137,"Otsego County","Glyphosate",810.7,931.5,871.1
"MI",26,137,"Otsego County","Malathion",0,34.8,17.4
"MI",26,137,"Otsego County","Paraquat",2,9.4,5.7
"MI",26,139,"Ottawa County","2,4-D",498.1,4707.6,2602.85
"MI",26,139,"Ottawa County","Chlorpyrifos",3307.9,6029.5,4668.7
"MI",26,139,"Ottawa County","Glyphosate",27625.2,27846.1,27735.65
"MI",26,139,"Ottawa County","Paraquat",190.7,475.8,333.25
"MI",26,141,"Presque Isle County","2,4-D",401,730.2,565.6
"MI",26,141,"Presque Isle County","Chlorpyrifos",25.5,160.2,92.85
"MI",26,141,"Presque Isle County","Glyphosate",5830.5,6099.1,5964.8
"MI",26,141,"Presque Isle County","Malathion",0,151.6,75.8
"MI",26,141,"Presque Isle County","Paraquat",33,79.6,56.3
"MI",26,143,"Roscommon County","2,4-D",0.7,23.6,12.15
"MI",26,143,"Roscommon County","Chlorpyrifos",0.2,5.6,2.9
"MI",26,143,"Roscommon County","Glyphosate",21.1,30.1,25.6
"MI",26,143,"Roscommon County","Malathion",0,2.1,1.05
"MI",26,143,"Roscommon County","Paraquat",0.2,0.4,0.3
"MI",26,145,"Saginaw County","2,4-D",809.8,2802.5,1806.15
"MI",26,145,"Saginaw County","Chlorpyrifos",369.6,1120.1,744.85
"MI",26,145,"Saginaw County","Glyphosate",130852.8,131827.5,131340.15
"MI",26,145,"Saginaw County","Malathion",3,3,3
"MI",26,145,"Saginaw County","Paraquat",10.7,642.5,326.6
"MI",26,147,"St. Clair County","2,4-D",1768,2012.6,1890.3
"MI",26,147,"St. Clair County","Chlorpyrifos",29.9,423.3,226.6
"MI",26,147,"St. Clair County","Glyphosate",34003.7,34545.1,34274.4
"MI",26,147,"St. Clair County","Malathion",0.4,0.4,0.4
"MI",26,147,"St. Clair County","Paraquat",30.3,231.4,130.85
"MI",26,149,"St. Joseph County","2,4-D",2350.6,2809.9,2580.25
"MI",26,149,"St. Joseph County","Chlorpyrifos",29.5,856.7,443.1
"MI",26,149,"St. Joseph County","Glyphosate",53675,54139.9,53907.45
"MI",26,149,"St. Joseph County","Malathion",2.1,2.1,2.1
"MI",26,149,"St. Joseph County","Paraquat",19.5,985.1,502.3
"MI",26,151,"Sanilac County","2,4-D",1248.7,3947.8,2598.25
"MI",26,151,"Sanilac County","Chlorpyrifos",628.7,1594.8,1111.75
"MI",26,151,"Sanilac County","Glyphosate",161827.2,164214.5,163020.85
"MI",26,151,"Sanilac County","Malathion",4.2,4.2,4.2
"MI",26,151,"Sanilac County","Paraquat",10.3,743.5,376.9
"MI",26,153,"Schoolcraft County","2,4-D",30.2,65.7,47.95
"MI",26,153,"Schoolcraft County","Chlorpyrifos",0,6.8,3.4
"MI",26,153,"Schoolcraft County","Glyphosate",281.9,292.4,287.15
"MI",26,153,"Schoolcraft County","Paraquat",0,0.3,0.15
"MI",26,155,"Shiawassee County","2,4-D",3733.5,4108.3,3920.9
"MI",26,155,"Shiawassee County","Chlorpyrifos",34.5,754.9,394.7
"MI",26,155,"Shiawassee County","Glyphosate",64234.7,64319.5,64277.1
"MI",26,155,"Shiawassee County","Paraquat",18.6,465.3,241.95
"MI",26,157,"Tuscola County","2,4-D",1224.3,2782,2003.15
"MI",26,157,"Tuscola County","Chlorpyrifos",552.7,1257.9,905.3
"MI",26,157,"Tuscola County","Glyphosate",107654.4,109591.2,108622.8
"MI",26,157,"Tuscola County","Malathion",0,0,0
"MI",26,157,"Tuscola County","Paraquat",13,537,275
"MI",26,159,"Van Buren County","2,4-D",142.1,4054.3,2098.2
"MI",26,159,"Van Buren County","Chlorpyrifos",3157.3,5950.5,4553.9
"MI",26,159,"Van Buren County","Glyphosate",26401,26936,26668.5
"MI",26,159,"Van Buren County","Paraquat",470.7,758.7,614.7
"MI",26,161,"Washtenaw County","2,4-D",2202.8,2583.4,2393.1
"MI",26,161,"Washtenaw County","Chlorpyrifos",39.9,671.7,355.8
"MI",26,161,"Washtenaw County","Glyphosate",35958,36681,36319.5
"MI",26,161,"Washtenaw County","Malathion",1.4,1.4,1.4
"MI",26,161,"Washtenaw County","Paraquat",60.8,360.1,210.45
"MI",26,163,"Wayne County","2,4-D",76.2,104.8,90.5
"MI",26,163,"Wayne County","Chlorpyrifos",11.4,31,21.2
"MI",26,163,"Wayne County","Glyphosate",1440.6,1480.7,1460.65
"MI",26,163,"Wayne County","Malathion",0.2,0.2,0.2
"MI",26,163,"Wayne County","Paraquat",14.7,24.2,19.45
"MI",26,165,"Wexford County","2,4-D",136.1,195.1,165.6
"MI",26,165,"Wexford County","Chlorpyrifos",16.5,98.2,57.35
"MI",26,165,"Wexford County","Glyphosate",1840.9,2033.4,1937.15
"MI",26,165,"Wexford County","Malathion",132,132,132
"MI",26,165,"Wexford County","Paraquat",11.9,44.5,28.2
"MN",27,1,"Aitkin County","2,4-D",2.9,427.2,215.05
"MN",27,1,"Aitkin County","Chlorpyrifos",4.2,130,67.1
"MN",27,1,"Aitkin County","Glyphosate",4043,4416.1,4229.55
"MN",27,1,"Aitkin County","Paraquat",1.2,18.9,10.05
"MN",27,3,"Anoka County","2,4-D",14,201.2,107.6
"MN",27,3,"Anoka County","Chlorpyrifos",20.1,130.5,75.3
"MN",27,3,"Anoka County","Glyphosate",4864.9,5081.4,4973.15
"MN",27,3,"Anoka County","Paraquat",5.5,52.5,29
"MN",27,5,"Becker County","2,4-D",446.8,1040,743.4
"MN",27,5,"Becker County","Chlorpyrifos",1616.1,1987,1801.55
"MN",27,5,"Becker County","Glyphosate",80758.3,84171,82464.65
"MN",27,5,"Becker County","Malathion",0,82.7,41.35
"MN",27,5,"Becker County","Paraquat",0,45.6,22.8
"MN",27,7,"Beltrami County","2,4-D",701.6,850,775.8
"MN",27,7,"Beltrami County","Chlorpyrifos",5.7,453.9,229.8
"MN",27,7,"Beltrami County","Glyphosate",20996.9,22182.5,21589.7
"MN",27,7,"Beltrami County","Paraquat",0.2,39.2,19.7
"MN",27,9,"Benton County","2,4-D",414.2,711.3,562.75
"MN",27,9,"Benton County","Chlorpyrifos",673.7,774.3,724
"MN",27,9,"Benton County","Glyphosate",40766.5,41254.1,41010.3
"MN",27,9,"Benton County","Malathion",0,42.2,21.1
"MN",27,9,"Benton County","Paraquat",0.4,350.3,175.35
"MN",27,11,"Big Stone County","2,4-D",969.3,2154.3,1561.8
"MN",27,11,"Big Stone County","Chlorpyrifos",2091.7,2116.9,2104.3
"MN",27,11,"Big Stone County","Glyphosate",99096.7,99485.4,99291.05
"MN",27,11,"Big Stone County","Paraquat",0,1636.3,818.15
"MN",27,13,"Blue Earth County","2,4-D",1228.6,1397.3,1312.95
"MN",27,13,"Blue Earth County","Chlorpyrifos",5428.2,5446.3,5437.25
"MN",27,13,"Blue Earth County","Glyphosate",157801.5,157948.3,157874.9
"MN",27,13,"Blue Earth County","Paraquat",0.8,2898.1,1449.45
"MN",27,15,"Brown County","2,4-D",1041.5,1173.5,1107.5
"MN",27,15,"Brown County","Chlorpyrifos",4253.7,4286.9,4270.3
"MN",27,15,"Brown County","Glyphosate",124573.2,124956.1,124764.65
"MN",27,15,"Brown County","Paraquat",1.3,2299.8,1150.55
"MN",27,17,"Carlton County","2,4-D",0.6,280,140.3
"MN",27,17,"Carlton County","Chlorpyrifos",0.1,57.9,29
"MN",27,17,"Carlton County","Glyphosate",305.1,659.8,482.45
"MN",27,17,"Carlton County","Paraquat",0,4.1,2.05
"MN",27,19,"Carver County","2,4-D",178.4,509.2,343.8
"MN",27,19,"Carver County","Chlorpyrifos",853.5,954.9,904.2
"MN",27,19,"Carver County","Glyphosate",47056.4,47449.3,47252.85
"MN",27,19,"Carver County","Malathion",0,0.1,0.05
"MN",27,19,"Carver County","Paraquat",12.3,399,205.65
"MN",27,21,"Cass County","2,4-D",505.9,562.7,534.3
"MN",27,21,"Cass County","Chlorpyrifos",0.3,112.2,56.25
"MN",27,21,"Cass County","Glyphosate",10017.7,10425.6,10221.65
"MN",27,21,"Cass County","Paraquat",0.1,48.4,24.25
"MN",27,23,"Chippewa County","2,4-D",583.2,1971.7,1277.45
"MN",27,23,"Chippewa County","Chlorpyrifos",3158,3266.9,3212.45
"MN",27,23,"Chippewa County","Glyphosate",147357.9,147452.2,147405.05
"MN",27,23,"Chippewa County","Malathion",0.1,0.1,0.1
"MN",27,23,"Chippewa County","Paraquat",0,2067.8,1033.9
"MN",27,25,"Chisago County","2,4-D",29.1,768.3,398.7
"MN",27,25,"Chisago County","Chlorpyrifos",26.6,492.8,259.7
"MN",27,25,"Chisago County","Glyphosate",23332.3,23838.9,23585.6
"MN",27,25,"Chisago County","Paraquat",7.3,183.3,95.3
"MN",27,27,"Clay County","2,4-D",661.9,1545.3,1103.6
"MN",27,27,"Clay County","Chlorpyrifos",4303.9,4678.6,4491.25
"MN",27,27,"Clay County","Glyphosate",188060,190353.2,189206.6
"MN",27,27,"Clay County","Malathion",0,261.6,130.8
"MN",27,27,"Clay County","Paraquat",0,36.1,18.05
"MN",27,29,"Clearwater County","2,4-D",369.3,607.6,488.45
"MN",27,29,"Clearwater County","Chlorpyrifos",422.8,723.6,573.2
"MN",27,29,"Clearwater County","Glyphosate",13743.8,17731.7,15737.75
"MN",27,29,"Clearwater County","Malathion",0,9.5,4.75
"MN",27,29,"Clearwater County","Paraquat",0,11.8,5.9
"MN",27,31,"Cook County","2,4-D",0.8,0.9,0.85
"MN",27,31,"Cook County","Chlorpyrifos",1,1,1
"MN",27,31,"Cook County","Glyphosate",0.7,0.7,0.7
"MN",27,31,"Cook County","Paraquat",0.3,0.3,0.3
"MN",27,33,"Cottonwood County","2,4-D",2200.6,2242.8,2221.7
"MN",27,33,"Cottonwood County","Chlorpyrifos",5640.1,6711.4,6175.75
"MN",27,33,"Cottonwood County","Glyphosate",168760.6,168875.7,168818.15
"MN",27,33,"Cottonwood County","Malathion",137.6,137.6,137.6
"MN",27,33,"Cottonwood County","Paraquat",0.8,2736.4,1368.6
"MN",27,35,"Crow Wing County","2,4-D",3.9,476.4,240.15
"MN",27,35,"Crow Wing County","Chlorpyrifos",3.9,125,64.45
"MN",27,35,"Crow Wing County","Glyphosate",5712.9,5970,5841.45
"MN",27,35,"Crow Wing County","Paraquat",1.1,61.9,31.5
"MN",27,37,"Dakota County","2,4-D",1357.2,1441.8,1399.5
"MN",27,37,"Dakota County","Chlorpyrifos",744.1,762,753.05
"MN",27,37,"Dakota County","Glyphosate",65012.4,65119.1,65065.75
"MN",27,37,"Dakota County","Paraquat",13.3,1149.5,581.4
"MN",27,39,"Dodge County","2,4-D",1668.7,1692.5,1680.6
"MN",27,39,"Dodge County","Chlorpyrifos",1234,1239.6,1236.8
"MN",27,39,"Dodge County","Glyphosate",102324.2,102377.4,102350.8
"MN",27,39,"Dodge County","Paraquat",3,1731.6,867.3
"MN",27,41,"Douglas County","2,4-D",1580.5,2464.4,2022.45
"MN",27,41,"Douglas County","Chlorpyrifos",1360.6,1483,1421.8
"MN",27,41,"Douglas County","Glyphosate",62921.2,63364.2,63142.7
"MN",27,41,"Douglas County","Malathion",0.3,0.3,0.3
"MN",27,41,"Douglas County","Paraquat",0,1036.5,518.25
"MN",27,43,"Faribault County","2,4-D",1088.1,2070.7,1579.4
"MN",27,43,"Faribault County","Chlorpyrifos",5927.4,5945.9,5936.65
"MN",27,43,"Faribault County","Glyphosate",164739.7,165629.4,165184.55
"MN",27,43,"Faribault County","Paraquat",0.9,3078,1539.45
"MN",27,45,"Fillmore County","2,4-D",7747.8,7795.2,7771.5
"MN",27,45,"Fillmore County","Chlorpyrifos",1516.5,1518.3,1517.4
"MN",27,45,"Fillmore County","Glyphosate",128621.2,128886.6,128753.9
"MN",27,45,"Fillmore County","Paraquat",5.3,2246.1,1125.7
"MN",27,47,"Freeborn County","2,4-D",1113.5,2019.4,1566.45
"MN",27,47,"Freeborn County","Chlorpyrifos",5347.9,5369.5,5358.7
"MN",27,47,"Freeborn County","Glyphosate",148742.1,149537.1,149139.6
"MN",27,47,"Freeborn County","Paraquat",0.6,2784.1,1392.35
"MN",27,49,"Goodhue County","2,4-D",3979,4051.8,4015.4
"MN",27,49,"Goodhue County","Chlorpyrifos",1420.7,1429,1424.85
"MN",27,49,"Goodhue County","Glyphosate",120024.9,120190.6,120107.75
"MN",27,49,"Goodhue County","Paraquat",4.8,2076.9,1040.85
"MN",27,51,"Grant County","2,4-D",816,2167.6,1491.8
"MN",27,51,"Grant County","Chlorpyrifos",2671.2,2753.1,2712.15
"MN",27,51,"Grant County","Glyphosate",124413.1,124755.7,124584.4
"MN",27,51,"Grant County","Paraquat",0,1925.6,962.8
"MN",27,53,"Hennepin County","2,4-D",39.9,404.1,222
"MN",27,53,"Hennepin County","Chlorpyrifos",52.2,320.6,186.4
"MN",27,53,"Hennepin County","Glyphosate",13128.1,13303.6,13215.85
"MN",27,53,"Hennepin County","Paraquat",14.2,108.9,61.55
"MN",27,55,"Houston County","2,4-D",5879.4,6062.2,5970.8
"MN",27,55,"Houston County","Chlorpyrifos",540.8,602.5,571.65
"MN",27,55,"Houston County","Glyphosate",40084.3,40381.5,40232.9
"MN",27,55,"Houston County","Paraquat",0.2,690.9,345.55
"MN",27,57,"Hubbard County","2,4-D",898.3,985,941.65
"MN",27,57,"Hubbard County","Chlorpyrifos",4.2,205.2,104.7
"MN",27,57,"Hubbard County","Glyphosate",17940.6,18243.1,18091.85
"MN",27,57,"Hubbard County","Paraquat",1.1,48,24.55
"MN",27,59,"Isanti County","2,4-D",26.9,675.6,351.25
"MN",27,59,"Isanti County","Chlorpyrifos",2.3,473.5,237.9
"MN",27,59,"Isanti County","Glyphosate",26492.9,26794.4,26643.65
"MN",27,59,"Isanti County","Paraquat",0.6,219,109.8
"MN",27,61,"Itasca County","2,4-D",169.8,201.1,185.45
"MN",27,61,"Itasca County","Chlorpyrifos",4.2,77.7,40.95
"MN",27,61,"Itasca County","Glyphosate",3751.8,4065.1,3908.45
"MN",27,61,"Itasca County","Paraquat",1.1,12.1,6.6
"MN",27,63,"Jackson County","2,4-D",2146.1,2166.7,2156.4
"MN",27,63,"Jackson County","Chlorpyrifos",5990.5,7044,6517.25
"MN",27,63,"Jackson County","Glyphosate",175277.2,175325.5,175301.35
"MN",27,63,"Jackson County","Malathion",0.1,0.1,0.1
"MN",27,63,"Jackson County","Paraquat",0.9,2840.7,1420.8
"MN",27,65,"Kanabec County","2,4-D",6.1,643.2,324.65
"MN",27,65,"Kanabec County","Chlorpyrifos",8.8,207.1,107.95
"MN",27,65,"Kanabec County","Glyphosate",7201.6,7631.7,7416.65
"MN",27,65,"Kanabec County","Paraquat",2.4,66.5,34.45
"MN",27,67,"Kandiyohi County","2,4-D",519.3,1732.5,1125.9
"MN",27,67,"Kandiyohi County","Chlorpyrifos",1943.5,2678.1,2310.8
"MN",27,67,"Kandiyohi County","Glyphosate",130384.8,132655.6,131520.2
"MN",27,67,"Kandiyohi County","Malathion",0,138.6,69.3
"MN",27,67,"Kandiyohi County","Paraquat",1.3,1011.5,506.4
"MN",27,69,"Kittson County","2,4-D",1777.8,2415.2,2096.5
"MN",27,69,"Kittson County","Chlorpyrifos",5740,5926.8,5833.4
"MN",27,69,"Kittson County","Glyphosate",117322.8,119306.5,118314.65
"MN",27,69,"Kittson County","Malathion",0,187.3,93.65
"MN",27,69,"Kittson County","Paraquat",0,65.8,32.9
"MN",27,71,"Koochiching County","2,4-D",109.8,134,121.9
"MN",27,71,"Koochiching County","Chlorpyrifos",0,77.5,38.75
"MN",27,71,"Koochiching County","Glyphosate",3683.7,4032.8,3858.25
"MN",27,71,"Koochiching County","Paraquat",0,8.2,4.1
"MN",27,73,"Lac qui Parle County","2,4-D",1079.8,3065.2,2072.5
"MN",27,73,"Lac qui Parle County","Chlorpyrifos",3191.8,3258.3,3225.05
"MN",27,73,"Lac qui Parle County","Glyphosate",164772.8,164971.5,164872.15
"MN",27,73,"Lac qui Parle County","Malathion",0.1,0.1,0.1
"MN",27,73,"Lac qui Parle County","Paraquat",0,2778.2,1389.1
"MN",27,75,"Lake County","2,4-D",6,6.2,6.1
"MN",27,75,"Lake County","Chlorpyrifos",3.2,2.9,3.05
"MN",27,75,"Lake County","Glyphosate",28.5,28.5,28.5
"MN",27,75,"Lake County","Paraquat",0.5,0.5,0.5
"MN",27,77,"Lake of the Woods County","2,4-D",331.5,435.4,383.45
"MN",27,77,"Lake of the Woods County","Chlorpyrifos",4.8,343.1,173.95
"MN",27,77,"Lake of the Woods County","Glyphosate",24291.9,24481,24386.45
"MN",27,77,"Lake of the Woods County","Paraquat",0.2,26.8,13.5
"MN",27,79,"Le Sueur County","2,4-D",718.4,816.4,767.4
"MN",27,79,"Le Sueur County","Chlorpyrifos",2876.6,2929.3,2902.95
"MN",27,79,"Le Sueur County","Glyphosate",83139.6,83243.1,83191.35
"MN",27,79,"Le Sueur County","Paraquat",4.4,1502.9,753.65
"MN",27,81,"Lincoln County","2,4-D",2094,2209.2,2151.6
"MN",27,81,"Lincoln County","Chlorpyrifos",3821.2,4616,4218.6
"MN",27,81,"Lincoln County","Glyphosate",111229.1,111681.2,111455.15
"MN",27,81,"Lincoln County","Paraquat",0.5,1793.2,896.85
"MN",27,83,"Lyon County","2,4-D",2491.2,2528.4,2509.8
"MN",27,83,"Lyon County","Chlorpyrifos",5815.5,6917.6,6366.55
"MN",27,83,"Lyon County","Glyphosate",172676.5,172884.6,172780.55
"MN",27,83,"Lyon County","Malathion",0.1,0.1,0.1
"MN",27,83,"Lyon County","Paraquat",0,2796,1398
"MN",27,85,"McLeod County","2,4-D",153.3,807.5,480.4
"MN",27,85,"McLeod County","Chlorpyrifos",1540.6,1827.4,1684
"MN",27,85,"McLeod County","Glyphosate",91614,92138.2,91876.1
"MN",27,85,"McLeod County","Malathion",0,1.2,0.6
"MN",27,85,"McLeod County","Paraquat",5.1,735.2,370.15
"MN",27,87,"Mahnomen County","2,4-D",329.9,702.5,516.2
"MN",27,87,"Mahnomen County","Chlorpyrifos",1197.9,1375.1,1286.5
"MN",27,87,"Mahnomen County","Glyphosate",54520.7,55710.8,55115.75
"MN",27,87,"Mahnomen County","Malathion",0,55.8,27.9
"MN",27,87,"Mahnomen County","Paraquat",0,39.6,19.8
"MN",27,89,"Marshall County","2,4-D",3304.1,4475.9,3890
"MN",27,89,"Marshall County","Chlorpyrifos",6750.5,7215.6,6983.05
"MN",27,89,"Marshall County","Glyphosate",208168.4,212352.8,210260.6
"MN",27,89,"Marshall County","Malathion",0,76.4,38.2
"MN",27,89,"Marshall County","Paraquat",0,218.7,109.35
"MN",27,91,"Martin County","2,4-D",1128.5,1155.1,1141.8
"MN",27,91,"Martin County","Chlorpyrifos",5487.4,5497.7,5492.55
"MN",27,91,"Martin County","Glyphosate",164121.2,164286,164203.6
"MN",27,91,"Martin County","Paraquat",0.6,3119.5,1560.05
"MN",27,93,"Meeker County","2,4-D",400.9,1082,741.45
"MN",27,93,"Meeker County","Chlorpyrifos",1697.2,1985.5,1841.35
"MN",27,93,"Meeker County","Glyphosate",97586.4,98089.6,97838
"MN",27,93,"Meeker County","Malathion",0,0.7,0.35
"MN",27,93,"Meeker County","Paraquat",2.9,770,386.45
"MN",27,95,"Mille Lacs County","2,4-D",16,690.9,353.45
"MN",27,95,"Mille Lacs County","Chlorpyrifos",15.2,365.2,190.2
"MN",27,95,"Mille Lacs County","Glyphosate",17122.7,17586.9,17354.8
"MN",27,95,"Mille Lacs County","Paraquat",4.2,144.9,74.55
"MN",27,97,"Morrison County","2,4-D",1093,1768.8,1430.9
"MN",27,97,"Morrison County","Chlorpyrifos",821.1,1073,947.05
"MN",27,97,"Morrison County","Glyphosate",59627.6,62327.2,60977.4
"MN",27,97,"Morrison County","Malathion",0,68,34
"MN",27,97,"Morrison County","Paraquat",2.4,588.9,295.65
"MN",27,99,"Mower County","2,4-D",1988.3,2991.9,2490.1
"MN",27,99,"Mower County","Chlorpyrifos",2139.4,2480.4,2309.9
"MN",27,99,"Mower County","Glyphosate",173797.3,174517.8,174157.55
"MN",27,99,"Mower County","Paraquat",1.3,2926.2,1463.75
"MN",27,101,"Murray County","2,4-D",2355,2442.8,2398.9
"MN",27,101,"Murray County","Chlorpyrifos",5887.1,6994.3,6440.7
"MN",27,101,"Murray County","Glyphosate",176372.1,176468.4,176420.25
"MN",27,101,"Murray County","Malathion",0.4,0.4,0.4
"MN",27,101,"Murray County","Paraquat",0.8,2839.8,1420.3
"MN",27,103,"Nicollet County","2,4-D",604.2,668.8,636.5
"MN",27,103,"Nicollet County","Chlorpyrifos",2812.3,2837.3,2824.8
"MN",27,103,"Nicollet County","Glyphosate",83742.6,83833.1,83787.85
"MN",27,103,"Nicollet County","Paraquat",0.2,1573.1,786.65
"MN",27,105,"Nobles County","2,4-D",2380.1,2410.8,2395.45
"MN",27,105,"Nobles County","Chlorpyrifos",6187.9,7392.5,6790.2
"MN",27,105,"Nobles County","Glyphosate",190317.4,190370.1,190343.75
"MN",27,105,"Nobles County","Malathion",0.1,0.1,0.1
"MN",27,105,"Nobles County","Paraquat",2.5,3117.2,1559.85
"MN",27,107,"Norman County","2,4-D",1653.2,2483.7,2068.45
"MN",27,107,"Norman County","Chlorpyrifos",4879.7,5184.1,5031.9
"MN",27,107,"Norman County","Glyphosate",176931.6,178974.9,177953.25
"MN",27,107,"Norman County","Malathion",0,181.7,90.85
"MN",27,107,"Norman County","Paraquat",0,73.8,36.9
"MN",27,109,"Olmsted County","2,4-D",3888.5,3925.5,3907
"MN",27,109,"Olmsted County","Chlorpyrifos",1164.5,1165.1,1164.8
"MN",27,109,"Olmsted County","Glyphosate",95339.4,95489.3,95414.35
"MN",27,109,"Olmsted County","Paraquat",4.5,1639.8,822.15
"MN",27,111,"Otter Tail County","2,4-D",6318.7,8909.5,7614.1
"MN",27,111,"Otter Tail County","Chlorpyrifos",3149.3,3744.1,3446.7
"MN",27,111,"Otter Tail County","Glyphosate",154719.8,156024.1,155371.95
"MN",27,111,"Otter Tail County","Malathion",1539.9,1539.9,1539.9
"MN",27,111,"Otter Tail County","Paraquat",0,2526.4,1263.2
"MN",27,113,"Pennington County","2,4-D",1149.6,1432.8,1291.2
"MN",27,113,"Pennington County","Chlorpyrifos",2693.1,2868.8,2780.95
"MN",27,113,"Pennington County","Glyphosate",82214.7,84520.4,83367.55
"MN",27,113,"Pennington County","Malathion",0,0.1,0.05
"MN",27,113,"Pennington County","Paraquat",0,27.5,13.75
"MN",27,115,"Pine County","2,4-D",11.2,929.3,470.25
"MN",27,115,"Pine County","Chlorpyrifos",9.1,366.2,187.65
"MN",27,115,"Pine County","Glyphosate",16446.7,17083.2,16764.95
"MN",27,115,"Pine County","Paraquat",2.5,139.6,71.05
"MN",27,117,"Pipestone County","2,4-D",1902,1971.8,1936.9
"MN",27,117,"Pipestone County","Chlorpyrifos",3217.5,3843.4,3530.45
"MN",27,117,"Pipestone County","Glyphosate",94817.2,95039.7,94928.45
"MN",27,117,"Pipestone County","Malathion",0.3,0.3,0.3
"MN",27,117,"Pipestone County","Paraquat",0.5,1531.2,765.85
"MN",27,119,"Polk County","2,4-D",3257.9,5681.9,4469.9
"MN",27,119,"Polk County","Chlorpyrifos",9953.8,10923.2,10438.5
"MN",27,119,"Polk County","Glyphosate",286466.2,292553.1,289509.65
"MN",27,119,"Polk County","Malathion",0,509.5,254.75
"MN",27,119,"Polk County","Paraquat",0,505.2,252.6
"MN",27,121,"Pope County","2,4-D",1323.2,2510.1,1916.65
"MN",27,121,"Pope County","Chlorpyrifos",1753.3,1905.7,1829.5
"MN",27,121,"Pope County","Glyphosate",92898.5,93155,93026.75
"MN",27,121,"Pope County","Malathion",115,115,115
"MN",27,121,"Pope County","Paraquat",0,1545.8,772.9
"MN",27,123,"Ramsey County","2,4-D",0.1,5,2.55
"MN",27,123,"Ramsey County","Chlorpyrifos",0,0.9,0.45
"MN",27,123,"Ramsey County","Glyphosate",11.7,26.4,19.05
"MN",27,123,"Ramsey County","Paraquat",0,0.1,0.05
"MN",27,125,"Red Lake County","2,4-D",832.2,1213.8,1023
"MN",27,125,"Red Lake County","Chlorpyrifos",1858.3,2052.4,1955.35
"MN",27,125,"Red Lake County","Glyphosate",62568.3,64251.4,63409.85
"MN",27,125,"Red Lake County","Malathion",0,75.4,37.7
"MN",27,125,"Red Lake County","Paraquat",0,52.9,26.45
"MN",27,127,"Redwood County","2,4-D",2794.1,2846.7,2820.4
"MN",27,127,"Redwood County","Chlorpyrifos",7589.9,9146.9,8368.4
"MN",27,127,"Redwood County","Glyphosate",225682.2,225806.4,225744.3
"MN",27,127,"Redwood County","Malathion",0.6,0.6,0.6
"MN",27,127,"Redwood County","Paraquat",1.6,3553.5,1777.55
"MN",27,129,"Renville County","2,4-D",398.1,2199.6,1298.85
"MN",27,129,"Renville County","Chlorpyrifos",3839.8,5400.8,4620.3
"MN",27,129,"Renville County","Glyphosate",247474.7,248945.7,248210.2
"MN",27,129,"Renville County","Malathion",0,212.2,106.1
"MN",27,129,"Renville County","Paraquat",2,1771.8,886.9
"MN",27,131,"Rice County","2,4-D",759.2,874.5,816.85
"MN",27,131,"Rice County","Chlorpyrifos",2310.9,2415.9,2363.4
"MN",27,131,"Rice County","Glyphosate",68911.9,68997,68954.45
"MN",27,131,"Rice County","Paraquat",6.3,1279.1,642.7
"MN",27,133,"Rock County","2,4-D",2379.4,2406.1,2392.75
"MN",27,133,"Rock County","Chlorpyrifos",3812.5,4722.6,4267.55
"MN",27,133,"Rock County","Glyphosate",122735,123261.8,122998.4
"MN",27,133,"Rock County","Malathion",0.3,0.3,0.3
"MN",27,133,"Rock County","Paraquat",0.8,2023.9,1012.35
"MN",27,135,"Roseau County","2,4-D",1313.9,2049.1,1681.5
"MN",27,135,"Roseau County","Chlorpyrifos",4375.3,4647.3,4511.3
"MN",27,135,"Roseau County","Glyphosate",102209.4,105745.5,103977.45
"MN",27,135,"Roseau County","Malathion",0,171.7,85.85
"MN",27,135,"Roseau County","Paraquat",0,43.1,21.55
"MN",27,137,"St. Louis County","2,4-D",134.7,135.9,135.3
"MN",27,137,"St. Louis County","Chlorpyrifos",72.6,59.9,66.25
"MN",27,137,"St. Louis County","Glyphosate",597.7,597.9,597.8
"MN",27,137,"St. Louis County","Paraquat",3.3,4.6,3.95
"MN",27,139,"Scott County","2,4-D",259.4,477.8,368.6
"MN",27,139,"Scott County","Chlorpyrifos",613.5,676.1,644.8
"MN",27,139,"Scott County","Glyphosate",28737.5,29020,28878.75
"MN",27,139,"Scott County","Malathion",0,1,0.5
"MN",27,139,"Scott County","Paraquat",23.5,253.3,138.4
"MN",27,141,"Sherburne County","2,4-D",221.3,415.9,318.6
"MN",27,141,"Sherburne County","Chlorpyrifos",291,346,318.5
"MN",27,141,"Sherburne County","Glyphosate",19664.3,20679.1,20171.7
"MN",27,141,"Sherburne County","Malathion",0,970.2,485.1
"MN",27,141,"Sherburne County","Paraquat",1.7,176.2,88.95
"MN",27,143,"Sibley County","2,4-D",187.5,1045.1,616.3
"MN",27,143,"Sibley County","Chlorpyrifos",2026.2,2361.5,2193.85
"MN",27,143,"Sibley County","Glyphosate",123230.7,123739.5,123485.1
"MN",27,143,"Sibley County","Malathion",0,119.1,59.55
"MN",27,143,"Sibley County","Paraquat",1.5,984,492.75
"MN",27,145,"Stearns County","2,4-D",1355,2600.4,1977.7
"MN",27,145,"Stearns County","Chlorpyrifos",2221.1,2686.1,2453.6
"MN",27,145,"Stearns County","Glyphosate",142949.3,146708,144828.65
"MN",27,145,"Stearns County","Malathion",0,159.7,79.85
"MN",27,145,"Stearns County","Paraquat",6.1,1296.5,651.3
"MN",27,147,"Steele County","2,4-D",669.4,1199.6,934.5
"MN",27,147,"Steele County","Chlorpyrifos",2914.5,2945.5,2930
"MN",27,147,"Steele County","Glyphosate",81673.7,82107.5,81890.6
"MN",27,147,"Steele County","Paraquat",0.5,1544.2,772.35
"MN",27,149,"Stevens County","2,4-D",746.7,2182.7,1464.7
"MN",27,149,"Stevens County","Chlorpyrifos",2381.5,2571.9,2476.7
"MN",27,149,"Stevens County","Glyphosate",124807,125061.7,124934.35
"MN",27,149,"Stevens County","Malathion",0.1,0.1,0.1
"MN",27,149,"Stevens County","Paraquat",0,2101.4,1050.7
"MN",27,151,"Swift County","2,4-D",954,2712.6,1833.3
"MN",27,151,"Swift County","Chlorpyrifos",2835.3,2964.8,2900.05
"MN",27,151,"Swift County","Glyphosate",154370,154639.8,154504.9
"MN",27,151,"Swift County","Paraquat",0,2583.3,1291.65
"MN",27,153,"Todd County","2,4-D",1473.3,2022.3,1747.8
"MN",27,153,"Todd County","Chlorpyrifos",1160.5,1396.1,1278.3
"MN",27,153,"Todd County","Glyphosate",58059.2,60282.4,59170.8
"MN",27,153,"Todd County","Malathion",0,170.5,85.25
"MN",27,153,"Todd County","Paraquat",6.2,501.3,253.75
"MN",27,155,"Traverse County","2,4-D",668.2,2306.2,1487.2
"MN",27,155,"Traverse County","Chlorpyrifos",3286.8,3307.9,3297.35
"MN",27,155,"Traverse County","Glyphosate",144292,144676.5,144484.25
"MN",27,155,"Traverse County","Paraquat",0,2265.7,1132.85
"MN",27,157,"Wabasha County","2,4-D",3734.3,4193.8,3964.05
"MN",27,157,"Wabasha County","Chlorpyrifos",796.9,903.3,850.1
"MN",27,157,"Wabasha County","Glyphosate",58683.5,59015.2,58849.35
"MN",27,157,"Wabasha County","Paraquat",18.9,1052.7,535.8
"MN",27,159,"Wadena County","2,4-D",487.3,750,618.65
"MN",27,159,"Wadena County","Chlorpyrifos",223,344.9,283.95
"MN",27,159,"Wadena County","Glyphosate",13509.1,14853.8,14181.45
"MN",27,159,"Wadena County","Malathion",0,484.9,242.45
"MN",27,159,"Wadena County","Paraquat",0.2,129.8,65
"MN",27,161,"Waseca County","2,4-D",619.1,1163.1,891.1
"MN",27,161,"Waseca County","Chlorpyrifos",3019.7,3031.9,3025.8
"MN",27,161,"Waseca County","Glyphosate",83913.5,84318.7,84116.1
"MN",27,161,"Waseca County","Paraquat",0,1577.9,788.95
"MN",27,163,"Washington County","2,4-D",71.3,481.4,276.35
"MN",27,163,"Washington County","Chlorpyrifos",102.5,365.9,234.2
"MN",27,163,"Washington County","Glyphosate",14207,14403.4,14305.2
"MN",27,163,"Washington County","Paraquat",27.9,146.9,87.4
"MN",27,165,"Watonwan County","2,4-D",872.2,1473.2,1172.7
"MN",27,165,"Watonwan County","Chlorpyrifos",3613.3,3618.7,3616
"MN",27,165,"Watonwan County","Glyphosate",100332.7,100787.8,100560.25
"MN",27,165,"Watonwan County","Paraquat",0,1863.4,931.7
"MN",27,167,"Wilkin County","2,4-D",2408.7,4044,3226.35
"MN",27,167,"Wilkin County","Chlorpyrifos",5136.9,5174.7,5155.8
"MN",27,167,"Wilkin County","Glyphosate",176418.3,178219.6,177318.95
"MN",27,167,"Wilkin County","Malathion",164.2,164.2,164.2
"MN",27,167,"Wilkin County","Paraquat",0,2063.2,1031.6
"MN",27,169,"Winona County","2,4-D",4898.8,5080.2,4989.5
"MN",27,169,"Winona County","Chlorpyrifos",784.9,787.1,786
"MN",27,169,"Winona County","Glyphosate",52401.6,52598.5,52500.05
"MN",27,169,"Winona County","Paraquat",22.1,945,483.55
"MN",27,171,"Wright County","2,4-D",516.3,1040,778.15
"MN",27,171,"Wright County","Chlorpyrifos",1432.8,1577,1504.9
"MN",27,171,"Wright County","Glyphosate",68136.9,68900.7,68518.8
"MN",27,171,"Wright County","Malathion",0,0.7,0.35
"MN",27,171,"Wright County","Paraquat",24.3,550.9,287.6
"MN",27,173,"Yellow Medicine County","2,4-D",814.5,2845.4,1829.95
"MN",27,173,"Yellow Medicine County","Chlorpyrifos",3330.6,3380.4,3355.5
"MN",27,173,"Yellow Medicine County","Glyphosate",172413.9,172568.9,172491.4
"MN",27,173,"Yellow Medicine County","Malathion",0.1,0.1,0.1
"MN",27,173,"Yellow Medicine County","Paraquat",0,2887.1,1443.55
"MO",29,1,"Adair County","2,4-D",6735.5,6785,6760.25
"MO",29,1,"Adair County","Chlorpyrifos",4.7,412.5,208.6
"MO",29,1,"Adair County","Glyphosate",40015.7,41128.6,40572.15
"MO",29,1,"Adair County","Paraquat",284.5,595.1,439.8
"MO",29,3,"Andrew County","2,4-D",13596.1,13678.4,13637.25
"MO",29,3,"Andrew County","Chlorpyrifos",461.2,461.3,461.25
"MO",29,3,"Andrew County","Glyphosate",74813.3,75969.3,75391.3
"MO",29,3,"Andrew County","Paraquat",2.2,1176.7,589.45
"MO",29,5,"Atchison County","2,4-D",26844.1,26871.3,26857.7
"MO",29,5,"Atchison County","Chlorpyrifos",535.2,534.8,535
"MO",29,5,"Atchison County","Glyphosate",151997.4,152623.7,152310.55
"MO",29,5,"Atchison County","Paraquat",2.3,2356,1179.15
"MO",29,7,"Audrain County","2,4-D",9698.3,10068.6,9883.45
"MO",29,7,"Audrain County","Chlorpyrifos",225.5,1346.5,786
"MO",29,7,"Audrain County","Glyphosate",94801.4,97444.3,96122.85
"MO",29,7,"Audrain County","Paraquat",3164.3,3164.3,3164.3
"MO",29,9,"Barry County","2,4-D",6844.5,7097.2,6970.85
"MO",29,9,"Barry County","Chlorpyrifos",70.8,567.3,319.05
"MO",29,9,"Barry County","Glyphosate",7472.4,7472.4,7472.4
"MO",29,9,"Barry County","Paraquat",203,203,203
"MO",29,11,"Barton County","2,4-D",6124.2,9519.5,7821.85
"MO",29,11,"Barton County","Chlorpyrifos",44,4309.6,2176.8
"MO",29,11,"Barton County","Glyphosate",59508.1,59508.1,59508.1
"MO",29,11,"Barton County","Paraquat",2058.1,2058.1,2058.1
"MO",29,13,"Bates County","2,4-D",19510.3,20177.6,19843.95
"MO",29,13,"Bates County","Chlorpyrifos",271.2,610.4,440.8
"MO",29,13,"Bates County","Glyphosate",112839.3,114873.4,113856.35
"MO",29,13,"Bates County","Paraquat",2576.7,3093.3,2835
"MO",29,15,"Benton County","2,4-D",3227.3,3369.8,3298.55
"MO",29,15,"Benton County","Chlorpyrifos",2.5,1043.6,523.05
"MO",29,15,"Benton County","Glyphosate",19445.4,19574.7,19510.05
"MO",29,15,"Benton County","Paraquat",0.4,507.9,254.15
"MO",29,17,"Bollinger County","2,4-D",4251.9,6223.9,5237.9
"MO",29,17,"Bollinger County","Chlorpyrifos",566.8,566.8,566.8
"MO",29,17,"Bollinger County","Glyphosate",3303.9,3303.9,3303.9
"MO",29,17,"Bollinger County","Paraquat",1.6,586.5,294.05
"MO",29,19,"Boone County","2,4-D",3765.8,4054.9,3910.35
"MO",29,19,"Boone County","Chlorpyrifos",8.4,1570.5,789.45
"MO",29,19,"Boone County","Glyphosate",28990.3,29893.5,29441.9
"MO",29,19,"Boone County","Paraquat",1.2,773.7,387.45
"MO",29,21,"Buchanan County","2,4-D",9589,9624.9,9606.95
"MO",29,21,"Buchanan County","Chlorpyrifos",252.8,253,252.9
"MO",29,21,"Buchanan County","Glyphosate",50572.4,51115,50843.7
"MO",29,21,"Buchanan County","Paraquat",1.6,774.5,388.05
"MO",29,23,"Butler County","2,4-D",5603.5,5641.9,5622.7
"MO",29,23,"Butler County","Chlorpyrifos",187.8,2267.7,1227.75
"MO",29,23,"Butler County","Glyphosate",83903.6,84064.7,83984.15
"MO",29,23,"Butler County","Malathion",36.3,36.3,36.3
"MO",29,23,"Butler County","Paraquat",2496.5,3229.7,2863.1
"MO",29,25,"Caldwell County","2,4-D",6426.5,6461,6443.75
"MO",29,25,"Caldwell County","Chlorpyrifos",184.1,184.3,184.2
"MO",29,25,"Caldwell County","Glyphosate",31542.3,32283.2,31912.75
"MO",29,25,"Caldwell County","Paraquat",1.5,551.6,276.55
"MO",29,27,"Callaway County","2,4-D",5435.4,5702.5,5568.95
"MO",29,27,"Callaway County","Chlorpyrifos",3.9,1707.1,855.5
"MO",29,27,"Callaway County","Glyphosate",49333.2,50037.6,49685.4
"MO",29,27,"Callaway County","Paraquat",0.5,1324.9,662.7
"MO",29,29,"Camden County","2,4-D",1077.4,1088.1,1082.75
"MO",29,29,"Camden County","Chlorpyrifos",0.1,138.4,69.25
"MO",29,29,"Camden County","Glyphosate",1066.4,1066.4,1066.4
"MO",29,29,"Camden County","Paraquat",0,5.4,2.7
"MO",29,31,"Cape Girardeau County","2,4-D",4919.9,5030.1,4975
"MO",29,31,"Cape Girardeau County","Chlorpyrifos",926.5,4650.6,2788.55
"MO",29,31,"Cape Girardeau County","Glyphosate",47622,48207.4,47914.7
"MO",29,31,"Cape Girardeau County","Malathion",284.7,285,284.85
"MO",29,31,"Cape Girardeau County","Paraquat",1511.6,1960.7,1736.15
"MO",29,33,"Carroll County","2,4-D",17094.9,17153.9,17124.4
"MO",29,33,"Carroll County","Chlorpyrifos",27.9,482.5,255.2
"MO",29,33,"Carroll County","Glyphosate",110590.8,111442.4,111016.6
"MO",29,33,"Carroll County","Paraquat",723.6,2182.4,1453
"MO",29,35,"Carter County","2,4-D",1860.8,1862.3,1861.55
"MO",29,35,"Carter County","Chlorpyrifos",46.4,46.4,46.4
"MO",29,35,"Carter County","Glyphosate",253,253,253
"MO",29,35,"Carter County","Paraquat",0,0.4,0.2
"MO",29,37,"Cass County","2,4-D",10924.4,11068.1,10996.25
"MO",29,37,"Cass County","Chlorpyrifos",556.8,737,646.9
"MO",29,37,"Cass County","Glyphosate",60250.9,61364.7,60807.8
"MO",29,37,"Cass County","Paraquat",1409.2,1656.6,1532.9
"MO",29,39,"Cedar County","2,4-D",2717.1,2838.5,2777.8
"MO",29,39,"Cedar County","Chlorpyrifos",321.1,342.7,331.9
"MO",29,39,"Cedar County","Glyphosate",7240.9,8248.4,7744.65
"MO",29,39,"Cedar County","Paraquat",173.2,200,186.6
"MO",29,41,"Chariton County","2,4-D",14898.7,14930,14914.35
"MO",29,41,"Chariton County","Chlorpyrifos",4,628.2,316.1
"MO",29,41,"Chariton County","Glyphosate",96283.4,97377.7,96830.55
"MO",29,41,"Chariton County","Paraquat",632.7,1942.1,1287.4
"MO",29,43,"Christian County","2,4-D",4331.1,4362.7,4346.9
"MO",29,43,"Christian County","Chlorpyrifos",182.5,238.8,210.65
"MO",29,43,"Christian County","Glyphosate",1979.2,1979.2,1979.2
"MO",29,43,"Christian County","Paraquat",28.8,28.8,28.8
"MO",29,45,"Clark County","2,4-D",5931.2,5992.9,5962.05
"MO",29,45,"Clark County","Chlorpyrifos",366.8,943.6,655.2
"MO",29,45,"Clark County","Glyphosate",61903.3,62488.1,62195.7
"MO",29,45,"Clark County","Paraquat",1826.8,1826.6,1826.7
"MO",29,47,"Clay County","2,4-D",4505,4526.3,4515.65
"MO",29,47,"Clay County","Chlorpyrifos",128.7,128.7,128.7
"MO",29,47,"Clay County","Glyphosate",23462.2,23900.4,23681.3
"MO",29,47,"Clay County","Paraquat",0.7,384.1,192.4
"MO",29,49,"Clinton County","2,4-D",6795.2,6815.9,6805.55
"MO",29,49,"Clinton County","Chlorpyrifos",149.4,149.2,149.3
"MO",29,49,"Clinton County","Glyphosate",32627.4,33002.8,32815.1
"MO",29,49,"Clinton County","Paraquat",1.6,487.3,244.45
"MO",29,51,"Cole County","2,4-D",1802.2,1839.6,1820.9
"MO",29,51,"Cole County","Chlorpyrifos",1.3,348.4,174.85
"MO",29,51,"Cole County","Glyphosate",8490.9,8507.2,8499.05
"MO",29,51,"Cole County","Paraquat",0.2,208.6,104.4
"MO",29,53,"Cooper County","2,4-D",6884.1,7229.2,7056.65
"MO",29,53,"Cooper County","Chlorpyrifos",14.3,2713.7,1364
"MO",29,53,"Cooper County","Glyphosate",67585.2,67677,67631.1
"MO",29,53,"Cooper County","Paraquat",2,1874.3,938.15
"MO",29,55,"Crawford County","2,4-D",3646.7,3674.6,3660.65
"MO",29,55,"Crawford County","Chlorpyrifos",14.7,65.2,39.95
"MO",29,55,"Crawford County","Glyphosate",942.4,1361.1,1151.75
"MO",29,55,"Crawford County","Malathion",0,134.1,67.05
"MO",29,55,"Crawford County","Paraquat",32.8,32.8,32.8
"MO",29,57,"Dade County","2,4-D",6727.9,8129.4,7428.65
"MO",29,57,"Dade County","Chlorpyrifos",218.8,2449.6,1334.2
"MO",29,57,"Dade County","Glyphosate",24093.1,24093.1,24093.1
"MO",29,57,"Dade County","Paraquat",801.7,801.7,801.7
"MO",29,59,"Dallas County","2,4-D",1868.5,1921,1894.75
"MO",29,59,"Dallas County","Chlorpyrifos",0.3,485.4,242.85
"MO",29,59,"Dallas County","Glyphosate",2483.7,2536.6,2510.15
"MO",29,59,"Dallas County","Paraquat",0,28.8,14.4
"MO",29,61,"Daviess County","2,4-D",12666.1,12700.9,12683.5
"MO",29,61,"Daviess County","Chlorpyrifos",310.9,311,310.95
"MO",29,61,"Daviess County","Glyphosate",67924.3,68722.9,68323.6
"MO",29,61,"Daviess County","Paraquat",0.3,1096,548.15
"MO",29,63,"DeKalb County","2,4-D",10158,10209.5,10183.75
"MO",29,63,"DeKalb County","Chlorpyrifos",311.5,311.2,311.35
"MO",29,63,"DeKalb County","Glyphosate",55044.8,55916.7,55480.75
"MO",29,63,"DeKalb County","Paraquat",1.5,891.9,446.7
"MO",29,65,"Dent County","2,4-D",7083.4,7118,7100.7
"MO",29,65,"Dent County","Chlorpyrifos",119.3,119.3,119.3
"MO",29,65,"Dent County","Glyphosate",995.6,995.6,995.6
"MO",29,65,"Dent County","Paraquat",0,4.3,2.15
"MO",29,67,"Douglas County","2,4-D",9244.7,9338.2,9291.45
"MO",29,67,"Douglas County","Chlorpyrifos",539.3,539.3,539.3
"MO",29,67,"Douglas County","Glyphosate",1562.9,1562.9,1562.9
"MO",29,67,"Douglas County","Paraquat",0,12.4,6.2
"MO",29,69,"Dunklin County","2,4-D",10358.9,10382.3,10370.6
"MO",29,69,"Dunklin County","Chlorpyrifos",1901.4,8722.2,5311.8
"MO",29,69,"Dunklin County","Glyphosate",131482.8,132645.7,132064.25
"MO",29,69,"Dunklin County","Malathion",2748.1,2748.1,2748.1
"MO",29,69,"Dunklin County","Paraquat",13714.6,14174.8,13944.7
"MO",29,71,"Franklin County","2,4-D",9893.5,10107,10000.25
"MO",29,71,"Franklin County","Chlorpyrifos",19.6,1163.9,591.75
"MO",29,71,"Franklin County","Glyphosate",32941.8,33343.7,33142.75
"MO",29,71,"Franklin County","Malathion",0,140.3,70.15
"MO",29,71,"Franklin County","Paraquat",1019.8,1019.7,1019.75
"MO",29,73,"Gasconade County","2,4-D",4618.6,4735.5,4677.05
"MO",29,73,"Gasconade County","Chlorpyrifos",9.6,394.8,202.2
"MO",29,73,"Gasconade County","Glyphosate",13928.9,14255.2,14092.05
"MO",29,73,"Gasconade County","Malathion",0,76.6,38.3
"MO",29,73,"Gasconade County","Paraquat",309,308.9,308.95
"MO",29,75,"Gentry County","2,4-D",9407,9463.1,9435.05
"MO",29,75,"Gentry County","Chlorpyrifos",322.2,322.2,322.2
"MO",29,75,"Gentry County","Glyphosate",49295.4,50476.9,49886.15
"MO",29,75,"Gentry County","Paraquat",0.2,794.4,397.3
"MO",29,77,"Greene County","2,4-D",5079.2,5203.3,5141.25
"MO",29,77,"Greene County","Chlorpyrifos",298.9,444.7,371.8
"MO",29,77,"Greene County","Glyphosate",3949.2,3949.2,3949.2
"MO",29,77,"Greene County","Paraquat",82.1,82.1,82.1
"MO",29,79,"Grundy County","2,4-D",9775.3,9808.7,9792
"MO",29,79,"Grundy County","Chlorpyrifos",11.6,355.2,183.4
"MO",29,79,"Grundy County","Glyphosate",61387.9,61945.1,61666.5
"MO",29,79,"Grundy County","Paraquat",462.8,846.3,654.55
"MO",29,81,"Harrison County","2,4-D",17821.8,17916,17868.9
"MO",29,81,"Harrison County","Chlorpyrifos",558.3,558,558.15
"MO",29,81,"Harrison County","Glyphosate",93541.9,95146.6,94344.25
"MO",29,81,"Harrison County","Paraquat",1.9,1470.6,736.25
"MO",29,83,"Henry County","2,4-D",11625.7,12172.8,11899.25
"MO",29,83,"Henry County","Chlorpyrifos",135,311.9,223.45
"MO",29,83,"Henry County","Glyphosate",59604.5,61382.2,60493.35
"MO",29,83,"Henry County","Paraquat",1500,1668.6,1584.3
"MO",29,85,"Hickory County","2,4-D",1755.7,1825.4,1790.55
"MO",29,85,"Hickory County","Chlorpyrifos",0.5,425.2,212.85
"MO",29,85,"Hickory County","Glyphosate",6260.1,6434.9,6347.5
"MO",29,85,"Hickory County","Paraquat",0.1,164.4,82.25
"MO",29,87,"Holt County","2,4-D",20166,20188.7,20177.35
"MO",29,87,"Holt County","Chlorpyrifos",410.9,411.4,411.15
"MO",29,87,"Holt County","Glyphosate",114133.8,114378.7,114256.25
"MO",29,87,"Holt County","Paraquat",1.7,1752.5,877.1
"MO",29,89,"Howard County","2,4-D",4326.6,4513.5,4420.05
"MO",29,89,"Howard County","Chlorpyrifos",10,1605.6,807.8
"MO",29,89,"Howard County","Glyphosate",43447.1,43513.1,43480.1
"MO",29,89,"Howard County","Paraquat",1.4,1234.5,617.95
"MO",29,91,"Howell County","2,4-D",13485.1,13524,13504.55
"MO",29,91,"Howell County","Chlorpyrifos",527.6,527.6,527.6
"MO",29,91,"Howell County","Glyphosate",2199,2199,2199
"MO",29,91,"Howell County","Paraquat",0,24.5,12.25
"MO",29,93,"Iron County","2,4-D",1965.6,1988.2,1976.9
"MO",29,93,"Iron County","Chlorpyrifos",167.4,167.4,167.4
"MO",29,93,"Iron County","Glyphosate",352.4,352.4,352.4
"MO",29,93,"Iron County","Paraquat",0,0.1,0.05
"MO",29,95,"Jackson County","2,4-D",5438.6,5480.7,5459.65
"MO",29,95,"Jackson County","Chlorpyrifos",149.6,247.4,198.5
"MO",29,95,"Jackson County","Glyphosate",32513.9,32787,32650.45
"MO",29,95,"Jackson County","Paraquat",710.8,878,794.4
"MO",29,97,"Jasper County","2,4-D",6151.6,8303.2,7227.4
"MO",29,97,"Jasper County","Chlorpyrifos",52.6,3343.5,1698.05
"MO",29,97,"Jasper County","Glyphosate",36577.7,36577.7,36577.7
"MO",29,97,"Jasper County","Paraquat",1259.9,1259.9,1259.9
"MO",29,99,"Jefferson County","2,4-D",2137,2195.5,2166.25
"MO",29,99,"Jefferson County","Chlorpyrifos",13.5,231.9,122.7
"MO",29,99,"Jefferson County","Glyphosate",4818.5,4959.3,4888.9
"MO",29,99,"Jefferson County","Malathion",0,106.7,53.35
"MO",29,99,"Jefferson County","Paraquat",153.3,153.3,153.3
"MO",29,101,"Johnson County","2,4-D",11921.9,12210,12065.95
"MO",29,101,"Johnson County","Chlorpyrifos",222.2,416.8,319.5
"MO",29,101,"Johnson County","Glyphosate",64627.5,66020.4,65323.95
"MO",29,101,"Johnson County","Paraquat",1442.6,1758.5,1600.55
"MO",29,103,"Knox County","2,4-D",7508,7590.3,7549.15
"MO",29,103,"Knox County","Chlorpyrifos",251.3,938.8,595.05
"MO",29,103,"Knox County","Glyphosate",75589.8,76352.4,75971.1
"MO",29,103,"Knox County","Paraquat",2193.3,2193.1,2193.2
"MO",29,105,"Laclede County","2,4-D",2431.4,2490.3,2460.85
"MO",29,105,"Laclede County","Chlorpyrifos",0.3,447.9,224.1
"MO",29,105,"Laclede County","Glyphosate",5100.9,5330.8,5215.85
"MO",29,105,"Laclede County","Paraquat",0,123,61.5
"MO",29,107,"Lafayette County","2,4-D",17055.3,17347.5,17201.4
"MO",29,107,"Lafayette County","Chlorpyrifos",565.3,919.6,742.45
"MO",29,107,"Lafayette County","Glyphosate",115641.6,116681.9,116161.75
"MO",29,107,"Lafayette County","Paraquat",2315.6,3087.9,2701.75
"MO",29,109,"Lawrence County","2,4-D",7362,8001.6,7681.8
"MO",29,109,"Lawrence County","Chlorpyrifos",143.1,1078.1,610.6
"MO",29,109,"Lawrence County","Glyphosate",14151,14151,14151
"MO",29,109,"Lawrence County","Paraquat",429.3,429.3,429.3
"MO",29,111,"Lewis County","2,4-D",4633.4,4685.2,4659.3
"MO",29,111,"Lewis County","Chlorpyrifos",146.6,768.2,457.4
"MO",29,111,"Lewis County","Glyphosate",38947.5,39402.9,39175.2
"MO",29,111,"Lewis County","Paraquat",1545,1544.7,1544.85
"MO",29,113,"Lincoln County","2,4-D",15891.6,16298.6,16095.1
"MO",29,113,"Lincoln County","Chlorpyrifos",22.9,2471.5,1247.2
"MO",29,113,"Lincoln County","Glyphosate",70902.1,71079.9,70991
"MO",29,113,"Lincoln County","Malathion",0,84.3,42.15
"MO",29,113,"Lincoln County","Paraquat",2507,2506.8,2506.9
"MO",29,115,"Linn County","2,4-D",11724.6,11782.7,11753.65
"MO",29,115,"Linn County","Chlorpyrifos",1.1,293.6,147.35
"MO",29,115,"Linn County","Glyphosate",72457.3,73434,72945.65
"MO",29,115,"Linn County","Paraquat",507.6,1081.2,794.4
"MO",29,117,"Livingston County","2,4-D",12541.4,12672,12606.7
"MO",29,117,"Livingston County","Chlorpyrifos",0.8,523.8,262.3
"MO",29,117,"Livingston County","Glyphosate",83976.4,84641.3,84308.85
"MO",29,117,"Livingston County","Paraquat",581.2,1212.5,896.85
"MO",29,119,"McDonald County","2,4-D",4388.3,4403.9,4396.1
"MO",29,119,"McDonald County","Chlorpyrifos",22.5,169.7,96.1
"MO",29,119,"McDonald County","Glyphosate",1257.6,1257.6,1257.6
"MO",29,119,"McDonald County","Paraquat",18.4,18.4,18.4
"MO",29,121,"Macon County","2,4-D",13516.2,13561.4,13538.8
"MO",29,121,"Macon County","Chlorpyrifos",12.7,582.3,297.5
"MO",29,121,"Macon County","Glyphosate",82587.9,83932.4,83260.15
"MO",29,121,"Macon County","Paraquat",610.2,1216.2,913.2
"MO",29,123,"Madison County","2,4-D",2893.8,2952.8,2923.3
"MO",29,123,"Madison County","Chlorpyrifos",156.7,156.7,156.7
"MO",29,123,"Madison County","Glyphosate",500,500,500
"MO",29,123,"Madison County","Paraquat",0,14.3,7.15
"MO",29,125,"Maries County","2,4-D",2167.4,2207.2,2187.3
"MO",29,125,"Maries County","Chlorpyrifos",1.2,174.8,88
"MO",29,125,"Maries County","Glyphosate",4449.6,4670.9,4560.25
"MO",29,125,"Maries County","Paraquat",0.2,79.4,39.8
"MO",29,127,"Marion County","2,4-D",5995.8,6034.5,6015.15
"MO",29,127,"Marion County","Chlorpyrifos",194.5,876.7,535.6
"MO",29,127,"Marion County","Glyphosate",58043.9,58404.3,58224.1
"MO",29,127,"Marion County","Paraquat",1930.6,1930.4,1930.5
"MO",29,129,"Mercer County","2,4-D",5091.2,5163,5127.1
"MO",29,129,"Mercer County","Chlorpyrifos",5.1,917.7,461.4
"MO",29,129,"Mercer County","Glyphosate",31409.7,32325.2,31867.45
"MO",29,129,"Mercer County","Paraquat",217.6,560.2,388.9
"MO",29,131,"Miller County","2,4-D",2337.5,2401.3,2369.4
"MO",29,131,"Miller County","Chlorpyrifos",0.6,600.8,300.7
"MO",29,131,"Miller County","Glyphosate",5928.8,6070.6,5999.7
"MO",29,131,"Miller County","Paraquat",0.1,119.3,59.7
"MO",29,133,"Mississippi County","2,4-D",6561.7,6561.1,6561.4
"MO",29,133,"Mississippi County","Chlorpyrifos",174,10655.7,5414.85
"MO",29,133,"Mississippi County","Glyphosate",90937,92834.8,91885.9
"MO",29,133,"Mississippi County","Malathion",19.1,19.1,19.1
"MO",29,133,"Mississippi County","Paraquat",3701.7,4305.9,4003.8
"MO",29,135,"Moniteau County","2,4-D",3265.7,3367.2,3316.45
"MO",29,135,"Moniteau County","Chlorpyrifos",1.6,721,361.3
"MO",29,135,"Moniteau County","Glyphosate",22973.8,23170.1,23071.95
"MO",29,135,"Moniteau County","Paraquat",0.2,593.6,296.9
"MO",29,137,"Monroe County","2,4-D",7731.4,7827.7,7779.55
"MO",29,137,"Monroe County","Chlorpyrifos",191.4,948.2,569.8
"MO",29,137,"Monroe County","Glyphosate",81118.5,82021.4,81569.95
"MO",29,137,"Monroe County","Paraquat",2395,2395,2395
"MO",29,139,"Montgomery County","2,4-D",14871,15373.6,15122.3
"MO",29,139,"Montgomery County","Chlorpyrifos",17.9,2907.2,1462.55
"MO",29,139,"Montgomery County","Glyphosate",62699.5,62885.3,62792.4
"MO",29,139,"Montgomery County","Malathion",0,31.8,15.9
"MO",29,139,"Montgomery County","Paraquat",2122.9,2122.6,2122.75
"MO",29,141,"Morgan County","2,4-D",2117,2222.9,2169.95
"MO",29,141,"Morgan County","Chlorpyrifos",2.4,670.7,336.55
"MO",29,141,"Morgan County","Glyphosate",10501.1,10756.9,10629
"MO",29,141,"Morgan County","Paraquat",0.3,279.5,139.9
"MO",29,143,"New Madrid County","2,4-D",8928.1,9252.6,9090.35
"MO",29,143,"New Madrid County","Chlorpyrifos",175.6,6046.4,3111
"MO",29,143,"New Madrid County","Glyphosate",167106.6,167758.9,167432.75
"MO",29,143,"New Madrid County","Malathion",2443.5,2443.5,2443.5
"MO",29,143,"New Madrid County","Paraquat",14070.9,14968,14519.45
"MO",29,145,"Newton County","2,4-D",5960.3,6328,6144.15
"MO",29,145,"Newton County","Chlorpyrifos",82.7,726,404.35
"MO",29,145,"Newton County","Glyphosate",10493.3,10493.3,10493.3
"MO",29,145,"Newton County","Paraquat",291.9,291.9,291.9
"MO",29,147,"Nodaway County","2,4-D",26001.9,26204.1,26103
"MO",29,147,"Nodaway County","Chlorpyrifos",1040,1040.7,1040.35
"MO",29,147,"Nodaway County","Glyphosate",142587.1,145590.4,144088.75
"MO",29,147,"Nodaway County","Paraquat",2.6,2244.5,1123.55
"MO",29,149,"Oregon County","2,4-D",9138.8,9173.8,9156.3
"MO",29,149,"Oregon County","Chlorpyrifos",444.4,444.4,444.4
"MO",29,149,"Oregon County","Glyphosate",1381,1381,1381
"MO",29,151,"Osage County","2,4-D",2719.4,2798.4,2758.9
"MO",29,151,"Osage County","Chlorpyrifos",0.4,377.2,188.8
"MO",29,151,"Osage County","Glyphosate",10491,10960.3,10725.65
"MO",29,151,"Osage County","Paraquat",0.1,274.5,137.3
"MO",29,153,"Ozark County","2,4-D",9205,9249,9227
"MO",29,153,"Ozark County","Chlorpyrifos",149.5,149.5,149.5
"MO",29,153,"Ozark County","Glyphosate",1255.7,1255.7,1255.7
"MO",29,153,"Ozark County","Paraquat",0,3.8,1.9
"MO",29,155,"Pemiscot County","2,4-D",7796,7854.7,7825.35
"MO",29,155,"Pemiscot County","Chlorpyrifos",285.4,7087.5,3686.45
"MO",29,155,"Pemiscot County","Glyphosate",116983.6,118107.4,117545.5
"MO",29,155,"Pemiscot County","Malathion",1196.9,1197.8,1197.35
"MO",29,155,"Pemiscot County","Paraquat",8303.4,8864.2,8583.8
"MO",29,157,"Perry County","2,4-D",10464.1,11099.1,10781.6
"MO",29,157,"Perry County","Chlorpyrifos",22.4,3159.8,1591.1
"MO",29,157,"Perry County","Glyphosate",37805.9,38016.4,37911.15
"MO",29,157,"Perry County","Malathion",0,164.5,82.25
"MO",29,157,"Perry County","Paraquat",1395.6,1395.5,1395.55
"MO",29,159,"Pettis County","2,4-D",7101,7463.8,7282.4
"MO",29,159,"Pettis County","Chlorpyrifos",18.9,2636.2,1327.55
"MO",29,159,"Pettis County","Glyphosate",66049.1,66401.1,66225.1
"MO",29,159,"Pettis County","Paraquat",2.6,1908.7,955.65
"MO",29,161,"Phelps County","2,4-D",1078,1083.6,1080.8
"MO",29,161,"Phelps County","Chlorpyrifos",0.1,66.1,33.1
"MO",29,161,"Phelps County","Glyphosate",1106.6,1107.2,1106.9
"MO",29,161,"Phelps County","Paraquat",0,7.8,3.9
"MO",29,163,"Pike County","2,4-D",6977.6,7083.7,7030.65
"MO",29,163,"Pike County","Chlorpyrifos",431.5,1097.9,764.7
"MO",29,163,"Pike County","Glyphosate",69677.9,70769.5,70223.7
"MO",29,163,"Pike County","Paraquat",2073.3,2073.2,2073.25
"MO",29,165,"Platte County","2,4-D",9063.4,9077.4,9070.4
"MO",29,165,"Platte County","Chlorpyrifos",191.4,191.7,191.55
"MO",29,165,"Platte County","Glyphosate",49083.2,49400.5,49241.85
"MO",29,165,"Platte County","Paraquat",0.5,768.9,384.7
"MO",29,167,"Polk County","2,4-D",2876.4,2937,2906.7
"MO",29,167,"Polk County","Chlorpyrifos",7.3,465.3,236.3
"MO",29,167,"Polk County","Glyphosate",5957.2,6054.9,6006.05
"MO",29,167,"Polk County","Paraquat",1,132.4,66.7
"MO",29,169,"Pulaski County","2,4-D",931.3,949.2,940.25
"MO",29,169,"Pulaski County","Chlorpyrifos",3.4,203,103.2
"MO",29,169,"Pulaski County","Glyphosate",1325.6,1325.6,1325.6
"MO",29,169,"Pulaski County","Paraquat",0.5,17.4,8.95
"MO",29,171,"Putnam County","2,4-D",4521.4,4555.3,4538.35
"MO",29,171,"Putnam County","Chlorpyrifos",2.2,461.4,231.8
"MO",29,171,"Putnam County","Glyphosate",25887.7,27203.7,26545.7
"MO",29,171,"Putnam County","Paraquat",171.3,508.9,340.1
"MO",29,173,"Ralls County","2,4-D",4194.4,4258.2,4226.3
"MO",29,173,"Ralls County","Chlorpyrifos",134.7,695.8,415.25
"MO",29,173,"Ralls County","Glyphosate",36722.8,37358.9,37040.85
"MO",29,173,"Ralls County","Paraquat",1420.8,1420.7,1420.75
"MO",29,175,"Randolph County","2,4-D",7329,7353.3,7341.15
"MO",29,175,"Randolph County","Chlorpyrifos",7.8,243.6,125.7
"MO",29,175,"Randolph County","Glyphosate",45991.8,46669.6,46330.7
"MO",29,175,"Randolph County","Paraquat",336.1,699.2,517.65
"MO",29,177,"Ray County","2,4-D",13092.5,13110.5,13101.5
"MO",29,177,"Ray County","Chlorpyrifos",275.4,275.4,275.4
"MO",29,177,"Ray County","Glyphosate",72154.7,72745.4,72450.05
"MO",29,177,"Ray County","Paraquat",0.1,1165.2,582.65
"MO",29,179,"Reynolds County","2,4-D",2301.2,2323.9,2312.55
"MO",29,179,"Reynolds County","Chlorpyrifos",54.4,54.4,54.4
"MO",29,179,"Reynolds County","Glyphosate",337.7,337.7,337.7
"MO",29,179,"Reynolds County","Paraquat",0,1.2,0.6
"MO",29,181,"Ripley County","2,4-D",4293.1,4854.5,4573.8
"MO",29,181,"Ripley County","Chlorpyrifos",253.8,253.8,253.8
"MO",29,181,"Ripley County","Glyphosate",2577.2,2577.2,2577.2
"MO",29,181,"Ripley County","Paraquat",27.6,170.7,99.15
"MO",29,183,"St. Charles County","2,4-D",10848.6,11040.9,10944.75
"MO",29,183,"St. Charles County","Chlorpyrifos",20.1,1641.5,830.8
"MO",29,183,"St. Charles County","Glyphosate",43868.7,43917.4,43893.05
"MO",29,183,"St. Charles County","Malathion",0,66.7,33.35
"MO",29,183,"St. Charles County","Paraquat",1764.5,1764.2,1764.35
"MO",29,185,"St. Clair County","2,4-D",6932.8,7386.5,7159.65
"MO",29,185,"St. Clair County","Chlorpyrifos",60.5,160.1,110.3
"MO",29,185,"St. Clair County","Glyphosate",33339.2,34831.9,34085.55
"MO",29,185,"St. Clair County","Paraquat",805.8,925.1,865.45
"MO",29,186,"Ste. Genevieve County","2,4-D",4986.2,5259.6,5122.9
"MO",29,186,"Ste. Genevieve County","Chlorpyrifos",14.6,1311.6,663.1
"MO",29,186,"Ste. Genevieve County","Glyphosate",15061,15250.5,15155.75
"MO",29,186,"Ste. Genevieve County","Malathion",0,111.5,55.75
"MO",29,186,"Ste. Genevieve County","Paraquat",555.2,555.2,555.2
"MO",29,187,"St. Francois County","2,4-D",2143,2191.4,2167.2
"MO",29,187,"St. Francois County","Chlorpyrifos",6.4,215.2,110.8
"MO",29,187,"St. Francois County","Glyphosate",2594.9,2783.6,2689.25
"MO",29,187,"St. Francois County","Malathion",0,57.6,28.8
"MO",29,187,"St. Francois County","Paraquat",94.4,94.4,94.4
"MO",29,189,"St. Louis County","2,4-D",1367.3,1398.2,1382.75
"MO",29,189,"St. Louis County","Chlorpyrifos",4.7,220.7,112.7
"MO",29,189,"St. Louis County","Glyphosate",5131.3,5153.4,5142.35
"MO",29,189,"St. Louis County","Malathion",0,4.3,2.15
"MO",29,189,"St. Louis County","Paraquat",170.3,170.3,170.3
"MO",29,195,"Saline County","2,4-D",11937.6,12110.1,12023.85
"MO",29,195,"Saline County","Chlorpyrifos",19.8,2543.3,1281.55
"MO",29,195,"Saline County","Glyphosate",133321.6,133393.2,133357.4
"MO",29,195,"Saline County","Paraquat",2.7,4111,2056.85
"MO",29,197,"Schuyler County","2,4-D",3714.6,3740.2,3727.4
"MO",29,197,"Schuyler County","Chlorpyrifos",3.2,362.6,182.9
"MO",29,197,"Schuyler County","Glyphosate",21947.7,22591.6,22269.65
"MO",29,197,"Schuyler County","Paraquat",160.2,342.3,251.25
"MO",29,199,"Scotland County","2,4-D",5228.2,5281.3,5254.75
"MO",29,199,"Scotland County","Chlorpyrifos",375.1,936.9,656
"MO",29,199,"Scotland County","Glyphosate",52653.9,53244.3,52949.1
"MO",29,199,"Scotland County","Paraquat",1663.5,1663.5,1663.5
"MO",29,201,"Scott County","2,4-D",5520.3,5561.7,5541
"MO",29,201,"Scott County","Chlorpyrifos",139.1,7900,4019.55
"MO",29,201,"Scott County","Glyphosate",77139.9,78487.5,77813.7
"MO",29,201,"Scott County","Malathion",185.5,186.1,185.8
"MO",29,201,"Scott County","Paraquat",2867.7,3651,3259.35
"MO",29,203,"Shannon County","2,4-D",4169.1,4184.4,4176.75
"MO",29,203,"Shannon County","Chlorpyrifos",40,40,40
"MO",29,203,"Shannon County","Glyphosate",555.2,555.2,555.2
"MO",29,205,"Shelby County","2,4-D",8045,8163,8104
"MO",29,205,"Shelby County","Chlorpyrifos",184.7,916.1,550.4
"MO",29,205,"Shelby County","Glyphosate",85929.4,86851.4,86390.4
"MO",29,205,"Shelby County","Paraquat",2429.1,2428.8,2428.95
"MO",29,207,"Stoddard County","2,4-D",10374.9,10453.4,10414.15
"MO",29,207,"Stoddard County","Chlorpyrifos",356.2,8162.6,4259.4
"MO",29,207,"Stoddard County","Glyphosate",165022,166134,165578
"MO",29,207,"Stoddard County","Malathion",2195.8,2197,2196.4
"MO",29,207,"Stoddard County","Paraquat",12368.6,13528.6,12948.6
"MO",29,209,"Stone County","2,4-D",2869.7,2983.3,2926.5
"MO",29,209,"Stone County","Chlorpyrifos",67,202.8,134.9
"MO",29,209,"Stone County","Glyphosate",2846.4,2846.4,2846.4
"MO",29,209,"Stone County","Paraquat",76.7,76.7,76.7
"MO",29,211,"Sullivan County","2,4-D",4462.9,4475.1,4469
"MO",29,211,"Sullivan County","Chlorpyrifos",4.7,179.1,91.9
"MO",29,211,"Sullivan County","Glyphosate",23297.9,24532.4,23915.15
"MO",29,211,"Sullivan County","Paraquat",156.2,421.4,288.8
"MO",29,213,"Taney County","2,4-D",4446.2,4490.5,4468.35
"MO",29,213,"Taney County","Chlorpyrifos",131.4,131.4,131.4
"MO",29,213,"Taney County","Glyphosate",670.4,670.4,670.4
"MO",29,213,"Taney County","Paraquat",0,3.2,1.6
"MO",29,215,"Texas County","2,4-D",15023.3,15121.1,15072.2
"MO",29,215,"Texas County","Chlorpyrifos",357.9,357.9,357.9
"MO",29,215,"Texas County","Glyphosate",2458.3,2458.3,2458.3
"MO",29,215,"Texas County","Paraquat",0,33.3,16.65
"MO",29,217,"Vernon County","2,4-D",12014.6,12784.5,12399.55
"MO",29,217,"Vernon County","Chlorpyrifos",382.7,586.4,484.55
"MO",29,217,"Vernon County","Glyphosate",66907.8,69214.3,68061.05
"MO",29,217,"Vernon County","Paraquat",1336.1,1772.4,1554.25
"MO",29,219,"Warren County","2,4-D",6015.1,6087.2,6051.15
"MO",29,219,"Warren County","Chlorpyrifos",10.6,700.3,355.45
"MO",29,219,"Warren County","Glyphosate",23431.2,23512.6,23471.9
"MO",29,219,"Warren County","Malathion",0,40.9,20.45
"MO",29,219,"Warren County","Paraquat",866,865.9,865.95
"MO",29,221,"Washington County","2,4-D",2002,2013.6,2007.8
"MO",29,221,"Washington County","Chlorpyrifos",8.9,21.1,15
"MO",29,221,"Washington County","Glyphosate",682.1,908,795.05
"MO",29,221,"Washington County","Malathion",0,81.5,40.75
"MO",29,221,"Washington County","Paraquat",11.8,11.8,11.8
"MO",29,223,"Wayne County","2,4-D",2876.2,3094.7,2985.45
"MO",29,223,"Wayne County","Chlorpyrifos",184.2,184.2,184.2
"MO",29,223,"Wayne County","Glyphosate",704.7,704.7,704.7
"MO",29,223,"Wayne County","Paraquat",0,65.4,32.7
"MO",29,225,"Webster County","2,4-D",9059,9272.1,9165.55
"MO",29,225,"Webster County","Chlorpyrifos",912.3,912.3,912.3
"MO",29,225,"Webster County","Glyphosate",2942.9,2942.9,2942.9
"MO",29,225,"Webster County","Paraquat",0,108.7,54.35
"MO",29,227,"Worth County","2,4-D",3442.8,3528.7,3485.75
"MO",29,227,"Worth County","Chlorpyrifos",311.9,311.8,311.85
"MO",29,227,"Worth County","Glyphosate",16408.8,17722.9,17065.85
"MO",29,227,"Worth County","Paraquat",0.4,261.6,131
"MO",29,229,"Wright County","2,4-D",10409.5,10499.5,10454.5
"MO",29,229,"Wright County","Chlorpyrifos",1349,1349,1349
"MO",29,229,"Wright County","Glyphosate",2164.8,2164.8,2164.8
"MO",29,229,"Wright County","Paraquat",0,21.7,10.85
"MS",28,1,"Adams County","2,4-D",1159.6,2166.7,1663.15
"MS",28,1,"Adams County","Chlorpyrifos",8.2,8.2,8.2
"MS",28,1,"Adams County","Glyphosate",7541.1,7571.8,7556.45
"MS",28,1,"Adams County","Malathion",0,57.1,28.55
"MS",28,1,"Adams County","Paraquat",415.8,516.8,466.3
"MS",28,3,"Alcorn County","2,4-D",6889.9,8220.1,7555
"MS",28,3,"Alcorn County","Chlorpyrifos",0,97,48.5
"MS",28,3,"Alcorn County","Glyphosate",23953.7,24785.8,24369.75
"MS",28,3,"Alcorn County","Malathion",0,44.6,22.3
"MS",28,3,"Alcorn County","Paraquat",1990.2,2133.2,2061.7
"MS",28,5,"Amite County","2,4-D",573.1,3677.2,2125.15
"MS",28,5,"Amite County","Chlorpyrifos",5.7,5.7,5.7
"MS",28,5,"Amite County","Glyphosate",3132,3214.1,3173.05
"MS",28,5,"Amite County","Paraquat",167.6,167.6,167.6
"MS",28,7,"Attala County","2,4-D",6034.7,6028.8,6031.75
"MS",28,7,"Attala County","Glyphosate",14695.7,14726.9,14711.3
"MS",28,7,"Attala County","Malathion",0,137.8,68.9
"MS",28,7,"Attala County","Paraquat",836,1282.5,1059.25
"MS",28,9,"Benton County","2,4-D",1847.1,2775.8,2311.45
"MS",28,9,"Benton County","Chlorpyrifos",49.4,49.4,49.4
"MS",28,9,"Benton County","Glyphosate",5356.4,5356.4,5356.4
"MS",28,9,"Benton County","Paraquat",4148.8,4148.8,4148.8
"MS",28,11,"Bolivar County","2,4-D",57987.2,57987.2,57987.2
"MS",28,11,"Bolivar County","Chlorpyrifos",429.9,429.9,429.9
"MS",28,11,"Bolivar County","Glyphosate",171575,171758.7,171666.85
"MS",28,11,"Bolivar County","Malathion",0,36.3,18.15
"MS",28,11,"Bolivar County","Paraquat",52190.2,55351.5,53770.85
"MS",28,13,"Calhoun County","2,4-D",3935.4,5939.5,4937.45
"MS",28,13,"Calhoun County","Chlorpyrifos",5.8,5.8,5.8
"MS",28,13,"Calhoun County","Glyphosate",13539.1,13539.1,13539.1
"MS",28,13,"Calhoun County","Malathion",0,348.1,174.05
"MS",28,13,"Calhoun County","Paraquat",8464.8,8464.8,8464.8
"MS",28,15,"Carroll County","2,4-D",14289,14211.7,14250.35
"MS",28,15,"Carroll County","Chlorpyrifos",3.3,3.3,3.3
"MS",28,15,"Carroll County","Glyphosate",38571.7,38521.3,38546.5
"MS",28,15,"Carroll County","Malathion",0,231.4,115.7
"MS",28,15,"Carroll County","Paraquat",2218.4,3612.7,2915.55
"MS",28,17,"Chickasaw County","2,4-D",3775.6,4208.4,3992
"MS",28,17,"Chickasaw County","Chlorpyrifos",60.4,186.9,123.65
"MS",28,17,"Chickasaw County","Glyphosate",68636.9,68850.4,68743.65
"MS",28,17,"Chickasaw County","Malathion",0,51,25.5
"MS",28,17,"Chickasaw County","Paraquat",1913.5,2592.3,2252.9
"MS",28,19,"Choctaw County","2,4-D",2279,2278.8,2278.9
"MS",28,19,"Choctaw County","Chlorpyrifos",0.7,0.7,0.7
"MS",28,19,"Choctaw County","Glyphosate",731.9,908.1,820
"MS",28,19,"Choctaw County","Paraquat",103.8,103.8,103.8
"MS",28,21,"Claiborne County","2,4-D",1153.7,2905.9,2029.8
"MS",28,21,"Claiborne County","Chlorpyrifos",4.8,4.8,4.8
"MS",28,21,"Claiborne County","Glyphosate",5914.1,5970.1,5942.1
"MS",28,21,"Claiborne County","Malathion",0,16.6,8.3
"MS",28,21,"Claiborne County","Paraquat",311.4,340.8,326.1
"MS",28,23,"Clarke County","2,4-D",4732.6,4732.6,4732.6
"MS",28,23,"Clarke County","Chlorpyrifos",0.7,1.4,1.05
"MS",28,23,"Clarke County","Glyphosate",121.5,121.5,121.5
"MS",28,23,"Clarke County","Paraquat",1.7,3.3,2.5
"MS",28,25,"Clay County","2,4-D",1861.7,2238.2,2049.95
"MS",28,25,"Clay County","Chlorpyrifos",5.2,16.7,10.95
"MS",28,25,"Clay County","Glyphosate",23699.4,23791.4,23745.4
"MS",28,25,"Clay County","Malathion",0,44.1,22.05
"MS",28,25,"Clay County","Paraquat",556.2,1825,1190.6
"MS",28,27,"Coahoma County","2,4-D",42713.1,42713.1,42713.1
"MS",28,27,"Coahoma County","Chlorpyrifos",286.3,286.3,286.3
"MS",28,27,"Coahoma County","Glyphosate",126948.5,127044.4,126996.45
"MS",28,27,"Coahoma County","Malathion",0,380.9,190.45
"MS",28,27,"Coahoma County","Paraquat",39861.3,40796.3,40328.8
"MS",28,29,"Copiah County","2,4-D",78.7,3414.3,1746.5
"MS",28,29,"Copiah County","Chlorpyrifos",9.2,9.2,9.2
"MS",28,29,"Copiah County","Glyphosate",454.9,662,558.45
"MS",28,29,"Copiah County","Malathion",0,12.8,6.4
"MS",28,29,"Copiah County","Paraquat",8.8,31.6,20.2
"MS",28,31,"Covington County","2,4-D",702.7,8255.8,4479.25
"MS",28,31,"Covington County","Chlorpyrifos",1.8,7.7,4.75
"MS",28,31,"Covington County","Glyphosate",1015.5,1092.1,1053.8
"MS",28,31,"Covington County","Paraquat",693.1,706.7,699.9
"MS",28,33,"DeSoto County","2,4-D",2931.1,5166.1,4048.6
"MS",28,33,"DeSoto County","Chlorpyrifos",116,116,116
"MS",28,33,"DeSoto County","Glyphosate",14820.5,14820.5,14820.5
"MS",28,33,"DeSoto County","Malathion",0,162.7,81.35
"MS",28,33,"DeSoto County","Paraquat",10834.6,10834.6,10834.6
"MS",28,35,"Forrest County","2,4-D",3101.6,3101.6,3101.6
"MS",28,35,"Forrest County","Chlorpyrifos",47.9,51.3,49.6
"MS",28,35,"Forrest County","Glyphosate",780.3,780.3,780.3
"MS",28,35,"Forrest County","Paraquat",46.9,61.1,54
"MS",28,37,"Franklin County","2,4-D",363.1,1453.2,908.15
"MS",28,37,"Franklin County","Chlorpyrifos",0.3,0.3,0.3
"MS",28,37,"Franklin County","Glyphosate",1994.5,2062.4,2028.45
"MS",28,37,"Franklin County","Paraquat",117.1,117.1,117.1
"MS",28,39,"George County","2,4-D",4854,4912.5,4883.25
"MS",28,39,"George County","Chlorpyrifos",169.6,197.4,183.5
"MS",28,39,"George County","Glyphosate",6750.4,6759.9,6755.15
"MS",28,39,"George County","Paraquat",300.5,403.4,351.95
"MS",28,41,"Greene County","2,4-D",4988,5045.3,5016.65
"MS",28,41,"Greene County","Chlorpyrifos",193.1,202.1,197.6
"MS",28,41,"Greene County","Glyphosate",5471.6,5476.9,5474.25
"MS",28,41,"Greene County","Paraquat",289.6,345.2,317.4
"MS",28,43,"Grenada County","2,4-D",2670.9,3122.7,2896.8
"MS",28,43,"Grenada County","Chlorpyrifos",2.2,2.2,2.2
"MS",28,43,"Grenada County","Glyphosate",8943.6,8943.6,8943.6
"MS",28,43,"Grenada County","Malathion",0,323.2,161.6
"MS",28,43,"Grenada County","Paraquat",3871.5,3871.5,3871.5
"MS",28,45,"Hancock County","2,4-D",2939.2,2939.2,2939.2
"MS",28,45,"Hancock County","Chlorpyrifos",6.1,5.7,5.9
"MS",28,45,"Hancock County","Glyphosate",104.5,104.5,104.5
"MS",28,45,"Hancock County","Paraquat",8.7,8.2,8.45
"MS",28,47,"Harrison County","2,4-D",2187.5,2197.4,2192.45
"MS",28,47,"Harrison County","Chlorpyrifos",59.5,56.4,57.95
"MS",28,47,"Harrison County","Glyphosate",254,254,254
"MS",28,47,"Harrison County","Paraquat",35.2,44.9,40.05
"MS",28,49,"Hinds County","2,4-D",2575.3,9630.3,6102.8
"MS",28,49,"Hinds County","Chlorpyrifos",55,55,55
"MS",28,49,"Hinds County","Glyphosate",15970.7,16266.2,16118.45
"MS",28,49,"Hinds County","Malathion",0,177.3,88.65
"MS",28,49,"Hinds County","Paraquat",791.8,1105.5,948.65
"MS",28,51,"Holmes County","2,4-D",27435.8,27385.3,27410.55
"MS",28,51,"Holmes County","Chlorpyrifos",42,42,42
"MS",28,51,"Holmes County","Glyphosate",128059.5,127887.9,127973.7
"MS",28,51,"Holmes County","Malathion",0,799.5,399.75
"MS",28,51,"Holmes County","Paraquat",6519.2,10739.4,8629.3
"MS",28,53,"Humphreys County","2,4-D",11068.1,11803.4,11435.75
"MS",28,53,"Humphreys County","Chlorpyrifos",796.8,796.8,796.8
"MS",28,53,"Humphreys County","Glyphosate",73120.6,73126.9,73123.75
"MS",28,53,"Humphreys County","Malathion",0,359.7,179.85
"MS",28,53,"Humphreys County","Paraquat",5876.7,8596,7236.35
"MS",28,55,"Issaquena County","2,4-D",6456.9,6972.6,6714.75
"MS",28,55,"Issaquena County","Chlorpyrifos",149.4,149.4,149.4
"MS",28,55,"Issaquena County","Glyphosate",43990.9,43939.3,43965.1
"MS",28,55,"Issaquena County","Malathion",0,189.1,94.55
"MS",28,55,"Issaquena County","Paraquat",3503.3,4897,4200.15
"MS",28,57,"Itawamba County","2,4-D",6602.1,7697.9,7150
"MS",28,57,"Itawamba County","Glyphosate",21729.8,22400.5,22065.15
"MS",28,57,"Itawamba County","Malathion",0,33.7,16.85
"MS",28,57,"Itawamba County","Paraquat",1181.3,1289.4,1235.35
"MS",28,59,"Jackson County","2,4-D",2800.1,2856,2828.05
"MS",28,59,"Jackson County","Chlorpyrifos",42.1,44,43.05
"MS",28,59,"Jackson County","Glyphosate",548.6,548.6,548.6
"MS",28,59,"Jackson County","Paraquat",36.8,89.5,63.15
"MS",28,61,"Jasper County","2,4-D",6118.1,6118.1,6118.1
"MS",28,61,"Jasper County","Chlorpyrifos",0.3,1.9,1.1
"MS",28,61,"Jasper County","Glyphosate",89.2,90.7,89.95
"MS",28,61,"Jasper County","Paraquat",0.7,4.3,2.5
"MS",28,63,"Jefferson County","2,4-D",668.9,3069.8,1869.35
"MS",28,63,"Jefferson County","Chlorpyrifos",4.3,4.3,4.3
"MS",28,63,"Jefferson County","Glyphosate",4488,4541.9,4514.95
"MS",28,63,"Jefferson County","Malathion",0,114.8,57.4
"MS",28,63,"Jefferson County","Paraquat",162,365.2,263.6
"MS",28,65,"Jefferson Davis County","2,4-D",68.4,3746.5,1907.45
"MS",28,65,"Jefferson Davis County","Chlorpyrifos",4.3,5.4,4.85
"MS",28,65,"Jefferson Davis County","Glyphosate",364.3,399.2,381.75
"MS",28,65,"Jefferson Davis County","Paraquat",13.8,17.4,15.6
"MS",28,67,"Jones County","2,4-D",9808.9,9865,9836.95
"MS",28,67,"Jones County","Chlorpyrifos",19.3,30.8,25.05
"MS",28,67,"Jones County","Glyphosate",914.2,914.2,914.2
"MS",28,67,"Jones County","Paraquat",26.7,96.5,61.6
"MS",28,69,"Kemper County","2,4-D",698.7,826.4,762.55
"MS",28,69,"Kemper County","Chlorpyrifos",0.6,1.4,1
"MS",28,69,"Kemper County","Glyphosate",1701.3,1752.2,1726.75
"MS",28,69,"Kemper County","Paraquat",24.1,87.4,55.75
"MS",28,71,"Lafayette County","2,4-D",2828.2,3445.3,3136.75
"MS",28,71,"Lafayette County","Chlorpyrifos",49.4,49.4,49.4
"MS",28,71,"Lafayette County","Glyphosate",5468.1,5468.1,5468.1
"MS",28,71,"Lafayette County","Malathion",0,138.5,69.25
"MS",28,71,"Lafayette County","Paraquat",2936,2936,2936
"MS",28,73,"Lamar County","2,4-D",132.6,3283.8,1708.2
"MS",28,73,"Lamar County","Chlorpyrifos",1.8,7.6,4.7
"MS",28,73,"Lamar County","Glyphosate",316.7,346.2,331.45
"MS",28,73,"Lamar County","Paraquat",119.4,124.2,121.8
"MS",28,75,"Lauderdale County","2,4-D",3404,3404,3404
"MS",28,75,"Lauderdale County","Chlorpyrifos",1.8,3.3,2.55
"MS",28,75,"Lauderdale County","Glyphosate",92.6,92.6,92.6
"MS",28,75,"Lauderdale County","Paraquat",3.3,6.7,5
"MS",28,77,"Lawrence County","2,4-D",230.2,4286.6,2258.4
"MS",28,77,"Lawrence County","Chlorpyrifos",3.5,8.6,6.05
"MS",28,77,"Lawrence County","Glyphosate",567.5,608.6,588.05
"MS",28,77,"Lawrence County","Paraquat",153.2,153.9,153.55
"MS",28,79,"Leake County","2,4-D",5895.2,5893.3,5894.25
"MS",28,79,"Leake County","Glyphosate",2129.2,2388.3,2258.75
"MS",28,79,"Leake County","Malathion",0,10.4,5.2
"MS",28,79,"Leake County","Paraquat",146.6,213.1,179.85
"MS",28,81,"Lee County","2,4-D",21459.2,23452.8,22456
"MS",28,81,"Lee County","Chlorpyrifos",0,131.1,65.55
"MS",28,81,"Lee County","Glyphosate",70768.9,71813.3,71291.1
"MS",28,81,"Lee County","Malathion",0,146.4,73.2
"MS",28,81,"Lee County","Paraquat",3970.4,4439.6,4205
"MS",28,83,"Leflore County","2,4-D",18319.6,18927.5,18623.55
"MS",28,83,"Leflore County","Chlorpyrifos",321.5,321.5,321.5
"MS",28,83,"Leflore County","Glyphosate",108520.8,108523.5,108522.15
"MS",28,83,"Leflore County","Malathion",0,588,294
"MS",28,83,"Leflore County","Paraquat",8477,14708.8,11592.9
"MS",28,85,"Lincoln County","2,4-D",130.1,4494,2312.05
"MS",28,85,"Lincoln County","Chlorpyrifos",3.8,3.8,3.8
"MS",28,85,"Lincoln County","Glyphosate",760,1018.9,889.45
"MS",28,85,"Lincoln County","Paraquat",42.2,42.2,42.2
"MS",28,87,"Lowndes County","2,4-D",1788.6,3430.5,2609.55
"MS",28,87,"Lowndes County","Chlorpyrifos",5.7,18.4,12.05
"MS",28,87,"Lowndes County","Glyphosate",44324.1,44384.2,44354.15
"MS",28,87,"Lowndes County","Malathion",0,257.7,128.85
"MS",28,87,"Lowndes County","Paraquat",767.4,5149.5,2958.45
"MS",28,89,"Madison County","2,4-D",18424.4,18406.7,18415.55
"MS",28,89,"Madison County","Chlorpyrifos",3.2,3.2,3.2
"MS",28,89,"Madison County","Glyphosate",54635.6,55516.5,55076.05
"MS",28,89,"Madison County","Malathion",0,199.1,99.55
"MS",28,89,"Madison County","Paraquat",2931.6,5367.9,4149.75
"MS",28,91,"Marion County","2,4-D",310.7,4061.1,2185.9
"MS",28,91,"Marion County","Chlorpyrifos",1.8,24.1,12.95
"MS",28,91,"Marion County","Glyphosate",752.7,793,772.85
"MS",28,91,"Marion County","Paraquat",175.6,177.4,176.5
"MS",28,93,"Marshall County","2,4-D",5121.8,6692.1,5906.95
"MS",28,93,"Marshall County","Chlorpyrifos",43.7,43.7,43.7
"MS",28,93,"Marshall County","Glyphosate",8658.7,8658.7,8658.7
"MS",28,93,"Marshall County","Malathion",0,47.5,23.75
"MS",28,93,"Marshall County","Paraquat",5585,5585,5585
"MS",28,95,"Monroe County","2,4-D",4586.6,5271.8,4929.2
"MS",28,95,"Monroe County","Chlorpyrifos",4.9,4.9,4.9
"MS",28,95,"Monroe County","Glyphosate",90789.5,90868,90828.75
"MS",28,95,"Monroe County","Malathion",0,84.9,42.45
"MS",28,95,"Monroe County","Paraquat",2393.4,4566.9,3480.15
"MS",28,97,"Montgomery County","2,4-D",6080.6,6080.6,6080.6
"MS",28,97,"Montgomery County","Glyphosate",14460.7,14593.9,14527.3
"MS",28,97,"Montgomery County","Malathion",0,219.7,109.85
"MS",28,97,"Montgomery County","Paraquat",1102.8,1207.3,1155.05
"MS",28,99,"Neshoba County","2,4-D",770.7,815.9,793.3
"MS",28,99,"Neshoba County","Chlorpyrifos",0.1,0.1,0.1
"MS",28,99,"Neshoba County","Glyphosate",382.5,440.9,411.7
"MS",28,99,"Neshoba County","Paraquat",0.1,50.3,25.2
"MS",28,101,"Newton County","2,4-D",8264.9,8507.8,8386.35
"MS",28,101,"Newton County","Chlorpyrifos",4.6,30.6,17.6
"MS",28,101,"Newton County","Glyphosate",1085.7,1086.3,1086
"MS",28,101,"Newton County","Paraquat",3.3,249.2,126.25
"MS",28,103,"Noxubee County","2,4-D",2619.4,5787.5,4203.45
"MS",28,103,"Noxubee County","Chlorpyrifos",15.9,51.3,33.6
"MS",28,103,"Noxubee County","Glyphosate",78221.2,78322.9,78272.05
"MS",28,103,"Noxubee County","Malathion",0,424.7,212.35
"MS",28,103,"Noxubee County","Paraquat",1102.2,11845.8,6474
"MS",28,105,"Oktibbeha County","2,4-D",948,1111,1029.5
"MS",28,105,"Oktibbeha County","Glyphosate",3418.1,3482.4,3450.25
"MS",28,105,"Oktibbeha County","Malathion",0,22.8,11.4
"MS",28,105,"Oktibbeha County","Paraquat",56.2,382.6,219.4
"MS",28,107,"Panola County","2,4-D",6734.2,9513.7,8123.95
"MS",28,107,"Panola County","Chlorpyrifos",145.6,145.6,145.6
"MS",28,107,"Panola County","Glyphosate",22051.7,22051.7,22051.7
"MS",28,107,"Panola County","Malathion",0,412,206
"MS",28,107,"Panola County","Paraquat",13465.2,13465.2,13465.2
"MS",28,109,"Pearl River County","2,4-D",10213.8,10385.3,10299.55
"MS",28,109,"Pearl River County","Chlorpyrifos",11.7,13.6,12.65
"MS",28,109,"Pearl River County","Glyphosate",465.4,465.4,465.4
"MS",28,109,"Pearl River County","Paraquat",9.2,144.5,76.85
"MS",28,111,"Perry County","2,4-D",3110.6,3110.8,3110.7
"MS",28,111,"Perry County","Chlorpyrifos",5.6,10.7,8.15
"MS",28,111,"Perry County","Glyphosate",561,561.7,561.35
"MS",28,111,"Perry County","Paraquat",22,33.2,27.6
"MS",28,113,"Pike County","2,4-D",322.6,4615.6,2469.1
"MS",28,113,"Pike County","Chlorpyrifos",3.3,13.2,8.25
"MS",28,113,"Pike County","Glyphosate",433.2,470.7,451.95
"MS",28,113,"Pike County","Paraquat",237.3,238.4,237.85
"MS",28,115,"Pontotoc County","2,4-D",12281.7,14645.3,13463.5
"MS",28,115,"Pontotoc County","Chlorpyrifos",0,161.7,80.85
"MS",28,115,"Pontotoc County","Glyphosate",42747.4,44144.4,43445.9
"MS",28,115,"Pontotoc County","Malathion",0,101.1,50.55
"MS",28,115,"Pontotoc County","Paraquat",4125.6,4449.6,4287.6
"MS",28,117,"Prentiss County","2,4-D",9967.8,11135.1,10551.45
"MS",28,117,"Prentiss County","Glyphosate",32549.2,33236,32892.6
"MS",28,117,"Prentiss County","Malathion",0,46.9,23.45
"MS",28,117,"Prentiss County","Paraquat",1573.7,1723.8,1648.75
"MS",28,119,"Quitman County","2,4-D",21188.7,21188.7,21188.7
"MS",28,119,"Quitman County","Chlorpyrifos",246.8,246.8,246.8
"MS",28,119,"Quitman County","Glyphosate",64682.9,64778.3,64730.6
"MS",28,119,"Quitman County","Malathion",0,104.8,52.4
"MS",28,119,"Quitman County","Paraquat",19221.4,20238.1,19729.75
"MS",28,121,"Rankin County","2,4-D",8588.5,8581.4,8584.95
"MS",28,121,"Rankin County","Glyphosate",16095.5,16555.3,16325.4
"MS",28,121,"Rankin County","Malathion",0,67.4,33.7
"MS",28,121,"Rankin County","Paraquat",1256.2,1731.3,1493.75
"MS",28,123,"Scott County","2,4-D",7916.4,7916.4,7916.4
"MS",28,123,"Scott County","Glyphosate",6848.6,7061.2,6954.9
"MS",28,123,"Scott County","Paraquat",829.1,925.9,877.5
"MS",28,125,"Sharkey County","2,4-D",9738.1,10622.1,10180.1
"MS",28,125,"Sharkey County","Chlorpyrifos",217.8,217.8,217.8
"MS",28,125,"Sharkey County","Glyphosate",59790.6,59871.5,59831.05
"MS",28,125,"Sharkey County","Malathion",0,184.5,92.25
"MS",28,125,"Sharkey County","Paraquat",4537.4,7845.8,6191.6
"MS",28,127,"Simpson County","2,4-D",750.6,8077.7,4414.15
"MS",28,127,"Simpson County","Chlorpyrifos",3.4,57.2,30.3
"MS",28,127,"Simpson County","Glyphosate",2042.5,2113.4,2077.95
"MS",28,127,"Simpson County","Paraquat",538,552.5,545.25
"MS",28,129,"Smith County","2,4-D",373.1,7255.7,3814.4
"MS",28,129,"Smith County","Chlorpyrifos",2,18.9,10.45
"MS",28,129,"Smith County","Glyphosate",1166.7,1229.8,1198.25
"MS",28,129,"Smith County","Paraquat",242.8,243.5,243.15
"MS",28,131,"Stone County","2,4-D",5156.4,5156.6,5156.5
"MS",28,131,"Stone County","Chlorpyrifos",28.1,27.8,27.95
"MS",28,131,"Stone County","Glyphosate",153,153.6,153.3
"MS",28,131,"Stone County","Paraquat",20,23.2,21.6
"MS",28,133,"Sunflower County","2,4-D",21441.2,21799.1,21620.15
"MS",28,133,"Sunflower County","Chlorpyrifos",1622.4,1622.4,1622.4
"MS",28,133,"Sunflower County","Glyphosate",151578.5,151528.2,151553.35
"MS",28,133,"Sunflower County","Malathion",0,131.4,65.7
"MS",28,133,"Sunflower County","Paraquat",13395,16420.2,14907.6
"MS",28,135,"Tallahatchie County","2,4-D",36055.2,36055.2,36055.2
"MS",28,135,"Tallahatchie County","Chlorpyrifos",140.7,140.7,140.7
"MS",28,135,"Tallahatchie County","Glyphosate",97118.1,97945.4,97531.75
"MS",28,135,"Tallahatchie County","Malathion",0,109.5,54.75
"MS",28,135,"Tallahatchie County","Paraquat",30102,31066.8,30584.4
"MS",28,137,"Tate County","2,4-D",4336.2,5638.7,4987.45
"MS",28,137,"Tate County","Chlorpyrifos",38.6,38.6,38.6
"MS",28,137,"Tate County","Glyphosate",11664.5,11664.5,11664.5
"MS",28,137,"Tate County","Malathion",0,202.4,101.2
"MS",28,137,"Tate County","Paraquat",6821.8,6821.8,6821.8
"MS",28,139,"Tippah County","2,4-D",5265.1,6991,6128.05
"MS",28,139,"Tippah County","Glyphosate",19469.7,20545.9,20007.8
"MS",28,139,"Tippah County","Malathion",0,37.6,18.8
"MS",28,139,"Tippah County","Paraquat",1902.2,2022.5,1962.35
"MS",28,141,"Tishomingo County","2,4-D",2064.8,2793.8,2429.3
"MS",28,141,"Tishomingo County","Glyphosate",8058.8,8469.1,8263.95
"MS",28,141,"Tishomingo County","Malathion",0,29.3,14.65
"MS",28,141,"Tishomingo County","Paraquat",1081.6,1175.4,1128.5
"MS",28,143,"Tunica County","2,4-D",29567.6,29567.6,29567.6
"MS",28,143,"Tunica County","Chlorpyrifos",256.6,256.6,256.6
"MS",28,143,"Tunica County","Glyphosate",88456.8,88580.8,88518.8
"MS",28,143,"Tunica County","Malathion",0,108.1,54.05
"MS",28,143,"Tunica County","Paraquat",24807.6,26737,25772.3
"MS",28,145,"Union County","2,4-D",11089,12564.8,11826.9
"MS",28,145,"Union County","Chlorpyrifos",0,35.4,17.7
"MS",28,145,"Union County","Glyphosate",36049.7,36925.9,36487.8
"MS",28,145,"Union County","Malathion",0,60.7,30.35
"MS",28,145,"Union County","Paraquat",2016.9,2211.4,2114.15
"MS",28,147,"Walthall County","2,4-D",385.5,6810.1,3597.8
"MS",28,147,"Walthall County","Chlorpyrifos",14.5,15,14.75
"MS",28,147,"Walthall County","Glyphosate",925.9,991.8,958.85
"MS",28,147,"Walthall County","Paraquat",236.3,236.6,236.45
"MS",28,149,"Warren County","2,4-D",3477.6,4552.4,4015
"MS",28,149,"Warren County","Chlorpyrifos",6.6,6.6,6.6
"MS",28,149,"Warren County","Glyphosate",21293.4,21219.5,21256.45
"MS",28,149,"Warren County","Malathion",0,106.4,53.2
"MS",28,149,"Warren County","Paraquat",1192.2,1380.4,1286.3
"MS",28,151,"Washington County","2,4-D",27733.8,28175.6,27954.7
"MS",28,151,"Washington County","Chlorpyrifos",962.9,962.9,962.9
"MS",28,151,"Washington County","Glyphosate",180851.8,180566,180708.9
"MS",28,151,"Washington County","Malathion",0,797.8,398.9
"MS",28,151,"Washington County","Paraquat",14870.2,21441.9,18156.05
"MS",28,153,"Wayne County","2,4-D",9320.6,9360.4,9340.5
"MS",28,153,"Wayne County","Chlorpyrifos",10.8,16.5,13.65
"MS",28,153,"Wayne County","Glyphosate",359.3,359.4,359.35
"MS",28,153,"Wayne County","Paraquat",9.7,54.7,32.2
"MS",28,155,"Webster County","2,4-D",5467.9,5451.4,5459.65
"MS",28,155,"Webster County","Glyphosate",20406.7,20448,20427.35
"MS",28,155,"Webster County","Malathion",0,234.3,117.15
"MS",28,155,"Webster County","Paraquat",1223.6,1710.9,1467.25
"MS",28,157,"Wilkinson County","2,4-D",151.4,2614.3,1382.85
"MS",28,157,"Wilkinson County","Chlorpyrifos",31.4,31.4,31.4
"MS",28,157,"Wilkinson County","Glyphosate",855.1,1008.3,931.7
"MS",28,157,"Wilkinson County","Paraquat",48.4,48.4,48.4
"MS",28,159,"Winston County","2,4-D",693.5,769.9,731.7
"MS",28,159,"Winston County","Chlorpyrifos",0.3,0.3,0.3
"MS",28,159,"Winston County","Glyphosate",4120.3,4164.4,4142.35
"MS",28,159,"Winston County","Paraquat",74.9,530.8,302.85
"MS",28,161,"Yalobusha County","2,4-D",2693,3143.8,2918.4
"MS",28,161,"Yalobusha County","Chlorpyrifos",42,42,42
"MS",28,161,"Yalobusha County","Glyphosate",9090.2,9090.2,9090.2
"MS",28,161,"Yalobusha County","Malathion",0,223.8,111.9
"MS",28,161,"Yalobusha County","Paraquat",4442.5,4442.5,4442.5
"MS",28,163,"Yazoo County","2,4-D",12445.1,16776.3,14610.7
"MS",28,163,"Yazoo County","Chlorpyrifos",1292.5,1292.5,1292.5
"MS",28,163,"Yazoo County","Glyphosate",73592.1,73857.7,73724.9
"MS",28,163,"Yazoo County","Malathion",0,700.9,350.45
"MS",28,163,"Yazoo County","Paraquat",5274.6,9686.2,7480.4
"MT",30,1,"Beaverhead County","2,4-D",4226.4,6044.7,5135.55
"MT",30,1,"Beaverhead County","Chlorpyrifos",0,701.3,350.65
"MT",30,1,"Beaverhead County","Glyphosate",3596.5,3756.6,3676.55
"MT",30,1,"Beaverhead County","Malathion",0,1788.7,894.35
"MT",30,1,"Beaverhead County","Paraquat",0,888,444
"MT",30,3,"Big Horn County","2,4-D",36949.3,37200.5,37074.9
"MT",30,3,"Big Horn County","Chlorpyrifos",701.7,2052.2,1376.95
"MT",30,3,"Big Horn County","Glyphosate",72653.3,74531.3,73592.3
"MT",30,3,"Big Horn County","Malathion",0,1999.1,999.55
"MT",30,3,"Big Horn County","Paraquat",614.6,2121.8,1368.2
"MT",30,5,"Blaine County","2,4-D",31510.1,31798.6,31654.35
"MT",30,5,"Blaine County","Chlorpyrifos",175.6,1582.3,878.95
"MT",30,5,"Blaine County","Glyphosate",179770.9,181048.5,180409.7
"MT",30,5,"Blaine County","Paraquat",1208.5,1274.1,1241.3
"MT",30,7,"Broadwater County","2,4-D",10991.4,11275.1,11133.25
"MT",30,7,"Broadwater County","Chlorpyrifos",43.4,254.4,148.9
"MT",30,7,"Broadwater County","Glyphosate",41178.5,41210.5,41194.5
"MT",30,7,"Broadwater County","Malathion",0,1052.2,526.1
"MT",30,7,"Broadwater County","Paraquat",0,678.7,339.35
"MT",30,9,"Carbon County","2,4-D",6000.3,6228.2,6114.25
"MT",30,9,"Carbon County","Chlorpyrifos",528.1,673.3,600.7
"MT",30,9,"Carbon County","Glyphosate",26170.3,27578.8,26874.55
"MT",30,9,"Carbon County","Malathion",0,1499.3,749.65
"MT",30,9,"Carbon County","Paraquat",646.7,1387.2,1016.95
"MT",30,11,"Carter County","2,4-D",3879.6,5378.6,4629.1
"MT",30,11,"Carter County","Chlorpyrifos",31.2,1159.8,595.5
"MT",30,11,"Carter County","Glyphosate",17321.8,20121.9,18721.85
"MT",30,11,"Carter County","Paraquat",16.8,223.2,120
"MT",30,13,"Cascade County","2,4-D",45615.8,46064.8,45840.3
"MT",30,13,"Cascade County","Chlorpyrifos",125,1720.6,922.8
"MT",30,13,"Cascade County","Glyphosate",143171.5,143252.2,143211.85
"MT",30,13,"Cascade County","Malathion",0,3156.5,1578.25
"MT",30,13,"Cascade County","Paraquat",0,1947.9,973.95
"MT",30,15,"Chouteau County","2,4-D",64688.4,64904.3,64796.35
"MT",30,15,"Chouteau County","Chlorpyrifos",182.1,8051.8,4116.95
"MT",30,15,"Chouteau County","Glyphosate",395628.3,396191.5,395909.9
"MT",30,15,"Chouteau County","Paraquat",2374.8,2442.8,2408.8
"MT",30,17,"Custer County","2,4-D",2864.3,3772,3318.15
"MT",30,17,"Custer County","Chlorpyrifos",0.5,697.5,349
"MT",30,17,"Custer County","Glyphosate",17854.7,19667.5,18761.1
"MT",30,17,"Custer County","Paraquat",0,132.5,66.25
"MT",30,19,"Daniels County","2,4-D",20783.7,20998.9,20891.3
"MT",30,19,"Daniels County","Chlorpyrifos",0,7477.3,3738.65
"MT",30,19,"Daniels County","Glyphosate",133701.7,133701.7,133701.7
"MT",30,19,"Daniels County","Paraquat",541.3,793.6,667.45
"MT",30,21,"Dawson County","2,4-D",20897.4,21048.8,20973.1
"MT",30,21,"Dawson County","Chlorpyrifos",5.1,4393.8,2199.45
"MT",30,21,"Dawson County","Glyphosate",112078.1,112078.1,112078.1
"MT",30,21,"Dawson County","Paraquat",140.6,548.7,344.65
"MT",30,23,"Deer Lodge County","2,4-D",114.2,127.9,121.05
"MT",30,23,"Deer Lodge County","Chlorpyrifos",6.7,63.5,35.1
"MT",30,23,"Deer Lodge County","Glyphosate",1036.2,1042.5,1039.35
"MT",30,23,"Deer Lodge County","Malathion",0,226.2,113.1
"MT",30,23,"Deer Lodge County","Paraquat",0,406.1,203.05
"MT",30,25,"Fallon County","2,4-D",1602.8,2671.1,2136.95
"MT",30,25,"Fallon County","Chlorpyrifos",3.6,1079.6,541.6
"MT",30,25,"Fallon County","Glyphosate",8634.7,10670.2,9652.45
"MT",30,25,"Fallon County","Paraquat",2,39.9,20.95
"MT",30,27,"Fergus County","2,4-D",44802,45538.8,45170.4
"MT",30,27,"Fergus County","Chlorpyrifos",289.5,2310,1299.75
"MT",30,27,"Fergus County","Glyphosate",144693.4,144828.1,144760.75
"MT",30,27,"Fergus County","Malathion",0,7312.5,3656.25
"MT",30,27,"Fergus County","Paraquat",0,3701.9,1850.95
"MT",30,29,"Flathead County","2,4-D",3437.4,3563.1,3500.25
"MT",30,29,"Flathead County","Chlorpyrifos",104.8,311.1,207.95
"MT",30,29,"Flathead County","Glyphosate",37184.2,37652.2,37418.2
"MT",30,29,"Flathead County","Malathion",4.5,530.5,267.5
"MT",30,29,"Flathead County","Paraquat",1.6,999,500.3
"MT",30,31,"Gallatin County","2,4-D",1555.5,10039.2,5797.35
"MT",30,31,"Gallatin County","Chlorpyrifos",0,1256.3,628.15
"MT",30,31,"Gallatin County","Glyphosate",20871.5,21062,20966.75
"MT",30,31,"Gallatin County","Malathion",0,2209.5,1104.75
"MT",30,31,"Gallatin County","Paraquat",179.3,1556.3,867.8
"MT",30,33,"Garfield County","2,4-D",17909.4,18104.3,18006.85
"MT",30,33,"Garfield County","Chlorpyrifos",0,1773.9,886.95
"MT",30,33,"Garfield County","Glyphosate",81735.7,81735.7,81735.7
"MT",30,33,"Garfield County","Paraquat",37.6,536.3,286.95
"MT",30,35,"Glacier County","2,4-D",18820.8,19310.8,19065.8
"MT",30,35,"Glacier County","Chlorpyrifos",61.6,2175.1,1118.35
"MT",30,35,"Glacier County","Glyphosate",125349.5,126242.4,125795.95
"MT",30,35,"Glacier County","Paraquat",1258.3,1281.3,1269.8
"MT",30,37,"Golden Valley County","2,4-D",9571.6,9735.4,9653.5
"MT",30,37,"Golden Valley County","Chlorpyrifos",40.9,427.8,234.35
"MT",30,37,"Golden Valley County","Glyphosate",31876.7,31934.9,31905.8
"MT",30,37,"Golden Valley County","Malathion",0,894.3,447.15
"MT",30,37,"Golden Valley County","Paraquat",0,532.3,266.15
"MT",30,39,"Granite County","2,4-D",272.4,305.5,288.95
"MT",30,39,"Granite County","Chlorpyrifos",2.6,106.8,54.7
"MT",30,39,"Granite County","Glyphosate",956.3,1022.4,989.35
"MT",30,39,"Granite County","Malathion",0,415.6,207.8
"MT",30,39,"Granite County","Paraquat",0,752.7,376.35
"MT",30,41,"Hill County","2,4-D",52903.9,53134.9,53019.4
"MT",30,41,"Hill County","Chlorpyrifos",197.5,5807.4,3002.45
"MT",30,41,"Hill County","Glyphosate",318663.9,319021.1,318842.5
"MT",30,41,"Hill County","Paraquat",2197.2,2270.9,2234.05
"MT",30,43,"Jefferson County","2,4-D",1072.3,3030.7,2051.5
"MT",30,43,"Jefferson County","Chlorpyrifos",0,204.1,102.05
"MT",30,43,"Jefferson County","Glyphosate",2370.4,2403.3,2386.85
"MT",30,43,"Jefferson County","Malathion",0,526.1,263.05
"MT",30,43,"Jefferson County","Paraquat",0,404.5,202.25
"MT",30,45,"Judith Basin County","2,4-D",15757,16158.5,15957.75
"MT",30,45,"Judith Basin County","Chlorpyrifos",166.6,977.4,572
"MT",30,45,"Judith Basin County","Glyphosate",51966.4,52040.5,52003.45
"MT",30,45,"Judith Basin County","Malathion",0,4208.6,2104.3
"MT",30,45,"Judith Basin County","Paraquat",0,1981.3,990.65
"MT",30,47,"Lake County","2,4-D",1427.4,1552.9,1490.15
"MT",30,47,"Lake County","Chlorpyrifos",218.8,624,421.4
"MT",30,47,"Lake County","Glyphosate",14943.4,15207,15075.2
"MT",30,47,"Lake County","Malathion",82.9,1555.9,819.4
"MT",30,47,"Lake County","Paraquat",29.5,2687.2,1358.35
"MT",30,49,"Lewis and Clark County","2,4-D",6674.4,6749.3,6711.85
"MT",30,49,"Lewis and Clark County","Chlorpyrifos",41.7,134.7,88.2
"MT",30,49,"Lewis and Clark County","Glyphosate",21327.8,21398.1,21362.95
"MT",30,49,"Lewis and Clark County","Malathion",0,1052.2,526.1
"MT",30,49,"Lewis and Clark County","Paraquat",0,517,258.5
"MT",30,51,"Liberty County","2,4-D",30984.2,31273.1,31128.65
"MT",30,51,"Liberty County","Chlorpyrifos",109.6,3674.3,1891.95
"MT",30,51,"Liberty County","Glyphosate",192773.4,193034.5,192903.95
"MT",30,51,"Liberty County","Paraquat",1735.1,1776,1755.55
"MT",30,53,"Lincoln County","2,4-D",44.1,47.9,46
"MT",30,53,"Lincoln County","Chlorpyrifos",0,17.8,8.9
"MT",30,53,"Lincoln County","Glyphosate",156.2,159.4,157.8
"MT",30,53,"Lincoln County","Malathion",0,63.1,31.55
"MT",30,53,"Lincoln County","Paraquat",0,113.8,56.9
"MT",30,55,"McCone County","2,4-D",23568.2,23699,23633.6
"MT",30,55,"McCone County","Chlorpyrifos",0,5014.6,2507.3
"MT",30,55,"McCone County","Glyphosate",127096,127096,127096
"MT",30,55,"McCone County","Paraquat",219.7,690.3,455
"MT",30,57,"Madison County","2,4-D",3215.6,4938.1,4076.85
"MT",30,57,"Madison County","Chlorpyrifos",0,906.5,453.25
"MT",30,57,"Madison County","Glyphosate",4948.7,5079.3,5014
"MT",30,57,"Madison County","Malathion",0,2156.9,1078.45
"MT",30,57,"Madison County","Paraquat",11,1009,510
"MT",30,59,"Meagher County","2,4-D",4708.4,4769.4,4738.9
"MT",30,59,"Meagher County","Chlorpyrifos",34.4,104.2,69.3
"MT",30,59,"Meagher County","Glyphosate",14770.8,14842.8,14806.8
"MT",30,59,"Meagher County","Malathion",0,868,434
"MT",30,59,"Meagher County","Paraquat",0,415.5,207.75
"MT",30,61,"Mineral County","2,4-D",40.2,43.1,41.65
"MT",30,61,"Mineral County","Chlorpyrifos",0,13.3,6.65
"MT",30,61,"Mineral County","Glyphosate",509.2,510,509.6
"MT",30,61,"Mineral County","Malathion",0,47.3,23.65
"MT",30,61,"Mineral County","Paraquat",0,85.7,42.85
"MT",30,63,"Missoula County","2,4-D",412.4,428.3,420.35
"MT",30,63,"Missoula County","Chlorpyrifos",10.6,85.9,48.25
"MT",30,63,"Missoula County","Glyphosate",3495.6,3512.2,3503.9
"MT",30,63,"Missoula County","Malathion",0.2,263.3,131.75
"MT",30,63,"Missoula County","Paraquat",0.1,476.1,238.1
"MT",30,65,"Musselshell County","2,4-D",7675.6,7774.4,7725
"MT",30,65,"Musselshell County","Chlorpyrifos",62.5,369.9,216.2
"MT",30,65,"Musselshell County","Glyphosate",24871.2,24956.1,24913.65
"MT",30,65,"Musselshell County","Malathion",0,1578.2,789.1
"MT",30,65,"Musselshell County","Paraquat",0,754.5,377.25
"MT",30,67,"Park County","2,4-D",3495.7,3599.1,3547.4
"MT",30,67,"Park County","Chlorpyrifos",517,568.3,542.65
"MT",30,67,"Park County","Glyphosate",5722.5,7106.3,6414.4
"MT",30,67,"Park County","Malathion",0,1473,736.5
"MT",30,67,"Park County","Paraquat",67.4,753,410.2
"MT",30,69,"Petroleum County","2,4-D",15743.2,15796,15769.6
"MT",30,69,"Petroleum County","Chlorpyrifos",34.4,711.4,372.9
"MT",30,69,"Petroleum County","Glyphosate",48026.7,48080.2,48053.45
"MT",30,69,"Petroleum County","Malathion",0,868,434
"MT",30,69,"Petroleum County","Paraquat",0,556.3,278.15
"MT",30,71,"Phillips County","2,4-D",21481.4,21786.5,21633.95
"MT",30,71,"Phillips County","Chlorpyrifos",137.6,1272.5,705.05
"MT",30,71,"Phillips County","Glyphosate",125814.4,126748.6,126281.5
"MT",30,71,"Phillips County","Paraquat",1107.7,1159.1,1133.4
"MT",30,73,"Pondera County","2,4-D",26801.4,27097.4,26949.4
"MT",30,73,"Pondera County","Chlorpyrifos",100.4,2158.1,1129.25
"MT",30,73,"Pondera County","Glyphosate",163192.6,164140.5,163666.55
"MT",30,73,"Pondera County","Paraquat",1010,1047.5,1028.75
"MT",30,75,"Powder River County","2,4-D",2267.4,3043.1,2655.25
"MT",30,75,"Powder River County","Chlorpyrifos",0,814.8,407.4
"MT",30,75,"Powder River County","Glyphosate",9611.2,11241,10426.1
"MT",30,75,"Powder River County","Paraquat",0,133.5,66.75
"MT",30,77,"Powell County","2,4-D",682.2,720.2,701.2
"MT",30,77,"Powell County","Chlorpyrifos",15.1,147.1,81.1
"MT",30,77,"Powell County","Glyphosate",2571.4,2660.7,2616.05
"MT",30,77,"Powell County","Malathion",0,526.1,263.05
"MT",30,77,"Powell County","Paraquat",0,947.6,473.8
"MT",30,79,"Prairie County","2,4-D",3730,4741.6,4235.8
"MT",30,79,"Prairie County","Chlorpyrifos",3.3,715.3,359.3
"MT",30,79,"Prairie County","Glyphosate",20421.5,22206.2,21313.85
"MT",30,79,"Prairie County","Paraquat",1.8,185.2,93.5
"MT",30,81,"Ravalli County","2,4-D",720.7,748.5,734.6
"MT",30,81,"Ravalli County","Chlorpyrifos",14.1,184.7,99.4
"MT",30,81,"Ravalli County","Glyphosate",7513.1,7531.1,7522.1
"MT",30,81,"Ravalli County","Malathion",1.9,443.8,222.85
"MT",30,81,"Ravalli County","Paraquat",0.7,820.8,410.75
"MT",30,83,"Richland County","2,4-D",20208.6,20338.8,20273.7
"MT",30,83,"Richland County","Chlorpyrifos",5.2,3907.1,1956.15
"MT",30,83,"Richland County","Glyphosate",112068.6,112068.6,112068.6
"MT",30,83,"Richland County","Paraquat",37.2,462.3,249.75
"MT",30,85,"Roosevelt County","2,4-D",32395.3,32752.1,32573.7
"MT",30,85,"Roosevelt County","Chlorpyrifos",8.3,7696.7,3852.5
"MT",30,85,"Roosevelt County","Glyphosate",179037.4,179037.4,179037.4
"MT",30,85,"Roosevelt County","Paraquat",296.2,888.1,592.15
"MT",30,87,"Rosebud County","2,4-D",5410.4,6896.8,6153.6
"MT",30,87,"Rosebud County","Chlorpyrifos",0.7,757.4,379.05
"MT",30,87,"Rosebud County","Glyphosate",29568.4,32345.7,30957.05
"MT",30,87,"Rosebud County","Paraquat",0,303.8,151.9
"MT",30,89,"Sanders County","2,4-D",370.3,399.9,385.1
"MT",30,89,"Sanders County","Chlorpyrifos",4.7,131.8,68.25
"MT",30,89,"Sanders County","Glyphosate",2376.1,2403.6,2389.85
"MT",30,89,"Sanders County","Malathion",0.2,489.4,244.8
"MT",30,89,"Sanders County","Paraquat",0.1,881.1,440.6
"MT",30,91,"Sheridan County","2,4-D",25154.8,25406.5,25280.65
"MT",30,91,"Sheridan County","Chlorpyrifos",0,10237.1,5118.55
"MT",30,91,"Sheridan County","Glyphosate",177961.3,177961.3,177961.3
"MT",30,91,"Sheridan County","Paraquat",946,1231.4,1088.7
"MT",30,93,"Silver Bow County","2,4-D",218.6,225,221.8
"MT",30,93,"Silver Bow County","Chlorpyrifos",0,40.3,20.15
"MT",30,93,"Silver Bow County","Glyphosate",52.5,59.2,55.85
"MT",30,93,"Silver Bow County","Malathion",0,105.2,52.6
"MT",30,93,"Silver Bow County","Paraquat",0,44.9,22.45
"MT",30,95,"Stillwater County","2,4-D",18008.8,18380,18194.4
"MT",30,95,"Stillwater County","Chlorpyrifos",958.5,1338.6,1148.55
"MT",30,95,"Stillwater County","Glyphosate",41980.3,44525.5,43252.9
"MT",30,95,"Stillwater County","Malathion",0,2709.3,1354.65
"MT",30,95,"Stillwater County","Paraquat",977.1,2500.8,1738.95
"MT",30,97,"Sweet Grass County","2,4-D",3208.1,3259,3233.55
"MT",30,97,"Sweet Grass County","Chlorpyrifos",295.5,313.2,304.35
"MT",30,97,"Sweet Grass County","Glyphosate",3708.1,4498.8,4103.45
"MT",30,97,"Sweet Grass County","Malathion",0,841.7,420.85
"MT",30,97,"Sweet Grass County","Paraquat",0,413.5,206.75
"MT",30,99,"Teton County","2,4-D",23522.2,23865.7,23693.95
"MT",30,99,"Teton County","Chlorpyrifos",36.3,2493.2,1264.75
"MT",30,99,"Teton County","Glyphosate",149892.1,150977.4,150434.75
"MT",30,99,"Teton County","Paraquat",1129.1,1142.7,1135.9
"MT",30,101,"Toole County","2,4-D",37893.8,38208.8,38051.3
"MT",30,101,"Toole County","Chlorpyrifos",188.4,2438.8,1313.6
"MT",30,101,"Toole County","Glyphosate",226929.5,227341.6,227135.55
"MT",30,101,"Toole County","Paraquat",1793.4,1863.8,1828.6
"MT",30,103,"Treasure County","2,4-D",3623.6,3655,3639.3
"MT",30,103,"Treasure County","Chlorpyrifos",138.5,257.9,198.2
"MT",30,103,"Treasure County","Glyphosate",11256.1,11626.8,11441.45
"MT",30,103,"Treasure County","Malathion",0,394.6,197.3
"MT",30,103,"Treasure County","Paraquat",35.4,258.9,147.15
"MT",30,105,"Valley County","2,4-D",33355.2,33808.6,33581.9
"MT",30,105,"Valley County","Chlorpyrifos",9,7913.1,3961.05
"MT",30,105,"Valley County","Glyphosate",189347,189347,189347
"MT",30,105,"Valley County","Paraquat",531,1210.8,870.9
"MT",30,107,"Wheatland County","2,4-D",6965.9,7159.1,7062.5
"MT",30,107,"Wheatland County","Chlorpyrifos",75,433.2,254.1
"MT",30,107,"Wheatland County","Glyphosate",22939.2,23012.1,22975.65
"MT",30,107,"Wheatland County","Malathion",0,1893.9,946.95
"MT",30,107,"Wheatland County","Paraquat",0,884.8,442.4
"MT",30,109,"Wibaux County","2,4-D",3158.2,4227.7,3692.95
"MT",30,109,"Wibaux County","Chlorpyrifos",52.2,888.3,470.25
"MT",30,109,"Wibaux County","Glyphosate",13648.6,15498.9,14573.75
"MT",30,109,"Wibaux County","Paraquat",28.2,137.3,82.75
"MT",30,111,"Yellowstone County","2,4-D",35529.6,36496.4,36013
"MT",30,111,"Yellowstone County","Chlorpyrifos",716.5,1859.2,1287.85
"MT",30,111,"Yellowstone County","Glyphosate",129208.9,130963.4,130086.15
"MT",30,111,"Yellowstone County","Malathion",0,1867.6,933.8
"MT",30,111,"Yellowstone County","Paraquat",4024.4,5478.6,4751.5
"NC",37,1,"Alamance County","2,4-D",686.2,1518.5,1102.35
"NC",37,1,"Alamance County","Chlorpyrifos",28.4,80.9,54.65
"NC",37,1,"Alamance County","Glyphosate",2540.6,2737.6,2639.1
"NC",37,1,"Alamance County","Paraquat",132.2,366.8,249.5
"NC",37,3,"Alexander County","2,4-D",2742.3,2942.4,2842.35
"NC",37,3,"Alexander County","Chlorpyrifos",167.7,205.9,186.8
"NC",37,3,"Alexander County","Glyphosate",1477.8,1503.7,1490.75
"NC",37,3,"Alexander County","Paraquat",431.2,1284.9,858.05
"NC",37,5,"Alleghany County","2,4-D",484.9,509.6,497.25
"NC",37,5,"Alleghany County","Chlorpyrifos",26.4,255.2,140.8
"NC",37,5,"Alleghany County","Glyphosate",878.6,1003.9,941.25
"NC",37,5,"Alleghany County","Paraquat",10.2,135.4,72.8
"NC",37,7,"Anson County","2,4-D",3730.6,3730.6,3730.6
"NC",37,7,"Anson County","Chlorpyrifos",0.7,159.8,80.25
"NC",37,7,"Anson County","Glyphosate",18707.4,18709,18708.2
"NC",37,7,"Anson County","Paraquat",11760.1,11760.1,11760.1
"NC",37,9,"Ashe County","2,4-D",633.4,648.4,640.9
"NC",37,9,"Ashe County","Chlorpyrifos",63.4,91.1,77.25
"NC",37,9,"Ashe County","Glyphosate",188.9,357.8,273.35
"NC",37,9,"Ashe County","Paraquat",18.1,32.4,25.25
"NC",37,11,"Avery County","2,4-D",72.3,72.7,72.5
"NC",37,11,"Avery County","Chlorpyrifos",1.5,5.9,3.7
"NC",37,11,"Avery County","Glyphosate",31.1,48.3,39.7
"NC",37,11,"Avery County","Paraquat",1,3.3,2.15
"NC",37,13,"Beaufort County","2,4-D",18559.8,18592.3,18576.05
"NC",37,13,"Beaufort County","Chlorpyrifos",228.1,992.1,610.1
"NC",37,13,"Beaufort County","Glyphosate",65965.5,66332.6,66149.05
"NC",37,13,"Beaufort County","Paraquat",15906.9,18602.9,17254.9
"NC",37,15,"Bertie County","2,4-D",11463.7,11463.7,11463.7
"NC",37,15,"Bertie County","Chlorpyrifos",810.2,1012.4,911.3
"NC",37,15,"Bertie County","Glyphosate",60208.1,60296.9,60252.5
"NC",37,15,"Bertie County","Paraquat",12209.3,12218.9,12214.1
"NC",37,17,"Bladen County","2,4-D",1413.2,1788.8,1601
"NC",37,17,"Bladen County","Chlorpyrifos",170.1,551.8,360.95
"NC",37,17,"Bladen County","Glyphosate",28542.3,29669.9,29106.1
"NC",37,17,"Bladen County","Paraquat",5751.1,6662.5,6206.8
"NC",37,19,"Brunswick County","2,4-D",618.7,658.5,638.6
"NC",37,19,"Brunswick County","Chlorpyrifos",28.7,166.6,97.65
"NC",37,19,"Brunswick County","Glyphosate",10061.9,10444.2,10253.05
"NC",37,19,"Brunswick County","Paraquat",1890.8,2679.7,2285.25
"NC",37,21,"Buncombe County","2,4-D",5587.5,5659.4,5623.45
"NC",37,21,"Buncombe County","Chlorpyrifos",160,178.6,169.3
"NC",37,21,"Buncombe County","Glyphosate",1677.1,1800.4,1738.75
"NC",37,21,"Buncombe County","Paraquat",295,1434.3,864.65
"NC",37,23,"Burke County","2,4-D",1533.7,1575.3,1554.5
"NC",37,23,"Burke County","Chlorpyrifos",55.8,66.1,60.95
"NC",37,23,"Burke County","Glyphosate",5319.8,5346.8,5333.3
"NC",37,23,"Burke County","Paraquat",748.7,1115.5,932.1
"NC",37,25,"Cabarrus County","2,4-D",3965.1,3965.1,3965.1
"NC",37,25,"Cabarrus County","Chlorpyrifos",0.2,87.1,43.65
"NC",37,25,"Cabarrus County","Glyphosate",8403.7,8420.3,8412
"NC",37,25,"Cabarrus County","Paraquat",5531.2,5531.4,5531.3
"NC",37,27,"Caldwell County","2,4-D",126.9,188.5,157.7
"NC",37,27,"Caldwell County","Chlorpyrifos",13.3,109.9,61.6
"NC",37,27,"Caldwell County","Glyphosate",639.1,728.2,683.65
"NC",37,27,"Caldwell County","Paraquat",51.8,214.1,132.95
"NC",37,29,"Camden County","2,4-D",9127.8,9127.8,9127.8
"NC",37,29,"Camden County","Chlorpyrifos",4.2,334.9,169.55
"NC",37,29,"Camden County","Glyphosate",44397.5,44397.5,44397.5
"NC",37,29,"Camden County","Paraquat",11453,11460.2,11456.6
"NC",37,31,"Carteret County","2,4-D",5246.6,5246.5,5246.55
"NC",37,31,"Carteret County","Chlorpyrifos",18.5,369.9,194.2
"NC",37,31,"Carteret County","Glyphosate",19873.2,20075,19974.1
"NC",37,31,"Carteret County","Paraquat",4264.5,4363.7,4314.1
"NC",37,33,"Caswell County","2,4-D",618.2,1059.4,838.8
"NC",37,33,"Caswell County","Chlorpyrifos",55.8,97.8,76.8
"NC",37,33,"Caswell County","Glyphosate",1453.1,1597.4,1525.25
"NC",37,33,"Caswell County","Paraquat",62.6,286.7,174.65
"NC",37,35,"Catawba County","2,4-D",2384.3,2830.1,2607.2
"NC",37,35,"Catawba County","Chlorpyrifos",23.8,65.5,44.65
"NC",37,35,"Catawba County","Glyphosate",4368.4,4368.9,4368.65
"NC",37,35,"Catawba County","Paraquat",1356,2094.3,1725.15
"NC",37,37,"Chatham County","2,4-D",4806.7,5025.5,4916.1
"NC",37,37,"Chatham County","Chlorpyrifos",20.7,72.1,46.4
"NC",37,37,"Chatham County","Glyphosate",1690.1,2016.8,1853.45
"NC",37,37,"Chatham County","Paraquat",403,1901.9,1152.45
"NC",37,39,"Cherokee County","2,4-D",1260.5,1285.3,1272.9
"NC",37,39,"Cherokee County","Chlorpyrifos",8.5,14.9,11.7
"NC",37,39,"Cherokee County","Glyphosate",648.2,669.9,659.05
"NC",37,39,"Cherokee County","Paraquat",168.9,451.7,310.3
"NC",37,41,"Chowan County","2,4-D",5908.6,5908.5,5908.55
"NC",37,41,"Chowan County","Chlorpyrifos",144,255.4,199.7
"NC",37,41,"Chowan County","Glyphosate",29439,29745,29592
"NC",37,41,"Chowan County","Paraquat",6095,6118.1,6106.55
"NC",37,43,"Clay County","2,4-D",676.2,707.7,691.95
"NC",37,43,"Clay County","Chlorpyrifos",13.4,21.6,17.5
"NC",37,43,"Clay County","Glyphosate",334.7,353.9,344.3
"NC",37,43,"Clay County","Paraquat",78.9,287.3,183.1
"NC",37,45,"Cleveland County","2,4-D",8083.9,8083.9,8083.9
"NC",37,45,"Cleveland County","Chlorpyrifos",0.2,41,20.6
"NC",37,45,"Cleveland County","Glyphosate",14857.1,14887.5,14872.3
"NC",37,45,"Cleveland County","Paraquat",9875,9875.3,9875.15
"NC",37,47,"Columbus County","2,4-D",2822.3,3202.4,3012.35
"NC",37,47,"Columbus County","Chlorpyrifos",429.7,1031.5,730.6
"NC",37,47,"Columbus County","Glyphosate",56488.6,58124.3,57306.45
"NC",37,47,"Columbus County","Paraquat",10356.4,12589.1,11472.75
"NC",37,49,"Craven County","2,4-D",7503.2,7536.7,7519.95
"NC",37,49,"Craven County","Chlorpyrifos",253.9,596.4,425.15
"NC",37,49,"Craven County","Glyphosate",24965.4,25320.7,25143.05
"NC",37,49,"Craven County","Paraquat",5999.8,6788.6,6394.2
"NC",37,51,"Cumberland County","2,4-D",936.7,1282.4,1109.55
"NC",37,51,"Cumberland County","Chlorpyrifos",216.9,384.9,300.9
"NC",37,51,"Cumberland County","Glyphosate",18649,20019.9,19334.45
"NC",37,51,"Cumberland County","Paraquat",4185.4,5402.8,4794.1
"NC",37,53,"Currituck County","2,4-D",5557.1,5556.7,5556.9
"NC",37,53,"Currituck County","Chlorpyrifos",18.6,220,119.3
"NC",37,53,"Currituck County","Glyphosate",27443,27513.2,27478.1
"NC",37,53,"Currituck County","Paraquat",7034.1,7034.6,7034.35
"NC",37,55,"Dare County","2,4-D",835.6,835.6,835.6
"NC",37,55,"Dare County","Chlorpyrifos",0,32.5,16.25
"NC",37,55,"Dare County","Glyphosate",2760.4,2760.4,2760.4
"NC",37,55,"Dare County","Paraquat",667.1,667.1,667.1
"NC",37,57,"Davidson County","2,4-D",1938.8,2605.1,2271.95
"NC",37,57,"Davidson County","Chlorpyrifos",28.1,162.7,95.4
"NC",37,57,"Davidson County","Glyphosate",5342.9,5368.1,5355.5
"NC",37,57,"Davidson County","Paraquat",1203.1,1826.9,1515
"NC",37,59,"Davie County","2,4-D",1825.5,2401.2,2113.35
"NC",37,59,"Davie County","Chlorpyrifos",5.9,124.1,65
"NC",37,59,"Davie County","Glyphosate",4074.1,4079.1,4076.6
"NC",37,59,"Davie County","Paraquat",1133.5,1708.4,1420.95
"NC",37,61,"Duplin County","2,4-D",3440.5,4021.1,3730.8
"NC",37,61,"Duplin County","Chlorpyrifos",512.7,1260,886.35
"NC",37,61,"Duplin County","Glyphosate",59962.8,62907.3,61435.05
"NC",37,61,"Duplin County","Paraquat",11766.6,15867.4,13817
"NC",37,63,"Durham County","2,4-D",144.3,307.8,226.05
"NC",37,63,"Durham County","Chlorpyrifos",5.3,24.3,14.8
"NC",37,63,"Durham County","Glyphosate",356,416.4,386.2
"NC",37,63,"Durham County","Paraquat",15,108.3,61.65
"NC",37,65,"Edgecombe County","2,4-D",12702.4,12702.1,12702.25
"NC",37,65,"Edgecombe County","Chlorpyrifos",1125.8,1325.8,1225.8
"NC",37,65,"Edgecombe County","Glyphosate",80010.7,80366.5,80188.6
"NC",37,65,"Edgecombe County","Paraquat",17264.8,17264.8,17264.8
"NC",37,67,"Forsyth County","2,4-D",253.2,846.3,549.75
"NC",37,67,"Forsyth County","Chlorpyrifos",20.2,74.7,47.45
"NC",37,67,"Forsyth County","Glyphosate",1767.9,1844,1805.95
"NC",37,67,"Forsyth County","Paraquat",90.1,238.2,164.15
"NC",37,69,"Franklin County","2,4-D",756.2,2675.8,1716
"NC",37,69,"Franklin County","Chlorpyrifos",91.1,116.3,103.7
"NC",37,69,"Franklin County","Glyphosate",6966.2,7558.9,7262.55
"NC",37,69,"Franklin County","Paraquat",357.6,925.1,641.35
"NC",37,71,"Gaston County","2,4-D",2350.7,2350.7,2350.7
"NC",37,71,"Gaston County","Chlorpyrifos",4.9,29,16.95
"NC",37,71,"Gaston County","Glyphosate",3664.2,3669.4,3666.8
"NC",37,71,"Gaston County","Paraquat",2502.4,2502.5,2502.45
"NC",37,73,"Gates County","2,4-D",6245.3,6245.1,6245.2
"NC",37,73,"Gates County","Chlorpyrifos",130.6,228.9,179.75
"NC",37,73,"Gates County","Glyphosate",37110.4,37163.4,37136.9
"NC",37,73,"Gates County","Paraquat",7601.6,7601.9,7601.75
"NC",37,75,"Graham County","2,4-D",493.9,494.1,494
"NC",37,75,"Graham County","Chlorpyrifos",11.5,11.5,11.5
"NC",37,75,"Graham County","Glyphosate",5,13.3,9.15
"NC",37,75,"Graham County","Paraquat",1,82.5,41.75
"NC",37,77,"Granville County","2,4-D",711.5,1398.6,1055.05
"NC",37,77,"Granville County","Chlorpyrifos",74,117.6,95.8
"NC",37,77,"Granville County","Glyphosate",2867.7,3277.7,3072.7
"NC",37,77,"Granville County","Paraquat",176.8,540.5,358.65
"NC",37,79,"Greene County","2,4-D",9342.3,9478.3,9410.3
"NC",37,79,"Greene County","Chlorpyrifos",839.6,1012.9,926.25
"NC",37,79,"Greene County","Glyphosate",33725.5,33870,33797.75
"NC",37,79,"Greene County","Paraquat",8434.2,9412.3,8923.25
"NC",37,81,"Guilford County","2,4-D",686.1,2072.2,1379.15
"NC",37,81,"Guilford County","Chlorpyrifos",55.7,151.1,103.4
"NC",37,81,"Guilford County","Glyphosate",3997.7,4361.1,4179.4
"NC",37,81,"Guilford County","Paraquat",208.1,708.1,458.1
"NC",37,83,"Halifax County","2,4-D",16961,16960.8,16960.9
"NC",37,83,"Halifax County","Chlorpyrifos",596.1,768.8,682.45
"NC",37,83,"Halifax County","Glyphosate",85659,86471.6,86065.3
"NC",37,83,"Halifax County","Paraquat",15509,15512.7,15510.85
"NC",37,85,"Harnett County","2,4-D",1028.1,1579.6,1303.85
"NC",37,85,"Harnett County","Chlorpyrifos",484,585.4,534.7
"NC",37,85,"Harnett County","Glyphosate",23730.2,25202.1,24466.15
"NC",37,85,"Harnett County","Paraquat",5528.6,6874.2,6201.4
"NC",37,87,"Haywood County","2,4-D",5368.2,5439.8,5404
"NC",37,87,"Haywood County","Chlorpyrifos",241.2,259.8,250.5
"NC",37,87,"Haywood County","Glyphosate",269.8,380.4,325.1
"NC",37,87,"Haywood County","Paraquat",156.3,1259.9,708.1
"NC",37,89,"Henderson County","2,4-D",2945.3,3092.2,3018.75
"NC",37,89,"Henderson County","Chlorpyrifos",3891.5,3929.6,3910.55
"NC",37,89,"Henderson County","Glyphosate",4308.1,4362.4,4335.25
"NC",37,89,"Henderson County","Paraquat",898.6,1586.5,1242.55
"NC",37,91,"Hertford County","2,4-D",7876.1,7876,7876.05
"NC",37,91,"Hertford County","Chlorpyrifos",460.4,619.8,540.1
"NC",37,91,"Hertford County","Glyphosate",37199.3,37384.6,37291.95
"NC",37,91,"Hertford County","Paraquat",7485.3,7496.6,7490.95
"NC",37,93,"Hoke County","2,4-D",608.4,1109.8,859.1
"NC",37,93,"Hoke County","Chlorpyrifos",29,152.6,90.8
"NC",37,93,"Hoke County","Glyphosate",14617.3,14929.8,14773.55
"NC",37,93,"Hoke County","Paraquat",3752.1,4482.6,4117.35
"NC",37,95,"Hyde County","2,4-D",9290.4,9298.5,9294.45
"NC",37,95,"Hyde County","Chlorpyrifos",73.2,758.2,415.7
"NC",37,95,"Hyde County","Glyphosate",35035.2,35189.2,35112.2
"NC",37,95,"Hyde County","Paraquat",7371.9,8317.5,7844.7
"NC",37,97,"Iredell County","2,4-D",4612.1,6127,5369.55
"NC",37,97,"Iredell County","Chlorpyrifos",11.7,372.7,192.2
"NC",37,97,"Iredell County","Glyphosate",9558.9,9756.6,9657.75
"NC",37,97,"Iredell County","Paraquat",2623.3,4068.1,3345.7
"NC",37,99,"Jackson County","2,4-D",1012.6,1018.8,1015.7
"NC",37,99,"Jackson County","Chlorpyrifos",0.8,2.4,1.6
"NC",37,99,"Jackson County","Glyphosate",20.3,38.1,29.2
"NC",37,99,"Jackson County","Paraquat",4.3,190.6,97.45
"NC",37,101,"Johnston County","2,4-D",19364.1,19565.5,19464.8
"NC",37,101,"Johnston County","Chlorpyrifos",1192.3,1310.4,1251.35
"NC",37,101,"Johnston County","Glyphosate",42366,43995.4,43180.7
"NC",37,101,"Johnston County","Paraquat",11796.4,12986.3,12391.35
"NC",37,103,"Jones County","2,4-D",7900.4,7958,7929.2
"NC",37,103,"Jones County","Chlorpyrifos",350.4,618.5,484.45
"NC",37,103,"Jones County","Glyphosate",24356,24825.4,24590.7
"NC",37,103,"Jones County","Paraquat",4806.4,5667.4,5236.9
"NC",37,105,"Lee County","2,4-D",1216.8,1401.2,1309
"NC",37,105,"Lee County","Chlorpyrifos",65.6,76,70.8
"NC",37,105,"Lee County","Glyphosate",3299.9,3607.4,3453.65
"NC",37,105,"Lee County","Paraquat",412.3,981.2,696.75
"NC",37,107,"Lenoir County","2,4-D",11207.3,11336.9,11272.1
"NC",37,107,"Lenoir County","Chlorpyrifos",722.2,1154.7,938.45
"NC",37,107,"Lenoir County","Glyphosate",38595.7,39420,39007.85
"NC",37,107,"Lenoir County","Paraquat",9191.8,10378,9784.9
"NC",37,109,"Lincoln County","2,4-D",2997.2,2997.2,2997.2
"NC",37,109,"Lincoln County","Chlorpyrifos",0.1,58.5,29.3
"NC",37,109,"Lincoln County","Glyphosate",7079,7093.4,7086.2
"NC",37,109,"Lincoln County","Paraquat",4653.3,4653.5,4653.4
"NC",37,111,"McDowell County","2,4-D",1426.7,1444.2,1435.45
"NC",37,111,"McDowell County","Chlorpyrifos",49.6,54.2,51.9
"NC",37,111,"McDowell County","Glyphosate",831.4,855.5,843.45
"NC",37,111,"McDowell County","Paraquat",122.8,408.3,265.55
"NC",37,113,"Macon County","2,4-D",1531.6,1551.9,1541.75
"NC",37,113,"Macon County","Chlorpyrifos",0.2,5.4,2.8
"NC",37,113,"Macon County","Glyphosate",67.4,94.9,81.15
"NC",37,113,"Macon County","Paraquat",20.2,335.5,177.85
"NC",37,115,"Madison County","2,4-D",4427.3,4435.7,4431.5
"NC",37,115,"Madison County","Chlorpyrifos",219.3,221.5,220.4
"NC",37,115,"Madison County","Glyphosate",312.7,402.3,357.5
"NC",37,115,"Madison County","Paraquat",59.5,815.4,437.45
"NC",37,117,"Martin County","2,4-D",10298,10298,10298
"NC",37,117,"Martin County","Chlorpyrifos",811.7,916.6,864.15
"NC",37,117,"Martin County","Glyphosate",55288,55760.6,55524.3
"NC",37,117,"Martin County","Paraquat",10254.1,10262.8,10258.45
"NC",37,119,"Mecklenburg County","2,4-D",817.5,817.5,817.5
"NC",37,119,"Mecklenburg County","Chlorpyrifos",0.2,14.3,7.25
"NC",37,119,"Mecklenburg County","Glyphosate",1503.3,1504.2,1503.75
"NC",37,119,"Mecklenburg County","Paraquat",1007.7,1008.6,1008.15
"NC",37,121,"Mitchell County","2,4-D",1412.8,1417,1414.9
"NC",37,121,"Mitchell County","Chlorpyrifos",81.3,82.4,81.85
"NC",37,121,"Mitchell County","Glyphosate",33.9,60.1,47
"NC",37,121,"Mitchell County","Paraquat",4.7,247.8,126.25
"NC",37,123,"Montgomery County","2,4-D",1599.6,1599.6,1599.6
"NC",37,123,"Montgomery County","Chlorpyrifos",40.1,75.1,57.6
"NC",37,123,"Montgomery County","Glyphosate",1902.8,2018.4,1960.6
"NC",37,123,"Montgomery County","Paraquat",1425.9,1427.6,1426.75
"NC",37,125,"Moore County","2,4-D",2976.8,2976.8,2976.8
"NC",37,125,"Moore County","Chlorpyrifos",243.6,274.9,259.25
"NC",37,125,"Moore County","Glyphosate",4389.3,4658.6,4523.95
"NC",37,125,"Moore County","Paraquat",3131.9,3133.5,3132.7
"NC",37,127,"Nash County","2,4-D",4502.8,4502.7,4502.75
"NC",37,127,"Nash County","Chlorpyrifos",1173.5,1206.4,1189.95
"NC",37,127,"Nash County","Glyphosate",39834.2,40284.7,40059.45
"NC",37,127,"Nash County","Paraquat",9487.8,9517.7,9502.75
"NC",37,129,"New Hanover County","2,4-D",22.5,22.5,22.5
"NC",37,129,"New Hanover County","Chlorpyrifos",0.2,7.1,3.65
"NC",37,129,"New Hanover County","Glyphosate",422.1,423.9,423
"NC",37,129,"New Hanover County","Paraquat",75.5,88.9,82.2
"NC",37,131,"Northampton County","2,4-D",14055.2,14055.2,14055.2
"NC",37,131,"Northampton County","Chlorpyrifos",181.5,335.2,258.35
"NC",37,131,"Northampton County","Glyphosate",78497.6,78870.2,78683.9
"NC",37,131,"Northampton County","Paraquat",14743.4,14751.4,14747.4
"NC",37,133,"Onslow County","2,4-D",839.9,1239.8,1039.85
"NC",37,133,"Onslow County","Chlorpyrifos",127.7,321.6,224.65
"NC",37,133,"Onslow County","Glyphosate",19713.2,20671.3,20192.25
"NC",37,133,"Onslow County","Paraquat",4406.7,4900.8,4653.75
"NC",37,135,"Orange County","2,4-D",405.7,1060.4,733.05
"NC",37,135,"Orange County","Chlorpyrifos",20.3,81.7,51
"NC",37,135,"Orange County","Glyphosate",1786.2,1954,1870.1
"NC",37,135,"Orange County","Paraquat",95.4,324.1,209.75
"NC",37,137,"Pamlico County","2,4-D",4084,4088.7,4086.35
"NC",37,137,"Pamlico County","Chlorpyrifos",28.8,335.6,182.2
"NC",37,137,"Pamlico County","Glyphosate",14157.3,14210.1,14183.7
"NC",37,137,"Pamlico County","Paraquat",3645.2,3947.2,3796.2
"NC",37,139,"Pasquotank County","2,4-D",14112,14112,14112
"NC",37,139,"Pasquotank County","Chlorpyrifos",0,508.8,254.4
"NC",37,139,"Pasquotank County","Glyphosate",65885.9,66329.6,66107.75
"NC",37,139,"Pasquotank County","Paraquat",16830.5,16918.2,16874.35
"NC",37,141,"Pender County","2,4-D",729.5,801.5,765.5
"NC",37,141,"Pender County","Chlorpyrifos",30.4,203.1,116.75
"NC",37,141,"Pender County","Glyphosate",12616.3,13149.4,12882.85
"NC",37,141,"Pender County","Paraquat",2445.1,3244.1,2844.6
"NC",37,143,"Perquimans County","2,4-D",10156.2,10156.2,10156.2
"NC",37,143,"Perquimans County","Chlorpyrifos",51.4,295.1,173.25
"NC",37,143,"Perquimans County","Glyphosate",67218.1,67459.8,67338.95
"NC",37,143,"Perquimans County","Paraquat",15670,15682.2,15676.1
"NC",37,145,"Person County","2,4-D",572.8,2197.2,1385
"NC",37,145,"Person County","Chlorpyrifos",101.6,154.7,128.15
"NC",37,145,"Person County","Glyphosate",5168.9,5726,5447.45
"NC",37,145,"Person County","Paraquat",258.5,854.8,556.65
"NC",37,147,"Pitt County","2,4-D",17702.3,17791.8,17747.05
"NC",37,147,"Pitt County","Chlorpyrifos",1078.3,1452.3,1265.3
"NC",37,147,"Pitt County","Glyphosate",63925.1,64798.4,64361.75
"NC",37,147,"Pitt County","Paraquat",15931.5,17139.7,16535.6
"NC",37,149,"Polk County","2,4-D",1334.5,1335.9,1335.2
"NC",37,149,"Polk County","Chlorpyrifos",27.4,27.7,27.55
"NC",37,149,"Polk County","Glyphosate",186.3,211.3,198.8
"NC",37,149,"Polk County","Paraquat",29,251.9,140.45
"NC",37,151,"Randolph County","2,4-D",4857.5,5574.7,5216.1
"NC",37,151,"Randolph County","Chlorpyrifos",27.7,186.6,107.15
"NC",37,151,"Randolph County","Glyphosate",4992.2,5155.7,5073.95
"NC",37,151,"Randolph County","Paraquat",1296.2,2836.7,2066.45
"NC",37,153,"Richmond County","2,4-D",1491.2,1491.2,1491.2
"NC",37,153,"Richmond County","Chlorpyrifos",34.7,119.6,77.15
"NC",37,153,"Richmond County","Glyphosate",7726.2,7830.4,7778.3
"NC",37,153,"Richmond County","Paraquat",4603.1,4604.4,4603.75
"NC",37,155,"Robeson County","2,4-D",5675.9,6514.8,6095.35
"NC",37,155,"Robeson County","Chlorpyrifos",411.1,1618.1,1014.6
"NC",37,155,"Robeson County","Glyphosate",96871.1,100984,98927.55
"NC",37,155,"Robeson County","Paraquat",18804.3,25967,22385.65
"NC",37,157,"Rockingham County","2,4-D",733.2,1535.7,1134.45
"NC",37,157,"Rockingham County","Chlorpyrifos",93.4,152.3,122.85
"NC",37,157,"Rockingham County","Glyphosate",2434.5,2719.6,2577.05
"NC",37,157,"Rockingham County","Paraquat",120.9,544.3,332.6
"NC",37,159,"Rowan County","2,4-D",2864.3,3912.1,3388.2
"NC",37,159,"Rowan County","Chlorpyrifos",17.2,188.1,102.65
"NC",37,159,"Rowan County","Glyphosate",9168.9,9331.2,9250.05
"NC",37,159,"Rowan County","Paraquat",2421.1,3323.9,2872.5
"NC",37,161,"Rutherford County","2,4-D",3974.1,3988.3,3981.2
"NC",37,161,"Rutherford County","Chlorpyrifos",59.2,62.1,60.65
"NC",37,161,"Rutherford County","Glyphosate",9213.7,9284.5,9249.1
"NC",37,161,"Rutherford County","Paraquat",1408.6,2080.7,1744.65
"NC",37,163,"Sampson County","2,4-D",3406.9,4309.2,3858.05
"NC",37,163,"Sampson County","Chlorpyrifos",983.9,1530.2,1257.05
"NC",37,163,"Sampson County","Glyphosate",62855.5,65781,64318.25
"NC",37,163,"Sampson County","Paraquat",13019.5,17878.8,15449.15
"NC",37,165,"Scotland County","2,4-D",664.3,1021.7,843
"NC",37,165,"Scotland County","Chlorpyrifos",10.1,133.7,71.9
"NC",37,165,"Scotland County","Glyphosate",13674.8,14170.4,13922.6
"NC",37,165,"Scotland County","Paraquat",3218.9,4232.5,3725.7
"NC",37,167,"Stanly County","2,4-D",5385.6,5385.6,5385.6
"NC",37,167,"Stanly County","Chlorpyrifos",1.5,210,105.75
"NC",37,167,"Stanly County","Glyphosate",28245.4,28254.1,28249.75
"NC",37,167,"Stanly County","Paraquat",16863.5,16863.5,16863.5
"NC",37,169,"Stokes County","2,4-D",641.5,1015.5,828.5
"NC",37,169,"Stokes County","Chlorpyrifos",52.1,88.7,70.4
"NC",37,169,"Stokes County","Glyphosate",1228,1381.9,1304.95
"NC",37,169,"Stokes County","Paraquat",62.2,158.6,110.4
"NC",37,171,"Surry County","2,4-D",447.3,1058.6,752.95
"NC",37,171,"Surry County","Chlorpyrifos",455.9,1238,846.95
"NC",37,171,"Surry County","Glyphosate",7365,7690.8,7527.9
"NC",37,171,"Surry County","Paraquat",771.8,1607.1,1189.45
"NC",37,173,"Swain County","2,4-D",365.9,368.3,367.1
"NC",37,173,"Swain County","Chlorpyrifos",0,0.6,0.3
"NC",37,173,"Swain County","Glyphosate",36.4,42.7,39.55
"NC",37,173,"Swain County","Paraquat",4.2,72.2,38.2
"NC",37,175,"Transylvania County","2,4-D",905.3,955.8,930.55
"NC",37,175,"Transylvania County","Chlorpyrifos",4.2,17.1,10.65
"NC",37,175,"Transylvania County","Glyphosate",2523.2,2551.7,2537.45
"NC",37,175,"Transylvania County","Paraquat",418.3,719.8,569.05
"NC",37,177,"Tyrrell County","2,4-D",12845.2,12844.8,12845
"NC",37,177,"Tyrrell County","Chlorpyrifos",26.4,496.9,261.65
"NC",37,177,"Tyrrell County","Glyphosate",53280.2,53382.6,53331.4
"NC",37,177,"Tyrrell County","Paraquat",13282.5,13293.7,13288.1
"NC",37,179,"Union County","2,4-D",8885.6,8885.6,8885.6
"NC",37,179,"Union County","Chlorpyrifos",7.2,592.7,299.95
"NC",37,179,"Union County","Glyphosate",70641.6,70950.9,70796.25
"NC",37,179,"Union County","Paraquat",45382.2,45384.9,45383.55
"NC",37,181,"Vance County","2,4-D",195.7,940.7,568.2
"NC",37,181,"Vance County","Chlorpyrifos",45.4,51.4,48.4
"NC",37,181,"Vance County","Glyphosate",2621.3,2825.8,2723.55
"NC",37,181,"Vance County","Paraquat",140.7,321.7,231.2
"NC",37,183,"Wake County","2,4-D",1199.9,1735,1467.45
"NC",37,183,"Wake County","Chlorpyrifos",134.8,161.5,148.15
"NC",37,183,"Wake County","Glyphosate",7546.6,8027.1,7786.85
"NC",37,183,"Wake County","Paraquat",1372.1,2019,1695.55
"NC",37,185,"Warren County","2,4-D",643.9,1614.1,1129
"NC",37,185,"Warren County","Chlorpyrifos",35.6,43.4,39.5
"NC",37,185,"Warren County","Glyphosate",4671.4,4896.1,4783.75
"NC",37,185,"Warren County","Paraquat",270,480.4,375.2
"NC",37,187,"Washington County","2,4-D",17287.1,17286.6,17286.85
"NC",37,187,"Washington County","Chlorpyrifos",132.7,701.7,417.2
"NC",37,187,"Washington County","Glyphosate",73089.8,73233.4,73161.6
"NC",37,187,"Washington County","Paraquat",17495.6,17548.9,17522.25
"NC",37,189,"Watauga County","2,4-D",368.1,379.6,373.85
"NC",37,189,"Watauga County","Chlorpyrifos",54.3,67.3,60.8
"NC",37,189,"Watauga County","Glyphosate",59.9,165.3,112.6
"NC",37,189,"Watauga County","Paraquat",21.8,28.5,25.15
"NC",37,191,"Wayne County","2,4-D",17330.7,17490.5,17410.6
"NC",37,191,"Wayne County","Chlorpyrifos",1071.8,1465.7,1268.75
"NC",37,191,"Wayne County","Glyphosate",51945.1,52818.6,52381.85
"NC",37,191,"Wayne County","Paraquat",13742.8,16329.6,15036.2
"NC",37,193,"Wilkes County","2,4-D",572.5,777.8,675.15
"NC",37,193,"Wilkes County","Chlorpyrifos",378,1266.5,822.25
"NC",37,193,"Wilkes County","Glyphosate",3968.2,4227.7,4097.95
"NC",37,193,"Wilkes County","Paraquat",183.9,675.4,429.65
"NC",37,195,"Wilson County","2,4-D",9727.5,9886.2,9806.85
"NC",37,195,"Wilson County","Chlorpyrifos",1030.9,1156.4,1093.65
"NC",37,195,"Wilson County","Glyphosate",33860.2,33976.8,33918.5
"NC",37,195,"Wilson County","Paraquat",8285.1,9106.1,8695.6
"NC",37,197,"Yadkin County","2,4-D",363.8,1344.9,854.35
"NC",37,197,"Yadkin County","Chlorpyrifos",296.6,1153.2,724.9
"NC",37,197,"Yadkin County","Glyphosate",10100.1,10593.5,10346.8
"NC",37,197,"Yadkin County","Paraquat",1157.6,2424.4,1791
"NC",37,199,"Yancey County","2,4-D",2495.4,2504.9,2500.15
"NC",37,199,"Yancey County","Chlorpyrifos",72.2,74.7,73.45
"NC",37,199,"Yancey County","Glyphosate",35.6,83.3,59.45
"NC",37,199,"Yancey County","Paraquat",5.5,446,225.75
"ND",38,1,"Adams County","2,4-D",10549.4,10853.5,10701.45
"ND",38,1,"Adams County","Chlorpyrifos",749.1,2560.1,1654.6
"ND",38,1,"Adams County","Glyphosate",82214.7,82378.7,82296.7
"ND",38,1,"Adams County","Paraquat",419.6,509.6,464.6
"ND",38,3,"Barnes County","2,4-D",1419.6,4674.5,3047.05
"ND",38,3,"Barnes County","Chlorpyrifos",8396.7,8632.9,8514.8
"ND",38,3,"Barnes County","Glyphosate",284169,285941.2,285055.1
"ND",38,3,"Barnes County","Malathion",0,131.1,65.55
"ND",38,3,"Barnes County","Paraquat",0,3022.1,1511.05
"ND",38,5,"Benson County","2,4-D",3207.3,6803.5,5005.4
"ND",38,5,"Benson County","Chlorpyrifos",1110.3,6582.2,3846.25
"ND",38,5,"Benson County","Glyphosate",153660.1,154869.8,154264.95
"ND",38,5,"Benson County","Paraquat",0,1633.6,816.8
"ND",38,7,"Billings County","2,4-D",3192.8,3273.1,3232.95
"ND",38,7,"Billings County","Chlorpyrifos",116.7,1034.7,575.7
"ND",38,7,"Billings County","Glyphosate",14747.5,14891.5,14819.5
"ND",38,7,"Billings County","Paraquat",67,84.1,75.55
"ND",38,9,"Bottineau County","2,4-D",6154,8728.2,7441.1
"ND",38,9,"Bottineau County","Chlorpyrifos",2081.5,6477.3,4279.4
"ND",38,9,"Bottineau County","Glyphosate",156121.9,157269.1,156695.5
"ND",38,9,"Bottineau County","Paraquat",0,1214.5,607.25
"ND",38,11,"Bowman County","2,4-D",7137.4,7844.9,7491.15
"ND",38,11,"Bowman County","Chlorpyrifos",221.6,1891.4,1056.5
"ND",38,11,"Bowman County","Glyphosate",51323.4,51618,51470.7
"ND",38,11,"Bowman County","Paraquat",155.2,214.4,184.8
"ND",38,13,"Burke County","2,4-D",6584.3,6932.3,6758.3
"ND",38,13,"Burke County","Chlorpyrifos",7419.8,8284.3,7852.05
"ND",38,13,"Burke County","Glyphosate",91219.9,91567.2,91393.55
"ND",38,13,"Burke County","Paraquat",52.2,184.5,118.35
"ND",38,15,"Burleigh County","2,4-D",1909.9,3191.8,2550.85
"ND",38,15,"Burleigh County","Chlorpyrifos",0,2478.5,1239.25
"ND",38,15,"Burleigh County","Glyphosate",104161.7,104590.4,104376.05
"ND",38,15,"Burleigh County","Paraquat",0,741.7,370.85
"ND",38,17,"Cass County","2,4-D",786.9,5114,2950.45
"ND",38,17,"Cass County","Chlorpyrifos",11289.9,12452.9,11871.4
"ND",38,17,"Cass County","Glyphosate",396579,397637.2,397108.1
"ND",38,17,"Cass County","Malathion",0,197.4,98.7
"ND",38,17,"Cass County","Paraquat",0,3845.9,1922.95
"ND",38,19,"Cavalier County","2,4-D",2400.1,5317.1,3858.6
"ND",38,19,"Cavalier County","Chlorpyrifos",28269.9,28687.1,28478.5
"ND",38,19,"Cavalier County","Glyphosate",182738.6,185278.9,184008.75
"ND",38,19,"Cavalier County","Paraquat",70.8,1258.7,664.75
"ND",38,21,"Dickey County","2,4-D",4356.3,5398.6,4877.45
"ND",38,21,"Dickey County","Chlorpyrifos",3416.2,3760.7,3588.45
"ND",38,21,"Dickey County","Glyphosate",181830.5,181830.5,181830.5
"ND",38,21,"Dickey County","Malathion",62.1,62.1,62.1
"ND",38,21,"Dickey County","Paraquat",0,1425.3,712.65
"ND",38,23,"Divide County","2,4-D",7352.7,8469.4,7911.05
"ND",38,23,"Divide County","Chlorpyrifos",8613.2,10438.8,9526
"ND",38,23,"Divide County","Glyphosate",125028.8,125250.9,125139.85
"ND",38,23,"Divide County","Paraquat",316.3,452.2,384.25
"ND",38,25,"Dunn County","2,4-D",7755.5,8731.8,8243.65
"ND",38,25,"Dunn County","Chlorpyrifos",0,2535.6,1267.8
"ND",38,25,"Dunn County","Glyphosate",65811.1,66248,66029.55
"ND",38,25,"Dunn County","Paraquat",0,403.7,201.85
"ND",38,27,"Eddy County","2,4-D",754.3,1807,1280.65
"ND",38,27,"Eddy County","Chlorpyrifos",1285.9,1531.3,1408.6
"ND",38,27,"Eddy County","Glyphosate",81673.4,82862,82267.7
"ND",38,27,"Eddy County","Paraquat",645,676,660.5
"ND",38,29,"Emmons County","2,4-D",2250.9,3278,2764.45
"ND",38,29,"Emmons County","Chlorpyrifos",0,3998,1999
"ND",38,29,"Emmons County","Glyphosate",190315.7,190576.3,190446
"ND",38,29,"Emmons County","Paraquat",0,1843.4,921.7
"ND",38,31,"Foster County","2,4-D",1082.9,2504.1,1793.5
"ND",38,31,"Foster County","Chlorpyrifos",2166.3,2456.5,2311.4
"ND",38,31,"Foster County","Glyphosate",168590.1,168788.2,168689.15
"ND",38,31,"Foster County","Paraquat",1278.3,1312,1295.15
"ND",38,33,"Golden Valley County","2,4-D",4476.9,5864.1,5170.5
"ND",38,33,"Golden Valley County","Chlorpyrifos",313.6,1746.6,1030.1
"ND",38,33,"Golden Valley County","Glyphosate",31259,31406.2,31332.6
"ND",38,33,"Golden Valley County","Paraquat",239.4,270.8,255.1
"ND",38,35,"Grand Forks County","2,4-D",1515.3,7709.6,4612.45
"ND",38,35,"Grand Forks County","Chlorpyrifos",27545.5,29336.5,28441
"ND",38,35,"Grand Forks County","Glyphosate",325623.6,327019,326321.3
"ND",38,35,"Grand Forks County","Paraquat",40.3,2435.4,1237.85
"ND",38,37,"Grant County","2,4-D",2288.2,3039.5,2663.85
"ND",38,37,"Grant County","Chlorpyrifos",0,2917.7,1458.85
"ND",38,37,"Grant County","Glyphosate",120495.8,121083.6,120789.7
"ND",38,37,"Grant County","Paraquat",0,857.7,428.85
"ND",38,39,"Griggs County","2,4-D",621.6,1947.6,1284.6
"ND",38,39,"Griggs County","Chlorpyrifos",3927.3,3976.9,3952.1
"ND",38,39,"Griggs County","Glyphosate",92725.8,93955.9,93340.85
"ND",38,39,"Griggs County","Paraquat",0,1034.3,517.15
"ND",38,41,"Hettinger County","2,4-D",14894.9,14988.2,14941.55
"ND",38,41,"Hettinger County","Chlorpyrifos",1100.4,3407,2253.7
"ND",38,41,"Hettinger County","Glyphosate",122504,122589.8,122546.9
"ND",38,41,"Hettinger County","Paraquat",598.1,717.6,657.85
"ND",38,43,"Kidder County","2,4-D",1752.3,3400.5,2576.4
"ND",38,43,"Kidder County","Chlorpyrifos",1365.6,2476.6,1921.1
"ND",38,43,"Kidder County","Glyphosate",81625,82992.9,82308.95
"ND",38,43,"Kidder County","Paraquat",534.5,573.5,554
"ND",38,45,"LaMoure County","2,4-D",5170.5,7179.7,6175.1
"ND",38,45,"LaMoure County","Chlorpyrifos",5546.5,6173.2,5859.85
"ND",38,45,"LaMoure County","Glyphosate",263500.2,263500.2,263500.2
"ND",38,45,"LaMoure County","Malathion",85.6,85.6,85.6
"ND",38,45,"LaMoure County","Paraquat",0,2452.1,1226.05
"ND",38,47,"Logan County","2,4-D",3814,4741.9,4277.95
"ND",38,47,"Logan County","Chlorpyrifos",2137.4,3590,2863.7
"ND",38,47,"Logan County","Glyphosate",100810.3,100810.3,100810.3
"ND",38,47,"Logan County","Paraquat",0,794.5,397.25
"ND",38,49,"McHenry County","2,4-D",3812.7,6545.1,5178.9
"ND",38,49,"McHenry County","Chlorpyrifos",1721.3,13316.7,7519
"ND",38,49,"McHenry County","Glyphosate",124727.5,127782,126254.75
"ND",38,49,"McHenry County","Paraquat",0,1000.9,500.45
"ND",38,51,"McIntosh County","2,4-D",5093.5,6127.2,5610.35
"ND",38,51,"McIntosh County","Chlorpyrifos",2506,5075.5,3790.75
"ND",38,51,"McIntosh County","Glyphosate",102937.9,102934.5,102936.2
"ND",38,51,"McIntosh County","Malathion",40.3,40.3,40.3
"ND",38,51,"McIntosh County","Paraquat",0,942.8,471.4
"ND",38,53,"McKenzie County","2,4-D",8770,10364.7,9567.35
"ND",38,53,"McKenzie County","Chlorpyrifos",247.4,2988,1617.7
"ND",38,53,"McKenzie County","Glyphosate",75556.1,75883.9,75720
"ND",38,53,"McKenzie County","Paraquat",0,419.3,209.65
"ND",38,55,"McLean County","2,4-D",15778.6,23366.8,19572.7
"ND",38,55,"McLean County","Chlorpyrifos",0,6082.4,3041.2
"ND",38,55,"McLean County","Glyphosate",164223.5,164359.3,164291.4
"ND",38,55,"McLean County","Paraquat",0,1603.8,801.9
"ND",38,57,"Mercer County","2,4-D",3934.4,4996.7,4465.55
"ND",38,57,"Mercer County","Chlorpyrifos",0,1328.7,664.35
"ND",38,57,"Mercer County","Glyphosate",44461.8,44673.7,44567.75
"ND",38,57,"Mercer County","Paraquat",0,253.6,126.8
"ND",38,59,"Morton County","2,4-D",2501,3181,2841
"ND",38,59,"Morton County","Chlorpyrifos",0,2842.5,1421.25
"ND",38,59,"Morton County","Glyphosate",120220,120742.7,120481.35
"ND",38,59,"Morton County","Paraquat",0,790.6,395.3
"ND",38,61,"Mountrail County","2,4-D",10659.4,11743.9,11201.65
"ND",38,61,"Mountrail County","Chlorpyrifos",11564.7,13218.6,12391.65
"ND",38,61,"Mountrail County","Glyphosate",157111.3,157756.2,157433.75
"ND",38,61,"Mountrail County","Paraquat",150.2,380.5,265.35
"ND",38,63,"Nelson County","2,4-D",1019.4,3049.3,2034.35
"ND",38,63,"Nelson County","Chlorpyrifos",19907.6,20364.3,20135.95
"ND",38,63,"Nelson County","Glyphosate",170163.6,171192.8,170678.2
"ND",38,63,"Nelson County","Paraquat",22,1325.4,673.7
"ND",38,65,"Oliver County","2,4-D",3045.9,4334.6,3690.25
"ND",38,65,"Oliver County","Chlorpyrifos",0,1298,649
"ND",38,65,"Oliver County","Glyphosate",36850.3,37039.9,36945.1
"ND",38,65,"Oliver County","Paraquat",0,369.6,184.8
"ND",38,67,"Pembina County","2,4-D",1606.5,5830.2,3718.35
"ND",38,67,"Pembina County","Chlorpyrifos",30801.1,32085.1,31443.1
"ND",38,67,"Pembina County","Glyphosate",247066.9,249946.9,248506.9
"ND",38,67,"Pembina County","Paraquat",49.9,1911.7,980.8
"ND",38,69,"Pierce County","2,4-D",3038.7,4212,3625.35
"ND",38,69,"Pierce County","Chlorpyrifos",1010.1,5562.1,3286.1
"ND",38,69,"Pierce County","Glyphosate",103799.4,104977,104388.2
"ND",38,69,"Pierce County","Paraquat",0,992.2,496.1
"ND",38,71,"Ramsey County","2,4-D",1373.9,4632.1,3003
"ND",38,71,"Ramsey County","Chlorpyrifos",17054.3,17906.3,17480.3
"ND",38,71,"Ramsey County","Glyphosate",196720.3,197805.6,197262.95
"ND",38,71,"Ramsey County","Paraquat",31.7,1574.4,803.05
"ND",38,73,"Ransom County","2,4-D",3773.4,4440.4,4106.9
"ND",38,73,"Ransom County","Chlorpyrifos",2640,2963.3,2801.65
"ND",38,73,"Ransom County","Glyphosate",131998.4,131998.4,131998.4
"ND",38,73,"Ransom County","Malathion",58.2,58.2,58.2
"ND",38,73,"Ransom County","Paraquat",0,1161.6,580.8
"ND",38,75,"Renville County","2,4-D",6721.8,9299.1,8010.45
"ND",38,75,"Renville County","Chlorpyrifos",7331.1,8568.4,7949.75
"ND",38,75,"Renville County","Glyphosate",181579.1,181656.3,181617.7
"ND",38,75,"Renville County","Paraquat",50.9,156.2,103.55
"ND",38,77,"Richland County","2,4-D",6796.8,7456.2,7126.5
"ND",38,77,"Richland County","Chlorpyrifos",5883.9,7625.6,6754.75
"ND",38,77,"Richland County","Glyphosate",354620.2,354620.2,354620.2
"ND",38,77,"Richland County","Malathion",139.9,139.9,139.9
"ND",38,77,"Richland County","Paraquat",0,2526.5,1263.25
"ND",38,79,"Rolette County","2,4-D",2749.6,3875.3,3312.45
"ND",38,79,"Rolette County","Chlorpyrifos",997,6584.4,3790.7
"ND",38,79,"Rolette County","Glyphosate",64024.4,65496.4,64760.4
"ND",38,79,"Rolette County","Paraquat",0,461.9,230.95
"ND",38,81,"Sargent County","2,4-D",3823.7,4666.9,4245.3
"ND",38,81,"Sargent County","Chlorpyrifos",3295.9,3632.7,3464.3
"ND",38,81,"Sargent County","Glyphosate",170773.7,170773.7,170773.7
"ND",38,81,"Sargent County","Malathion",68.6,68.6,68.6
"ND",38,81,"Sargent County","Paraquat",0,1418.7,709.35
"ND",38,83,"Sheridan County","2,4-D",2320.2,3258.5,2789.35
"ND",38,83,"Sheridan County","Chlorpyrifos",1802.1,2265.3,2033.7
"ND",38,83,"Sheridan County","Glyphosate",101469.6,103369,102419.3
"ND",38,83,"Sheridan County","Paraquat",720.5,733.6,727.05
"ND",38,85,"Sioux County","2,4-D",590.3,846,718.15
"ND",38,85,"Sioux County","Chlorpyrifos",0,818.3,409.15
"ND",38,85,"Sioux County","Glyphosate",29011.9,29340.6,29176.25
"ND",38,85,"Sioux County","Paraquat",0,185.6,92.8
"ND",38,87,"Slope County","2,4-D",7506.2,8010.3,7758.25
"ND",38,87,"Slope County","Chlorpyrifos",122.9,1512.2,817.55
"ND",38,87,"Slope County","Glyphosate",50125.3,50296.6,50210.95
"ND",38,87,"Slope County","Paraquat",91.8,158,124.9
"ND",38,89,"Stark County","2,4-D",14434.3,14577.5,14505.9
"ND",38,89,"Stark County","Chlorpyrifos",690.4,3523.8,2107.1
"ND",38,89,"Stark County","Glyphosate",106476.2,106749.2,106612.7
"ND",38,89,"Stark County","Paraquat",375.8,494.9,435.35
"ND",38,91,"Steele County","2,4-D",316.7,3413.8,1865.25
"ND",38,91,"Steele County","Chlorpyrifos",6243.6,6350.8,6297.2
"ND",38,91,"Steele County","Glyphosate",146085,147078.3,146581.65
"ND",38,91,"Steele County","Paraquat",0,1807.6,903.8
"ND",38,93,"Stutsman County","2,4-D",2200.4,6949.7,4575.05
"ND",38,93,"Stutsman County","Chlorpyrifos",6546.4,7455.3,7000.85
"ND",38,93,"Stutsman County","Glyphosate",473626,474322.5,473974.25
"ND",38,93,"Stutsman County","Paraquat",3632.9,3831.8,3732.35
"ND",38,95,"Towner County","2,4-D",1769.8,4018.6,2894.2
"ND",38,95,"Towner County","Chlorpyrifos",20372.1,20736.5,20554.3
"ND",38,95,"Towner County","Glyphosate",153746,155110.4,154428.2
"ND",38,95,"Towner County","Paraquat",46,1170.6,608.3
"ND",38,97,"Traill County","2,4-D",672.4,4222.5,2447.45
"ND",38,97,"Traill County","Chlorpyrifos",7553.4,8803.4,8178.4
"ND",38,97,"Traill County","Glyphosate",203562.7,205984.1,204773.4
"ND",38,97,"Traill County","Malathion",0,337.7,168.85
"ND",38,97,"Traill County","Paraquat",0,2027,1013.5
"ND",38,99,"Walsh County","2,4-D",1691,7704.9,4697.95
"ND",38,99,"Walsh County","Chlorpyrifos",26852.2,28694.9,27773.55
"ND",38,99,"Walsh County","Glyphosate",199226.4,203641,201433.7
"ND",38,99,"Walsh County","Paraquat",50.1,1949.8,999.95
"ND",38,101,"Ward County","2,4-D",14049.7,18998.9,16524.3
"ND",38,101,"Ward County","Chlorpyrifos",14769.6,16698.6,15734.1
"ND",38,101,"Ward County","Glyphosate",273111.4,273438.9,273275.15
"ND",38,101,"Ward County","Paraquat",70,300.8,185.4
"ND",38,103,"Wells County","2,4-D",3275.3,6934.6,5104.95
"ND",38,103,"Wells County","Chlorpyrifos",5011,5353.6,5182.3
"ND",38,103,"Wells County","Glyphosate",244931.1,246652,245791.55
"ND",38,103,"Wells County","Paraquat",1816,2051.4,1933.7
"ND",38,105,"Williams County","2,4-D",13701,15619.6,14660.3
"ND",38,105,"Williams County","Chlorpyrifos",15919.4,19995.1,17957.25
"ND",38,105,"Williams County","Glyphosate",233432.2,233806,233619.1
"ND",38,105,"Williams County","Paraquat",809.9,1126.5,968.2
"NE",31,1,"Adams County","2,4-D",12207,12246.8,12226.9
"NE",31,1,"Adams County","Chlorpyrifos",0,5817.4,2908.7
"NE",31,1,"Adams County","Glyphosate",124407.4,124409.6,124408.5
"NE",31,1,"Adams County","Paraquat",0,1380.1,690.05
"NE",31,3,"Antelope County","2,4-D",19884.5,20733.3,20308.9
"NE",31,3,"Antelope County","Chlorpyrifos",2861.7,3189,3025.35
"NE",31,3,"Antelope County","Glyphosate",181659.5,182243.2,181951.35
"NE",31,3,"Antelope County","Paraquat",0,2736.8,1368.4
"NE",31,5,"Arthur County","2,4-D",239.4,422.8,331.1
"NE",31,5,"Arthur County","Chlorpyrifos",0,54.6,27.3
"NE",31,5,"Arthur County","Glyphosate",3792.6,3792.6,3792.6
"NE",31,5,"Arthur County","Paraquat",0,6.3,3.15
"NE",31,7,"Banner County","2,4-D",17557.4,17725.2,17641.3
"NE",31,7,"Banner County","Chlorpyrifos",0,370.5,185.25
"NE",31,7,"Banner County","Glyphosate",46902.8,46902.8,46902.8
"NE",31,7,"Banner County","Paraquat",0,394.6,197.3
"NE",31,9,"Blaine County","2,4-D",172,344.4,258.2
"NE",31,9,"Blaine County","Chlorpyrifos",0,55.7,27.85
"NE",31,9,"Blaine County","Glyphosate",2640.8,2640.8,2640.8
"NE",31,9,"Blaine County","Paraquat",0,1.9,0.95
"NE",31,11,"Boone County","2,4-D",17831.5,19147,18489.25
"NE",31,11,"Boone County","Chlorpyrifos",2555,3062.3,2808.65
"NE",31,11,"Boone County","Glyphosate",163686.7,164126.9,163906.8
"NE",31,11,"Boone County","Paraquat",0,2468.6,1234.3
"NE",31,13,"Box Butte County","2,4-D",28525.7,29733.4,29129.55
"NE",31,13,"Box Butte County","Chlorpyrifos",4.3,1915.8,960.05
"NE",31,13,"Box Butte County","Glyphosate",95739.8,97277.8,96508.8
"NE",31,13,"Box Butte County","Paraquat",0,1226.1,613.05
"NE",31,15,"Boyd County","2,4-D",425.1,2775.5,1600.3
"NE",31,15,"Boyd County","Chlorpyrifos",0,794.1,397.05
"NE",31,15,"Boyd County","Glyphosate",43783.3,44176.5,43979.9
"NE",31,15,"Boyd County","Paraquat",0,54.1,27.05
"NE",31,17,"Brown County","2,4-D",520,1735.7,1127.85
"NE",31,17,"Brown County","Chlorpyrifos",0,360.3,180.15
"NE",31,17,"Brown County","Glyphosate",34471.1,34759.2,34615.15
"NE",31,17,"Brown County","Paraquat",0,50.7,25.35
"NE",31,19,"Buffalo County","2,4-D",6461.5,6834.5,6648
"NE",31,19,"Buffalo County","Chlorpyrifos",168.6,2750.2,1459.4
"NE",31,19,"Buffalo County","Glyphosate",120421.1,121345.3,120883.2
"NE",31,19,"Buffalo County","Paraquat",0,3251.6,1625.8
"NE",31,21,"Burt County","2,4-D",14305.2,14666.6,14485.9
"NE",31,21,"Burt County","Chlorpyrifos",2230.1,2369.1,2299.6
"NE",31,21,"Burt County","Glyphosate",134207.2,135527.5,134867.35
"NE",31,21,"Burt County","Paraquat",0,1951.9,975.95
"NE",31,23,"Butler County","2,4-D",22084.8,22243.3,22164.05
"NE",31,23,"Butler County","Chlorpyrifos",146.1,1418.6,782.35
"NE",31,23,"Butler County","Glyphosate",149373.1,149673,149523.05
"NE",31,23,"Butler County","Paraquat",0,1403.9,701.95
"NE",31,25,"Cass County","2,4-D",21011.4,21071.5,21041.45
"NE",31,25,"Cass County","Chlorpyrifos",155.5,912.5,534
"NE",31,25,"Cass County","Glyphosate",142228.2,142402.7,142315.45
"NE",31,25,"Cass County","Paraquat",0,1365.8,682.9
"NE",31,27,"Cedar County","2,4-D",19916.4,21532.4,20724.4
"NE",31,27,"Cedar County","Chlorpyrifos",2779.9,3403,3091.45
"NE",31,27,"Cedar County","Glyphosate",180180.3,180638.6,180409.45
"NE",31,27,"Cedar County","Paraquat",0,2769.4,1384.7
"NE",31,29,"Chase County","2,4-D",8527.2,8816.1,8671.65
"NE",31,29,"Chase County","Chlorpyrifos",0,5193.4,2596.7
"NE",31,29,"Chase County","Glyphosate",118790.3,118801.8,118796.05
"NE",31,29,"Chase County","Paraquat",0,1788.3,894.15
"NE",31,31,"Cherry County","2,4-D",2299.8,3322,2810.9
"NE",31,31,"Cherry County","Chlorpyrifos",1.5,337,169.25
"NE",31,31,"Cherry County","Glyphosate",20413.8,20863.6,20638.7
"NE",31,31,"Cherry County","Paraquat",0,120,60
"NE",31,33,"Cheyenne County","2,4-D",50775.9,51193.6,50984.75
"NE",31,33,"Cheyenne County","Chlorpyrifos",1.9,690.5,346.2
"NE",31,33,"Cheyenne County","Glyphosate",118312.3,118312.2,118312.25
"NE",31,33,"Cheyenne County","Paraquat",0,972.3,486.15
"NE",31,35,"Clay County","2,4-D",31926.3,31926.3,31926.3
"NE",31,35,"Clay County","Chlorpyrifos",482.2,1509.5,995.85
"NE",31,35,"Clay County","Glyphosate",189368.7,190424.2,189896.45
"NE",31,35,"Clay County","Paraquat",686.2,1228.4,957.3
"NE",31,37,"Colfax County","2,4-D",16383.9,16519.3,16451.6
"NE",31,37,"Colfax County","Chlorpyrifos",95.2,1339.8,717.5
"NE",31,37,"Colfax County","Glyphosate",112044.8,112358.3,112201.55
"NE",31,37,"Colfax County","Paraquat",0,1012.5,506.25
"NE",31,39,"Cuming County","2,4-D",18075.7,19237,18656.35
"NE",31,39,"Cuming County","Chlorpyrifos",2640.5,3088.3,2864.4
"NE",31,39,"Cuming County","Glyphosate",167002.1,167190.6,167096.35
"NE",31,39,"Cuming County","Paraquat",0,2526.7,1263.35
"NE",31,41,"Custer County","2,4-D",7581.5,8704.6,8143.05
"NE",31,41,"Custer County","Chlorpyrifos",199.3,4873.2,2536.25
"NE",31,41,"Custer County","Glyphosate",132274.5,135183.1,133728.8
"NE",31,41,"Custer County","Paraquat",0,3524.3,1762.15
"NE",31,43,"Dakota County","2,4-D",6684.1,6918.8,6801.45
"NE",31,43,"Dakota County","Chlorpyrifos",1023.1,1113.5,1068.3
"NE",31,43,"Dakota County","Glyphosate",62426.5,63013.1,62719.8
"NE",31,43,"Dakota County","Paraquat",0,917.9,458.95
"NE",31,45,"Dawes County","2,4-D",11476.8,11535.7,11506.25
"NE",31,45,"Dawes County","Chlorpyrifos",15.8,819.9,417.85
"NE",31,45,"Dawes County","Glyphosate",23995.9,24106.2,24051.05
"NE",31,45,"Dawes County","Paraquat",0,228.3,114.15
"NE",31,47,"Dawson County","2,4-D",5815.1,6298.3,6056.7
"NE",31,47,"Dawson County","Chlorpyrifos",159.3,4274.8,2217.05
"NE",31,47,"Dawson County","Glyphosate",107824.6,108749.8,108287.2
"NE",31,47,"Dawson County","Paraquat",0,2847,1423.5
"NE",31,49,"Deuel County","2,4-D",23439.8,23506.6,23473.2
"NE",31,49,"Deuel County","Chlorpyrifos",0.8,333.9,167.35
"NE",31,49,"Deuel County","Glyphosate",58849.1,58849,58849.05
"NE",31,49,"Deuel County","Paraquat",0,381.1,190.55
"NE",31,51,"Dixon County","2,4-D",12550.3,13109,12829.65
"NE",31,51,"Dixon County","Chlorpyrifos",1864.1,2079.5,1971.8
"NE",31,51,"Dixon County","Glyphosate",116617.1,116855.7,116736.4
"NE",31,51,"Dixon County","Paraquat",0,1744.8,872.4
"NE",31,53,"Dodge County","2,4-D",21219.1,21288.2,21253.65
"NE",31,53,"Dodge County","Chlorpyrifos",143.4,1044.5,593.95
"NE",31,53,"Dodge County","Glyphosate",145292.8,145430.2,145361.5
"NE",31,53,"Dodge County","Paraquat",0,1356.5,678.25
"NE",31,55,"Douglas County","2,4-D",4179.8,4195.6,4187.7
"NE",31,55,"Douglas County","Chlorpyrifos",28.5,228.4,128.45
"NE",31,55,"Douglas County","Glyphosate",28176.4,28252,28214.2
"NE",31,55,"Douglas County","Paraquat",0,263,131.5
"NE",31,57,"Dundy County","2,4-D",7978.1,8135.5,8056.8
"NE",31,57,"Dundy County","Chlorpyrifos",0,3158.3,1579.15
"NE",31,57,"Dundy County","Glyphosate",72261.4,72275.8,72268.6
"NE",31,57,"Dundy County","Paraquat",0,1280.9,640.45
"NE",31,59,"Fillmore County","2,4-D",37086.7,37086.7,37086.7
"NE",31,59,"Fillmore County","Chlorpyrifos",672.6,1390.6,1031.6
"NE",31,59,"Fillmore County","Glyphosate",221155.1,221840.4,221497.75
"NE",31,59,"Fillmore County","Paraquat",772.9,1499.8,1136.35
"NE",31,61,"Franklin County","2,4-D",8215.9,8273.9,8244.9
"NE",31,61,"Franklin County","Chlorpyrifos",0,3124.1,1562.05
"NE",31,61,"Franklin County","Glyphosate",69187.8,69189.7,69188.75
"NE",31,61,"Franklin County","Paraquat",0,970,485
"NE",31,63,"Frontier County","2,4-D",7205.4,7883.9,7544.65
"NE",31,63,"Frontier County","Chlorpyrifos",0,3519.6,1759.8
"NE",31,63,"Frontier County","Glyphosate",86812.9,86825.8,86819.35
"NE",31,63,"Frontier County","Paraquat",0,1427.2,713.6
"NE",31,65,"Furnas County","2,4-D",10652.7,10818.8,10735.75
"NE",31,65,"Furnas County","Chlorpyrifos",0,4968.6,2484.3
"NE",31,65,"Furnas County","Glyphosate",75715,76125.9,75920.45
"NE",31,65,"Furnas County","Paraquat",0,3057.3,1528.65
"NE",31,67,"Gage County","2,4-D",46526.5,46526.5,46526.5
"NE",31,67,"Gage County","Chlorpyrifos",1005.4,2322.3,1663.85
"NE",31,67,"Gage County","Glyphosate",261868.8,263530.5,262699.65
"NE",31,67,"Gage County","Malathion",0.2,0.2,0.2
"NE",31,67,"Gage County","Paraquat",883.7,1973.3,1428.5
"NE",31,69,"Garden County","2,4-D",12194.2,12299.8,12247
"NE",31,69,"Garden County","Chlorpyrifos",2.7,347.3,175
"NE",31,69,"Garden County","Glyphosate",38578.8,38578.7,38578.75
"NE",31,69,"Garden County","Paraquat",0,200.4,100.2
"NE",31,71,"Garfield County","2,4-D",125.5,636.7,381.1
"NE",31,71,"Garfield County","Chlorpyrifos",0,156,78
"NE",31,71,"Garfield County","Glyphosate",11177.3,11178.8,11178.05
"NE",31,71,"Garfield County","Paraquat",0,1,0.5
"NE",31,73,"Gosper County","2,4-D",6217.1,6233.3,6225.2
"NE",31,73,"Gosper County","Chlorpyrifos",0,2933.7,1466.85
"NE",31,73,"Gosper County","Glyphosate",58259.4,58261.2,58260.3
"NE",31,73,"Gosper County","Paraquat",0,968.9,484.45
"NE",31,75,"Grant County","2,4-D",186.4,209,197.7
"NE",31,75,"Grant County","Chlorpyrifos",0,8.7,4.35
"NE",31,75,"Grant County","Glyphosate",74.5,74.5,74.5
"NE",31,77,"Greeley County","2,4-D",2718,2838.6,2778.3
"NE",31,77,"Greeley County","Chlorpyrifos",64.6,1462.6,763.6
"NE",31,77,"Greeley County","Glyphosate",48755.9,48842.9,48799.4
"NE",31,77,"Greeley County","Paraquat",0,1335.3,667.65
"NE",31,79,"Hall County","2,4-D",4363.8,4417.1,4390.45
"NE",31,79,"Hall County","Chlorpyrifos",144.6,1003.3,573.95
"NE",31,79,"Hall County","Glyphosate",89194.4,89266.6,89230.5
"NE",31,79,"Hall County","Paraquat",0,2258.6,1129.3
"NE",31,81,"Hamilton County","2,4-D",22413.9,22472.6,22443.25
"NE",31,81,"Hamilton County","Chlorpyrifos",110.5,1000.5,555.5
"NE",31,81,"Hamilton County","Glyphosate",154895,155060.8,154977.9
"NE",31,81,"Hamilton County","Paraquat",0,1346.5,673.25
"NE",31,83,"Harlan County","2,4-D",8336.1,8405.1,8370.6
"NE",31,83,"Harlan County","Chlorpyrifos",0,3752.6,1876.3
"NE",31,83,"Harlan County","Glyphosate",70963.7,71279.6,71121.65
"NE",31,83,"Harlan County","Paraquat",0,1324.5,662.25
"NE",31,85,"Hayes County","2,4-D",6146.1,6366,6256.05
"NE",31,85,"Hayes County","Chlorpyrifos",0,2963.2,1481.6
"NE",31,85,"Hayes County","Glyphosate",67013.3,67022.5,67017.9
"NE",31,85,"Hayes County","Paraquat",0,1039.9,519.95
"NE",31,87,"Hitchcock County","2,4-D",13583.9,13718.3,13651.1
"NE",31,87,"Hitchcock County","Chlorpyrifos",0,2479.2,1239.6
"NE",31,87,"Hitchcock County","Glyphosate",74948.1,74956.7,74952.4
"NE",31,87,"Hitchcock County","Paraquat",0,1540.1,770.05
"NE",31,89,"Holt County","2,4-D",1313.7,8442.3,4878
"NE",31,89,"Holt County","Chlorpyrifos",1.1,2342.6,1171.85
"NE",31,89,"Holt County","Glyphosate",166783.2,168586,167684.6
"NE",31,89,"Holt County","Paraquat",0,246.7,123.35
"NE",31,91,"Hooker County","2,4-D",175,228.9,201.95
"NE",31,91,"Hooker County","Chlorpyrifos",0,20.7,10.35
"NE",31,91,"Hooker County","Glyphosate",177.5,177.5,177.5
"NE",31,93,"Howard County","2,4-D",3357.7,3634.1,3495.9
"NE",31,93,"Howard County","Chlorpyrifos",90.9,1887.9,989.4
"NE",31,93,"Howard County","Glyphosate",63584.5,64154.6,63869.55
"NE",31,93,"Howard County","Paraquat",0,1702.3,851.15
"NE",31,95,"Jefferson County","2,4-D",27341.2,27341.2,27341.2
"NE",31,95,"Jefferson County","Chlorpyrifos",540.6,1375,957.8
"NE",31,95,"Jefferson County","Glyphosate",153152.3,154263.2,153707.75
"NE",31,95,"Jefferson County","Malathion",0.2,0.2,0.2
"NE",31,95,"Jefferson County","Paraquat",567.8,1164.9,866.35
"NE",31,97,"Johnson County","2,4-D",13883.2,13883.2,13883.2
"NE",31,97,"Johnson County","Chlorpyrifos",291.4,741.6,516.5
"NE",31,97,"Johnson County","Glyphosate",80267.8,80802.1,80534.95
"NE",31,97,"Johnson County","Malathion",0.2,0.2,0.2
"NE",31,97,"Johnson County","Paraquat",226,548.1,387.05
"NE",31,99,"Kearney County","2,4-D",12104.5,12176.2,12140.35
"NE",31,99,"Kearney County","Chlorpyrifos",0,5529.5,2764.75
"NE",31,99,"Kearney County","Glyphosate",117412.5,117894.1,117653.3
"NE",31,99,"Kearney County","Paraquat",0,1421.8,710.9
"NE",31,101,"Keith County","2,4-D",9014.9,9570.3,9292.6
"NE",31,101,"Keith County","Chlorpyrifos",0,3411.4,1705.7
"NE",31,101,"Keith County","Glyphosate",97228.1,97241.4,97234.75
"NE",31,101,"Keith County","Paraquat",0,1476.8,738.4
"NE",31,103,"Keya Paha County","2,4-D",329.7,1264.4,797.05
"NE",31,103,"Keya Paha County","Chlorpyrifos",1.6,325.9,163.75
"NE",31,103,"Keya Paha County","Glyphosate",14026.2,14226.3,14126.25
"NE",31,103,"Keya Paha County","Paraquat",0,32.6,16.3
"NE",31,105,"Kimball County","2,4-D",30931.4,31077,31004.2
"NE",31,105,"Kimball County","Chlorpyrifos",0,650,325
"NE",31,105,"Kimball County","Glyphosate",74947.2,74947.2,74947.2
"NE",31,105,"Kimball County","Paraquat",0,536.9,268.45
"NE",31,107,"Knox County","2,4-D",16892.6,19950.6,18421.6
"NE",31,107,"Knox County","Chlorpyrifos",2141.5,3318.5,2730
"NE",31,107,"Knox County","Glyphosate",145137.4,146476.5,145806.95
"NE",31,107,"Knox County","Paraquat",0,2256,1128
"NE",31,109,"Lancaster County","2,4-D",22718,22906.1,22812.05
"NE",31,109,"Lancaster County","Chlorpyrifos",162.7,1428.7,795.7
"NE",31,109,"Lancaster County","Glyphosate",151849.3,152275,152062.15
"NE",31,109,"Lancaster County","Paraquat",0,1470.4,735.2
"NE",31,111,"Lincoln County","2,4-D",5323.1,7032.7,6177.9
"NE",31,111,"Lincoln County","Chlorpyrifos",0,7705.4,3852.7
"NE",31,111,"Lincoln County","Glyphosate",161132,161178.2,161155.1
"NE",31,111,"Lincoln County","Paraquat",0,2136.5,1068.25
"NE",31,113,"Logan County","2,4-D",159.6,902.8,531.2
"NE",31,113,"Logan County","Chlorpyrifos",0,211,105.5
"NE",31,113,"Logan County","Glyphosate",20019.5,20082.8,20051.15
"NE",31,113,"Logan County","Paraquat",0,10,5
"NE",31,115,"Loup County","2,4-D",199.4,581.1,390.25
"NE",31,115,"Loup County","Chlorpyrifos",0,123.6,61.8
"NE",31,115,"Loup County","Glyphosate",7333.2,7345.1,7339.15
"NE",31,115,"Loup County","Paraquat",0,9.9,4.95
"NE",31,117,"McPherson County","2,4-D",186.2,321.7,253.95
"NE",31,117,"McPherson County","Chlorpyrifos",0,42.7,21.35
"NE",31,117,"McPherson County","Glyphosate",2469.8,2470.4,2470.1
"NE",31,119,"Madison County","2,4-D",15367.9,16220.6,15794.25
"NE",31,119,"Madison County","Chlorpyrifos",2314.9,2643.3,2479.1
"NE",31,119,"Madison County","Glyphosate",142192.7,143668.7,142930.7
"NE",31,119,"Madison County","Paraquat",0,2101.4,1050.7
"NE",31,121,"Merrick County","2,4-D",14980.2,15165,15072.6
"NE",31,121,"Merrick County","Chlorpyrifos",75.5,953.5,514.5
"NE",31,121,"Merrick County","Glyphosate",103536.4,103748.2,103642.3
"NE",31,121,"Merrick County","Paraquat",0,941.8,470.9
"NE",31,123,"Morrill County","2,4-D",14043,14630.3,14336.65
"NE",31,123,"Morrill County","Chlorpyrifos",0.7,1122.4,561.55
"NE",31,123,"Morrill County","Glyphosate",68015.2,68275.4,68145.3
"NE",31,123,"Morrill County","Paraquat",0,557.9,278.95
"NE",31,125,"Nance County","2,4-D",11046.3,11164.4,11105.35
"NE",31,125,"Nance County","Chlorpyrifos",61.7,1112.9,587.3
"NE",31,125,"Nance County","Glyphosate",73008.5,73298.2,73153.35
"NE",31,125,"Nance County","Paraquat",0,658.7,329.35
"NE",31,127,"Nemaha County","2,4-D",22052.3,22052.3,22052.3
"NE",31,127,"Nemaha County","Chlorpyrifos",451.2,866.8,659
"NE",31,127,"Nemaha County","Glyphosate",124513.6,124922.2,124717.9
"NE",31,127,"Nemaha County","Malathion",0.1,0.1,0.1
"NE",31,127,"Nemaha County","Paraquat",314.5,831.3,572.9
"NE",31,129,"Nuckolls County","2,4-D",26994.5,26994.5,26994.5
"NE",31,129,"Nuckolls County","Chlorpyrifos",376.8,1645.9,1011.35
"NE",31,129,"Nuckolls County","Glyphosate",135896,138212.7,137054.35
"NE",31,129,"Nuckolls County","Paraquat",690.5,1212.2,951.35
"NE",31,131,"Otoe County","2,4-D",31955.6,31955.6,31955.6
"NE",31,131,"Otoe County","Chlorpyrifos",703.7,1613.9,1158.8
"NE",31,131,"Otoe County","Glyphosate",190530.8,191484.1,191007.45
"NE",31,131,"Otoe County","Malathion",0.2,0.2,0.2
"NE",31,131,"Otoe County","Paraquat",483.5,1240.4,861.95
"NE",31,133,"Pawnee County","2,4-D",16036.4,16036.4,16036.4
"NE",31,133,"Pawnee County","Chlorpyrifos",321.4,836.6,579
"NE",31,133,"Pawnee County","Glyphosate",89982.8,90597.5,90290.15
"NE",31,133,"Pawnee County","Malathion",0.2,0.2,0.2
"NE",31,133,"Pawnee County","Paraquat",298.6,658.5,478.55
"NE",31,135,"Perkins County","2,4-D",21311.2,21937.1,21624.15
"NE",31,135,"Perkins County","Chlorpyrifos",0,6901.9,3450.95
"NE",31,135,"Perkins County","Glyphosate",184733.3,184739,184736.15
"NE",31,135,"Perkins County","Paraquat",0,3710.5,1855.25
"NE",31,137,"Phelps County","2,4-D",12194.2,12267.2,12230.7
"NE",31,137,"Phelps County","Chlorpyrifos",0,6106.6,3053.3
"NE",31,137,"Phelps County","Glyphosate",125526.6,126023.3,125774.95
"NE",31,137,"Phelps County","Paraquat",0,1430.6,715.3
"NE",31,139,"Pierce County","2,4-D",14961.5,15806,15383.75
"NE",31,139,"Pierce County","Chlorpyrifos",2214.4,2540.1,2377.25
"NE",31,139,"Pierce County","Glyphosate",138483.9,138773.7,138628.8
"NE",31,139,"Pierce County","Paraquat",0,2071.3,1035.65
"NE",31,141,"Platte County","2,4-D",28183.2,28314.7,28248.95
"NE",31,141,"Platte County","Chlorpyrifos",160.8,1584.2,872.5
"NE",31,141,"Platte County","Glyphosate",192066.2,192339.3,192202.75
"NE",31,141,"Platte County","Paraquat",0,1730.2,865.1
"NE",31,143,"Polk County","2,4-D",17032.3,17144.5,17088.4
"NE",31,143,"Polk County","Chlorpyrifos",101.5,939.9,520.7
"NE",31,143,"Polk County","Glyphosate",116767.7,116914.3,116841
"NE",31,143,"Polk County","Paraquat",0,1073.8,536.9
"NE",31,145,"Red Willow County","2,4-D",13484.2,13956.4,13720.3
"NE",31,145,"Red Willow County","Chlorpyrifos",0,3785.2,1892.6
"NE",31,145,"Red Willow County","Glyphosate",97323.6,97331.7,97327.65
"NE",31,145,"Red Willow County","Paraquat",0,1732.6,866.3
"NE",31,147,"Richardson County","2,4-D",25446.3,25446.3,25446.3
"NE",31,147,"Richardson County","Chlorpyrifos",575.6,1127.8,851.7
"NE",31,147,"Richardson County","Glyphosate",152131.4,152686.1,152408.75
"NE",31,147,"Richardson County","Malathion",0.1,0.1,0.1
"NE",31,147,"Richardson County","Paraquat",457.7,1045.8,751.75
"NE",31,149,"Rock County","2,4-D",208.2,1190.6,699.4
"NE",31,149,"Rock County","Chlorpyrifos",0,323.8,161.9
"NE",31,149,"Rock County","Glyphosate",23206.7,23210.1,23208.4
"NE",31,151,"Saline County","2,4-D",32060,32060,32060
"NE",31,151,"Saline County","Chlorpyrifos",606,1537.3,1071.65
"NE",31,151,"Saline County","Glyphosate",185594.7,186745.8,186170.25
"NE",31,151,"Saline County","Paraquat",620.4,1298.6,959.5
"NE",31,153,"Sarpy County","2,4-D",5389.8,5406.7,5398.25
"NE",31,153,"Sarpy County","Chlorpyrifos",38.6,264.5,151.55
"NE",31,153,"Sarpy County","Glyphosate",36629.2,36671.8,36650.5
"NE",31,153,"Sarpy County","Paraquat",0,348.4,174.2
"NE",31,155,"Saunders County","2,4-D",29072.6,29180.1,29126.35
"NE",31,155,"Saunders County","Chlorpyrifos",206.7,1504.2,855.45
"NE",31,155,"Saunders County","Glyphosate",196399.9,196739,196569.45
"NE",31,155,"Saunders County","Paraquat",0,1864,932
"NE",31,157,"Scotts Bluff County","2,4-D",6659.3,8115.3,7387.3
"NE",31,157,"Scotts Bluff County","Chlorpyrifos",0.8,1926,963.4
"NE",31,157,"Scotts Bluff County","Glyphosate",65918.2,65919.2,65918.7
"NE",31,157,"Scotts Bluff County","Paraquat",0,1056.3,528.15
"NE",31,159,"Seward County","2,4-D",21198.4,21472.5,21335.45
"NE",31,159,"Seward County","Chlorpyrifos",138.5,1113.2,625.85
"NE",31,159,"Seward County","Glyphosate",144414.2,144686,144550.1
"NE",31,159,"Seward County","Paraquat",0,1407,703.5
"NE",31,161,"Sheridan County","2,4-D",10677,11262,10969.5
"NE",31,161,"Sheridan County","Chlorpyrifos",7.1,1239,623.05
"NE",31,161,"Sheridan County","Glyphosate",44210.7,44411.5,44311.1
"NE",31,161,"Sheridan County","Paraquat",0,470.4,235.2
"NE",31,163,"Sherman County","2,4-D",2495.9,2724.2,2610.05
"NE",31,163,"Sherman County","Chlorpyrifos",61.6,1673.2,867.4
"NE",31,163,"Sherman County","Glyphosate",42259.7,43195.5,42727.6
"NE",31,163,"Sherman County","Paraquat",0,1150.8,575.4
"NE",31,165,"Sioux County","2,4-D",2202.8,2410.4,2306.6
"NE",31,165,"Sioux County","Chlorpyrifos",0,624.5,312.25
"NE",31,165,"Sioux County","Glyphosate",13472.2,13472.2,13472.2
"NE",31,165,"Sioux County","Paraquat",0,166.4,83.2
"NE",31,167,"Stanton County","2,4-D",10797.4,11487.6,11142.5
"NE",31,167,"Stanton County","Chlorpyrifos",1532.3,1798.4,1665.35
"NE",31,167,"Stanton County","Glyphosate",97990.4,98956.5,98473.45
"NE",31,167,"Stanton County","Paraquat",0,1484.2,742.1
"NE",31,169,"Thayer County","2,4-D",33573.8,33573.8,33573.8
"NE",31,169,"Thayer County","Chlorpyrifos",558.8,1589.6,1074.2
"NE",31,169,"Thayer County","Glyphosate",187212.8,188747.9,187980.35
"NE",31,169,"Thayer County","Paraquat",719.5,1387.5,1053.5
"NE",31,171,"Thomas County","2,4-D",147.5,189.9,168.7
"NE",31,171,"Thomas County","Chlorpyrifos",0,14.6,7.3
"NE",31,171,"Thomas County","Glyphosate",466.1,466.1,466.1
"NE",31,173,"Thurston County","2,4-D",10212.4,10991.9,10602.15
"NE",31,173,"Thurston County","Chlorpyrifos",1564.5,1864.8,1714.65
"NE",31,173,"Thurston County","Glyphosate",96678.7,96787.6,96733.15
"NE",31,173,"Thurston County","Paraquat",0,1427.3,713.65
"NE",31,175,"Valley County","2,4-D",2568.9,2915.9,2742.4
"NE",31,175,"Valley County","Chlorpyrifos",72.7,1653.9,863.3
"NE",31,175,"Valley County","Glyphosate",46080.6,46915.6,46498.1
"NE",31,175,"Valley County","Paraquat",24.7,1297.1,660.9
"NE",31,177,"Washington County","2,4-D",14792.3,14899.2,14845.75
"NE",31,177,"Washington County","Chlorpyrifos",107.8,1159.3,633.55
"NE",31,177,"Washington County","Glyphosate",100122.5,100359.9,100241.2
"NE",31,177,"Washington County","Paraquat",0,955,477.5
"NE",31,179,"Wayne County","2,4-D",14084,14952.9,14518.45
"NE",31,179,"Wayne County","Chlorpyrifos",2105.2,2439.9,2272.55
"NE",31,179,"Wayne County","Glyphosate",129913.8,131145.6,130529.7
"NE",31,179,"Wayne County","Paraquat",0,1929.4,964.7
"NE",31,181,"Webster County","2,4-D",8958,9060,9009
"NE",31,181,"Webster County","Chlorpyrifos",0,3651.8,1825.9
"NE",31,181,"Webster County","Glyphosate",70920.1,70921.9,70921
"NE",31,181,"Webster County","Paraquat",0,925.1,462.55
"NE",31,183,"Wheeler County","2,4-D",133,1413.3,773.15
"NE",31,183,"Wheeler County","Chlorpyrifos",0,396,198
"NE",31,183,"Wheeler County","Glyphosate",32974.6,32995.7,32985.15
"NE",31,183,"Wheeler County","Paraquat",0,0.8,0.4
"NE",31,185,"York County","2,4-D",26753,26906.5,26829.75
"NE",31,185,"York County","Chlorpyrifos",127.1,959.4,543.25
"NE",31,185,"York County","Glyphosate",174964.7,176415.7,175690.2
"NE",31,185,"York County","Paraquat",0,1567.8,783.9
"NH",33,1,"Belknap County","2,4-D",3.5,57.4,30.45
"NH",33,1,"Belknap County","Chlorpyrifos",12.1,18.5,15.3
"NH",33,1,"Belknap County","Glyphosate",132.1,132.7,132.4
"NH",33,1,"Belknap County","Paraquat",9.3,23.4,16.35
"NH",33,3,"Carroll County","2,4-D",4.1,45,24.55
"NH",33,3,"Carroll County","Chlorpyrifos",13.5,20.5,17
"NH",33,3,"Carroll County","Glyphosate",140.9,141.8,141.35
"NH",33,3,"Carroll County","Paraquat",9,24.3,16.65
"NH",33,5,"Cheshire County","2,4-D",10.2,83.1,46.65
"NH",33,5,"Cheshire County","Chlorpyrifos",20.7,40.9,30.8
"NH",33,5,"Cheshire County","Glyphosate",498.9,498.8,498.85
"NH",33,5,"Cheshire County","Paraquat",16.3,64.7,40.5
"NH",33,7,"Coos County","2,4-D",9.2,118.9,64.05
"NH",33,7,"Coos County","Chlorpyrifos",11.4,32.3,21.85
"NH",33,7,"Coos County","Glyphosate",562.5,560.8,561.65
"NH",33,7,"Coos County","Paraquat",11,63.5,37.25
"NH",33,9,"Grafton County","2,4-D",17.6,158.8,88.2
"NH",33,9,"Grafton County","Chlorpyrifos",32,64.5,48.25
"NH",33,9,"Grafton County","Glyphosate",845.1,844.8,844.95
"NH",33,9,"Grafton County","Paraquat",27.9,107.9,67.9
"NH",33,11,"Hillsborough County","2,4-D",36.1,174.8,105.45
"NH",33,11,"Hillsborough County","Chlorpyrifos",113.1,133.5,123.3
"NH",33,11,"Hillsborough County","Glyphosate",292.4,297.7,295.05
"NH",33,11,"Hillsborough County","Paraquat",115.9,139.8,127.85
"NH",33,13,"Merrimack County","2,4-D",26.3,123.5,74.9
"NH",33,13,"Merrimack County","Chlorpyrifos",67.9,107,87.45
"NH",33,13,"Merrimack County","Glyphosate",962.5,964.8,963.65
"NH",33,13,"Merrimack County","Paraquat",60.3,152.7,106.5
"NH",33,15,"Rockingham County","2,4-D",35.2,152.9,94.05
"NH",33,15,"Rockingham County","Chlorpyrifos",119.6,132.6,126.1
"NH",33,15,"Rockingham County","Glyphosate",284.1,288.8,286.45
"NH",33,15,"Rockingham County","Paraquat",121.8,141.6,131.7
"NH",33,17,"Strafford County","2,4-D",7,51.1,29.05
"NH",33,17,"Strafford County","Chlorpyrifos",23,28.9,25.95
"NH",33,17,"Strafford County","Glyphosate",99.7,100.3,100
"NH",33,17,"Strafford County","Paraquat",21.9,31.3,26.6
"NH",33,19,"Sullivan County","2,4-D",10.5,78.1,44.3
"NH",33,19,"Sullivan County","Chlorpyrifos",6.4,37,21.7
"NH",33,19,"Sullivan County","Glyphosate",805.2,804,804.6
"NH",33,19,"Sullivan County","Paraquat",8.9,86.1,47.5
"NJ",34,1,"Atlantic County","2,4-D",87.8,87.8,87.8
"NJ",34,1,"Atlantic County","Chlorpyrifos",30.7,68.1,49.4
"NJ",34,1,"Atlantic County","Glyphosate",617.4,715,666.2
"NJ",34,1,"Atlantic County","Paraquat",49.7,78.6,64.15
"NJ",34,3,"Bergen County","2,4-D",4.9,4.9,4.9
"NJ",34,3,"Bergen County","Chlorpyrifos",0.1,1.5,0.8
"NJ",34,3,"Bergen County","Glyphosate",8.1,9.1,8.6
"NJ",34,3,"Bergen County","Malathion",0,1.3,0.65
"NJ",34,3,"Bergen County","Paraquat",0.1,1.6,0.85
"NJ",34,5,"Burlington County","2,4-D",482.6,482.6,482.6
"NJ",34,5,"Burlington County","Chlorpyrifos",155.6,285.9,220.75
"NJ",34,5,"Burlington County","Glyphosate",17337.6,17390.1,17363.85
"NJ",34,5,"Burlington County","Paraquat",363.2,470.3,416.75
"NJ",34,7,"Camden County","2,4-D",12.7,12.7,12.7
"NJ",34,7,"Camden County","Chlorpyrifos",16.1,47.3,31.7
"NJ",34,7,"Camden County","Glyphosate",136.7,194.2,165.45
"NJ",34,7,"Camden County","Paraquat",11.5,37.9,24.7
"NJ",34,9,"Cape May County","2,4-D",19.9,19.9,19.9
"NJ",34,9,"Cape May County","Chlorpyrifos",13.1,21.7,17.4
"NJ",34,9,"Cape May County","Glyphosate",135.6,152.9,144.25
"NJ",34,9,"Cape May County","Paraquat",12.9,24.3,18.6
"NJ",34,11,"Cumberland County","2,4-D",548.1,548.1,548.1
"NJ",34,11,"Cumberland County","Chlorpyrifos",471.6,512.5,492.05
"NJ",34,11,"Cumberland County","Glyphosate",6753.3,6914.4,6833.85
"NJ",34,11,"Cumberland County","Paraquat",438.1,462.6,450.35
"NJ",34,13,"Essex County","2,4-D",1.4,1.4,1.4
"NJ",34,13,"Essex County","Chlorpyrifos",0,0.4,0.2
"NJ",34,13,"Essex County","Glyphosate",1.2,1.3,1.25
"NJ",34,13,"Essex County","Malathion",0,0.2,0.1
"NJ",34,13,"Essex County","Paraquat",0,0.4,0.2
"NJ",34,15,"Gloucester County","2,4-D",584.1,584.1,584.1
"NJ",34,15,"Gloucester County","Chlorpyrifos",611.9,675.4,643.65
"NJ",34,15,"Gloucester County","Glyphosate",6499.5,6864.6,6682.05
"NJ",34,15,"Gloucester County","Paraquat",512.1,547.7,529.9
"NJ",34,19,"Hunterdon County","2,4-D",652.4,652.4,652.4
"NJ",34,19,"Hunterdon County","Chlorpyrifos",132.9,197.6,165.25
"NJ",34,19,"Hunterdon County","Glyphosate",7727,7760.5,7743.75
"NJ",34,19,"Hunterdon County","Malathion",0,42.4,21.2
"NJ",34,19,"Hunterdon County","Paraquat",318.2,360.8,339.5
"NJ",34,21,"Mercer County","2,4-D",139.5,139.5,139.5
"NJ",34,21,"Mercer County","Chlorpyrifos",39.8,66.1,52.95
"NJ",34,21,"Mercer County","Glyphosate",4254.6,4263.4,4259
"NJ",34,21,"Mercer County","Paraquat",118.2,134.8,126.5
"NJ",34,23,"Middlesex County","2,4-D",135,135,135
"NJ",34,23,"Middlesex County","Chlorpyrifos",49.4,90,69.7
"NJ",34,23,"Middlesex County","Glyphosate",3276.1,3289.7,3282.9
"NJ",34,23,"Middlesex County","Paraquat",128.7,166.1,147.4
"NJ",34,25,"Monmouth County","2,4-D",158.6,158.6,158.6
"NJ",34,25,"Monmouth County","Chlorpyrifos",109,143.8,126.4
"NJ",34,25,"Monmouth County","Glyphosate",4585,4597.7,4591.35
"NJ",34,25,"Monmouth County","Paraquat",143.8,180.1,161.95
"NJ",34,27,"Morris County","2,4-D",172.6,172.6,172.6
"NJ",34,27,"Morris County","Chlorpyrifos",41.3,77.6,59.45
"NJ",34,27,"Morris County","Glyphosate",719.2,747,733.1
"NJ",34,27,"Morris County","Malathion",0,43.7,21.85
"NJ",34,27,"Morris County","Paraquat",65,101.9,83.45
"NJ",34,29,"Ocean County","2,4-D",18.4,18.4,18.4
"NJ",34,29,"Ocean County","Chlorpyrifos",16.5,25.9,21.2
"NJ",34,29,"Ocean County","Glyphosate",266.1,269.9,268
"NJ",34,29,"Ocean County","Paraquat",18.3,28.2,23.25
"NJ",34,31,"Passaic County","2,4-D",6.7,6.7,6.7
"NJ",34,31,"Passaic County","Chlorpyrifos",0.6,2.5,1.55
"NJ",34,31,"Passaic County","Glyphosate",7.6,10.1,8.85
"NJ",34,31,"Passaic County","Malathion",0,2.1,1.05
"NJ",34,31,"Passaic County","Paraquat",0.4,2.5,1.45
"NJ",34,33,"Salem County","2,4-D",1858.4,1858.4,1858.4
"NJ",34,33,"Salem County","Chlorpyrifos",323.5,527.5,425.5
"NJ",34,33,"Salem County","Glyphosate",18089.4,18347.2,18218.3
"NJ",34,33,"Salem County","Paraquat",954.6,1052.9,1003.75
"NJ",34,35,"Somerset County","2,4-D",95.2,95.2,95.2
"NJ",34,35,"Somerset County","Chlorpyrifos",30.6,44.2,37.4
"NJ",34,35,"Somerset County","Glyphosate",2393.2,2405.2,2399.2
"NJ",34,35,"Somerset County","Malathion",0,18.8,9.4
"NJ",34,35,"Somerset County","Paraquat",63.4,75.3,69.35
"NJ",34,37,"Sussex County","2,4-D",233.5,233.5,233.5
"NJ",34,37,"Sussex County","Chlorpyrifos",95.9,136.9,116.4
"NJ",34,37,"Sussex County","Glyphosate",3152.2,3177.1,3164.65
"NJ",34,37,"Sussex County","Malathion",0,36,18
"NJ",34,37,"Sussex County","Paraquat",249.2,273.8,261.5
"NJ",34,39,"Union County","2,4-D",0,0,0
"NJ",34,39,"Union County","Glyphosate",0.4,0.5,0.45
"NJ",34,39,"Union County","Malathion",0,0.1,0.05
"NJ",34,39,"Union County","Paraquat",0,0,0
"NJ",34,41,"Warren County","2,4-D",660.6,660.6,660.6
"NJ",34,41,"Warren County","Chlorpyrifos",221.6,331.2,276.4
"NJ",34,41,"Warren County","Glyphosate",13887.3,13945.8,13916.55
"NJ",34,41,"Warren County","Malathion",0,91.3,45.65
"NJ",34,41,"Warren County","Paraquat",747.2,811.5,779.35
"NM",35,1,"Bernalillo County","2,4-D",233.8,232.3,233.05
"NM",35,1,"Bernalillo County","Chlorpyrifos",94.1,117.7,105.9
"NM",35,1,"Bernalillo County","Glyphosate",278.6,288.1,283.35
"NM",35,1,"Bernalillo County","Malathion",289.7,289.7,289.7
"NM",35,1,"Bernalillo County","Paraquat",0.5,81.8,41.15
"NM",35,3,"Catron County","2,4-D",207.8,219.7,213.75
"NM",35,3,"Catron County","Chlorpyrifos",0.1,28.5,14.3
"NM",35,3,"Catron County","Glyphosate",70.7,150.3,110.5
"NM",35,3,"Catron County","Malathion",0,14.4,7.2
"NM",35,3,"Catron County","Paraquat",0,7.5,3.75
"NM",35,5,"Chaves County","2,4-D",1225.8,3345.3,2285.55
"NM",35,5,"Chaves County","Chlorpyrifos",4139.8,4699.2,4419.5
"NM",35,5,"Chaves County","Glyphosate",33774.3,35209.3,34491.8
"NM",35,5,"Chaves County","Malathion",0.3,34.2,17.25
"NM",35,5,"Chaves County","Paraquat",336.5,726.3,531.4
"NM",35,6,"Cibola County","2,4-D",930.2,930.5,930.35
"NM",35,6,"Cibola County","Chlorpyrifos",7.6,24.9,16.25
"NM",35,6,"Cibola County","Glyphosate",99.8,136,117.9
"NM",35,6,"Cibola County","Malathion",24.5,24.5,24.5
"NM",35,6,"Cibola County","Paraquat",0,7.3,3.65
"NM",35,7,"Colfax County","2,4-D",272.9,315.1,294
"NM",35,7,"Colfax County","Chlorpyrifos",1126.4,1126.4,1126.4
"NM",35,7,"Colfax County","Glyphosate",539.8,539.8,539.8
"NM",35,7,"Colfax County","Paraquat",8.3,8.3,8.3
"NM",35,9,"Curry County","2,4-D",41079.7,43343,42211.35
"NM",35,9,"Curry County","Chlorpyrifos",15222.8,15790.5,15506.65
"NM",35,9,"Curry County","Glyphosate",55940.7,55940.7,55940.7
"NM",35,9,"Curry County","Malathion",0.2,0.2,0.2
"NM",35,9,"Curry County","Paraquat",2047.2,3017.2,2532.2
"NM",35,11,"De Baca County","2,4-D",303.5,433.3,368.4
"NM",35,11,"De Baca County","Chlorpyrifos",1501.9,1520.8,1511.35
"NM",35,11,"De Baca County","Glyphosate",874.3,874.3,874.3
"NM",35,11,"De Baca County","Malathion",0,0.2,0.1
"NM",35,11,"De Baca County","Paraquat",13.7,36.5,25.1
"NM",35,13,"Dona Ana County","2,4-D",3173.4,4044.6,3609
"NM",35,13,"Dona Ana County","Chlorpyrifos",10850.9,11031.4,10941.15
"NM",35,13,"Dona Ana County","Glyphosate",47787.1,48752,48269.55
"NM",35,13,"Dona Ana County","Malathion",2.9,330.6,166.75
"NM",35,13,"Dona Ana County","Paraquat",1882.4,2033.2,1957.8
"NM",35,15,"Eddy County","2,4-D",743.3,1416.2,1079.75
"NM",35,15,"Eddy County","Chlorpyrifos",3489.9,3671.7,3580.8
"NM",35,15,"Eddy County","Glyphosate",16278.4,17168.2,16723.3
"NM",35,15,"Eddy County","Malathion",2.1,57.2,29.65
"NM",35,15,"Eddy County","Paraquat",601.8,712.4,657.1
"NM",35,17,"Grant County","2,4-D",195.9,206.7,201.3
"NM",35,17,"Grant County","Chlorpyrifos",0.8,133.3,67.05
"NM",35,17,"Grant County","Glyphosate",94.1,190.5,142.3
"NM",35,17,"Grant County","Malathion",0,116.3,58.15
"NM",35,17,"Grant County","Paraquat",0,33.5,16.75
"NM",35,19,"Guadalupe County","2,4-D",536.5,543.6,540.05
"NM",35,19,"Guadalupe County","Chlorpyrifos",225.5,229.7,227.6
"NM",35,19,"Guadalupe County","Glyphosate",489.9,489.9,489.9
"NM",35,19,"Guadalupe County","Malathion",0,0.3,0.15
"NM",35,19,"Guadalupe County","Paraquat",25.9,27.7,26.8
"NM",35,21,"Harding County","2,4-D",301.1,301.1,301.1
"NM",35,21,"Harding County","Chlorpyrifos",54.9,54.9,54.9
"NM",35,21,"Harding County","Glyphosate",171.3,171.3,171.3
"NM",35,21,"Harding County","Paraquat",0,0.8,0.4
"NM",35,23,"Hidalgo County","2,4-D",941.3,1014.6,977.95
"NM",35,23,"Hidalgo County","Chlorpyrifos",0,423,211.5
"NM",35,23,"Hidalgo County","Glyphosate",1859,2206.1,2032.55
"NM",35,23,"Hidalgo County","Malathion",0,400.6,200.3
"NM",35,23,"Hidalgo County","Paraquat",15.9,207.9,111.9
"NM",35,25,"Lea County","2,4-D",1861.7,3154.6,2508.15
"NM",35,25,"Lea County","Chlorpyrifos",381.3,826.6,603.95
"NM",35,25,"Lea County","Glyphosate",30227.1,30378.1,30302.6
"NM",35,25,"Lea County","Malathion",0.9,2.7,1.8
"NM",35,25,"Lea County","Paraquat",885.9,1154.3,1020.1
"NM",35,27,"Lincoln County","2,4-D",436.1,437,436.55
"NM",35,27,"Lincoln County","Chlorpyrifos",59,59,59
"NM",35,27,"Lincoln County","Glyphosate",1828.9,1834.9,1831.9
"NM",35,27,"Lincoln County","Malathion",1,2.6,1.8
"NM",35,27,"Lincoln County","Paraquat",68.4,69.7,69.05
"NM",35,28,"Los Alamos County","2,4-D",0,0,0
"NM",35,28,"Los Alamos County","Chlorpyrifos",0.1,0.1,0.1
"NM",35,28,"Los Alamos County","Glyphosate",0.2,0.2,0.2
"NM",35,28,"Los Alamos County","Malathion",0.3,0.3,0.3
"NM",35,28,"Los Alamos County","Paraquat",0,0.1,0.05
"NM",35,29,"Luna County","2,4-D",487.9,1582,1034.95
"NM",35,29,"Luna County","Chlorpyrifos",5.6,1254.8,630.2
"NM",35,29,"Luna County","Glyphosate",3751.9,6380.3,5066.1
"NM",35,29,"Luna County","Malathion",0,593,296.5
"NM",35,29,"Luna County","Paraquat",46.2,318.2,182.2
"NM",35,31,"McKinley County","2,4-D",1804.6,1804.3,1804.45
"NM",35,31,"McKinley County","Chlorpyrifos",17.8,19.1,18.45
"NM",35,31,"McKinley County","Glyphosate",185.7,256.8,221.25
"NM",35,31,"McKinley County","Malathion",40.1,40.1,40.1
"NM",35,31,"McKinley County","Paraquat",0.1,14.5,7.3
"NM",35,33,"Mora County","2,4-D",187,212.3,199.65
"NM",35,33,"Mora County","Chlorpyrifos",563.2,564.1,563.65
"NM",35,33,"Mora County","Glyphosate",328.1,328.1,328.1
"NM",35,33,"Mora County","Paraquat",21.6,22.8,22.2
"NM",35,35,"Otero County","2,4-D",226.2,234.9,230.55
"NM",35,35,"Otero County","Chlorpyrifos",573.7,573.8,573.75
"NM",35,35,"Otero County","Glyphosate",1967.3,2022.8,1995.05
"NM",35,35,"Otero County","Malathion",2.2,18.7,10.45
"NM",35,35,"Otero County","Paraquat",77.6,77.8,77.7
"NM",35,37,"Quay County","2,4-D",16076.1,16372,16224.05
"NM",35,37,"Quay County","Chlorpyrifos",4618.7,4783.2,4700.95
"NM",35,37,"Quay County","Glyphosate",22785.8,22785.8,22785.8
"NM",35,37,"Quay County","Malathion",0,2.8,1.4
"NM",35,37,"Quay County","Paraquat",1105.5,1327.8,1216.65
"NM",35,39,"Rio Arriba County","2,4-D",973.9,1063.9,1018.9
"NM",35,39,"Rio Arriba County","Chlorpyrifos",281.1,539,410.05
"NM",35,39,"Rio Arriba County","Glyphosate",1165.8,1411.5,1288.65
"NM",35,39,"Rio Arriba County","Malathion",845.1,845.1,845.1
"NM",35,39,"Rio Arriba County","Paraquat",3,248.9,125.95
"NM",35,41,"Roosevelt County","2,4-D",29765.8,31212.2,30489
"NM",35,41,"Roosevelt County","Chlorpyrifos",8205.9,8721.7,8463.8
"NM",35,41,"Roosevelt County","Glyphosate",44203.1,44203.1,44203.1
"NM",35,41,"Roosevelt County","Malathion",0.8,1.9,1.35
"NM",35,41,"Roosevelt County","Paraquat",1788.7,2519.7,2154.2
"NM",35,43,"Sandoval County","2,4-D",573.1,640.7,606.9
"NM",35,43,"Sandoval County","Chlorpyrifos",48.4,117.2,82.8
"NM",35,43,"Sandoval County","Glyphosate",250.7,407.9,329.3
"NM",35,43,"Sandoval County","Malathion",120.2,120.2,120.2
"NM",35,43,"Sandoval County","Paraquat",0.7,36.8,18.75
"NM",35,45,"San Juan County","2,4-D",2104.8,2467.3,2286.05
"NM",35,45,"San Juan County","Chlorpyrifos",627.7,887.4,757.55
"NM",35,45,"San Juan County","Glyphosate",2921.8,3734.9,3328.35
"NM",35,45,"San Juan County","Malathion",1843,1843,1843
"NM",35,45,"San Juan County","Paraquat",0.9,566.1,283.5
"NM",35,47,"San Miguel County","2,4-D",1008,1021.6,1014.8
"NM",35,47,"San Miguel County","Chlorpyrifos",308.9,310.1,309.5
"NM",35,47,"San Miguel County","Glyphosate",905.5,905.5,905.5
"NM",35,47,"San Miguel County","Malathion",1,1,1
"NM",35,47,"San Miguel County","Paraquat",181.3,183.3,182.3
"NM",35,49,"Santa Fe County","2,4-D",510.4,508.2,509.3
"NM",35,49,"Santa Fe County","Chlorpyrifos",128.2,167.9,148.05
"NM",35,49,"Santa Fe County","Glyphosate",596.7,612.9,604.8
"NM",35,49,"Santa Fe County","Malathion",360.6,360.6,360.6
"NM",35,49,"Santa Fe County","Paraquat",1,106.3,53.65
"NM",35,51,"Sierra County","2,4-D",784.8,1033.2,909
"NM",35,51,"Sierra County","Chlorpyrifos",0.5,382.1,191.3
"NM",35,51,"Sierra County","Glyphosate",1993.6,2555.8,2274.7
"NM",35,51,"Sierra County","Malathion",0,240.4,120.2
"NM",35,51,"Sierra County","Paraquat",6.5,145.1,75.8
"NM",35,53,"Socorro County","2,4-D",355.3,724.1,539.7
"NM",35,53,"Socorro County","Chlorpyrifos",1.9,734,367.95
"NM",35,53,"Socorro County","Glyphosate",1282.6,1876.3,1579.45
"NM",35,53,"Socorro County","Malathion",0,601,300.5
"NM",35,53,"Socorro County","Paraquat",0,181.5,90.75
"NM",35,55,"Taos County","2,4-D",267.4,275.8,271.6
"NM",35,55,"Taos County","Chlorpyrifos",211.6,246.2,228.9
"NM",35,55,"Taos County","Glyphosate",627.7,659.7,643.7
"NM",35,55,"Taos County","Malathion",681.1,681.1,681.1
"NM",35,55,"Taos County","Paraquat",0.4,198.8,99.6
"NM",35,57,"Torrance County","2,4-D",1915.6,2767,2341.3
"NM",35,57,"Torrance County","Chlorpyrifos",1569,1750,1659.5
"NM",35,57,"Torrance County","Glyphosate",2713.7,2713.7,2713.7
"NM",35,57,"Torrance County","Malathion",0.1,0.7,0.4
"NM",35,57,"Torrance County","Paraquat",69,321.6,195.3
"NM",35,59,"Union County","2,4-D",6578.3,7619.3,7098.8
"NM",35,59,"Union County","Chlorpyrifos",2891.6,3115.7,3003.65
"NM",35,59,"Union County","Glyphosate",8380.6,8380.6,8380.6
"NM",35,59,"Union County","Malathion",0.2,0.2,0.2
"NM",35,59,"Union County","Paraquat",26.2,378.2,202.2
"NM",35,61,"Valencia County","2,4-D",3308.1,3460.2,3384.15
"NM",35,61,"Valencia County","Chlorpyrifos",159.7,283.6,221.65
"NM",35,61,"Valencia County","Glyphosate",4118.6,4478.9,4298.75
"NM",35,61,"Valencia County","Malathion",400.6,400.6,400.6
"NM",35,61,"Valencia County","Paraquat",0.5,438.8,219.65
"NV",32,1,"Churchill County","2,4-D",343.7,357.5,350.6
"NV",32,1,"Churchill County","Chlorpyrifos",282.5,284.5,283.5
"NV",32,1,"Churchill County","Glyphosate",1792.4,1792.4,1792.4
"NV",32,1,"Churchill County","Malathion",3.3,364.5,183.9
"NV",32,1,"Churchill County","Paraquat",0.4,323.4,161.9
"NV",32,3,"Clark County","2,4-D",21.1,21.2,21.15
"NV",32,3,"Clark County","Chlorpyrifos",40.8,68.5,54.65
"NV",32,3,"Clark County","Glyphosate",74.3,74.4,74.35
"NV",32,3,"Clark County","Malathion",250.3,250.3,250.3
"NV",32,3,"Clark County","Paraquat",41.7,42.8,42.25
"NV",32,5,"Douglas County","2,4-D",109.8,109.8,109.8
"NV",32,5,"Douglas County","Chlorpyrifos",115.6,115.6,115.6
"NV",32,5,"Douglas County","Glyphosate",174.3,174.3,174.3
"NV",32,5,"Douglas County","Malathion",0.2,150.7,75.45
"NV",32,5,"Douglas County","Paraquat",0,134.6,67.3
"NV",32,7,"Elko County","2,4-D",3557.1,3613.2,3585.15
"NV",32,7,"Elko County","Chlorpyrifos",278.7,279.1,278.9
"NV",32,7,"Elko County","Glyphosate",533.4,845.6,689.5
"NV",32,7,"Elko County","Malathion",0.1,126.6,63.35
"NV",32,7,"Elko County","Paraquat",0.1,164.8,82.45
"NV",32,9,"Esmeralda County","2,4-D",36.6,37.1,36.85
"NV",32,9,"Esmeralda County","Chlorpyrifos",176.6,179.7,178.15
"NV",32,9,"Esmeralda County","Glyphosate",85.9,85.9,85.9
"NV",32,9,"Esmeralda County","Malathion",1119.4,1119.4,1119.4
"NV",32,9,"Esmeralda County","Paraquat",183,183.6,183.3
"NV",32,11,"Eureka County","2,4-D",1040.3,1117.5,1078.9
"NV",32,11,"Eureka County","Chlorpyrifos",383.8,383.8,383.8
"NV",32,11,"Eureka County","Glyphosate",106.4,536.4,321.4
"NV",32,11,"Eureka County","Malathion",0,174.3,87.15
"NV",32,11,"Eureka County","Paraquat",0,188,94
"NV",32,13,"Humboldt County","2,4-D",1416.9,1420,1418.45
"NV",32,13,"Humboldt County","Chlorpyrifos",1063.2,1064.8,1064
"NV",32,13,"Humboldt County","Glyphosate",1741.5,1741.5,1741.5
"NV",32,13,"Humboldt County","Malathion",0,1329.6,664.8
"NV",32,13,"Humboldt County","Paraquat",3.7,1192.6,598.15
"NV",32,15,"Lander County","2,4-D",441.4,516.7,479.05
"NV",32,15,"Lander County","Chlorpyrifos",374,374,374
"NV",32,15,"Lander County","Glyphosate",16.9,435.9,226.4
"NV",32,15,"Lander County","Malathion",0,169.9,84.95
"NV",32,15,"Lander County","Paraquat",0,177,88.5
"NV",32,17,"Lincoln County","2,4-D",140.2,142.5,141.35
"NV",32,17,"Lincoln County","Chlorpyrifos",312.9,335,323.95
"NV",32,17,"Lincoln County","Glyphosate",482.8,487.3,485.05
"NV",32,17,"Lincoln County","Malathion",1600.6,1600.6,1600.6
"NV",32,17,"Lincoln County","Paraquat",249.9,252.1,251
"NV",32,19,"Lyon County","2,4-D",565.2,569.1,567.15
"NV",32,19,"Lyon County","Chlorpyrifos",818.6,819.5,819.05
"NV",32,19,"Lyon County","Glyphosate",2401.1,2401.1,2401.1
"NV",32,19,"Lyon County","Malathion",144.2,703.7,423.95
"NV",32,19,"Lyon County","Paraquat",0,500.2,250.1
"NV",32,21,"Mineral County","2,4-D",26.3,26.3,26.3
"NV",32,21,"Mineral County","Chlorpyrifos",59.9,59.9,59.9
"NV",32,21,"Mineral County","Glyphosate",13.9,13.9,13.9
"NV",32,21,"Mineral County","Malathion",379.8,379.8,379.8
"NV",32,21,"Mineral County","Paraquat",62,62.9,62.45
"NV",32,23,"Nye County","2,4-D",115,115,115
"NV",32,23,"Nye County","Chlorpyrifos",185.9,186.2,186.05
"NV",32,23,"Nye County","Glyphosate",162.1,175.3,168.7
"NV",32,23,"Nye County","Malathion",1170.9,1170.9,1170.9
"NV",32,23,"Nye County","Paraquat",191.8,193.8,192.8
"NV",32,27,"Pershing County","2,4-D",761.9,766.6,764.25
"NV",32,27,"Pershing County","Chlorpyrifos",439.8,441.4,440.6
"NV",32,27,"Pershing County","Glyphosate",1490.5,1490.5,1490.5
"NV",32,27,"Pershing County","Malathion",0,551.9,275.95
"NV",32,27,"Pershing County","Paraquat",0,493.5,246.75
"NV",32,29,"Storey County","2,4-D",0.9,0.9,0.9
"NV",32,29,"Storey County","Chlorpyrifos",1.8,1.8,1.8
"NV",32,29,"Storey County","Glyphosate",1.2,1.2,1.2
"NV",32,29,"Storey County","Malathion",0,2.4,1.2
"NV",32,29,"Storey County","Paraquat",0,2.1,1.05
"NV",32,31,"Washoe County","2,4-D",105.2,105.3,105.25
"NV",32,31,"Washoe County","Chlorpyrifos",75.5,88.2,81.85
"NV",32,31,"Washoe County","Glyphosate",189.2,189.2,189.2
"NV",32,31,"Washoe County","Malathion",0.8,76.1,38.45
"NV",32,31,"Washoe County","Paraquat",1,68.3,34.65
"NV",32,33,"White Pine County","2,4-D",317.5,364.7,341.1
"NV",32,33,"White Pine County","Chlorpyrifos",236.4,236.7,236.55
"NV",32,33,"White Pine County","Glyphosate",239.5,502.4,370.95
"NV",32,33,"White Pine County","Malathion",0,106.6,53.3
"NV",32,33,"White Pine County","Paraquat",2.7,124.8,63.75
"NV",32,510,"Carson City","2,4-D",3.4,3.4,3.4
"NV",32,510,"Carson City","Chlorpyrifos",4.3,4.3,4.3
"NV",32,510,"Carson City","Glyphosate",5.6,5.6,5.6
"NV",32,510,"Carson City","Malathion",0,5.7,2.85
"NV",32,510,"Carson City","Paraquat",0,5.1,2.55
"NY",36,1,"Albany County","2,4-D",12.4,230.1,121.25
"NY",36,1,"Albany County","Chlorpyrifos",31.2,95.3,63.25
"NY",36,1,"Albany County","Glyphosate",174.7,836,505.35
"NY",36,1,"Albany County","Malathion",0,30.9,15.45
"NY",36,1,"Albany County","Paraquat",0,143.6,71.8
"NY",36,3,"Allegany County","2,4-D",14.7,955.2,484.95
"NY",36,3,"Allegany County","Chlorpyrifos",365.2,365.2,365.2
"NY",36,3,"Allegany County","Glyphosate",10096.5,10327.7,10212.1
"NY",36,3,"Allegany County","Malathion",0.5,18.6,9.55
"NY",36,3,"Allegany County","Paraquat",13.8,560.7,287.25
"NY",36,7,"Broome County","2,4-D",5.4,547.5,276.45
"NY",36,7,"Broome County","Chlorpyrifos",8.9,159.7,84.3
"NY",36,7,"Broome County","Glyphosate",1937.2,2077.5,2007.35
"NY",36,7,"Broome County","Malathion",9.4,42.9,26.15
"NY",36,7,"Broome County","Paraquat",16.7,253.4,135.05
"NY",36,9,"Cattaraugus County","2,4-D",28.5,1269,648.75
"NY",36,9,"Cattaraugus County","Chlorpyrifos",411.9,411.9,411.9
"NY",36,9,"Cattaraugus County","Glyphosate",14271.4,14543.7,14407.55
"NY",36,9,"Cattaraugus County","Malathion",6.1,63.4,34.75
"NY",36,9,"Cattaraugus County","Paraquat",25.4,732.5,378.95
"NY",36,11,"Cayuga County","2,4-D",10.1,1150.6,580.35
"NY",36,11,"Cayuga County","Chlorpyrifos",109.7,903.7,506.7
"NY",36,11,"Cayuga County","Glyphosate",24433.9,25789.9,25111.9
"NY",36,11,"Cayuga County","Malathion",0,56.1,28.05
"NY",36,11,"Cayuga County","Paraquat",21.2,2052.9,1037.05
"NY",36,13,"Chautauqua County","2,4-D",86.2,1462.3,774.25
"NY",36,13,"Chautauqua County","Chlorpyrifos",729.6,729.6,729.6
"NY",36,13,"Chautauqua County","Glyphosate",20765.9,21266.3,21016.1
"NY",36,13,"Chautauqua County","Malathion",7.7,48.7,28.2
"NY",36,13,"Chautauqua County","Paraquat",74.8,1171.2,623
"NY",36,15,"Chemung County","2,4-D",9.8,396.9,203.35
"NY",36,15,"Chemung County","Chlorpyrifos",9.8,174.1,91.95
"NY",36,15,"Chemung County","Glyphosate",2010.8,2113.4,2062.1
"NY",36,15,"Chemung County","Malathion",17.2,40.8,29
"NY",36,15,"Chemung County","Paraquat",52.8,221.9,137.35
"NY",36,17,"Chenango County","2,4-D",2.1,596.2,299.15
"NY",36,17,"Chenango County","Chlorpyrifos",1.3,205.9,103.6
"NY",36,17,"Chenango County","Glyphosate",3747.3,4221.6,3984.45
"NY",36,17,"Chenango County","Malathion",0,14.5,7.25
"NY",36,17,"Chenango County","Paraquat",7.6,483.6,245.6
"NY",36,19,"Clinton County","2,4-D",4174.6,4564,4369.3
"NY",36,19,"Clinton County","Chlorpyrifos",839.1,1186,1012.55
"NY",36,19,"Clinton County","Glyphosate",16521.3,17125.2,16823.25
"NY",36,19,"Clinton County","Paraquat",289.8,1140,714.9
"NY",36,21,"Columbia County","2,4-D",106,404.4,255.2
"NY",36,21,"Columbia County","Chlorpyrifos",382.6,699.1,540.85
"NY",36,21,"Columbia County","Glyphosate",6368,6430.5,6399.25
"NY",36,21,"Columbia County","Malathion",13.4,13.4,13.4
"NY",36,21,"Columbia County","Paraquat",355.9,733.4,544.65
"NY",36,23,"Cortland County","2,4-D",1.6,431.3,216.45
"NY",36,23,"Cortland County","Chlorpyrifos",2.1,197.3,99.7
"NY",36,23,"Cortland County","Glyphosate",4394.4,4806.6,4600.5
"NY",36,23,"Cortland County","Malathion",0,7.8,3.9
"NY",36,23,"Cortland County","Paraquat",0.9,505,252.95
"NY",36,25,"Delaware County","2,4-D",31.8,615,323.4
"NY",36,25,"Delaware County","Chlorpyrifos",7.6,174.4,91
"NY",36,25,"Delaware County","Glyphosate",3052,3066.7,3059.35
"NY",36,25,"Delaware County","Malathion",9.8,9.8,9.8
"NY",36,25,"Delaware County","Paraquat",7.9,206.9,107.4
"NY",36,27,"Dutchess County","2,4-D",68.9,571.8,320.35
"NY",36,27,"Dutchess County","Chlorpyrifos",95.1,356.4,225.75
"NY",36,27,"Dutchess County","Glyphosate",5031,5091.3,5061.15
"NY",36,27,"Dutchess County","Malathion",50.3,50.3,50.3
"NY",36,27,"Dutchess County","Paraquat",91.7,390.9,241.3
"NY",36,29,"Erie County","2,4-D",161,510.4,335.7
"NY",36,29,"Erie County","Chlorpyrifos",79.5,330.3,204.9
"NY",36,29,"Erie County","Glyphosate",9967.4,9974.9,9971.15
"NY",36,29,"Erie County","Malathion",0,27.7,13.85
"NY",36,29,"Erie County","Paraquat",16,922.6,469.3
"NY",36,31,"Essex County","2,4-D",352.2,496.2,424.2
"NY",36,31,"Essex County","Chlorpyrifos",70.5,105.2,87.85
"NY",36,31,"Essex County","Glyphosate",1578.6,1932.7,1755.65
"NY",36,31,"Essex County","Paraquat",22.9,102.1,62.5
"NY",36,33,"Franklin County","2,4-D",1652,2055.1,1853.55
"NY",36,33,"Franklin County","Chlorpyrifos",22.8,258.7,140.75
"NY",36,33,"Franklin County","Glyphosate",11017.4,11689.9,11353.65
"NY",36,33,"Franklin County","Paraquat",11,602.5,306.75
"NY",36,35,"Fulton County","2,4-D",15.4,184.3,99.85
"NY",36,35,"Fulton County","Chlorpyrifos",50,99.1,74.55
"NY",36,35,"Fulton County","Glyphosate",254.1,437.5,345.8
"NY",36,35,"Fulton County","Malathion",0,0.8,0.4
"NY",36,35,"Fulton County","Paraquat",0.8,138.8,69.8
"NY",36,37,"Genesee County","2,4-D",233.8,638.6,436.2
"NY",36,37,"Genesee County","Chlorpyrifos",87,572.7,329.85
"NY",36,37,"Genesee County","Glyphosate",23952.1,23962,23957.05
"NY",36,37,"Genesee County","Malathion",0,7.2,3.6
"NY",36,37,"Genesee County","Paraquat",13.1,1825.6,919.35
"NY",36,39,"Greene County","2,4-D",11.1,166.9,89
"NY",36,39,"Greene County","Chlorpyrifos",19.8,82.8,51.3
"NY",36,39,"Greene County","Glyphosate",1379.9,1413.4,1396.65
"NY",36,39,"Greene County","Malathion",36.5,36.5,36.5
"NY",36,39,"Greene County","Paraquat",15.8,70.9,43.35
"NY",36,41,"Hamilton County","2,4-D",2.6,8.9,5.75
"NY",36,41,"Hamilton County","Chlorpyrifos",1.1,1.1,1.1
"NY",36,41,"Hamilton County","Glyphosate",3.5,3.5,3.5
"NY",36,41,"Hamilton County","Paraquat",0.4,0.4,0.4
"NY",36,43,"Herkimer County","2,4-D",1.8,583.1,292.45
"NY",36,43,"Herkimer County","Chlorpyrifos",4.2,250.6,127.4
"NY",36,43,"Herkimer County","Glyphosate",4973.5,5970.2,5471.85
"NY",36,43,"Herkimer County","Malathion",0,25.1,12.55
"NY",36,43,"Herkimer County","Paraquat",4.4,620.8,312.6
"NY",36,45,"Jefferson County","2,4-D",91.4,4158.2,2124.8
"NY",36,45,"Jefferson County","Chlorpyrifos",58.9,657.2,358.05
"NY",36,45,"Jefferson County","Glyphosate",32081.8,32088.1,32084.95
"NY",36,45,"Jefferson County","Paraquat",44.3,1451,747.65
"NY",36,47,"Kings County","2,4-D",0,0,0
"NY",36,47,"Kings County","Chlorpyrifos",0,0,0
"NY",36,47,"Kings County","Glyphosate",0,1,0.5
"NY",36,47,"Kings County","Paraquat",0,0.1,0.05
"NY",36,49,"Lewis County","2,4-D",7.4,1937,972.2
"NY",36,49,"Lewis County","Chlorpyrifos",3.4,270.4,136.9
"NY",36,49,"Lewis County","Glyphosate",14926.1,14927.6,14926.85
"NY",36,49,"Lewis County","Paraquat",5.7,679.8,342.75
"NY",36,51,"Livingston County","2,4-D",251.5,859.9,555.7
"NY",36,51,"Livingston County","Chlorpyrifos",45.6,555.3,300.45
"NY",36,51,"Livingston County","Glyphosate",24423,24425.3,24424.15
"NY",36,51,"Livingston County","Malathion",0,7.9,3.95
"NY",36,51,"Livingston County","Paraquat",26,1906.4,966.2
"NY",36,53,"Madison County","2,4-D",4.4,702.1,353.25
"NY",36,53,"Madison County","Chlorpyrifos",28.5,382.2,205.35
"NY",36,53,"Madison County","Glyphosate",7579.4,8673.5,8126.45
"NY",36,53,"Madison County","Malathion",0,38.2,19.1
"NY",36,53,"Madison County","Paraquat",4.8,898.6,451.7
"NY",36,55,"Monroe County","2,4-D",567.5,885.5,726.5
"NY",36,55,"Monroe County","Chlorpyrifos",904.7,1173.6,1039.15
"NY",36,55,"Monroe County","Glyphosate",17129.1,17182.2,17155.65
"NY",36,55,"Monroe County","Malathion",0,39.9,19.95
"NY",36,55,"Monroe County","Paraquat",284.6,1220.5,752.55
"NY",36,57,"Montgomery County","2,4-D",95.5,420.7,258.1
"NY",36,57,"Montgomery County","Chlorpyrifos",32.2,290.4,161.3
"NY",36,57,"Montgomery County","Glyphosate",1694.3,2490,2092.15
"NY",36,57,"Montgomery County","Malathion",0,30.3,15.15
"NY",36,57,"Montgomery County","Paraquat",8.8,649.6,329.2
"NY",36,59,"Nassau County","2,4-D",7.8,5.3,6.55
"NY",36,59,"Nassau County","Chlorpyrifos",0.1,5.6,2.85
"NY",36,59,"Nassau County","Glyphosate",0.3,19.4,9.85
"NY",36,59,"Nassau County","Malathion",0,2.8,1.4
"NY",36,59,"Nassau County","Paraquat",0.1,4.4,2.25
"NY",36,63,"Niagara County","2,4-D",1187.7,1649.6,1418.65
"NY",36,63,"Niagara County","Chlorpyrifos",2028.6,2405.2,2216.9
"NY",36,63,"Niagara County","Glyphosate",21407.8,21618.1,21512.95
"NY",36,63,"Niagara County","Malathion",0,15.4,7.7
"NY",36,63,"Niagara County","Paraquat",682.9,1822.5,1252.7
"NY",36,65,"Oneida County","2,4-D",12.6,1033.2,522.9
"NY",36,65,"Oneida County","Chlorpyrifos",3.4,588.8,296.1
"NY",36,65,"Oneida County","Glyphosate",11394.3,13539.1,12466.7
"NY",36,65,"Oneida County","Malathion",0,39.4,19.7
"NY",36,65,"Oneida County","Paraquat",36.8,1318.3,677.55
"NY",36,67,"Onondaga County","2,4-D",22.1,837.7,429.9
"NY",36,67,"Onondaga County","Chlorpyrifos",40.2,660.2,350.2
"NY",36,67,"Onondaga County","Glyphosate",12015.7,13177.3,12596.5
"NY",36,67,"Onondaga County","Malathion",0,140,70
"NY",36,67,"Onondaga County","Paraquat",53.3,1300.4,676.85
"NY",36,69,"Ontario County","2,4-D",371.7,997.6,684.65
"NY",36,69,"Ontario County","Chlorpyrifos",430.8,802,616.4
"NY",36,69,"Ontario County","Glyphosate",24402.5,24413.5,24408
"NY",36,69,"Ontario County","Malathion",0,17.2,8.6
"NY",36,69,"Ontario County","Paraquat",131.4,1525,828.2
"NY",36,71,"Orange County","2,4-D",50.8,364.4,207.6
"NY",36,71,"Orange County","Chlorpyrifos",1420,1640.1,1530.05
"NY",36,71,"Orange County","Glyphosate",4089.2,4176.3,4132.75
"NY",36,71,"Orange County","Malathion",62.3,62.3,62.3
"NY",36,71,"Orange County","Paraquat",193.2,441.1,317.15
"NY",36,73,"Orleans County","2,4-D",2063.2,2611.1,2337.15
"NY",36,73,"Orleans County","Chlorpyrifos",4572.8,4987.7,4780.25
"NY",36,73,"Orleans County","Glyphosate",29718.4,29769.5,29743.95
"NY",36,73,"Orleans County","Malathion",0,6.7,3.35
"NY",36,73,"Orleans County","Paraquat",1265.8,2817.6,2041.7
"NY",36,75,"Oswego County","2,4-D",1.6,633.6,317.6
"NY",36,75,"Oswego County","Chlorpyrifos",709,972.8,840.9
"NY",36,75,"Oswego County","Glyphosate",3570.1,4133.1,3851.6
"NY",36,75,"Oswego County","Malathion",0,16.3,8.15
"NY",36,75,"Oswego County","Paraquat",68,323.2,195.6
"NY",36,77,"Otsego County","2,4-D",3.5,664.3,333.9
"NY",36,77,"Otsego County","Chlorpyrifos",2.8,249.5,126.15
"NY",36,77,"Otsego County","Glyphosate",4683.6,5430,5056.8
"NY",36,77,"Otsego County","Malathion",0,15.7,7.85
"NY",36,77,"Otsego County","Paraquat",8.8,586.5,297.65
"NY",36,79,"Putnam County","2,4-D",0.1,10.6,5.35
"NY",36,79,"Putnam County","Chlorpyrifos",1,10.5,5.75
"NY",36,79,"Putnam County","Glyphosate",183.6,184.9,184.25
"NY",36,79,"Putnam County","Malathion",0.1,0.1,0.1
"NY",36,79,"Putnam County","Paraquat",0.9,6.5,3.7
"NY",36,81,"Queens County","2,4-D",0.1,0.1,0.1
"NY",36,81,"Queens County","Chlorpyrifos",0,0.5,0.25
"NY",36,81,"Queens County","Glyphosate",0.9,1.4,1.15
"NY",36,81,"Queens County","Malathion",0,0,0
"NY",36,81,"Queens County","Paraquat",0.4,0.4,0.4
"NY",36,83,"Rensselaer County","2,4-D",56.6,332.9,194.75
"NY",36,83,"Rensselaer County","Chlorpyrifos",58.5,273.3,165.9
"NY",36,83,"Rensselaer County","Glyphosate",955.1,1505.1,1230.1
"NY",36,83,"Rensselaer County","Malathion",0,77.4,38.7
"NY",36,83,"Rensselaer County","Paraquat",3.8,493.9,248.85
"NY",36,87,"Rockland County","2,4-D",1.1,2.2,1.65
"NY",36,87,"Rockland County","Chlorpyrifos",18.4,20.8,19.6
"NY",36,87,"Rockland County","Glyphosate",49.3,49.6,49.45
"NY",36,87,"Rockland County","Malathion",0.3,0.3,0.3
"NY",36,87,"Rockland County","Paraquat",16.6,18.1,17.35
"NY",36,89,"St. Lawrence County","2,4-D",35.6,3917.7,1976.65
"NY",36,89,"St. Lawrence County","Chlorpyrifos",45.2,548.8,297
"NY",36,89,"St. Lawrence County","Glyphosate",25810.4,25813.8,25812.1
"NY",36,89,"St. Lawrence County","Paraquat",23.8,1195.9,609.85
"NY",36,91,"Saratoga County","2,4-D",42.6,318,180.3
"NY",36,91,"Saratoga County","Chlorpyrifos",74,202.2,138.1
"NY",36,91,"Saratoga County","Glyphosate",710.7,1030.8,870.75
"NY",36,91,"Saratoga County","Malathion",0,23.9,11.95
"NY",36,91,"Saratoga County","Paraquat",2.9,341.3,172.1
"NY",36,93,"Schenectady County","2,4-D",1.7,66.8,34.25
"NY",36,93,"Schenectady County","Chlorpyrifos",6.4,24.8,15.6
"NY",36,93,"Schenectady County","Glyphosate",27.2,154.1,90.65
"NY",36,93,"Schenectady County","Malathion",0,56.8,28.4
"NY",36,93,"Schenectady County","Paraquat",0,53,26.5
"NY",36,95,"Schoharie County","2,4-D",37.9,365.5,201.7
"NY",36,95,"Schoharie County","Chlorpyrifos",46,206.8,126.4
"NY",36,95,"Schoharie County","Glyphosate",572.5,1022,797.25
"NY",36,95,"Schoharie County","Malathion",0,37.3,18.65
"NY",36,95,"Schoharie County","Paraquat",0.7,364.7,182.7
"NY",36,97,"Schuyler County","2,4-D",3.3,490,246.65
"NY",36,97,"Schuyler County","Chlorpyrifos",9.2,184.9,97.05
"NY",36,97,"Schuyler County","Glyphosate",3960.4,4095.1,4027.75
"NY",36,97,"Schuyler County","Malathion",5.7,36.4,21.05
"NY",36,97,"Schuyler County","Paraquat",21.6,296.7,159.15
"NY",36,99,"Seneca County","2,4-D",162.3,743.3,452.8
"NY",36,99,"Seneca County","Chlorpyrifos",86.3,351.4,218.85
"NY",36,99,"Seneca County","Glyphosate",20692.2,20705.4,20698.8
"NY",36,99,"Seneca County","Malathion",0,6.8,3.4
"NY",36,99,"Seneca County","Paraquat",25.8,1049.3,537.55
"NY",36,101,"Steuben County","2,4-D",37.6,2326.4,1182
"NY",36,101,"Steuben County","Chlorpyrifos",1324,1324,1324
"NY",36,101,"Steuben County","Glyphosate",26517,27414,26965.5
"NY",36,101,"Steuben County","Malathion",6.3,195.8,101.05
"NY",36,101,"Steuben County","Paraquat",42,1327.4,684.7
"NY",36,103,"Suffolk County","2,4-D",85.1,119,102.05
"NY",36,103,"Suffolk County","Chlorpyrifos",7.3,202.9,105.1
"NY",36,103,"Suffolk County","Glyphosate",125.3,1140.1,632.7
"NY",36,103,"Suffolk County","Malathion",0,164.8,82.4
"NY",36,103,"Suffolk County","Paraquat",86.5,234.1,160.3
"NY",36,105,"Sullivan County","2,4-D",6.5,235.9,121.2
"NY",36,105,"Sullivan County","Chlorpyrifos",11.3,46.3,28.8
"NY",36,105,"Sullivan County","Glyphosate",579.9,589.1,584.5
"NY",36,105,"Sullivan County","Malathion",2.2,2.2,2.2
"NY",36,105,"Sullivan County","Paraquat",9.8,51.9,30.85
"NY",36,107,"Tioga County","2,4-D",5.4,720,362.7
"NY",36,107,"Tioga County","Chlorpyrifos",2,188.8,95.4
"NY",36,107,"Tioga County","Glyphosate",2246.3,2423.4,2334.85
"NY",36,107,"Tioga County","Malathion",9.4,50.2,29.8
"NY",36,107,"Tioga County","Paraquat",23.7,309.4,166.55
"NY",36,109,"Tompkins County","2,4-D",11.4,759.5,385.45
"NY",36,109,"Tompkins County","Chlorpyrifos",13.8,355.7,184.75
"NY",36,109,"Tompkins County","Glyphosate",8888.7,9007.7,8948.2
"NY",36,109,"Tompkins County","Malathion",19.5,70.6,45.05
"NY",36,109,"Tompkins County","Paraquat",35.7,599.8,317.75
"NY",36,111,"Ulster County","2,4-D",81.3,304.1,192.7
"NY",36,111,"Ulster County","Chlorpyrifos",1147.4,1386.5,1266.95
"NY",36,111,"Ulster County","Glyphosate",4622.3,4703.9,4663.1
"NY",36,111,"Ulster County","Malathion",65.2,65.2,65.2
"NY",36,111,"Ulster County","Paraquat",1044.5,1226.7,1135.6
"NY",36,113,"Warren County","2,4-D",7.2,32,19.6
"NY",36,113,"Warren County","Chlorpyrifos",0,1.4,0.7
"NY",36,113,"Warren County","Glyphosate",59.7,71.3,65.5
"NY",36,113,"Warren County","Paraquat",0.2,4,2.1
"NY",36,115,"Washington County","2,4-D",110.6,707.4,409
"NY",36,115,"Washington County","Chlorpyrifos",124.7,524.7,324.7
"NY",36,115,"Washington County","Glyphosate",1666.7,2657.5,2162.1
"NY",36,115,"Washington County","Malathion",0,23.4,11.7
"NY",36,115,"Washington County","Paraquat",1.9,995.5,498.7
"NY",36,117,"Wayne County","2,4-D",7131.2,7684.6,7407.9
"NY",36,117,"Wayne County","Chlorpyrifos",15277.2,15629.7,15453.45
"NY",36,117,"Wayne County","Glyphosate",24240.6,24414.5,24327.55
"NY",36,117,"Wayne County","Malathion",0,18.6,9.3
"NY",36,117,"Wayne County","Paraquat",4697.8,5792.3,5245.05
"NY",36,119,"Westchester County","2,4-D",0.2,36.2,18.2
"NY",36,119,"Westchester County","Chlorpyrifos",1.5,1.9,1.7
"NY",36,119,"Westchester County","Glyphosate",51.3,55.1,53.2
"NY",36,119,"Westchester County","Malathion",2.8,2.8,2.8
"NY",36,119,"Westchester County","Paraquat",1.3,2.7,2
"NY",36,121,"Wyoming County","2,4-D",261.9,631.7,446.8
"NY",36,121,"Wyoming County","Chlorpyrifos",53.3,591.1,322.2
"NY",36,121,"Wyoming County","Glyphosate",15707.6,15714.5,15711.05
"NY",36,121,"Wyoming County","Malathion",0,6.8,3.4
"NY",36,121,"Wyoming County","Paraquat",12.7,1939.2,975.95
"NY",36,123,"Yates County","2,4-D",135.1,404,269.55
"NY",36,123,"Yates County","Chlorpyrifos",150.7,295.2,222.95
"NY",36,123,"Yates County","Glyphosate",6626.8,6648,6637.4
"NY",36,123,"Yates County","Malathion",0,8.6,4.3
"NY",36,123,"Yates County","Paraquat",44.5,560.5,302.5
"OH",39,1,"Adams County","2,4-D",2927.8,3015.9,2971.85
"OH",39,1,"Adams County","Chlorpyrifos",4.6,728.6,366.6
"OH",39,1,"Adams County","Glyphosate",6907.6,7082,6994.8
"OH",39,1,"Adams County","Paraquat",731.7,875.6,803.65
"OH",39,3,"Allen County","2,4-D",13669.8,13745.5,13707.65
"OH",39,3,"Allen County","Chlorpyrifos",8.2,821.9,415.05
"OH",39,3,"Allen County","Glyphosate",75182.9,75311.8,75247.35
"OH",39,3,"Allen County","Malathion",1.2,1.2,1.2
"OH",39,3,"Allen County","Paraquat",2.1,469.8,235.95
"OH",39,5,"Ashland County","2,4-D",3610.8,3724.5,3667.65
"OH",39,5,"Ashland County","Chlorpyrifos",385.7,1098.4,742.05
"OH",39,5,"Ashland County","Glyphosate",36347.7,36970.5,36659.1
"OH",39,5,"Ashland County","Malathion",0,10.4,5.2
"OH",39,5,"Ashland County","Paraquat",9.7,227.3,118.5
"OH",39,7,"Ashtabula County","2,4-D",707.3,827.6,767.45
"OH",39,7,"Ashtabula County","Chlorpyrifos",292,619.6,455.8
"OH",39,7,"Ashtabula County","Glyphosate",19677,19986.6,19831.8
"OH",39,7,"Ashtabula County","Malathion",45.6,45.6,45.6
"OH",39,7,"Ashtabula County","Paraquat",151.5,151.5,151.5
"OH",39,9,"Athens County","2,4-D",635.3,776.4,705.85
"OH",39,9,"Athens County","Chlorpyrifos",2.6,26.7,14.65
"OH",39,9,"Athens County","Glyphosate",3167.7,3302.1,3234.9
"OH",39,9,"Athens County","Paraquat",34.7,44.5,39.6
"OH",39,11,"Auglaize County","2,4-D",18252.3,18340,18296.15
"OH",39,11,"Auglaize County","Chlorpyrifos",1029,1262.7,1145.85
"OH",39,11,"Auglaize County","Glyphosate",72913.2,73056.4,72984.8
"OH",39,11,"Auglaize County","Paraquat",0,354.2,177.1
"OH",39,13,"Belmont County","2,4-D",19.5,225.2,122.35
"OH",39,13,"Belmont County","Chlorpyrifos",26.2,519.2,272.7
"OH",39,13,"Belmont County","Glyphosate",359.3,417.6,388.45
"OH",39,13,"Belmont County","Malathion",4.4,4.4,4.4
"OH",39,13,"Belmont County","Paraquat",7.9,11.3,9.6
"OH",39,15,"Brown County","2,4-D",5639.6,5747.9,5693.75
"OH",39,15,"Brown County","Chlorpyrifos",12.6,1500.5,756.55
"OH",39,15,"Brown County","Glyphosate",18206.9,18329.6,18268.25
"OH",39,15,"Brown County","Paraquat",1250.9,1379.2,1315.05
"OH",39,17,"Butler County","2,4-D",13623.1,13665.2,13644.15
"OH",39,17,"Butler County","Chlorpyrifos",819,1278.4,1048.7
"OH",39,17,"Butler County","Glyphosate",37025.9,37107.1,37066.5
"OH",39,17,"Butler County","Paraquat",1.5,913.1,457.3
"OH",39,19,"Carroll County","2,4-D",886.6,967.9,927.25
"OH",39,19,"Carroll County","Chlorpyrifos",14.7,762.9,388.8
"OH",39,19,"Carroll County","Glyphosate",10303,10327.4,10315.2
"OH",39,19,"Carroll County","Malathion",5.2,5.2,5.2
"OH",39,19,"Carroll County","Paraquat",3.9,84,43.95
"OH",39,21,"Champaign County","2,4-D",18691.1,18858.3,18774.7
"OH",39,21,"Champaign County","Chlorpyrifos",1206.2,1458.8,1332.5
"OH",39,21,"Champaign County","Glyphosate",76138,76325.3,76231.65
"OH",39,21,"Champaign County","Paraquat",0.7,371,185.85
"OH",39,23,"Clark County","2,4-D",13318.4,13467.5,13392.95
"OH",39,23,"Clark County","Chlorpyrifos",859.2,1023.2,941.2
"OH",39,23,"Clark County","Glyphosate",54574.8,54708.2,54641.5
"OH",39,23,"Clark County","Paraquat",0.1,264,132.05
"OH",39,25,"Clermont County","2,4-D",13463.9,13492.9,13478.4
"OH",39,25,"Clermont County","Chlorpyrifos",350.2,781.1,565.65
"OH",39,25,"Clermont County","Glyphosate",36687,36721.9,36704.45
"OH",39,25,"Clermont County","Paraquat",2.3,540.9,271.6
"OH",39,27,"Clinton County","2,4-D",36508.9,36525.7,36517.3
"OH",39,27,"Clinton County","Chlorpyrifos",1669.5,2689.8,2179.65
"OH",39,27,"Clinton County","Glyphosate",101104.3,101136.2,101120.25
"OH",39,27,"Clinton County","Paraquat",0.8,2192.6,1096.7
"OH",39,29,"Columbiana County","2,4-D",1137.2,1267.4,1202.3
"OH",39,29,"Columbiana County","Chlorpyrifos",717.8,1098.8,908.3
"OH",39,29,"Columbiana County","Glyphosate",19744.9,19828.9,19786.9
"OH",39,29,"Columbiana County","Malathion",29.6,29.6,29.6
"OH",39,29,"Columbiana County","Paraquat",201.3,201.3,201.3
"OH",39,31,"Coshocton County","2,4-D",2034,2178.7,2106.35
"OH",39,31,"Coshocton County","Chlorpyrifos",25.1,1032.8,528.95
"OH",39,31,"Coshocton County","Glyphosate",24201.8,24244.9,24223.35
"OH",39,31,"Coshocton County","Malathion",2.6,2.6,2.6
"OH",39,31,"Coshocton County","Paraquat",4.2,203.9,104.05
"OH",39,33,"Crawford County","2,4-D",8073.5,8098,8085.75
"OH",39,33,"Crawford County","Chlorpyrifos",806.7,1548.3,1177.5
"OH",39,33,"Crawford County","Glyphosate",82948.2,83139.5,83043.85
"OH",39,33,"Crawford County","Malathion",0,2.8,1.4
"OH",39,33,"Crawford County","Paraquat",1.9,486.7,244.3
"OH",39,35,"Cuyahoga County","2,4-D",0,2.6,1.3
"OH",39,35,"Cuyahoga County","Chlorpyrifos",1,1.1,1.05
"OH",39,35,"Cuyahoga County","Glyphosate",4.7,5.5,5.1
"OH",39,35,"Cuyahoga County","Malathion",0,0,0
"OH",39,35,"Cuyahoga County","Paraquat",0,0,0
"OH",39,37,"Darke County","2,4-D",29982.1,30158.3,30070.2
"OH",39,37,"Darke County","Chlorpyrifos",1687.9,2113.5,1900.7
"OH",39,37,"Darke County","Glyphosate",121092.3,121399.1,121245.7
"OH",39,37,"Darke County","Paraquat",0,584.9,292.45
"OH",39,39,"Defiance County","2,4-D",12343.4,12414.5,12378.95
"OH",39,39,"Defiance County","Chlorpyrifos",12,580.6,296.3
"OH",39,39,"Defiance County","Glyphosate",65007.1,65143.6,65075.35
"OH",39,39,"Defiance County","Paraquat",3,342.3,172.65
"OH",39,41,"Delaware County","2,4-D",10567.5,10671.7,10619.6
"OH",39,41,"Delaware County","Chlorpyrifos",0,1255,627.5
"OH",39,41,"Delaware County","Glyphosate",44641.2,44669.6,44655.4
"OH",39,41,"Delaware County","Paraquat",270,270,270
"OH",39,43,"Erie County","2,4-D",3188.3,3203.1,3195.7
"OH",39,43,"Erie County","Chlorpyrifos",456.6,776.9,616.75
"OH",39,43,"Erie County","Glyphosate",31346.1,31469.2,31407.65
"OH",39,43,"Erie County","Malathion",0,67.1,33.55
"OH",39,43,"Erie County","Paraquat",41.4,226.8,134.1
"OH",39,45,"Fairfield County","2,4-D",11620.7,11926.3,11773.5
"OH",39,45,"Fairfield County","Chlorpyrifos",0,1608.1,804.05
"OH",39,45,"Fairfield County","Glyphosate",46004,46099.9,46051.95
"OH",39,45,"Fairfield County","Paraquat",279.4,279.4,279.4
"OH",39,47,"Fayette County","2,4-D",17942.1,18039.4,17990.75
"OH",39,47,"Fayette County","Chlorpyrifos",0,2159.1,1079.55
"OH",39,47,"Fayette County","Glyphosate",74250.9,74276.8,74263.85
"OH",39,47,"Fayette County","Paraquat",450.8,450.8,450.8
"OH",39,49,"Franklin County","2,4-D",4059.3,4118.3,4088.8
"OH",39,49,"Franklin County","Chlorpyrifos",0,513.9,256.95
"OH",39,49,"Franklin County","Glyphosate",17005.9,17025.8,17015.85
"OH",39,49,"Franklin County","Paraquat",103.2,103.2,103.2
"OH",39,51,"Fulton County","2,4-D",13856.9,13929.1,13893
"OH",39,51,"Fulton County","Chlorpyrifos",55.8,1041.6,548.7
"OH",39,51,"Fulton County","Glyphosate",78478.7,78588.6,78533.65
"OH",39,51,"Fulton County","Malathion",0.1,0.1,0.1
"OH",39,51,"Fulton County","Paraquat",14,589.3,301.65
"OH",39,53,"Gallia County","2,4-D",852.9,898.4,875.65
"OH",39,53,"Gallia County","Chlorpyrifos",13.6,147.2,80.4
"OH",39,53,"Gallia County","Glyphosate",1198,1261.7,1229.85
"OH",39,53,"Gallia County","Paraquat",132.1,278.5,205.3
"OH",39,55,"Geauga County","2,4-D",197.4,283.9,240.65
"OH",39,55,"Geauga County","Chlorpyrifos",219.5,310.2,264.85
"OH",39,55,"Geauga County","Glyphosate",3436.9,3633.9,3535.4
"OH",39,55,"Geauga County","Malathion",25.6,25.6,25.6
"OH",39,55,"Geauga County","Paraquat",38.5,38.5,38.5
"OH",39,57,"Greene County","2,4-D",25103.4,25138.4,25120.9
"OH",39,57,"Greene County","Chlorpyrifos",1181,1885.2,1533.1
"OH",39,57,"Greene County","Glyphosate",69262,69307.6,69284.8
"OH",39,57,"Greene County","Paraquat",2.5,1775.3,888.9
"OH",39,59,"Guernsey County","2,4-D",855.4,1067.8,961.6
"OH",39,59,"Guernsey County","Chlorpyrifos",4,53.2,28.6
"OH",39,59,"Guernsey County","Glyphosate",4227.5,4346.8,4287.15
"OH",39,59,"Guernsey County","Paraquat",67.9,80.9,74.4
"OH",39,61,"Hamilton County","2,4-D",1547.3,1566.3,1556.8
"OH",39,61,"Hamilton County","Chlorpyrifos",320.5,376.6,348.55
"OH",39,61,"Hamilton County","Glyphosate",4031.4,4046.7,4039.05
"OH",39,61,"Hamilton County","Paraquat",1.9,115.3,58.6
"OH",39,63,"Hancock County","2,4-D",20721.3,20781.5,20751.4
"OH",39,63,"Hancock County","Chlorpyrifos",17.2,1108.6,562.9
"OH",39,63,"Hancock County","Glyphosate",110360.6,110474,110417.3
"OH",39,63,"Hancock County","Malathion",1.8,1.8,1.8
"OH",39,63,"Hancock County","Paraquat",4.3,654.3,329.3
"OH",39,65,"Hardin County","2,4-D",23510.2,23595.3,23552.75
"OH",39,65,"Hardin County","Chlorpyrifos",1092,1359.5,1225.75
"OH",39,65,"Hardin County","Glyphosate",94083.3,94223.3,94153.3
"OH",39,65,"Hardin County","Paraquat",0.1,457.9,229
"OH",39,67,"Harrison County","2,4-D",353.1,493.5,423.3
"OH",39,67,"Harrison County","Chlorpyrifos",10.8,511.1,260.95
"OH",39,67,"Harrison County","Glyphosate",4048.5,4088.6,4068.55
"OH",39,67,"Harrison County","Malathion",3.2,3.2,3.2
"OH",39,67,"Harrison County","Paraquat",5.2,35.2,20.2
"OH",39,69,"Henry County","2,4-D",16648.8,16731.9,16690.35
"OH",39,69,"Henry County","Chlorpyrifos",23.8,1017.6,520.7
"OH",39,69,"Henry County","Glyphosate",89365.2,89524.1,89444.65
"OH",39,69,"Henry County","Paraquat",16.5,591.6,304.05
"OH",39,71,"Highland County","2,4-D",8669.5,8855.4,8762.45
"OH",39,71,"Highland County","Chlorpyrifos",17.9,2277.7,1147.8
"OH",39,71,"Highland County","Glyphosate",23840,24017.7,23928.85
"OH",39,71,"Highland County","Paraquat",2252,2344,2298
"OH",39,73,"Hocking County","2,4-D",818.6,884,851.3
"OH",39,73,"Hocking County","Chlorpyrifos",1.2,39.6,20.4
"OH",39,73,"Hocking County","Glyphosate",4070.9,4153.8,4112.35
"OH",39,73,"Hocking County","Paraquat",51.4,64.6,58
"OH",39,75,"Holmes County","2,4-D",1716.8,1892.9,1804.85
"OH",39,75,"Holmes County","Chlorpyrifos",82.9,1129.1,606
"OH",39,75,"Holmes County","Glyphosate",21530.1,21583,21556.55
"OH",39,75,"Holmes County","Malathion",23,23,23
"OH",39,75,"Holmes County","Paraquat",20.2,215,117.6
"OH",39,77,"Huron County","2,4-D",7525.4,7564.6,7545
"OH",39,77,"Huron County","Chlorpyrifos",668.3,1449.9,1059.1
"OH",39,77,"Huron County","Glyphosate",80678.5,80907.5,80793
"OH",39,77,"Huron County","Malathion",0,5.2,2.6
"OH",39,77,"Huron County","Paraquat",6.4,450.8,228.6
"OH",39,79,"Jackson County","2,4-D",732.9,778.2,755.55
"OH",39,79,"Jackson County","Chlorpyrifos",29,173,101
"OH",39,79,"Jackson County","Glyphosate",1310.1,1345.5,1327.8
"OH",39,79,"Jackson County","Paraquat",158.8,224.1,191.45
"OH",39,81,"Jefferson County","2,4-D",44.8,123.4,84.1
"OH",39,81,"Jefferson County","Chlorpyrifos",7.5,474.5,241
"OH",39,81,"Jefferson County","Glyphosate",898.6,921.2,909.9
"OH",39,81,"Jefferson County","Malathion",1.6,1.6,1.6
"OH",39,81,"Jefferson County","Paraquat",0.5,11.5,6
"OH",39,83,"Knox County","2,4-D",9406,9849.5,9627.75
"OH",39,83,"Knox County","Chlorpyrifos",0,1459.9,729.95
"OH",39,83,"Knox County","Glyphosate",37387.9,37548.7,37468.3
"OH",39,83,"Knox County","Paraquat",226.5,226.5,226.5
"OH",39,85,"Lake County","2,4-D",21.9,42.4,32.15
"OH",39,85,"Lake County","Chlorpyrifos",33,53.2,43.1
"OH",39,85,"Lake County","Glyphosate",419.3,480.4,449.85
"OH",39,85,"Lake County","Malathion",11.6,11.6,11.6
"OH",39,85,"Lake County","Paraquat",11.5,11.5,11.5
"OH",39,87,"Lawrence County","2,4-D",430,468.4,449.2
"OH",39,87,"Lawrence County","Chlorpyrifos",3.7,62.3,33
"OH",39,87,"Lawrence County","Glyphosate",466.2,502.5,484.35
"OH",39,87,"Lawrence County","Paraquat",61.8,141.8,101.8
"OH",39,89,"Licking County","2,4-D",11944.7,12483.3,12214
"OH",39,89,"Licking County","Chlorpyrifos",0,1685.2,842.6
"OH",39,89,"Licking County","Glyphosate",48314.1,48460.3,48387.2
"OH",39,89,"Licking County","Paraquat",295.9,295.9,295.9
"OH",39,91,"Logan County","2,4-D",17687.9,17884.6,17786.25
"OH",39,91,"Logan County","Chlorpyrifos",919,1223,1071
"OH",39,91,"Logan County","Glyphosate",71199.2,71466.8,71333
"OH",39,91,"Logan County","Paraquat",0.7,346.7,173.7
"OH",39,93,"Lorain County","2,4-D",3575.9,3611.5,3593.7
"OH",39,93,"Lorain County","Chlorpyrifos",449.7,1024.7,737.2
"OH",39,93,"Lorain County","Glyphosate",39701.9,40038.3,39870.1
"OH",39,93,"Lorain County","Malathion",0,67.3,33.65
"OH",39,93,"Lorain County","Paraquat",35.4,242.8,139.1
"OH",39,95,"Lucas County","2,4-D",4277.4,4320.1,4298.75
"OH",39,95,"Lucas County","Chlorpyrifos",15.6,440.7,228.15
"OH",39,95,"Lucas County","Glyphosate",23395.2,23521.4,23458.3
"OH",39,95,"Lucas County","Malathion",1.3,1.3,1.3
"OH",39,95,"Lucas County","Paraquat",4.2,160.1,82.15
"OH",39,97,"Madison County","2,4-D",20149.2,20278.2,20213.7
"OH",39,97,"Madison County","Chlorpyrifos",0,2493.9,1246.95
"OH",39,97,"Madison County","Glyphosate",82978.9,83026.1,83002.5
"OH",39,97,"Madison County","Paraquat",502.7,502.7,502.7
"OH",39,99,"Mahoning County","2,4-D",660.7,728.8,694.75
"OH",39,99,"Mahoning County","Chlorpyrifos",153.6,453.9,303.75
"OH",39,99,"Mahoning County","Glyphosate",11998.8,12103.2,12051
"OH",39,99,"Mahoning County","Malathion",25.6,25.6,25.6
"OH",39,99,"Mahoning County","Paraquat",124.6,124.6,124.6
"OH",39,101,"Marion County","2,4-D",16151.5,16212.1,16181.8
"OH",39,101,"Marion County","Chlorpyrifos",0,1848,924
"OH",39,101,"Marion County","Glyphosate",69606.7,69628.8,69617.75
"OH",39,101,"Marion County","Paraquat",420.8,420.8,420.8
"OH",39,103,"Medina County","2,4-D",874.9,948.5,911.7
"OH",39,103,"Medina County","Chlorpyrifos",322.8,676.3,499.55
"OH",39,103,"Medina County","Glyphosate",21542.4,21659.8,21601.1
"OH",39,103,"Medina County","Malathion",30.8,30.8,30.8
"OH",39,103,"Medina County","Paraquat",147.6,147.6,147.6
"OH",39,105,"Meigs County","2,4-D",666.1,762.9,714.5
"OH",39,105,"Meigs County","Chlorpyrifos",46.2,81.3,63.75
"OH",39,105,"Meigs County","Glyphosate",3308.8,3355.5,3332.15
"OH",39,105,"Meigs County","Paraquat",54,63.8,58.9
"OH",39,107,"Mercer County","2,4-D",21806.8,21926.4,21866.6
"OH",39,107,"Mercer County","Chlorpyrifos",1390.2,1653.5,1521.85
"OH",39,107,"Mercer County","Glyphosate",88701.9,88912.2,88807.05
"OH",39,107,"Mercer County","Paraquat",0,423.5,211.75
"OH",39,109,"Miami County","2,4-D",16722.4,16847.9,16785.15
"OH",39,109,"Miami County","Chlorpyrifos",1034.6,1256.8,1145.7
"OH",39,109,"Miami County","Glyphosate",67738.7,67907.6,67823.15
"OH",39,109,"Miami County","Paraquat",0.7,328.8,164.75
"OH",39,111,"Monroe County","2,4-D",68.3,240.9,154.6
"OH",39,111,"Monroe County","Chlorpyrifos",1.6,16.5,9.05
"OH",39,111,"Monroe County","Glyphosate",311.4,396.3,353.85
"OH",39,111,"Monroe County","Paraquat",21.4,21.7,21.55
"OH",39,113,"Montgomery County","2,4-D",15688.5,15727,15707.75
"OH",39,113,"Montgomery County","Chlorpyrifos",568.1,1018.3,793.2
"OH",39,113,"Montgomery County","Glyphosate",43244.2,43275.2,43259.7
"OH",39,113,"Montgomery County","Paraquat",3.8,1079.3,541.55
"OH",39,115,"Morgan County","2,4-D",348.7,517.3,433
"OH",39,115,"Morgan County","Chlorpyrifos",8.6,57.6,33.1
"OH",39,115,"Morgan County","Glyphosate",1638.5,1769.6,1704.05
"OH",39,115,"Morgan County","Paraquat",71,75.1,73.05
"OH",39,117,"Morrow County","2,4-D",11234.4,11393,11313.7
"OH",39,117,"Morrow County","Chlorpyrifos",0,1347.5,673.75
"OH",39,117,"Morrow County","Glyphosate",46058.4,46099.7,46079.05
"OH",39,117,"Morrow County","Paraquat",275.4,275.4,275.4
"OH",39,119,"Muskingum County","2,4-D",3905.4,4189.5,4047.45
"OH",39,119,"Muskingum County","Chlorpyrifos",23.1,269.2,146.15
"OH",39,119,"Muskingum County","Glyphosate",19179.2,19428.4,19303.8
"OH",39,119,"Muskingum County","Paraquat",352.9,407.4,380.15
"OH",39,121,"Noble County","2,4-D",31.6,188.9,110.25
"OH",39,121,"Noble County","Chlorpyrifos",5.1,13.3,9.2
"OH",39,121,"Noble County","Glyphosate",140.2,209.5,174.85
"OH",39,121,"Noble County","Paraquat",12.4,12.8,12.6
"OH",39,123,"Ottawa County","2,4-D",3556.6,3574.6,3565.6
"OH",39,123,"Ottawa County","Chlorpyrifos",267.6,888.6,578.1
"OH",39,123,"Ottawa County","Glyphosate",40557.2,40882.6,40719.9
"OH",39,123,"Ottawa County","Malathion",0,29,14.5
"OH",39,123,"Ottawa County","Paraquat",34.9,235.8,135.35
"OH",39,125,"Paulding County","2,4-D",16555.1,16594,16574.55
"OH",39,125,"Paulding County","Chlorpyrifos",13.6,795.7,404.65
"OH",39,125,"Paulding County","Glyphosate",88078.5,88145.3,88111.9
"OH",39,125,"Paulding County","Paraquat",4.2,501.6,252.9
"OH",39,127,"Perry County","2,4-D",4060,4195,4127.5
"OH",39,127,"Perry County","Chlorpyrifos",4.5,254.6,129.55
"OH",39,127,"Perry County","Glyphosate",19906,20135.4,20020.7
"OH",39,127,"Perry County","Paraquat",366.7,420.4,393.55
"OH",39,129,"Pickaway County","2,4-D",18744.3,18909.4,18826.85
"OH",39,129,"Pickaway County","Chlorpyrifos",0,2296.2,1148.1
"OH",39,129,"Pickaway County","Glyphosate",76585.7,76631,76608.35
"OH",39,129,"Pickaway County","Paraquat",460.9,460.9,460.9
"OH",39,131,"Pike County","2,4-D",1673.3,1716.6,1694.95
"OH",39,131,"Pike County","Chlorpyrifos",18.6,437.8,228.2
"OH",39,131,"Pike County","Glyphosate",3759.5,3824.9,3792.2
"OH",39,131,"Pike County","Paraquat",462.3,510.4,486.35
"OH",39,133,"Portage County","2,4-D",655.2,723.1,689.15
"OH",39,133,"Portage County","Chlorpyrifos",236.7,552.9,394.8
"OH",39,133,"Portage County","Glyphosate",15259.1,15358.5,15308.8
"OH",39,133,"Portage County","Malathion",23,23,23
"OH",39,133,"Portage County","Paraquat",121.7,121.7,121.7
"OH",39,135,"Preble County","2,4-D",32280.4,32343,32311.7
"OH",39,135,"Preble County","Chlorpyrifos",1408.2,2355.3,1881.75
"OH",39,135,"Preble County","Glyphosate",89024.7,89124.8,89074.75
"OH",39,135,"Preble County","Paraquat",3.2,2473.3,1238.25
"OH",39,137,"Putnam County","2,4-D",19677.6,19818.2,19747.9
"OH",39,137,"Putnam County","Chlorpyrifos",15.9,1127.3,571.6
"OH",39,137,"Putnam County","Glyphosate",102382.5,102673.4,102527.95
"OH",39,137,"Putnam County","Malathion",1.8,1.8,1.8
"OH",39,137,"Putnam County","Paraquat",4,592.1,298.05
"OH",39,139,"Richland County","2,4-D",3951.5,4050.5,4001
"OH",39,139,"Richland County","Chlorpyrifos",460.8,1207.1,833.95
"OH",39,139,"Richland County","Glyphosate",39251,39847.5,39549.25
"OH",39,139,"Richland County","Malathion",0,28.2,14.1
"OH",39,139,"Richland County","Paraquat",13.3,251.7,132.5
"OH",39,141,"Ross County","2,4-D",10733.3,11098,10915.65
"OH",39,141,"Ross County","Chlorpyrifos",0,1372.2,686.1
"OH",39,141,"Ross County","Glyphosate",43559.4,43628.8,43594.1
"OH",39,141,"Ross County","Paraquat",260.2,260.2,260.2
"OH",39,143,"Sandusky County","2,4-D",7332.1,7373.6,7352.85
"OH",39,143,"Sandusky County","Chlorpyrifos",755.2,1614.3,1184.75
"OH",39,143,"Sandusky County","Glyphosate",75719.1,76069.2,75894.15
"OH",39,143,"Sandusky County","Malathion",0,46,23
"OH",39,143,"Sandusky County","Paraquat",35.3,473,254.15
"OH",39,145,"Scioto County","2,4-D",1350.2,1405.5,1377.85
"OH",39,145,"Scioto County","Chlorpyrifos",20.4,347.5,183.95
"OH",39,145,"Scioto County","Glyphosate",3343.1,3404.1,3373.6
"OH",39,145,"Scioto County","Paraquat",324.4,379.7,352.05
"OH",39,147,"Seneca County","2,4-D",10460.4,10490.6,10475.5
"OH",39,147,"Seneca County","Chlorpyrifos",889.8,1809.6,1349.7
"OH",39,147,"Seneca County","Glyphosate",108320.9,108541.3,108431.1
"OH",39,147,"Seneca County","Malathion",0,4.1,2.05
"OH",39,147,"Seneca County","Paraquat",3.3,610.3,306.8
"OH",39,149,"Shelby County","2,4-D",18599.3,18723.1,18661.2
"OH",39,149,"Shelby County","Chlorpyrifos",952.9,1178.3,1065.6
"OH",39,149,"Shelby County","Glyphosate",74497.9,74649.1,74573.5
"OH",39,149,"Shelby County","Paraquat",0,360.1,180.05
"OH",39,151,"Stark County","2,4-D",1381.1,1502.3,1441.7
"OH",39,151,"Stark County","Chlorpyrifos",735.6,1234,984.8
"OH",39,151,"Stark County","Glyphosate",23980.1,24171.2,24075.65
"OH",39,151,"Stark County","Malathion",32,32,32
"OH",39,151,"Stark County","Paraquat",248.8,248.8,248.8
"OH",39,153,"Summit County","2,4-D",70.7,99.9,85.3
"OH",39,153,"Summit County","Chlorpyrifos",73.8,192.1,132.95
"OH",39,153,"Summit County","Glyphosate",1696.6,1720.2,1708.4
"OH",39,153,"Summit County","Malathion",13.4,13.4,13.4
"OH",39,153,"Summit County","Paraquat",18.4,18.4,18.4
"OH",39,155,"Trumbull County","2,4-D",757.5,820.1,788.8
"OH",39,155,"Trumbull County","Chlorpyrifos",272.3,633.4,452.85
"OH",39,155,"Trumbull County","Glyphosate",19464.6,19625.9,19545.25
"OH",39,155,"Trumbull County","Malathion",10.8,10.8,10.8
"OH",39,155,"Trumbull County","Paraquat",165.7,165.7,165.7
"OH",39,157,"Tuscarawas County","2,4-D",1666.7,1771.1,1718.9
"OH",39,157,"Tuscarawas County","Chlorpyrifos",26.5,746.3,386.4
"OH",39,157,"Tuscarawas County","Glyphosate",20101.5,20130.5,20116
"OH",39,157,"Tuscarawas County","Malathion",11.8,11.8,11.8
"OH",39,157,"Tuscarawas County","Paraquat",5.1,180.4,92.75
"OH",39,159,"Union County","2,4-D",16020.5,16169.9,16095.2
"OH",39,159,"Union County","Chlorpyrifos",0,1835.2,917.6
"OH",39,159,"Union County","Glyphosate",68671.1,68729.1,68700.1
"OH",39,159,"Union County","Paraquat",413.4,413.4,413.4
"OH",39,161,"Van Wert County","2,4-D",17850.3,17883,17866.65
"OH",39,161,"Van Wert County","Chlorpyrifos",19.7,951.3,485.5
"OH",39,161,"Van Wert County","Glyphosate",97910,97978.6,97944.3
"OH",39,161,"Van Wert County","Paraquat",5.8,579.6,292.7
"OH",39,163,"Vinton County","2,4-D",501.9,533.7,517.8
"OH",39,163,"Vinton County","Chlorpyrifos",0.1,21,10.55
"OH",39,163,"Vinton County","Glyphosate",2492.9,2517.6,2505.25
"OH",39,163,"Vinton County","Paraquat",30.7,38.1,34.4
"OH",39,165,"Warren County","2,4-D",14408.8,14467.5,14438.15
"OH",39,165,"Warren County","Chlorpyrifos",644.8,1128.2,886.5
"OH",39,165,"Warren County","Glyphosate",39407.8,39473.3,39440.55
"OH",39,165,"Warren County","Paraquat",5.1,737.4,371.25
"OH",39,167,"Washington County","2,4-D",1733.3,1956.3,1844.8
"OH",39,167,"Washington County","Chlorpyrifos",115.9,233.3,174.6
"OH",39,167,"Washington County","Glyphosate",8498.8,8705.5,8602.15
"OH",39,167,"Washington County","Paraquat",179.3,202.1,190.7
"OH",39,169,"Wayne County","2,4-D",2107.1,2307.7,2207.4
"OH",39,169,"Wayne County","Chlorpyrifos",1023.6,1945,1484.3
"OH",39,169,"Wayne County","Glyphosate",39850.3,40334.9,40092.6
"OH",39,169,"Wayne County","Malathion",47,47,47
"OH",39,169,"Wayne County","Paraquat",491.9,491.9,491.9
"OH",39,171,"Williams County","2,4-D",12682.4,12770,12726.2
"OH",39,171,"Williams County","Chlorpyrifos",9.6,739,374.3
"OH",39,171,"Williams County","Glyphosate",67118.8,67291.1,67204.95
"OH",39,171,"Williams County","Malathion",1.1,1.1,1.1
"OH",39,171,"Williams County","Paraquat",3,402.6,202.8
"OH",39,173,"Wood County","2,4-D",23121,23235.9,23178.45
"OH",39,173,"Wood County","Chlorpyrifos",20.5,1283,651.75
"OH",39,173,"Wood County","Glyphosate",124034.3,124284.9,124159.6
"OH",39,173,"Wood County","Malathion",2.1,2.1,2.1
"OH",39,173,"Wood County","Paraquat",6.3,747,376.65
"OH",39,175,"Wyandot County","2,4-D",8142.6,8162.5,8152.55
"OH",39,175,"Wyandot County","Chlorpyrifos",723.9,1435.8,1079.85
"OH",39,175,"Wyandot County","Glyphosate",84596.4,84740.6,84668.5
"OH",39,175,"Wyandot County","Paraquat",0.6,491.6,246.1
"OK",40,1,"Adair County","2,4-D",5223.8,5223.8,5223.8
"OK",40,1,"Adair County","Chlorpyrifos",0,99.5,49.75
"OK",40,1,"Adair County","Glyphosate",368.3,430.5,399.4
"OK",40,1,"Adair County","Malathion",0,2.2,1.1
"OK",40,1,"Adair County","Paraquat",0,25.1,12.55
"OK",40,3,"Alfalfa County","2,4-D",20602.8,20753.4,20678.1
"OK",40,3,"Alfalfa County","Chlorpyrifos",1227.6,4406.8,2817.2
"OK",40,3,"Alfalfa County","Glyphosate",40142.5,40176.1,40159.3
"OK",40,3,"Alfalfa County","Malathion",0,3745.4,1872.7
"OK",40,3,"Alfalfa County","Paraquat",212.3,3149.6,1680.95
"OK",40,5,"Atoka County","2,4-D",21435.1,21435.7,21435.4
"OK",40,5,"Atoka County","Chlorpyrifos",46.2,148.1,97.15
"OK",40,5,"Atoka County","Glyphosate",55.1,300.7,177.9
"OK",40,5,"Atoka County","Malathion",0.3,12.4,6.35
"OK",40,5,"Atoka County","Paraquat",0,0.6,0.3
"OK",40,7,"Beaver County","2,4-D",20359.7,20370.3,20365
"OK",40,7,"Beaver County","Chlorpyrifos",2216.6,3212.8,2714.7
"OK",40,7,"Beaver County","Glyphosate",49036.3,49219.7,49128
"OK",40,7,"Beaver County","Malathion",0,72.3,36.15
"OK",40,7,"Beaver County","Paraquat",3447.5,6938.3,5192.9
"OK",40,9,"Beckham County","2,4-D",6390.6,6807.3,6598.95
"OK",40,9,"Beckham County","Chlorpyrifos",593.6,599.4,596.5
"OK",40,9,"Beckham County","Glyphosate",19765.2,20220.9,19993.05
"OK",40,9,"Beckham County","Malathion",5.8,493.3,249.55
"OK",40,9,"Beckham County","Paraquat",476.1,891.9,684
"OK",40,11,"Blaine County","2,4-D",6687.9,7637.9,7162.9
"OK",40,11,"Blaine County","Chlorpyrifos",1465.3,1492.7,1479
"OK",40,11,"Blaine County","Glyphosate",23296.2,24741.2,24018.7
"OK",40,11,"Blaine County","Malathion",17,2170,1093.5
"OK",40,11,"Blaine County","Paraquat",635.1,1752.7,1193.9
"OK",40,13,"Bryan County","2,4-D",25760.6,26076.4,25918.5
"OK",40,13,"Bryan County","Chlorpyrifos",4004.3,4307.9,4156.1
"OK",40,13,"Bryan County","Glyphosate",4236.6,6047.3,5141.95
"OK",40,13,"Bryan County","Malathion",0.6,60.8,30.7
"OK",40,13,"Bryan County","Paraquat",1.5,314.8,158.15
"OK",40,15,"Caddo County","2,4-D",23991.1,24298.6,24144.85
"OK",40,15,"Caddo County","Chlorpyrifos",3855.2,4743.9,4299.55
"OK",40,15,"Caddo County","Glyphosate",106497,106576.4,106536.7
"OK",40,15,"Caddo County","Malathion",9.5,1593.9,801.7
"OK",40,15,"Caddo County","Paraquat",1486.7,3208.1,2347.4
"OK",40,17,"Canadian County","2,4-D",10239.3,10464.1,10351.7
"OK",40,17,"Canadian County","Chlorpyrifos",4378.5,4427.3,4402.9
"OK",40,17,"Canadian County","Glyphosate",25115.3,25115.6,25115.45
"OK",40,17,"Canadian County","Malathion",1665.5,1667.2,1666.35
"OK",40,17,"Canadian County","Paraquat",139,1196.5,667.75
"OK",40,19,"Carter County","2,4-D",30552,30560.1,30556.05
"OK",40,19,"Carter County","Chlorpyrifos",1750.6,2063.7,1907.15
"OK",40,19,"Carter County","Glyphosate",1591.3,2024.7,1808
"OK",40,19,"Carter County","Malathion",1.8,53.9,27.85
"OK",40,19,"Carter County","Paraquat",0,10.2,5.1
"OK",40,21,"Cherokee County","2,4-D",4700.5,4700.5,4700.5
"OK",40,21,"Cherokee County","Chlorpyrifos",0,69.4,34.7
"OK",40,21,"Cherokee County","Glyphosate",139.1,172.9,156
"OK",40,21,"Cherokee County","Malathion",0,0.1,0.05
"OK",40,21,"Cherokee County","Paraquat",0,1.4,0.7
"OK",40,23,"Choctaw County","2,4-D",135.8,13576.9,6856.35
"OK",40,23,"Choctaw County","Chlorpyrifos",217.2,225.1,221.15
"OK",40,23,"Choctaw County","Glyphosate",1099.6,1265,1182.3
"OK",40,23,"Choctaw County","Malathion",0,56,28
"OK",40,23,"Choctaw County","Paraquat",174.5,518.1,346.3
"OK",40,25,"Cimarron County","2,4-D",25241,25265,25253
"OK",40,25,"Cimarron County","Chlorpyrifos",4679.3,6920.6,5799.95
"OK",40,25,"Cimarron County","Glyphosate",83316.4,83495.1,83405.75
"OK",40,25,"Cimarron County","Malathion",0,164,82
"OK",40,25,"Cimarron County","Paraquat",2434.1,10246.7,6340.4
"OK",40,27,"Cleveland County","2,4-D",1379.9,1403.5,1391.7
"OK",40,27,"Cleveland County","Chlorpyrifos",650.5,703.1,676.8
"OK",40,27,"Cleveland County","Glyphosate",1218,1224.5,1221.25
"OK",40,27,"Cleveland County","Malathion",10.8,19,14.9
"OK",40,27,"Cleveland County","Paraquat",4.6,404.9,204.75
"OK",40,29,"Coal County","2,4-D",17697.5,17715.7,17706.6
"OK",40,29,"Coal County","Chlorpyrifos",0,12.2,6.1
"OK",40,29,"Coal County","Glyphosate",264.8,440.3,352.55
"OK",40,29,"Coal County","Malathion",0.1,6.9,3.5
"OK",40,29,"Coal County","Paraquat",0,30.4,15.2
"OK",40,31,"Comanche County","2,4-D",10748.4,10848,10798.2
"OK",40,31,"Comanche County","Chlorpyrifos",1613.3,1808.5,1710.9
"OK",40,31,"Comanche County","Glyphosate",29653.1,29653.1,29653.1
"OK",40,31,"Comanche County","Malathion",3,587.9,295.45
"OK",40,31,"Comanche County","Paraquat",533.1,841.3,687.2
"OK",40,33,"Cotton County","2,4-D",16891.1,16896.1,16893.6
"OK",40,33,"Cotton County","Chlorpyrifos",2917.7,3191.3,3054.5
"OK",40,33,"Cotton County","Glyphosate",47684,47684,47684
"OK",40,33,"Cotton County","Malathion",0,1341.1,670.55
"OK",40,33,"Cotton County","Paraquat",1255.7,1349.5,1302.6
"OK",40,35,"Craig County","2,4-D",7673.2,7965.7,7819.45
"OK",40,35,"Craig County","Chlorpyrifos",223.1,260.8,241.95
"OK",40,35,"Craig County","Glyphosate",9022.7,9220.8,9121.75
"OK",40,35,"Craig County","Malathion",0,31.1,15.55
"OK",40,35,"Craig County","Paraquat",166.4,269.2,217.8
"OK",40,37,"Creek County","2,4-D",3837,3839.1,3838.05
"OK",40,37,"Creek County","Chlorpyrifos",91,126.4,108.7
"OK",40,37,"Creek County","Glyphosate",2161.4,2183.7,2172.55
"OK",40,37,"Creek County","Malathion",6.8,28.9,17.85
"OK",40,37,"Creek County","Paraquat",114.1,196.1,155.1
"OK",40,39,"Custer County","2,4-D",9567,10647.6,10107.3
"OK",40,39,"Custer County","Chlorpyrifos",3843.8,3857.5,3850.65
"OK",40,39,"Custer County","Glyphosate",48429.4,49924.6,49177
"OK",40,39,"Custer County","Malathion",43.9,2467.7,1255.8
"OK",40,39,"Custer County","Paraquat",976.9,2064,1520.45
"OK",40,41,"Delaware County","2,4-D",4589.9,4734.9,4662.4
"OK",40,41,"Delaware County","Chlorpyrifos",202.7,204.5,203.6
"OK",40,41,"Delaware County","Glyphosate",4433.4,4442.7,4438.05
"OK",40,41,"Delaware County","Malathion",0,35.2,17.6
"OK",40,41,"Delaware County","Paraquat",49,176.2,112.6
"OK",40,43,"Dewey County","2,4-D",6833.8,7592.8,7213.3
"OK",40,43,"Dewey County","Chlorpyrifos",691.3,707.1,699.2
"OK",40,43,"Dewey County","Glyphosate",12826,13403.4,13114.7
"OK",40,43,"Dewey County","Malathion",9.1,1187.1,598.1
"OK",40,43,"Dewey County","Paraquat",284.5,1033,658.75
"OK",40,45,"Ellis County","2,4-D",7268.3,7278.8,7273.55
"OK",40,45,"Ellis County","Chlorpyrifos",1558,1984.9,1771.45
"OK",40,45,"Ellis County","Glyphosate",19541.3,19686.5,19613.9
"OK",40,45,"Ellis County","Malathion",0,71.8,35.9
"OK",40,45,"Ellis County","Paraquat",1501.3,1984.3,1742.8
"OK",40,47,"Garfield County","2,4-D",26573.2,26621.7,26597.45
"OK",40,47,"Garfield County","Chlorpyrifos",348.1,5904.9,3126.5
"OK",40,47,"Garfield County","Glyphosate",77681.4,77723.6,77702.5
"OK",40,47,"Garfield County","Malathion",0,3566.4,1783.2
"OK",40,47,"Garfield County","Paraquat",754.5,7020,3887.25
"OK",40,49,"Garvin County","2,4-D",29404.9,29814.2,29609.55
"OK",40,49,"Garvin County","Chlorpyrifos",23233.9,23669.3,23451.6
"OK",40,49,"Garvin County","Glyphosate",16915.1,19157.3,18036.2
"OK",40,49,"Garvin County","Malathion",23.4,144.9,84.15
"OK",40,49,"Garvin County","Paraquat",0,299.7,149.85
"OK",40,51,"Grady County","2,4-D",8675.3,8955.2,8815.25
"OK",40,51,"Grady County","Chlorpyrifos",6286.3,6388.4,6337.35
"OK",40,51,"Grady County","Glyphosate",17861,17872.4,17866.7
"OK",40,51,"Grady County","Malathion",560.6,576,568.3
"OK",40,51,"Grady County","Paraquat",123.5,1255.1,689.3
"OK",40,53,"Grant County","2,4-D",27233,27287.4,27260.2
"OK",40,53,"Grant County","Chlorpyrifos",384.1,6457.9,3421
"OK",40,53,"Grant County","Glyphosate",89762.7,89804.7,89783.7
"OK",40,53,"Grant County","Malathion",0,3688.5,1844.25
"OK",40,53,"Grant County","Paraquat",807.6,8339.5,4573.55
"OK",40,55,"Greer County","2,4-D",12795.6,12839.5,12817.55
"OK",40,55,"Greer County","Chlorpyrifos",2090.2,2169.2,2129.7
"OK",40,55,"Greer County","Glyphosate",30885.9,30885.9,30885.9
"OK",40,55,"Greer County","Malathion",2.7,915.7,459.2
"OK",40,55,"Greer County","Paraquat",510.5,537.6,524.05
"OK",40,57,"Harmon County","2,4-D",9504,9557.3,9530.65
"OK",40,57,"Harmon County","Chlorpyrifos",1454.8,1497,1475.9
"OK",40,57,"Harmon County","Glyphosate",46658.2,46658.2,46658.2
"OK",40,57,"Harmon County","Malathion",0,622.9,311.45
"OK",40,57,"Harmon County","Paraquat",1660.3,1867.4,1763.85
"OK",40,59,"Harper County","2,4-D",5058.1,5081.7,5069.9
"OK",40,59,"Harper County","Chlorpyrifos",3414.8,4280.5,3847.65
"OK",40,59,"Harper County","Glyphosate",21574.7,21678,21626.35
"OK",40,59,"Harper County","Malathion",0,161.5,80.75
"OK",40,59,"Harper County","Paraquat",0.5,928.1,464.3
"OK",40,61,"Haskell County","2,4-D",5810.8,5810.8,5810.8
"OK",40,61,"Haskell County","Chlorpyrifos",0,132.1,66.05
"OK",40,61,"Haskell County","Glyphosate",125.1,194.7,159.9
"OK",40,61,"Haskell County","Malathion",0,1,0.5
"OK",40,61,"Haskell County","Paraquat",0,11.5,5.75
"OK",40,63,"Hughes County","2,4-D",10989.9,11009.1,10999.5
"OK",40,63,"Hughes County","Chlorpyrifos",1.1,171.6,86.35
"OK",40,63,"Hughes County","Glyphosate",769.6,953.1,861.35
"OK",40,63,"Hughes County","Malathion",0,14.8,7.4
"OK",40,63,"Hughes County","Paraquat",0,281.8,140.9
"OK",40,65,"Jackson County","2,4-D",26126,26168.5,26147.25
"OK",40,65,"Jackson County","Chlorpyrifos",4682.7,5112.4,4897.55
"OK",40,65,"Jackson County","Glyphosate",112271.2,112271.2,112271.2
"OK",40,65,"Jackson County","Malathion",6.1,2138.2,1072.15
"OK",40,65,"Jackson County","Paraquat",3139.2,3286.4,3212.8
"OK",40,67,"Jefferson County","2,4-D",35266.1,35288,35277.05
"OK",40,67,"Jefferson County","Chlorpyrifos",0,228.7,114.35
"OK",40,67,"Jefferson County","Glyphosate",2846,3370.3,3108.15
"OK",40,67,"Jefferson County","Malathion",0,92.9,46.45
"OK",40,67,"Jefferson County","Paraquat",4.4,40,22.2
"OK",40,69,"Johnston County","2,4-D",17800.7,17803.2,17801.95
"OK",40,69,"Johnston County","Chlorpyrifos",253.9,393.5,323.7
"OK",40,69,"Johnston County","Glyphosate",587.5,812.3,699.9
"OK",40,69,"Johnston County","Malathion",5.2,33.3,19.25
"OK",40,69,"Johnston County","Paraquat",0,7,3.5
"OK",40,71,"Kay County","2,4-D",17783.6,17824.9,17804.25
"OK",40,71,"Kay County","Chlorpyrifos",310.6,4162.9,2236.75
"OK",40,71,"Kay County","Glyphosate",176835.8,176865.2,176850.5
"OK",40,71,"Kay County","Malathion",0,2324.9,1162.45
"OK",40,71,"Kay County","Paraquat",3033,8898.3,5965.65
"OK",40,73,"Kingfisher County","2,4-D",12305.6,12760,12532.8
"OK",40,73,"Kingfisher County","Chlorpyrifos",4028.1,4119.2,4073.65
"OK",40,73,"Kingfisher County","Glyphosate",31028.7,31049.8,31039.25
"OK",40,73,"Kingfisher County","Malathion",2213.9,2242.5,2228.2
"OK",40,73,"Kingfisher County","Paraquat",228.1,1715.3,971.7
"OK",40,75,"Kiowa County","2,4-D",30576.1,30715.1,30645.6
"OK",40,75,"Kiowa County","Chlorpyrifos",5700.7,6357.6,6029.15
"OK",40,75,"Kiowa County","Glyphosate",93480.7,93480.7,93480.7
"OK",40,75,"Kiowa County","Malathion",7.1,2519.3,1263.2
"OK",40,75,"Kiowa County","Paraquat",1814.2,2388,2101.1
"OK",40,77,"Latimer County","2,4-D",3.9,8574.5,4289.2
"OK",40,77,"Latimer County","Chlorpyrifos",28.5,28.7,28.6
"OK",40,77,"Latimer County","Glyphosate",44.8,131.6,88.2
"OK",40,77,"Latimer County","Malathion",0,0.6,0.3
"OK",40,77,"Latimer County","Paraquat",0,3.2,1.6
"OK",40,79,"Le Flore County","2,4-D",365.6,14551,7458.3
"OK",40,79,"Le Flore County","Chlorpyrifos",1220.7,1237,1228.85
"OK",40,79,"Le Flore County","Glyphosate",2385.1,2594.2,2489.65
"OK",40,79,"Le Flore County","Malathion",0.9,128.6,64.75
"OK",40,79,"Le Flore County","Paraquat",673.1,1363.9,1018.5
"OK",40,81,"Lincoln County","2,4-D",4975.4,4992.9,4984.15
"OK",40,81,"Lincoln County","Chlorpyrifos",494.5,543.8,519.15
"OK",40,81,"Lincoln County","Glyphosate",1677.6,1719.1,1698.35
"OK",40,81,"Lincoln County","Malathion",31.8,71.9,51.85
"OK",40,81,"Lincoln County","Paraquat",36,123,79.5
"OK",40,83,"Logan County","2,4-D",5441.4,5560.1,5500.75
"OK",40,83,"Logan County","Chlorpyrifos",1030.6,1073.9,1052.25
"OK",40,83,"Logan County","Glyphosate",7970.3,7971.7,7971
"OK",40,83,"Logan County","Malathion",446.8,455.6,451.2
"OK",40,83,"Logan County","Paraquat",161.2,672.1,416.65
"OK",40,85,"Love County","2,4-D",14178.6,14201.9,14190.25
"OK",40,85,"Love County","Chlorpyrifos",312.6,366.9,339.75
"OK",40,85,"Love County","Glyphosate",1179.3,1474.1,1326.7
"OK",40,85,"Love County","Malathion",0.7,14.9,7.8
"OK",40,85,"Love County","Paraquat",0,28.9,14.45
"OK",40,87,"McClain County","2,4-D",4100.9,4207.8,4154.35
"OK",40,87,"McClain County","Chlorpyrifos",2940,3045.4,2992.7
"OK",40,87,"McClain County","Glyphosate",6982.6,6986.6,6984.6
"OK",40,87,"McClain County","Malathion",148.9,153.4,151.15
"OK",40,87,"McClain County","Paraquat",178.2,1054.1,616.15
"OK",40,89,"McCurtain County","2,4-D",129.2,12210.5,6169.85
"OK",40,89,"McCurtain County","Chlorpyrifos",298.8,404.9,351.85
"OK",40,89,"McCurtain County","Glyphosate",2304.7,2554.6,2429.65
"OK",40,89,"McCurtain County","Malathion",0,65.1,32.55
"OK",40,89,"McCurtain County","Paraquat",226.1,861.2,543.65
"OK",40,91,"McIntosh County","2,4-D",5308.2,5320.2,5314.2
"OK",40,91,"McIntosh County","Chlorpyrifos",1.7,84,42.85
"OK",40,91,"McIntosh County","Glyphosate",410.7,469.7,440.2
"OK",40,91,"McIntosh County","Malathion",0,1.8,0.9
"OK",40,91,"McIntosh County","Paraquat",0,70.6,35.3
"OK",40,93,"Major County","2,4-D",10308.9,10502.4,10405.65
"OK",40,93,"Major County","Chlorpyrifos",274.9,1679.7,977.3
"OK",40,93,"Major County","Glyphosate",21338,21361.6,21349.8
"OK",40,93,"Major County","Malathion",0,1503.3,751.65
"OK",40,93,"Major County","Paraquat",77.4,1862.1,969.75
"OK",40,95,"Marshall County","2,4-D",11910,11910.4,11910.2
"OK",40,95,"Marshall County","Chlorpyrifos",102.2,209.4,155.8
"OK",40,95,"Marshall County","Glyphosate",257.2,413.6,335.4
"OK",40,95,"Marshall County","Malathion",1.7,20,10.85
"OK",40,95,"Marshall County","Paraquat",0,3.2,1.6
"OK",40,97,"Mayes County","2,4-D",4134.2,4436.2,4285.2
"OK",40,97,"Mayes County","Chlorpyrifos",295.4,360.3,327.85
"OK",40,97,"Mayes County","Glyphosate",4572.4,4912.4,4742.4
"OK",40,97,"Mayes County","Malathion",0,44.7,22.35
"OK",40,97,"Mayes County","Paraquat",63.9,118.7,91.3
"OK",40,99,"Murray County","2,4-D",14414.6,14436.7,14425.65
"OK",40,99,"Murray County","Chlorpyrifos",1705.9,1809,1757.45
"OK",40,99,"Murray County","Glyphosate",1364.2,1660.3,1512.25
"OK",40,99,"Murray County","Malathion",0.3,25.2,12.75
"OK",40,99,"Murray County","Paraquat",0,7.9,3.95
"OK",40,101,"Muskogee County","2,4-D",9179.8,9435.5,9307.65
"OK",40,101,"Muskogee County","Chlorpyrifos",51.6,486.8,269.2
"OK",40,101,"Muskogee County","Glyphosate",3837.4,4533.6,4185.5
"OK",40,101,"Muskogee County","Malathion",0,70.4,35.2
"OK",40,101,"Muskogee County","Paraquat",2,1860.4,931.2
"OK",40,103,"Noble County","2,4-D",9988.6,10011.9,10000.25
"OK",40,103,"Noble County","Chlorpyrifos",193.5,2000.6,1097.05
"OK",40,103,"Noble County","Glyphosate",42443,42446.2,42444.6
"OK",40,103,"Noble County","Malathion",0,1388.1,694.05
"OK",40,103,"Noble County","Paraquat",458.6,3748.7,2103.65
"OK",40,105,"Nowata County","2,4-D",4969,5327.9,5148.45
"OK",40,105,"Nowata County","Chlorpyrifos",426.3,462.9,444.6
"OK",40,105,"Nowata County","Glyphosate",5784.8,5976.8,5880.8
"OK",40,105,"Nowata County","Malathion",0,75.8,37.9
"OK",40,105,"Nowata County","Paraquat",66.9,143.5,105.2
"OK",40,107,"Okfuskee County","2,4-D",3640.6,3644.6,3642.6
"OK",40,107,"Okfuskee County","Chlorpyrifos",50.3,52.2,51.25
"OK",40,107,"Okfuskee County","Glyphosate",599.4,600,599.7
"OK",40,107,"Okfuskee County","Malathion",7,12.8,9.9
"OK",40,107,"Okfuskee County","Paraquat",2.2,16.5,9.35
"OK",40,109,"Oklahoma County","2,4-D",1729.4,1791.7,1760.55
"OK",40,109,"Oklahoma County","Chlorpyrifos",1043.6,1080.7,1062.15
"OK",40,109,"Oklahoma County","Glyphosate",2916.9,2918.9,2917.9
"OK",40,109,"Oklahoma County","Malathion",81.2,84.7,82.95
"OK",40,109,"Oklahoma County","Paraquat",85.5,407.5,246.5
"OK",40,111,"Okmulgee County","2,4-D",7104.7,7221.4,7163.05
"OK",40,111,"Okmulgee County","Chlorpyrifos",5.2,250.3,127.75
"OK",40,111,"Okmulgee County","Glyphosate",1704.5,1998.2,1851.35
"OK",40,111,"Okmulgee County","Malathion",0,25.7,12.85
"OK",40,111,"Okmulgee County","Paraquat",0,545,272.5
"OK",40,113,"Osage County","2,4-D",23771.9,24314.7,24043.3
"OK",40,113,"Osage County","Chlorpyrifos",566.4,678.5,622.45
"OK",40,113,"Osage County","Glyphosate",10754,11342.2,11048.1
"OK",40,113,"Osage County","Malathion",0,85.3,42.65
"OK",40,113,"Osage County","Paraquat",142.6,313.6,228.1
"OK",40,115,"Ottawa County","2,4-D",3297.6,4277.1,3787.35
"OK",40,115,"Ottawa County","Chlorpyrifos",772.3,976,874.15
"OK",40,115,"Ottawa County","Glyphosate",20148,21215.9,20681.95
"OK",40,115,"Ottawa County","Malathion",0,148.9,74.45
"OK",40,115,"Ottawa County","Paraquat",334.3,554.2,444.25
"OK",40,117,"Pawnee County","2,4-D",5347.5,5685.4,5516.45
"OK",40,117,"Pawnee County","Chlorpyrifos",545.9,559.7,552.8
"OK",40,117,"Pawnee County","Glyphosate",7083.6,7155.7,7119.65
"OK",40,117,"Pawnee County","Malathion",0,84,42
"OK",40,117,"Pawnee County","Paraquat",80.2,196.7,138.45
"OK",40,119,"Payne County","2,4-D",4369.6,4433.6,4401.6
"OK",40,119,"Payne County","Chlorpyrifos",999.5,1034.7,1017.1
"OK",40,119,"Payne County","Glyphosate",3791.4,3794.6,3793
"OK",40,119,"Payne County","Malathion",94.8,98.9,96.85
"OK",40,119,"Payne County","Paraquat",78.9,384.8,231.85
"OK",40,121,"Pittsburg County","2,4-D",11999.7,12087.7,12043.7
"OK",40,121,"Pittsburg County","Chlorpyrifos",6.7,295.6,151.15
"OK",40,121,"Pittsburg County","Glyphosate",907.4,1076.6,992
"OK",40,121,"Pittsburg County","Malathion",0,4.4,2.2
"OK",40,121,"Pittsburg County","Paraquat",0,195.3,97.65
"OK",40,123,"Pontotoc County","2,4-D",19798.4,19808.4,19803.4
"OK",40,123,"Pontotoc County","Chlorpyrifos",280.4,495.8,388.1
"OK",40,123,"Pontotoc County","Glyphosate",367.8,725.7,546.75
"OK",40,123,"Pontotoc County","Malathion",0.3,28.5,14.4
"OK",40,123,"Pontotoc County","Paraquat",0,5.6,2.8
"OK",40,125,"Pottawatomie County","2,4-D",4044.6,4073.9,4059.25
"OK",40,125,"Pottawatomie County","Chlorpyrifos",676.4,777.3,726.85
"OK",40,125,"Pottawatomie County","Glyphosate",4404.8,4438.2,4421.5
"OK",40,125,"Pottawatomie County","Malathion",63.6,95.9,79.75
"OK",40,125,"Pottawatomie County","Paraquat",156.2,717.9,437.05
"OK",40,127,"Pushmataha County","2,4-D",19.1,13046.1,6532.6
"OK",40,127,"Pushmataha County","Chlorpyrifos",0,0,0
"OK",40,127,"Pushmataha County","Glyphosate",135,267.8,201.4
"OK",40,129,"Roger Mills County","2,4-D",7714,8346.2,8030.1
"OK",40,129,"Roger Mills County","Chlorpyrifos",794,797.3,795.65
"OK",40,129,"Roger Mills County","Glyphosate",8018.7,8329.1,8173.9
"OK",40,129,"Roger Mills County","Malathion",0,325,162.5
"OK",40,129,"Roger Mills County","Paraquat",202.5,734.1,468.3
"OK",40,131,"Rogers County","2,4-D",4612.1,4908.5,4760.3
"OK",40,131,"Rogers County","Chlorpyrifos",310.7,355.9,333.3
"OK",40,131,"Rogers County","Glyphosate",3876.2,4113.1,3994.65
"OK",40,131,"Rogers County","Malathion",0,32.5,16.25
"OK",40,131,"Rogers County","Paraquat",52,107.8,79.9
"OK",40,133,"Seminole County","2,4-D",2594,2598.9,2596.45
"OK",40,133,"Seminole County","Chlorpyrifos",202,246.6,224.3
"OK",40,133,"Seminole County","Glyphosate",628.1,659.9,644
"OK",40,133,"Seminole County","Malathion",3.8,34.4,19.1
"OK",40,133,"Seminole County","Paraquat",0,123.7,61.85
"OK",40,135,"Sequoyah County","2,4-D",5172.6,5356.1,5264.35
"OK",40,135,"Sequoyah County","Chlorpyrifos",0,245.9,122.95
"OK",40,135,"Sequoyah County","Glyphosate",2675.9,3072.1,2874
"OK",40,135,"Sequoyah County","Malathion",0,40.6,20.3
"OK",40,135,"Sequoyah County","Paraquat",0,1237.9,618.95
"OK",40,137,"Stephens County","2,4-D",33997.8,34029.5,34013.65
"OK",40,137,"Stephens County","Chlorpyrifos",4004.6,4141.4,4073
"OK",40,137,"Stephens County","Glyphosate",5020.3,5411.5,5215.9
"OK",40,137,"Stephens County","Malathion",1.2,140.2,70.7
"OK",40,137,"Stephens County","Paraquat",0,45.9,22.95
"OK",40,139,"Texas County","2,4-D",49417.5,49442,49429.75
"OK",40,139,"Texas County","Chlorpyrifos",7982.1,9891.4,8936.75
"OK",40,139,"Texas County","Glyphosate",165730.5,165874.3,165802.4
"OK",40,139,"Texas County","Malathion",0,167.7,83.85
"OK",40,139,"Texas County","Paraquat",6698.4,30889.4,18793.9
"OK",40,141,"Tillman County","2,4-D",25394.7,25609.8,25502.25
"OK",40,141,"Tillman County","Chlorpyrifos",4955.6,6215,5585.3
"OK",40,141,"Tillman County","Glyphosate",130807.2,130807.2,130807.2
"OK",40,141,"Tillman County","Malathion",0,1930.4,965.2
"OK",40,141,"Tillman County","Paraquat",3848.8,4759.1,4303.95
"OK",40,143,"Tulsa County","2,4-D",1512.7,1761,1636.85
"OK",40,143,"Tulsa County","Chlorpyrifos",289.2,294.2,291.7
"OK",40,143,"Tulsa County","Glyphosate",3595.1,3621.2,3608.15
"OK",40,143,"Tulsa County","Malathion",0,27.1,13.55
"OK",40,143,"Tulsa County","Paraquat",47.5,117.8,82.65
"OK",40,145,"Wagoner County","2,4-D",3862.5,4765.5,4314
"OK",40,145,"Wagoner County","Chlorpyrifos",947.1,1057,1002.05
"OK",40,145,"Wagoner County","Glyphosate",26848.5,27424.8,27136.65
"OK",40,145,"Wagoner County","Malathion",0,176,88
"OK",40,145,"Wagoner County","Paraquat",481.4,629.6,555.5
"OK",40,147,"Washington County","2,4-D",4148.8,4448.5,4298.65
"OK",40,147,"Washington County","Chlorpyrifos",393.3,407.9,400.6
"OK",40,147,"Washington County","Glyphosate",6905.7,6982.5,6944.1
"OK",40,147,"Washington County","Malathion",0,40.6,20.3
"OK",40,147,"Washington County","Paraquat",112.9,181.5,147.2
"OK",40,149,"Washita County","2,4-D",10253.2,11302.1,10777.65
"OK",40,149,"Washita County","Chlorpyrifos",4471.4,4512,4491.7
"OK",40,149,"Washita County","Glyphosate",53971.2,56635.4,55303.3
"OK",40,149,"Washita County","Malathion",56.6,2697,1376.8
"OK",40,149,"Washita County","Paraquat",1802.8,3109.4,2456.1
"OK",40,151,"Woods County","2,4-D",14941.5,14981.5,14961.5
"OK",40,151,"Woods County","Chlorpyrifos",296.3,1811.5,1053.9
"OK",40,151,"Woods County","Glyphosate",13267.6,13291.6,13279.6
"OK",40,151,"Woods County","Malathion",0,2132.2,1066.1
"OK",40,151,"Woods County","Paraquat",106.3,1279.2,692.75
"OK",40,153,"Woodward County","2,4-D",7865.1,7873.4,7869.25
"OK",40,153,"Woodward County","Chlorpyrifos",76.9,701,388.95
"OK",40,153,"Woodward County","Glyphosate",10232.3,10232.3,10232.3
"OK",40,153,"Woodward County","Malathion",0,841.8,420.9
"OK",40,153,"Woodward County","Paraquat",108.3,1167.6,637.95
"OR",41,1,"Baker County","2,4-D",527.3,867.8,697.55
"OR",41,1,"Baker County","Chlorpyrifos",56.5,614.8,335.65
"OR",41,1,"Baker County","Glyphosate",4550.7,6001.5,5276.1
"OR",41,1,"Baker County","Malathion",6.1,6.1,6.1
"OR",41,1,"Baker County","Paraquat",836.6,1097.5,967.05
"OR",41,3,"Benton County","2,4-D",230.9,1064.2,647.55
"OR",41,3,"Benton County","Chlorpyrifos",916,946.6,931.3
"OR",41,3,"Benton County","Glyphosate",1861.3,1990.8,1926.05
"OR",41,3,"Benton County","Malathion",33.5,38.1,35.8
"OR",41,3,"Benton County","Paraquat",281.6,328.5,305.05
"OR",41,5,"Clackamas County","2,4-D",800.5,1265.4,1032.95
"OR",41,5,"Clackamas County","Chlorpyrifos",706.2,770,738.1
"OR",41,5,"Clackamas County","Glyphosate",3188.3,4623.5,3905.9
"OR",41,5,"Clackamas County","Malathion",584,589.1,586.55
"OR",41,5,"Clackamas County","Paraquat",1555.1,1621.4,1588.25
"OR",41,7,"Clatsop County","2,4-D",34,35.2,34.6
"OR",41,7,"Clatsop County","Chlorpyrifos",0.5,0.5,0.5
"OR",41,7,"Clatsop County","Glyphosate",21.1,21.4,21.25
"OR",41,7,"Clatsop County","Malathion",0.1,0.1,0.1
"OR",41,7,"Clatsop County","Paraquat",0.1,0.2,0.15
"OR",41,9,"Columbia County","2,4-D",98,153.6,125.8
"OR",41,9,"Columbia County","Chlorpyrifos",2.1,24.3,13.2
"OR",41,9,"Columbia County","Glyphosate",101.4,374,237.7
"OR",41,9,"Columbia County","Malathion",2.5,3.1,2.8
"OR",41,9,"Columbia County","Paraquat",4.5,19.8,12.15
"OR",41,11,"Coos County","2,4-D",3.2,248.8,126
"OR",41,11,"Coos County","Chlorpyrifos",10.1,28.4,19.25
"OR",41,11,"Coos County","Glyphosate",72.8,81.2,77
"OR",41,11,"Coos County","Malathion",1.3,1.3,1.3
"OR",41,11,"Coos County","Paraquat",90.4,90.4,90.4
"OR",41,13,"Crook County","2,4-D",608.8,646.9,627.85
"OR",41,13,"Crook County","Chlorpyrifos",268.5,280.5,274.5
"OR",41,13,"Crook County","Glyphosate",823.5,1027,925.25
"OR",41,13,"Crook County","Malathion",5.2,583.9,294.55
"OR",41,13,"Crook County","Paraquat",190,215.5,202.75
"OR",41,15,"Curry County","2,4-D",4,468.7,236.35
"OR",41,15,"Curry County","Chlorpyrifos",12.2,15.8,14
"OR",41,15,"Curry County","Glyphosate",278.9,280.6,279.75
"OR",41,15,"Curry County","Malathion",1.2,1.2,1.2
"OR",41,15,"Curry County","Paraquat",15.3,74.9,45.1
"OR",41,17,"Deschutes County","2,4-D",265.7,301,283.35
"OR",41,17,"Deschutes County","Chlorpyrifos",144.1,150,147.05
"OR",41,17,"Deschutes County","Glyphosate",522.3,608.1,565.2
"OR",41,17,"Deschutes County","Malathion",17.9,323.1,170.5
"OR",41,17,"Deschutes County","Paraquat",103.5,126.5,115
"OR",41,19,"Douglas County","2,4-D",120.4,949.6,535
"OR",41,19,"Douglas County","Chlorpyrifos",72.2,113.4,92.8
"OR",41,19,"Douglas County","Glyphosate",783.2,821.8,802.5
"OR",41,19,"Douglas County","Malathion",14.1,14.1,14.1
"OR",41,19,"Douglas County","Paraquat",446,455.2,450.6
"OR",41,21,"Gilliam County","2,4-D",23690.7,23796.8,23743.75
"OR",41,21,"Gilliam County","Chlorpyrifos",7.2,1489.6,748.4
"OR",41,21,"Gilliam County","Glyphosate",20580.3,20629.2,20604.75
"OR",41,21,"Gilliam County","Malathion",0.9,48.2,24.55
"OR",41,21,"Gilliam County","Paraquat",140.1,167.8,153.95
"OR",41,23,"Grant County","2,4-D",398.8,415,406.9
"OR",41,23,"Grant County","Chlorpyrifos",124.9,127.6,126.25
"OR",41,23,"Grant County","Glyphosate",1079.2,1132,1105.6
"OR",41,23,"Grant County","Malathion",0.6,266.9,133.75
"OR",41,23,"Grant County","Paraquat",85.6,123.2,104.4
"OR",41,25,"Harney County","2,4-D",789.3,914,851.65
"OR",41,25,"Harney County","Chlorpyrifos",942.4,968.5,955.45
"OR",41,25,"Harney County","Glyphosate",1332.3,1838.6,1585.45
"OR",41,25,"Harney County","Malathion",0,2061.3,1030.65
"OR",41,25,"Harney County","Paraquat",661.5,694.4,677.95
"OR",41,27,"Hood River County","2,4-D",7642.3,7643.8,7643.05
"OR",41,27,"Hood River County","Chlorpyrifos",1083.3,1382.3,1232.8
"OR",41,27,"Hood River County","Glyphosate",6999.3,7021.7,7010.5
"OR",41,27,"Hood River County","Malathion",130.4,151.6,141
"OR",41,27,"Hood River County","Paraquat",118.8,184.2,151.5
"OR",41,29,"Jackson County","2,4-D",530.3,1197.2,863.75
"OR",41,29,"Jackson County","Chlorpyrifos",83,920.5,501.75
"OR",41,29,"Jackson County","Glyphosate",848.2,1463.1,1155.65
"OR",41,29,"Jackson County","Malathion",11.6,11.6,11.6
"OR",41,29,"Jackson County","Paraquat",337.2,415.3,376.25
"OR",41,31,"Jefferson County","2,4-D",1588.3,1629.2,1608.75
"OR",41,31,"Jefferson County","Chlorpyrifos",345,420.5,382.75
"OR",41,31,"Jefferson County","Glyphosate",1765.9,3052.8,2409.35
"OR",41,31,"Jefferson County","Malathion",32.7,664,348.35
"OR",41,31,"Jefferson County","Paraquat",210.5,273,241.75
"OR",41,33,"Josephine County","2,4-D",10.7,66.9,38.8
"OR",41,33,"Josephine County","Chlorpyrifos",37.3,49.4,43.35
"OR",41,33,"Josephine County","Glyphosate",271.4,277.8,274.6
"OR",41,33,"Josephine County","Malathion",3.9,3.9,3.9
"OR",41,33,"Josephine County","Paraquat",117.8,121,119.4
"OR",41,35,"Klamath County","2,4-D",13940.7,14184.4,14062.55
"OR",41,35,"Klamath County","Chlorpyrifos",1900.2,2007.6,1953.9
"OR",41,35,"Klamath County","Glyphosate",62363.9,66188.3,64276.1
"OR",41,35,"Klamath County","Malathion",98.5,3912.6,2005.55
"OR",41,35,"Klamath County","Paraquat",1240.4,3447.5,2343.95
"OR",41,37,"Lake County","2,4-D",297.7,456.7,377.2
"OR",41,37,"Lake County","Chlorpyrifos",1210.6,1210.6,1210.6
"OR",41,37,"Lake County","Glyphosate",856.9,857.3,857.1
"OR",41,37,"Lake County","Malathion",1.9,2632.3,1317.1
"OR",41,37,"Lake County","Paraquat",845.7,856.4,851.05
"OR",41,39,"Lane County","2,4-D",820.5,1252.6,1036.55
"OR",41,39,"Lane County","Chlorpyrifos",407.3,512.9,460.1
"OR",41,39,"Lane County","Glyphosate",3607.1,4002.9,3805
"OR",41,39,"Lane County","Malathion",72.8,94.3,83.55
"OR",41,39,"Lane County","Paraquat",1054.8,1115.1,1084.95
"OR",41,41,"Lincoln County","2,4-D",74.1,76.2,75.15
"OR",41,41,"Lincoln County","Chlorpyrifos",1.9,9.6,5.75
"OR",41,41,"Lincoln County","Glyphosate",52.8,52.9,52.85
"OR",41,41,"Lincoln County","Malathion",2.3,2.9,2.6
"OR",41,41,"Lincoln County","Paraquat",2.1,4.2,3.15
"OR",41,43,"Linn County","2,4-D",734.9,1805.6,1270.25
"OR",41,43,"Linn County","Chlorpyrifos",1909.5,1971.2,1940.35
"OR",41,43,"Linn County","Glyphosate",3469.8,5143.9,4306.85
"OR",41,43,"Linn County","Malathion",145.5,147.2,146.35
"OR",41,43,"Linn County","Paraquat",577.5,690,633.75
"OR",41,45,"Malheur County","2,4-D",4029.3,4444,4236.65
"OR",41,45,"Malheur County","Chlorpyrifos",4214,4293.5,4253.75
"OR",41,45,"Malheur County","Glyphosate",25262.6,26776,26019.3
"OR",41,45,"Malheur County","Malathion",525.1,2892.5,1708.8
"OR",41,45,"Malheur County","Paraquat",807.3,1603.9,1205.6
"OR",41,47,"Marion County","2,4-D",1170.8,2974.5,2072.65
"OR",41,47,"Marion County","Chlorpyrifos",4852.7,4981,4916.85
"OR",41,47,"Marion County","Glyphosate",12652.5,16094.2,14373.35
"OR",41,47,"Marion County","Malathion",1499.6,1778,1638.8
"OR",41,47,"Marion County","Paraquat",2923.1,3101,3012.05
"OR",41,49,"Morrow County","2,4-D",29603.2,30307.1,29955.15
"OR",41,49,"Morrow County","Chlorpyrifos",3286.7,5608.8,4447.75
"OR",41,49,"Morrow County","Glyphosate",99994.7,102019.8,101007.25
"OR",41,49,"Morrow County","Malathion",7706.8,8706.3,8206.55
"OR",41,49,"Morrow County","Paraquat",3919.8,5919.3,4919.55
"OR",41,51,"Multnomah County","2,4-D",55.9,360.4,208.15
"OR",41,51,"Multnomah County","Chlorpyrifos",211.1,232.4,221.75
"OR",41,51,"Multnomah County","Glyphosate",683.5,1391.4,1037.45
"OR",41,51,"Multnomah County","Malathion",260.4,266.5,263.45
"OR",41,51,"Multnomah County","Paraquat",206.8,230,218.4
"OR",41,53,"Polk County","2,4-D",397.6,1110.5,754.05
"OR",41,53,"Polk County","Chlorpyrifos",968.6,1014.8,991.7
"OR",41,53,"Polk County","Glyphosate",5483,6140.5,5811.75
"OR",41,53,"Polk County","Malathion",119.5,123.2,121.35
"OR",41,53,"Polk County","Paraquat",954.1,998.3,976.2
"OR",41,55,"Sherman County","2,4-D",24076.8,24114.9,24095.85
"OR",41,55,"Sherman County","Chlorpyrifos",7.4,1650.2,828.8
"OR",41,55,"Sherman County","Glyphosate",97263.8,97264.9,97264.35
"OR",41,55,"Sherman County","Malathion",0.9,1.9,1.4
"OR",41,55,"Sherman County","Paraquat",4568,4570,4569
"OR",41,57,"Tillamook County","2,4-D",132,908.1,520.05
"OR",41,57,"Tillamook County","Chlorpyrifos",1.1,12.3,6.7
"OR",41,57,"Tillamook County","Glyphosate",1107.8,1364.7,1236.25
"OR",41,57,"Tillamook County","Malathion",0.4,0.7,0.55
"OR",41,57,"Tillamook County","Paraquat",0.5,322.1,161.3
"OR",41,59,"Umatilla County","2,4-D",12680.7,21783.5,17232.1
"OR",41,59,"Umatilla County","Chlorpyrifos",2403.4,3868.8,3136.1
"OR",41,59,"Umatilla County","Glyphosate",119099.3,121118.8,120109.05
"OR",41,59,"Umatilla County","Malathion",746.3,746.3,746.3
"OR",41,59,"Umatilla County","Paraquat",1504.6,6728.9,4116.75
"OR",41,61,"Union County","2,4-D",1459,2663.7,2061.35
"OR",41,61,"Union County","Chlorpyrifos",406,1176.4,791.2
"OR",41,61,"Union County","Glyphosate",11769.4,14063.4,12916.4
"OR",41,61,"Union County","Malathion",14.6,14.6,14.6
"OR",41,61,"Union County","Paraquat",970.3,1199.8,1085.05
"OR",41,63,"Wallowa County","2,4-D",366,1277.7,821.85
"OR",41,63,"Wallowa County","Chlorpyrifos",7.3,553.8,280.55
"OR",41,63,"Wallowa County","Glyphosate",2661.9,4546.2,3604.05
"OR",41,63,"Wallowa County","Malathion",0.6,0.6,0.6
"OR",41,63,"Wallowa County","Paraquat",685.8,749.3,717.55
"OR",41,65,"Wasco County","2,4-D",18232.2,18551.1,18391.65
"OR",41,65,"Wasco County","Chlorpyrifos",4597.9,5597.6,5097.75
"OR",41,65,"Wasco County","Glyphosate",43343.4,43490.4,43416.9
"OR",41,65,"Wasco County","Malathion",676,818,747
"OR",41,65,"Wasco County","Paraquat",2198.8,2281.8,2240.3
"OR",41,67,"Washington County","2,4-D",642,2404.9,1523.45
"OR",41,67,"Washington County","Chlorpyrifos",1052.1,1171.8,1111.95
"OR",41,67,"Washington County","Glyphosate",5199.9,7369.1,6284.5
"OR",41,67,"Washington County","Malathion",660,672.6,666.3
"OR",41,67,"Washington County","Paraquat",1680.3,1745.4,1712.85
"OR",41,69,"Wheeler County","2,4-D",303.1,317.1,310.1
"OR",41,69,"Wheeler County","Chlorpyrifos",105.9,106.8,106.35
"OR",41,69,"Wheeler County","Glyphosate",516.3,533.2,524.75
"OR",41,69,"Wheeler County","Malathion",0.4,231.8,116.1
"OR",41,69,"Wheeler County","Paraquat",74.4,91.5,82.95
"OR",41,71,"Yamhill County","2,4-D",1024.4,2447,1735.7
"OR",41,71,"Yamhill County","Chlorpyrifos",1401.3,1477.1,1439.2
"OR",41,71,"Yamhill County","Glyphosate",9339.2,11763.7,10551.45
"OR",41,71,"Yamhill County","Malathion",351.1,357.3,354.2
"OR",41,71,"Yamhill County","Paraquat",2491,2559.1,2525.05
"PA",42,1,"Adams County","2,4-D",5782.3,7148.6,6465.45
"PA",42,1,"Adams County","Chlorpyrifos",9312.5,9456.8,9384.65
"PA",42,1,"Adams County","Glyphosate",23544.1,23596.5,23570.3
"PA",42,1,"Adams County","Paraquat",6221,6223.8,6222.4
"PA",42,3,"Allegheny County","2,4-D",148.2,165.8,157
"PA",42,3,"Allegheny County","Chlorpyrifos",51.2,51.2,51.2
"PA",42,3,"Allegheny County","Glyphosate",1433.7,1483.5,1458.6
"PA",42,3,"Allegheny County","Paraquat",35.8,81.6,58.7
"PA",42,5,"Armstrong County","2,4-D",706.2,810.9,758.55
"PA",42,5,"Armstrong County","Chlorpyrifos",75.4,814.8,445.1
"PA",42,5,"Armstrong County","Glyphosate",7989.7,8140.1,8064.9
"PA",42,5,"Armstrong County","Malathion",0,112.2,56.1
"PA",42,5,"Armstrong County","Paraquat",41.3,220.9,131.1
"PA",42,7,"Beaver County","2,4-D",364.5,402.3,383.4
"PA",42,7,"Beaver County","Chlorpyrifos",67.7,679.9,373.8
"PA",42,7,"Beaver County","Glyphosate",3473.3,3554.3,3513.8
"PA",42,7,"Beaver County","Malathion",0,106.5,53.25
"PA",42,7,"Beaver County","Paraquat",73.5,150.9,112.2
"PA",42,9,"Bedford County","2,4-D",1821,2472.6,2146.8
"PA",42,9,"Bedford County","Chlorpyrifos",834.9,1053.9,944.4
"PA",42,9,"Bedford County","Glyphosate",16034.8,16138.7,16086.75
"PA",42,9,"Bedford County","Paraquat",2327.5,2328,2327.75
"PA",42,11,"Berks County","2,4-D",2734.8,2734.8,2734.8
"PA",42,11,"Berks County","Chlorpyrifos",427.1,802.7,614.9
"PA",42,11,"Berks County","Glyphosate",58657.5,58750.5,58704
"PA",42,11,"Berks County","Paraquat",2769.5,2849.3,2809.4
"PA",42,13,"Blair County","2,4-D",1164.8,1337.1,1250.95
"PA",42,13,"Blair County","Chlorpyrifos",181.8,277.1,229.45
"PA",42,13,"Blair County","Glyphosate",19552.4,19816.3,19684.35
"PA",42,13,"Blair County","Malathion",0,58.2,29.1
"PA",42,13,"Blair County","Paraquat",373.9,373.9,373.9
"PA",42,15,"Bradford County","2,4-D",2487.9,2633.3,2560.6
"PA",42,15,"Bradford County","Chlorpyrifos",24.4,506.1,265.25
"PA",42,15,"Bradford County","Glyphosate",29426,29449.3,29437.65
"PA",42,15,"Bradford County","Malathion",150.2,150.2,150.2
"PA",42,15,"Bradford County","Paraquat",19.1,705.7,362.4
"PA",42,17,"Bucks County","2,4-D",689.8,689.8,689.8
"PA",42,17,"Bucks County","Chlorpyrifos",93.8,185.4,139.6
"PA",42,17,"Bucks County","Glyphosate",17710.7,17759.6,17735.15
"PA",42,17,"Bucks County","Paraquat",652.2,693.6,672.9
"PA",42,19,"Butler County","2,4-D",1106.8,1226.3,1166.55
"PA",42,19,"Butler County","Chlorpyrifos",569,1354.8,961.9
"PA",42,19,"Butler County","Glyphosate",11494.1,11671,11582.55
"PA",42,19,"Butler County","Malathion",0,131.2,65.6
"PA",42,19,"Butler County","Paraquat",86.6,371.9,229.25
"PA",42,21,"Cambria County","2,4-D",955.8,1017.5,986.65
"PA",42,21,"Cambria County","Chlorpyrifos",96.8,152.7,124.75
"PA",42,21,"Cambria County","Glyphosate",14690.2,14961.9,14826.05
"PA",42,21,"Cambria County","Malathion",0,61.7,30.85
"PA",42,21,"Cambria County","Paraquat",234.4,234.4,234.4
"PA",42,23,"Cameron County","2,4-D",29.4,30.3,29.85
"PA",42,23,"Cameron County","Chlorpyrifos",0.6,2.5,1.55
"PA",42,23,"Cameron County","Glyphosate",138.6,138.6,138.6
"PA",42,23,"Cameron County","Malathion",3.7,3.7,3.7
"PA",42,23,"Cameron County","Paraquat",0.3,3,1.65
"PA",42,25,"Carbon County","2,4-D",2.3,112.7,57.5
"PA",42,25,"Carbon County","Chlorpyrifos",0,48.6,24.3
"PA",42,25,"Carbon County","Glyphosate",1652.6,1752.7,1702.65
"PA",42,25,"Carbon County","Malathion",0,26.2,13.1
"PA",42,25,"Carbon County","Paraquat",0,69.4,34.7
"PA",42,27,"Centre County","2,4-D",2000.5,2079.6,2040.05
"PA",42,27,"Centre County","Chlorpyrifos",227.1,323.4,275.25
"PA",42,27,"Centre County","Glyphosate",31809.1,32235.7,32022.4
"PA",42,27,"Centre County","Malathion",0,90.6,45.3
"PA",42,27,"Centre County","Paraquat",555.6,555.6,555.6
"PA",42,29,"Chester County","2,4-D",1769.8,1769.8,1769.8
"PA",42,29,"Chester County","Chlorpyrifos",147.7,386.2,266.95
"PA",42,29,"Chester County","Glyphosate",38754.8,38852.6,38803.7
"PA",42,29,"Chester County","Paraquat",1741.1,1784,1762.55
"PA",42,31,"Clarion County","2,4-D",573.8,583.8,578.8
"PA",42,31,"Clarion County","Chlorpyrifos",75,499.4,287.2
"PA",42,31,"Clarion County","Glyphosate",6039.3,6083.1,6061.2
"PA",42,31,"Clarion County","Malathion",0,69.5,34.75
"PA",42,31,"Clarion County","Paraquat",42.4,179.8,111.1
"PA",42,33,"Clearfield County","2,4-D",386.3,418.1,402.2
"PA",42,33,"Clearfield County","Chlorpyrifos",59,107.7,83.35
"PA",42,33,"Clearfield County","Glyphosate",6768.1,7009.8,6888.95
"PA",42,33,"Clearfield County","Malathion",0,53.4,26.7
"PA",42,33,"Clearfield County","Paraquat",135.8,135.8,135.8
"PA",42,35,"Clinton County","2,4-D",450.3,598.8,524.55
"PA",42,35,"Clinton County","Chlorpyrifos",13.6,125,69.3
"PA",42,35,"Clinton County","Glyphosate",10950,10995.5,10972.75
"PA",42,35,"Clinton County","Malathion",36.3,36.3,36.3
"PA",42,35,"Clinton County","Paraquat",9.2,190.2,99.7
"PA",42,37,"Columbia County","2,4-D",1506.9,1553.3,1530.1
"PA",42,37,"Columbia County","Chlorpyrifos",146.9,276.2,211.55
"PA",42,37,"Columbia County","Glyphosate",22402.9,22544.4,22473.65
"PA",42,37,"Columbia County","Malathion",0,25.8,12.9
"PA",42,37,"Columbia County","Paraquat",481.3,481.3,481.3
"PA",42,39,"Crawford County","2,4-D",1826.5,1843.5,1835
"PA",42,39,"Crawford County","Chlorpyrifos",0.4,757.7,379.05
"PA",42,39,"Crawford County","Glyphosate",13907.4,14306.7,14107.05
"PA",42,39,"Crawford County","Malathion",0,70.7,35.35
"PA",42,39,"Crawford County","Paraquat",5.5,299.5,152.5
"PA",42,41,"Cumberland County","2,4-D",1675.6,3045.9,2360.75
"PA",42,41,"Cumberland County","Chlorpyrifos",640.4,861.5,750.95
"PA",42,41,"Cumberland County","Glyphosate",22443.2,22491.4,22467.3
"PA",42,41,"Cumberland County","Paraquat",2606.7,2612.7,2609.7
"PA",42,43,"Dauphin County","2,4-D",1459.2,1596.5,1527.85
"PA",42,43,"Dauphin County","Chlorpyrifos",129.2,156.4,142.8
"PA",42,43,"Dauphin County","Glyphosate",21480.7,21613,21546.85
"PA",42,43,"Dauphin County","Malathion",0,25.8,12.9
"PA",42,43,"Dauphin County","Paraquat",386.3,386.3,386.3
"PA",42,45,"Delaware County","2,4-D",5.1,5.1,5.1
"PA",42,45,"Delaware County","Chlorpyrifos",7.2,7.9,7.55
"PA",42,45,"Delaware County","Glyphosate",89.9,94.9,92.4
"PA",42,45,"Delaware County","Paraquat",5.8,10.3,8.05
"PA",42,47,"Elk County","2,4-D",142.7,154.3,148.5
"PA",42,47,"Elk County","Chlorpyrifos",6.1,17.6,11.85
"PA",42,47,"Elk County","Glyphosate",1074.3,1082.4,1078.35
"PA",42,47,"Elk County","Malathion",19.6,19.6,19.6
"PA",42,47,"Elk County","Paraquat",3,22.7,12.85
"PA",42,49,"Erie County","2,4-D",1143.7,1210.4,1177.05
"PA",42,49,"Erie County","Chlorpyrifos",1.3,449.1,225.2
"PA",42,49,"Erie County","Glyphosate",8948.9,9804.4,9376.65
"PA",42,49,"Erie County","Malathion",0,81.8,40.9
"PA",42,49,"Erie County","Paraquat",43.6,255.5,149.55
"PA",42,51,"Fayette County","2,4-D",1925.6,1986.3,1955.95
"PA",42,51,"Fayette County","Chlorpyrifos",51.1,51.1,51.1
"PA",42,51,"Fayette County","Glyphosate",16818.2,16879.2,16848.7
"PA",42,51,"Fayette County","Paraquat",26.7,420.3,223.5
"PA",42,53,"Forest County","2,4-D",41.8,43.6,42.7
"PA",42,53,"Forest County","Chlorpyrifos",0,22.1,11.05
"PA",42,53,"Forest County","Glyphosate",130,145.3,137.65
"PA",42,53,"Forest County","Malathion",0,3.5,1.75
"PA",42,53,"Forest County","Paraquat",0.9,7.3,4.1
"PA",42,55,"Franklin County","2,4-D",2980.5,4851.8,3916.15
"PA",42,55,"Franklin County","Chlorpyrifos",935.1,1299.3,1117.2
"PA",42,55,"Franklin County","Glyphosate",31944,32041.5,31992.75
"PA",42,55,"Franklin County","Paraquat",4092.8,4109.9,4101.35
"PA",42,57,"Fulton County","2,4-D",328.5,658.9,493.7
"PA",42,57,"Fulton County","Chlorpyrifos",3.1,52.7,27.9
"PA",42,57,"Fulton County","Glyphosate",3920.1,3962.6,3941.35
"PA",42,57,"Fulton County","Paraquat",467.3,467.3,467.3
"PA",42,59,"Greene County","2,4-D",98.3,198.9,148.6
"PA",42,59,"Greene County","Chlorpyrifos",25.5,25.5,25.5
"PA",42,59,"Greene County","Glyphosate",1010.5,1055.9,1033.2
"PA",42,59,"Greene County","Paraquat",14.8,42.6,28.7
"PA",42,61,"Huntingdon County","2,4-D",1333.9,1404.1,1369
"PA",42,61,"Huntingdon County","Chlorpyrifos",175.9,257.3,216.6
"PA",42,61,"Huntingdon County","Glyphosate",22867.9,23298.1,23083
"PA",42,61,"Huntingdon County","Malathion",0,89.4,44.7
"PA",42,61,"Huntingdon County","Paraquat",389.2,389.2,389.2
"PA",42,63,"Indiana County","2,4-D",1217.6,1294.2,1255.9
"PA",42,63,"Indiana County","Chlorpyrifos",116.5,870.4,493.45
"PA",42,63,"Indiana County","Glyphosate",14594,14720.6,14657.3
"PA",42,63,"Indiana County","Malathion",0,126.8,63.4
"PA",42,63,"Indiana County","Paraquat",96.5,426.7,261.6
"PA",42,65,"Jefferson County","2,4-D",469.8,509.6,489.7
"PA",42,65,"Jefferson County","Chlorpyrifos",51.2,648.4,349.8
"PA",42,65,"Jefferson County","Glyphosate",4753.3,4826.7,4790
"PA",42,65,"Jefferson County","Malathion",0,96.4,48.2
"PA",42,65,"Jefferson County","Paraquat",44.1,144.9,94.5
"PA",42,67,"Juniata County","2,4-D",1482.8,1560.4,1521.6
"PA",42,67,"Juniata County","Chlorpyrifos",163.2,222.7,192.95
"PA",42,67,"Juniata County","Glyphosate",22958.8,23228.3,23093.55
"PA",42,67,"Juniata County","Malathion",0,57.2,28.6
"PA",42,67,"Juniata County","Paraquat",370.5,370.5,370.5
"PA",42,69,"Lackawanna County","2,4-D",657.4,834.7,746.05
"PA",42,69,"Lackawanna County","Chlorpyrifos",188.5,190.1,189.3
"PA",42,69,"Lackawanna County","Glyphosate",5769.9,5866.1,5818
"PA",42,69,"Lackawanna County","Malathion",22.9,36.3,29.6
"PA",42,69,"Lackawanna County","Paraquat",27.8,88.2,58
"PA",42,71,"Lancaster County","2,4-D",5250.7,5250.7,5250.7
"PA",42,71,"Lancaster County","Chlorpyrifos",491.6,1268.9,880.25
"PA",42,71,"Lancaster County","Glyphosate",100892.4,101169.3,101030.85
"PA",42,71,"Lancaster County","Paraquat",5319.9,5587.1,5453.5
"PA",42,73,"Lawrence County","2,4-D",1021.9,1037.5,1029.7
"PA",42,73,"Lawrence County","Chlorpyrifos",106.9,740.7,423.8
"PA",42,73,"Lawrence County","Glyphosate",10229.7,10285.4,10257.55
"PA",42,73,"Lawrence County","Malathion",0,94.9,47.45
"PA",42,73,"Lawrence County","Paraquat",43.7,277.5,160.6
"PA",42,75,"Lebanon County","2,4-D",1625.3,1625.3,1625.3
"PA",42,75,"Lebanon County","Chlorpyrifos",103.1,317.5,210.3
"PA",42,75,"Lebanon County","Glyphosate",37632.3,37682.5,37657.4
"PA",42,75,"Lebanon County","Paraquat",1525.4,1550.6,1538
"PA",42,77,"Lehigh County","2,4-D",9.1,1290,649.55
"PA",42,77,"Lehigh County","Chlorpyrifos",0.6,480.3,240.45
"PA",42,77,"Lehigh County","Glyphosate",23154.7,23710.7,23432.7
"PA",42,77,"Lehigh County","Malathion",0,187.9,93.95
"PA",42,77,"Lehigh County","Paraquat",1.6,815.8,408.7
"PA",42,79,"Luzerne County","2,4-D",6.4,521.5,263.95
"PA",42,79,"Luzerne County","Chlorpyrifos",1.3,249.5,125.4
"PA",42,79,"Luzerne County","Glyphosate",7488,7871.8,7679.9
"PA",42,79,"Luzerne County","Malathion",0,119.7,59.85
"PA",42,79,"Luzerne County","Paraquat",3.8,389.3,196.55
"PA",42,81,"Lycoming County","2,4-D",956,1473.3,1214.65
"PA",42,81,"Lycoming County","Chlorpyrifos",78,356.1,217.05
"PA",42,81,"Lycoming County","Glyphosate",30933.5,30959.1,30946.3
"PA",42,81,"Lycoming County","Malathion",108.4,108.4,108.4
"PA",42,81,"Lycoming County","Paraquat",49.6,483,266.3
"PA",42,83,"McKean County","2,4-D",282.8,294.2,288.5
"PA",42,83,"McKean County","Chlorpyrifos",2.7,19.4,11.05
"PA",42,83,"McKean County","Glyphosate",952.7,957.9,955.3
"PA",42,83,"McKean County","Malathion",20.7,20.7,20.7
"PA",42,83,"McKean County","Paraquat",1.5,27,14.25
"PA",42,85,"Mercer County","2,4-D",1647.8,1655.4,1651.6
"PA",42,85,"Mercer County","Chlorpyrifos",1.3,925.3,463.3
"PA",42,85,"Mercer County","Glyphosate",14076.8,14593.9,14335.35
"PA",42,85,"Mercer County","Malathion",0,87.3,43.65
"PA",42,85,"Mercer County","Paraquat",2.1,282,142.05
"PA",42,87,"Mifflin County","2,4-D",1240.7,1309.7,1275.2
"PA",42,87,"Mifflin County","Chlorpyrifos",153.4,215.9,184.65
"PA",42,87,"Mifflin County","Glyphosate",20125,20384.6,20254.8
"PA",42,87,"Mifflin County","Malathion",0,50.5,25.25
"PA",42,87,"Mifflin County","Paraquat",348.3,348.3,348.3
"PA",42,89,"Monroe County","2,4-D",2.8,236.9,119.85
"PA",42,89,"Monroe County","Chlorpyrifos",0.9,92.3,46.6
"PA",42,89,"Monroe County","Glyphosate",3734.4,3847.5,3790.95
"PA",42,89,"Monroe County","Malathion",0,27.8,13.9
"PA",42,89,"Monroe County","Paraquat",0.5,142.2,71.35
"PA",42,91,"Montgomery County","2,4-D",188.9,188.9,188.9
"PA",42,91,"Montgomery County","Chlorpyrifos",39.5,65.2,52.35
"PA",42,91,"Montgomery County","Glyphosate",4120.5,4144.7,4132.6
"PA",42,91,"Montgomery County","Paraquat",191.1,209.3,200.2
"PA",42,93,"Montour County","2,4-D",674.8,689.8,682.3
"PA",42,93,"Montour County","Chlorpyrifos",63.8,83.4,73.6
"PA",42,93,"Montour County","Glyphosate",9267.9,9352.3,9310.1
"PA",42,93,"Montour County","Malathion",0,17.2,8.6
"PA",42,93,"Montour County","Paraquat",158.7,158.7,158.7
"PA",42,95,"Northampton County","2,4-D",12.2,1348.9,680.55
"PA",42,95,"Northampton County","Chlorpyrifos",0.9,496.5,248.7
"PA",42,95,"Northampton County","Glyphosate",23405.4,23793.2,23599.3
"PA",42,95,"Northampton County","Malathion",0,77.7,38.85
"PA",42,95,"Northampton County","Paraquat",2.7,762,382.35
"PA",42,97,"Northumberland County","2,4-D",2592,2875.3,2733.65
"PA",42,97,"Northumberland County","Chlorpyrifos",267.7,344.9,306.3
"PA",42,97,"Northumberland County","Glyphosate",38849,39071.1,38960.05
"PA",42,97,"Northumberland County","Malathion",0,43.5,21.75
"PA",42,97,"Northumberland County","Paraquat",652.3,652.3,652.3
"PA",42,99,"Perry County","2,4-D",1538.9,1744.9,1641.9
"PA",42,99,"Perry County","Chlorpyrifos",155.6,209.2,182.4
"PA",42,99,"Perry County","Glyphosate",24012.5,24269.4,24140.95
"PA",42,99,"Perry County","Malathion",0,51.5,25.75
"PA",42,99,"Perry County","Paraquat",383.5,383.5,383.5
"PA",42,101,"Philadelphia County","2,4-D",0.1,0.1,0.1
"PA",42,101,"Philadelphia County","Chlorpyrifos",0.2,0.2,0.2
"PA",42,101,"Philadelphia County","Glyphosate",0.3,0.6,0.45
"PA",42,101,"Philadelphia County","Paraquat",0.1,0.1,0.1
"PA",42,103,"Pike County","2,4-D",0.3,43.5,21.9
"PA",42,103,"Pike County","Chlorpyrifos",0,22.8,11.4
"PA",42,103,"Pike County","Glyphosate",396.5,415.7,406.1
"PA",42,103,"Pike County","Malathion",0,3.6,1.8
"PA",42,103,"Pike County","Paraquat",0,29.3,14.65
"PA",42,105,"Potter County","2,4-D",531.2,562.1,546.65
"PA",42,105,"Potter County","Chlorpyrifos",23.6,76.9,50.25
"PA",42,105,"Potter County","Glyphosate",4397.3,4438.7,4418
"PA",42,105,"Potter County","Malathion",56.6,56.6,56.6
"PA",42,105,"Potter County","Paraquat",10.9,121.3,66.1
"PA",42,107,"Schuylkill County","2,4-D",12.4,1185.1,598.75
"PA",42,107,"Schuylkill County","Chlorpyrifos",1.7,436.9,219.3
"PA",42,107,"Schuylkill County","Glyphosate",19037.3,19473.9,19255.6
"PA",42,107,"Schuylkill County","Malathion",0,65,32.5
"PA",42,107,"Schuylkill County","Paraquat",1.7,670.6,336.15
"PA",42,109,"Snyder County","2,4-D",1331.9,1395.6,1363.75
"PA",42,109,"Snyder County","Chlorpyrifos",171.6,271.3,221.45
"PA",42,109,"Snyder County","Glyphosate",20954.9,21236,21095.45
"PA",42,109,"Snyder County","Malathion",0,56.3,28.15
"PA",42,109,"Snyder County","Paraquat",464.2,464.2,464.2
"PA",42,111,"Somerset County","2,4-D",4299.9,4374.2,4337.05
"PA",42,111,"Somerset County","Chlorpyrifos",48.9,48.9,48.9
"PA",42,111,"Somerset County","Glyphosate",38147.9,38189.9,38168.9
"PA",42,111,"Somerset County","Paraquat",23.9,936.1,480
"PA",42,113,"Sullivan County","2,4-D",232.4,244.4,238.4
"PA",42,113,"Sullivan County","Chlorpyrifos",27.2,70.7,48.95
"PA",42,113,"Sullivan County","Glyphosate",2574.1,2580.6,2577.35
"PA",42,113,"Sullivan County","Malathion",19.1,19.1,19.1
"PA",42,113,"Sullivan County","Paraquat",13.5,76,44.75
"PA",42,115,"Susquehanna County","2,4-D",1865.1,2966.6,2415.85
"PA",42,115,"Susquehanna County","Chlorpyrifos",516.2,517.1,516.65
"PA",42,115,"Susquehanna County","Glyphosate",16210.7,16504.4,16357.55
"PA",42,115,"Susquehanna County","Malathion",7.3,39.5,23.4
"PA",42,115,"Susquehanna County","Paraquat",39.9,210.4,125.15
"PA",42,117,"Tioga County","2,4-D",1466.9,1540.8,1503.85
"PA",42,117,"Tioga County","Chlorpyrifos",28.9,188.3,108.6
"PA",42,117,"Tioga County","Glyphosate",10255.3,10260.6,10257.95
"PA",42,117,"Tioga County","Malathion",106.1,106.1,106.1
"PA",42,117,"Tioga County","Paraquat",19.7,246.7,133.2
"PA",42,119,"Union County","2,4-D",1277.2,1351.1,1314.15
"PA",42,119,"Union County","Chlorpyrifos",140.9,191.9,166.4
"PA",42,119,"Union County","Glyphosate",20236.2,20467.1,20351.65
"PA",42,119,"Union County","Malathion",0,49.6,24.8
"PA",42,119,"Union County","Paraquat",348.1,348.1,348.1
"PA",42,121,"Venango County","2,4-D",409,419.4,414.2
"PA",42,121,"Venango County","Chlorpyrifos",0,264.8,132.4
"PA",42,121,"Venango County","Glyphosate",1922.2,2088,2005.1
"PA",42,121,"Venango County","Malathion",0,38.3,19.15
"PA",42,121,"Venango County","Paraquat",4.6,57.3,30.95
"PA",42,123,"Warren County","2,4-D",669.5,679.6,674.55
"PA",42,123,"Warren County","Chlorpyrifos",0,196.6,98.3
"PA",42,123,"Warren County","Glyphosate",1649.2,1783.1,1716.15
"PA",42,123,"Warren County","Malathion",0,24.8,12.4
"PA",42,123,"Warren County","Paraquat",8.1,65.2,36.65
"PA",42,125,"Washington County","2,4-D",880.4,1032.8,956.6
"PA",42,125,"Washington County","Chlorpyrifos",97.7,97.7,97.7
"PA",42,125,"Washington County","Glyphosate",7750.9,7861.3,7806.1
"PA",42,125,"Washington County","Paraquat",74.2,262.5,168.35
"PA",42,127,"Wayne County","2,4-D",553.4,1349.8,951.6
"PA",42,127,"Wayne County","Chlorpyrifos",169.6,169.9,169.75
"PA",42,127,"Wayne County","Glyphosate",4790.7,4933.5,4862.1
"PA",42,127,"Wayne County","Malathion",11.6,23.2,17.4
"PA",42,127,"Wayne County","Paraquat",35.3,85.8,60.55
"PA",42,129,"Westmoreland County","2,4-D",3709,3772.3,3740.65
"PA",42,129,"Westmoreland County","Chlorpyrifos",91.6,91.6,91.6
"PA",42,129,"Westmoreland County","Glyphosate",30749.3,30825.7,30787.5
"PA",42,129,"Westmoreland County","Paraquat",55.7,746.1,400.9
"PA",42,131,"Wyoming County","2,4-D",2073.4,2340.5,2206.95
"PA",42,131,"Wyoming County","Chlorpyrifos",560.6,563.4,562
"PA",42,131,"Wyoming County","Glyphosate",18126.4,18313.4,18219.9
"PA",42,131,"Wyoming County","Malathion",8.7,36,22.35
"PA",42,131,"Wyoming County","Paraquat",23.5,214,118.75
"PA",42,133,"York County","2,4-D",3029.9,5595.3,4312.6
"PA",42,133,"York County","Chlorpyrifos",468.5,824.4,646.45
"PA",42,133,"York County","Glyphosate",45795.9,45876.2,45836.05
"PA",42,133,"York County","Paraquat",4965.9,4975.7,4970.8
"RI",44,1,"Bristol County","2,4-D",8.4,5.8,7.1
"RI",44,1,"Bristol County","Chlorpyrifos",0.5,0.7,0.6
"RI",44,1,"Bristol County","Glyphosate",7.2,7.2,7.2
"RI",44,1,"Bristol County","Paraquat",2.1,2.1,2.1
"RI",44,3,"Kent County","2,4-D",29.3,23.4,26.35
"RI",44,3,"Kent County","Chlorpyrifos",12.4,13.9,13.15
"RI",44,3,"Kent County","Glyphosate",64.5,65.4,64.95
"RI",44,3,"Kent County","Paraquat",14,13.3,13.65
"RI",44,5,"Newport County","2,4-D",63.4,48.4,55.9
"RI",44,5,"Newport County","Chlorpyrifos",22.3,27.3,24.8
"RI",44,5,"Newport County","Glyphosate",291.1,352.7,321.9
"RI",44,5,"Newport County","Paraquat",45.7,41.3,43.5
"RI",44,7,"Providence County","2,4-D",100.6,88.6,94.6
"RI",44,7,"Providence County","Chlorpyrifos",68.2,74.4,71.3
"RI",44,7,"Providence County","Glyphosate",175.6,180.7,178.15
"RI",44,7,"Providence County","Paraquat",63.2,62.8,63
"RI",44,9,"Washington County","2,4-D",88.9,63.7,76.3
"RI",44,9,"Washington County","Chlorpyrifos",29.1,37,33.05
"RI",44,9,"Washington County","Glyphosate",217.2,220.8,219
"RI",44,9,"Washington County","Paraquat",39.3,38.2,38.75
"SC",45,1,"Abbeville County","2,4-D",2985.1,2997.9,2991.5
"SC",45,1,"Abbeville County","Chlorpyrifos",23.6,25.2,24.4
"SC",45,1,"Abbeville County","Glyphosate",118.4,144.4,131.4
"SC",45,1,"Abbeville County","Paraquat",72.8,76.3,74.55
"SC",45,3,"Aiken County","2,4-D",3408.5,3847.8,3628.15
"SC",45,3,"Aiken County","Chlorpyrifos",52.9,129.3,91.1
"SC",45,3,"Aiken County","Glyphosate",1872.1,2156.2,2014.15
"SC",45,3,"Aiken County","Paraquat",829,1292.6,1060.8
"SC",45,5,"Allendale County","2,4-D",2757.3,3053.2,2905.25
"SC",45,5,"Allendale County","Chlorpyrifos",134.1,286.2,210.15
"SC",45,5,"Allendale County","Glyphosate",17175.6,17301.5,17238.55
"SC",45,5,"Allendale County","Paraquat",1663.9,2176.6,1920.25
"SC",45,7,"Anderson County","2,4-D",1904.3,1934.8,1919.55
"SC",45,7,"Anderson County","Chlorpyrifos",29,40.3,34.65
"SC",45,7,"Anderson County","Glyphosate",1956,3122.1,2539.05
"SC",45,7,"Anderson County","Paraquat",534.7,3106.1,1820.4
"SC",45,9,"Bamberg County","2,4-D",2901.8,3068.5,2985.15
"SC",45,9,"Bamberg County","Chlorpyrifos",60.3,174.7,117.5
"SC",45,9,"Bamberg County","Glyphosate",15627.6,15797.3,15712.45
"SC",45,9,"Bamberg County","Paraquat",1733.2,2337.1,2035.15
"SC",45,11,"Barnwell County","2,4-D",2588.7,2780.3,2684.5
"SC",45,11,"Barnwell County","Chlorpyrifos",98.1,171.7,134.9
"SC",45,11,"Barnwell County","Glyphosate",15386.6,15574.7,15480.65
"SC",45,11,"Barnwell County","Paraquat",1563,2107.2,1835.1
"SC",45,13,"Beaufort County","2,4-D",1057.3,1093.9,1075.6
"SC",45,13,"Beaufort County","Chlorpyrifos",53.2,69.3,61.25
"SC",45,13,"Beaufort County","Glyphosate",1298.1,1432.2,1365.15
"SC",45,13,"Beaufort County","Paraquat",130.4,320.9,225.65
"SC",45,15,"Berkeley County","2,4-D",1397.2,1477.8,1437.5
"SC",45,15,"Berkeley County","Chlorpyrifos",42.6,75.4,59
"SC",45,15,"Berkeley County","Glyphosate",3618.1,3714,3666.05
"SC",45,15,"Berkeley County","Paraquat",375.5,442.8,409.15
"SC",45,17,"Calhoun County","2,4-D",5612.2,5612.2,5612.2
"SC",45,17,"Calhoun County","Chlorpyrifos",137.1,740.2,438.65
"SC",45,17,"Calhoun County","Glyphosate",19746.7,19900.3,19823.5
"SC",45,17,"Calhoun County","Paraquat",3516.8,3786.2,3651.5
"SC",45,19,"Charleston County","2,4-D",1669.9,1707.4,1688.65
"SC",45,19,"Charleston County","Chlorpyrifos",23.2,38,30.6
"SC",45,19,"Charleston County","Glyphosate",1790.6,1920,1855.3
"SC",45,19,"Charleston County","Paraquat",188.9,216,202.45
"SC",45,21,"Cherokee County","2,4-D",683.8,685.3,684.55
"SC",45,21,"Cherokee County","Chlorpyrifos",1.9,1.9,1.9
"SC",45,21,"Cherokee County","Glyphosate",405,745.2,575.1
"SC",45,21,"Cherokee County","Paraquat",106.6,972.4,539.5
"SC",45,23,"Chester County","2,4-D",1071.9,1128.1,1100
"SC",45,23,"Chester County","Chlorpyrifos",78.5,105.1,91.8
"SC",45,23,"Chester County","Glyphosate",1367.6,2775.6,2071.6
"SC",45,23,"Chester County","Paraquat",348.5,1847.9,1098.2
"SC",45,25,"Chesterfield County","2,4-D",2652.2,2858.1,2755.15
"SC",45,25,"Chesterfield County","Chlorpyrifos",328.6,479.9,404.25
"SC",45,25,"Chesterfield County","Glyphosate",17594,18171.2,17882.6
"SC",45,25,"Chesterfield County","Paraquat",7431.6,8124,7777.8
"SC",45,27,"Clarendon County","2,4-D",7963.2,7963.2,7963.2
"SC",45,27,"Clarendon County","Chlorpyrifos",238,1225.1,731.55
"SC",45,27,"Clarendon County","Glyphosate",41783.4,42274.2,42028.8
"SC",45,27,"Clarendon County","Paraquat",5535.1,7161.8,6348.45
"SC",45,29,"Colleton County","2,4-D",2855.9,2984.6,2920.25
"SC",45,29,"Colleton County","Chlorpyrifos",184.1,247.9,216
"SC",45,29,"Colleton County","Glyphosate",9056,9280,9168
"SC",45,29,"Colleton County","Paraquat",873.1,1363.5,1118.3
"SC",45,31,"Darlington County","2,4-D",3187.8,3482.6,3335.2
"SC",45,31,"Darlington County","Chlorpyrifos",692.8,1265.4,979.1
"SC",45,31,"Darlington County","Glyphosate",49348.1,50659.3,50003.7
"SC",45,31,"Darlington County","Paraquat",15059.3,15269.9,15164.6
"SC",45,33,"Dillon County","2,4-D",2394.2,2936.6,2665.4
"SC",45,33,"Dillon County","Chlorpyrifos",118.3,681.4,399.85
"SC",45,33,"Dillon County","Glyphosate",50340.7,50707.5,50524.1
"SC",45,33,"Dillon County","Paraquat",18986.1,19133.3,19059.7
"SC",45,35,"Dorchester County","2,4-D",2460.9,2661.9,2561.4
"SC",45,35,"Dorchester County","Chlorpyrifos",26.3,132.9,79.6
"SC",45,35,"Dorchester County","Glyphosate",13984.2,14093.1,14038.65
"SC",45,35,"Dorchester County","Paraquat",1350,1587.9,1468.95
"SC",45,37,"Edgefield County","2,4-D",1179.7,1298.3,1239
"SC",45,37,"Edgefield County","Chlorpyrifos",101.8,120.5,111.15
"SC",45,37,"Edgefield County","Glyphosate",536.9,579.6,558.25
"SC",45,37,"Edgefield County","Paraquat",481.5,551.1,516.3
"SC",45,39,"Fairfield County","2,4-D",341.7,347.6,344.65
"SC",45,39,"Fairfield County","Chlorpyrifos",1.4,7,4.2
"SC",45,39,"Fairfield County","Glyphosate",45,426.4,235.7
"SC",45,39,"Fairfield County","Paraquat",7.1,469.5,238.3
"SC",45,41,"Florence County","2,4-D",2064.1,2644.9,2354.5
"SC",45,41,"Florence County","Chlorpyrifos",422.6,845.7,634.15
"SC",45,41,"Florence County","Glyphosate",48010.3,48563.7,48287
"SC",45,41,"Florence County","Paraquat",16063.6,16316.2,16189.9
"SC",45,43,"Georgetown County","2,4-D",814.8,873.7,844.25
"SC",45,43,"Georgetown County","Chlorpyrifos",132.8,161.8,147.3
"SC",45,43,"Georgetown County","Glyphosate",5144.4,5327.1,5235.75
"SC",45,43,"Georgetown County","Paraquat",1537.5,1783.9,1660.7
"SC",45,45,"Greenville County","2,4-D",755.3,770.1,762.7
"SC",45,45,"Greenville County","Chlorpyrifos",91.7,97.5,94.6
"SC",45,45,"Greenville County","Glyphosate",225.8,592,408.9
"SC",45,45,"Greenville County","Paraquat",169,1099.7,634.35
"SC",45,47,"Greenwood County","2,4-D",1645.7,1650.1,1647.9
"SC",45,47,"Greenwood County","Chlorpyrifos",19.1,19.1,19.1
"SC",45,47,"Greenwood County","Glyphosate",46.4,59.9,53.15
"SC",45,47,"Greenwood County","Paraquat",28.2,29.2,28.7
"SC",45,49,"Hampton County","2,4-D",3442,3612.8,3527.4
"SC",45,49,"Hampton County","Chlorpyrifos",17.9,125.2,71.55
"SC",45,49,"Hampton County","Glyphosate",21964.8,22132,22048.4
"SC",45,49,"Hampton County","Paraquat",2067.3,2714.8,2391.05
"SC",45,51,"Horry County","2,4-D",2557.6,3302,2929.8
"SC",45,51,"Horry County","Chlorpyrifos",2137.7,2862.5,2500.1
"SC",45,51,"Horry County","Glyphosate",49632.7,50279.5,49956.1
"SC",45,51,"Horry County","Paraquat",18180.7,18820.4,18500.55
"SC",45,53,"Jasper County","2,4-D",1079.1,1092.4,1085.75
"SC",45,53,"Jasper County","Chlorpyrifos",4.5,7.3,5.9
"SC",45,53,"Jasper County","Glyphosate",343.2,436.4,389.8
"SC",45,53,"Jasper County","Paraquat",41.4,51,46.2
"SC",45,55,"Kershaw County","2,4-D",361.8,494.1,427.95
"SC",45,55,"Kershaw County","Chlorpyrifos",5.8,45.4,25.6
"SC",45,55,"Kershaw County","Glyphosate",796.9,2039.2,1418.05
"SC",45,55,"Kershaw County","Paraquat",342.4,1436.9,889.65
"SC",45,57,"Lancaster County","2,4-D",653.1,752.8,702.95
"SC",45,57,"Lancaster County","Chlorpyrifos",26.5,51.6,39.05
"SC",45,57,"Lancaster County","Glyphosate",560.2,1750.4,1155.3
"SC",45,57,"Lancaster County","Paraquat",183.7,1477.8,830.75
"SC",45,59,"Laurens County","2,4-D",1294.8,1295.2,1295
"SC",45,59,"Laurens County","Chlorpyrifos",55.5,54.7,55.1
"SC",45,59,"Laurens County","Glyphosate",153.4,815.4,484.4
"SC",45,59,"Laurens County","Paraquat",129.1,1634.1,881.6
"SC",45,61,"Lee County","2,4-D",6416.8,6416.8,6416.8
"SC",45,61,"Lee County","Chlorpyrifos",265.6,841.5,553.55
"SC",45,61,"Lee County","Glyphosate",39905.4,40619.6,40262.5
"SC",45,61,"Lee County","Paraquat",5440.3,7637,6538.65
"SC",45,63,"Lexington County","2,4-D",2652.2,2652.2,2652.2
"SC",45,63,"Lexington County","Chlorpyrifos",106.1,319.6,212.85
"SC",45,63,"Lexington County","Glyphosate",6160.5,6899.8,6530.15
"SC",45,63,"Lexington County","Paraquat",901.4,1119.8,1010.6
"SC",45,65,"McCormick County","2,4-D",489.5,489.9,489.7
"SC",45,65,"McCormick County","Chlorpyrifos",0,0.1,0.05
"SC",45,65,"McCormick County","Glyphosate",1.4,5.4,3.4
"SC",45,65,"McCormick County","Paraquat",0.6,0.7,0.65
"SC",45,67,"Marion County","2,4-D",1667.9,1919.7,1793.8
"SC",45,67,"Marion County","Chlorpyrifos",455.5,842,648.75
"SC",45,67,"Marion County","Glyphosate",23299.3,23721.1,23510.2
"SC",45,67,"Marion County","Paraquat",8765.3,9029,8897.15
"SC",45,69,"Marlboro County","2,4-D",2329.7,2676.3,2503
"SC",45,69,"Marlboro County","Chlorpyrifos",306.6,771.1,538.85
"SC",45,69,"Marlboro County","Glyphosate",40616.6,40834.8,40725.7
"SC",45,69,"Marlboro County","Paraquat",13623.2,13832.8,13728
"SC",45,71,"Newberry County","2,4-D",2480.4,2861.2,2670.8
"SC",45,71,"Newberry County","Chlorpyrifos",37,97.4,67.2
"SC",45,71,"Newberry County","Glyphosate",1845.2,3242.6,2543.9
"SC",45,71,"Newberry County","Paraquat",1080.1,1144.3,1112.2
"SC",45,73,"Oconee County","2,4-D",861.4,886.4,873.9
"SC",45,73,"Oconee County","Chlorpyrifos",111,121.7,116.35
"SC",45,73,"Oconee County","Glyphosate",567.1,959.4,763.25
"SC",45,73,"Oconee County","Paraquat",197.6,1312.7,755.15
"SC",45,75,"Orangeburg County","2,4-D",12339.4,12339.4,12339.4
"SC",45,75,"Orangeburg County","Chlorpyrifos",19.1,1682.5,850.8
"SC",45,75,"Orangeburg County","Glyphosate",49945.7,50571,50258.35
"SC",45,75,"Orangeburg County","Paraquat",7341.2,8331.4,7836.3
"SC",45,77,"Pickens County","2,4-D",446.3,469.6,457.95
"SC",45,77,"Pickens County","Chlorpyrifos",25.4,35.4,30.4
"SC",45,77,"Pickens County","Glyphosate",137.6,375.8,256.7
"SC",45,77,"Pickens County","Paraquat",13.6,695.6,354.6
"SC",45,79,"Richland County","2,4-D",2816.8,2816.8,2816.8
"SC",45,79,"Richland County","Chlorpyrifos",3.8,333.9,168.85
"SC",45,79,"Richland County","Glyphosate",7444.5,7693.7,7569.1
"SC",45,79,"Richland County","Paraquat",929,1422.4,1175.7
"SC",45,81,"Saluda County","2,4-D",4573.3,4689.6,4631.45
"SC",45,81,"Saluda County","Chlorpyrifos",2704.4,2720.1,2712.25
"SC",45,81,"Saluda County","Glyphosate",720.3,1306.7,1013.5
"SC",45,81,"Saluda County","Paraquat",5046.1,5072.9,5059.5
"SC",45,83,"Spartanburg County","2,4-D",1353.2,1396.8,1375
"SC",45,83,"Spartanburg County","Chlorpyrifos",485.3,502.9,494.1
"SC",45,83,"Spartanburg County","Glyphosate",1433.9,2025.4,1729.65
"SC",45,83,"Spartanburg County","Paraquat",766.3,2347.3,1556.8
"SC",45,85,"Sumter County","2,4-D",5980.8,5980.8,5980.8
"SC",45,85,"Sumter County","Chlorpyrifos",3.2,697.5,350.35
"SC",45,85,"Sumter County","Glyphosate",34169.5,34845.2,34507.35
"SC",45,85,"Sumter County","Paraquat",3973.7,5528.7,4751.2
"SC",45,87,"Union County","2,4-D",491.8,493.3,492.55
"SC",45,87,"Union County","Chlorpyrifos",3.7,4.3,4
"SC",45,87,"Union County","Glyphosate",11.5,277.5,144.5
"SC",45,87,"Union County","Paraquat",14.2,620.7,317.45
"SC",45,89,"Williamsburg County","2,4-D",2698.4,3082.3,2890.35
"SC",45,89,"Williamsburg County","Chlorpyrifos",355.7,750.1,552.9
"SC",45,89,"Williamsburg County","Glyphosate",42949.8,43407.4,43178.6
"SC",45,89,"Williamsburg County","Paraquat",13029,13451.9,13240.45
"SC",45,91,"York County","2,4-D",1435.1,1536.7,1485.9
"SC",45,91,"York County","Chlorpyrifos",359.6,393.5,376.55
"SC",45,91,"York County","Glyphosate",2634.6,4514.8,3574.7
"SC",45,91,"York County","Paraquat",490,2469.5,1479.75
"SD",46,3,"Aurora County","2,4-D",16516.6,18255.8,17386.2
"SD",46,3,"Aurora County","Chlorpyrifos",3074.3,3395.4,3234.85
"SD",46,3,"Aurora County","Glyphosate",170411.5,170595.2,170503.35
"SD",46,3,"Aurora County","Paraquat",0,129.4,64.7
"SD",46,5,"Beadle County","2,4-D",35922.2,38382.6,37152.4
"SD",46,5,"Beadle County","Chlorpyrifos",8820.8,9114.9,8967.85
"SD",46,5,"Beadle County","Glyphosate",440006.1,440206.5,440106.3
"SD",46,5,"Beadle County","Paraquat",0,53.5,26.75
"SD",46,7,"Bennett County","2,4-D",3289.5,3310,3299.75
"SD",46,7,"Bennett County","Chlorpyrifos",855.4,1492.3,1173.85
"SD",46,7,"Bennett County","Glyphosate",23042.6,23042.6,23042.6
"SD",46,7,"Bennett County","Paraquat",318.6,326.3,322.45
"SD",46,9,"Bon Homme County","2,4-D",4889.6,5051.7,4970.65
"SD",46,9,"Bon Homme County","Chlorpyrifos",0,2040,1020
"SD",46,9,"Bon Homme County","Glyphosate",129063.8,129911.5,129487.65
"SD",46,9,"Bon Homme County","Paraquat",0,1910.7,955.35
"SD",46,11,"Brookings County","2,4-D",9971.6,11191.8,10581.7
"SD",46,11,"Brookings County","Chlorpyrifos",719.2,1291.7,1005.45
"SD",46,11,"Brookings County","Glyphosate",158400.8,158776.4,158588.6
"SD",46,11,"Brookings County","Paraquat",0,2085.6,1042.8
"SD",46,13,"Brown County","2,4-D",22817.3,35942.6,29379.95
"SD",46,13,"Brown County","Chlorpyrifos",648.6,1890.7,1269.65
"SD",46,13,"Brown County","Glyphosate",537204.2,537204.2,537204.2
"SD",46,13,"Brown County","Paraquat",28.2,42,35.1
"SD",46,15,"Brule County","2,4-D",15314.4,17246.4,16280.4
"SD",46,15,"Brule County","Chlorpyrifos",3072.6,3578.1,3325.35
"SD",46,15,"Brule County","Glyphosate",160831.9,160993.4,160912.65
"SD",46,15,"Brule County","Paraquat",0,215.5,107.75
"SD",46,17,"Buffalo County","2,4-D",4872.7,5586.6,5229.65
"SD",46,17,"Buffalo County","Chlorpyrifos",700.9,896.5,798.7
"SD",46,17,"Buffalo County","Glyphosate",45002.2,45048.1,45025.15
"SD",46,17,"Buffalo County","Paraquat",0,70.7,35.35
"SD",46,19,"Butte County","2,4-D",1405.1,1884.2,1644.65
"SD",46,19,"Butte County","Chlorpyrifos",15.9,546.3,281.1
"SD",46,19,"Butte County","Glyphosate",9065.5,9084.7,9075.1
"SD",46,19,"Butte County","Paraquat",0.5,2.8,1.65
"SD",46,21,"Campbell County","2,4-D",4494.7,6573.6,5534.15
"SD",46,21,"Campbell County","Chlorpyrifos",534.1,1086,810.05
"SD",46,21,"Campbell County","Glyphosate",112846.4,112846.4,112846.4
"SD",46,21,"Campbell County","Paraquat",1.7,24.7,13.2
"SD",46,23,"Charles Mix County","2,4-D",7205.5,9374.7,8290.1
"SD",46,23,"Charles Mix County","Chlorpyrifos",0,3161,1580.5
"SD",46,23,"Charles Mix County","Glyphosate",185386.4,191308.7,188347.55
"SD",46,23,"Charles Mix County","Paraquat",0,2825.1,1412.55
"SD",46,25,"Clark County","2,4-D",5894.3,7697.6,6795.95
"SD",46,25,"Clark County","Chlorpyrifos",427.7,854.4,641.05
"SD",46,25,"Clark County","Glyphosate",144436.7,145910.5,145173.6
"SD",46,25,"Clark County","Malathion",1.1,1.1,1.1
"SD",46,25,"Clark County","Paraquat",0,10.4,5.2
"SD",46,27,"Clay County","2,4-D",3048.8,3150.6,3099.7
"SD",46,27,"Clay County","Chlorpyrifos",0,1840,920
"SD",46,27,"Clay County","Glyphosate",114144.2,114512.2,114328.2
"SD",46,27,"Clay County","Paraquat",0,1653.9,826.95
"SD",46,29,"Codington County","2,4-D",3988,5142.5,4565.25
"SD",46,29,"Codington County","Chlorpyrifos",369.8,686.2,528
"SD",46,29,"Codington County","Glyphosate",93152.1,94218.7,93685.4
"SD",46,29,"Codington County","Malathion",1.9,1.9,1.9
"SD",46,29,"Codington County","Paraquat",6.6,18.4,12.5
"SD",46,31,"Corson County","2,4-D",6166,7291.6,6728.8
"SD",46,31,"Corson County","Chlorpyrifos",21.6,2679.6,1350.6
"SD",46,31,"Corson County","Glyphosate",31925.4,32038.3,31981.85
"SD",46,31,"Corson County","Paraquat",5.4,664.8,335.1
"SD",46,33,"Custer County","2,4-D",891.8,891.8,891.8
"SD",46,33,"Custer County","Chlorpyrifos",383.3,415.4,399.35
"SD",46,33,"Custer County","Glyphosate",3863.9,3863.9,3863.9
"SD",46,33,"Custer County","Paraquat",16,28.1,22.05
"SD",46,35,"Davison County","2,4-D",5853.5,7152.9,6503.2
"SD",46,35,"Davison County","Chlorpyrifos",261.7,641.9,451.8
"SD",46,35,"Davison County","Glyphosate",97428.8,97644.8,97536.8
"SD",46,35,"Davison County","Paraquat",0,1310.9,655.45
"SD",46,37,"Day County","2,4-D",6101.2,8362.3,7231.75
"SD",46,37,"Day County","Chlorpyrifos",556,923.3,739.65
"SD",46,37,"Day County","Glyphosate",134304,136395.8,135349.9
"SD",46,37,"Day County","Malathion",1.1,1.1,1.1
"SD",46,37,"Day County","Paraquat",8.4,26.4,17.4
"SD",46,39,"Deuel County","2,4-D",3875.1,4804.7,4339.9
"SD",46,39,"Deuel County","Chlorpyrifos",235.4,551.1,393.25
"SD",46,39,"Deuel County","Glyphosate",87684,88749.2,88216.6
"SD",46,39,"Deuel County","Malathion",0.7,0.7,0.7
"SD",46,39,"Deuel County","Paraquat",5.5,11.5,8.5
"SD",46,41,"Dewey County","2,4-D",4633.5,5523.6,5078.55
"SD",46,41,"Dewey County","Chlorpyrifos",3.2,1882.2,942.7
"SD",46,41,"Dewey County","Glyphosate",21550.1,21585.9,21568
"SD",46,41,"Dewey County","Paraquat",1.1,392.7,196.9
"SD",46,43,"Douglas County","2,4-D",3072.9,3361.1,3217
"SD",46,43,"Douglas County","Chlorpyrifos",0,1485.5,742.75
"SD",46,43,"Douglas County","Glyphosate",91039,92130.3,91584.65
"SD",46,43,"Douglas County","Paraquat",0,1392.7,696.35
"SD",46,45,"Edmunds County","2,4-D",11055.4,18973.1,15014.25
"SD",46,45,"Edmunds County","Chlorpyrifos",830.1,1739.1,1284.6
"SD",46,45,"Edmunds County","Glyphosate",308701.6,308701.6,308701.6
"SD",46,45,"Edmunds County","Paraquat",0,26.4,13.2
"SD",46,47,"Fall River County","2,4-D",601.5,601.5,601.5
"SD",46,47,"Fall River County","Chlorpyrifos",428.4,558.2,493.3
"SD",46,47,"Fall River County","Glyphosate",2783.5,2783.5,2783.5
"SD",46,47,"Fall River County","Paraquat",64.8,67.2,66
"SD",46,49,"Faulk County","2,4-D",7788.7,13468.3,10628.5
"SD",46,49,"Faulk County","Chlorpyrifos",680.7,1423.3,1052
"SD",46,49,"Faulk County","Glyphosate",221334.8,221334.8,221334.8
"SD",46,49,"Faulk County","Paraquat",4.6,29.8,17.2
"SD",46,51,"Grant County","2,4-D",4886.3,5827.8,5357.05
"SD",46,51,"Grant County","Chlorpyrifos",336,658.1,497.05
"SD",46,51,"Grant County","Glyphosate",96331.2,97213.1,96772.15
"SD",46,51,"Grant County","Malathion",0.9,0.9,0.9
"SD",46,51,"Grant County","Paraquat",6.8,18,12.4
"SD",46,53,"Gregory County","2,4-D",2000.4,9369.2,5684.8
"SD",46,53,"Gregory County","Chlorpyrifos",0,2101.8,1050.9
"SD",46,53,"Gregory County","Glyphosate",71136.2,71136.2,71136.2
"SD",46,53,"Gregory County","Paraquat",282.8,282.8,282.8
"SD",46,55,"Haakon County","2,4-D",55,9255.2,4655.1
"SD",46,55,"Haakon County","Chlorpyrifos",0,3054.4,1527.2
"SD",46,55,"Haakon County","Glyphosate",71329.7,95233.3,83281.5
"SD",46,55,"Haakon County","Paraquat",0,869.4,434.7
"SD",46,57,"Hamlin County","2,4-D",1993.8,2826.2,2410
"SD",46,57,"Hamlin County","Chlorpyrifos",213.6,500.1,356.85
"SD",46,57,"Hamlin County","Glyphosate",97200,97924.4,97562.2
"SD",46,57,"Hamlin County","Paraquat",0,2.8,1.4
"SD",46,59,"Hand County","2,4-D",32267.3,35461.8,33864.55
"SD",46,59,"Hand County","Chlorpyrifos",7543.1,8658.5,8100.8
"SD",46,59,"Hand County","Glyphosate",364880.9,365145.3,365013.1
"SD",46,59,"Hand County","Paraquat",0,202.6,101.3
"SD",46,61,"Hanson County","2,4-D",5818.7,6389.6,6104.15
"SD",46,61,"Hanson County","Chlorpyrifos",264.3,684.3,474.3
"SD",46,61,"Hanson County","Glyphosate",106720.7,106940.7,106830.7
"SD",46,61,"Hanson County","Paraquat",0,1448.8,724.4
"SD",46,63,"Harding County","2,4-D",2161.4,2963.2,2562.3
"SD",46,63,"Harding County","Chlorpyrifos",0,796.7,398.35
"SD",46,63,"Harding County","Glyphosate",4238.8,4543.4,4391.1
"SD",46,63,"Harding County","Paraquat",9.6,37.8,23.7
"SD",46,65,"Hughes County","2,4-D",9381.1,12400.1,10890.6
"SD",46,65,"Hughes County","Chlorpyrifos",3035.8,3802.3,3419.05
"SD",46,65,"Hughes County","Glyphosate",114449.8,114509.8,114479.8
"SD",46,65,"Hughes County","Paraquat",0,196.3,98.15
"SD",46,67,"Hutchinson County","2,4-D",6350.8,6532.2,6441.5
"SD",46,67,"Hutchinson County","Chlorpyrifos",0,3317.2,1658.6
"SD",46,67,"Hutchinson County","Glyphosate",206421.3,207389,206905.15
"SD",46,67,"Hutchinson County","Paraquat",0,3009.9,1504.95
"SD",46,69,"Hyde County","2,4-D",8999.9,11090,10044.95
"SD",46,69,"Hyde County","Chlorpyrifos",1250.5,2025.5,1638
"SD",46,69,"Hyde County","Glyphosate",81061.5,81237.8,81149.65
"SD",46,69,"Hyde County","Paraquat",0,206,103
"SD",46,71,"Jackson County","2,4-D",1744.8,5264.8,3504.8
"SD",46,71,"Jackson County","Chlorpyrifos",0,1940.7,970.35
"SD",46,71,"Jackson County","Glyphosate",33262.6,39285.1,36273.85
"SD",46,71,"Jackson County","Paraquat",1.4,329.5,165.45
"SD",46,73,"Jerauld County","2,4-D",14111.4,16104.5,15107.95
"SD",46,73,"Jerauld County","Chlorpyrifos",1964.2,2286.5,2125.35
"SD",46,73,"Jerauld County","Glyphosate",113525.5,113711.4,113618.45
"SD",46,73,"Jerauld County","Paraquat",0,108,54
"SD",46,75,"Jones County","2,4-D",5550.3,8100.7,6825.5
"SD",46,75,"Jones County","Chlorpyrifos",0,2077.5,1038.75
"SD",46,75,"Jones County","Glyphosate",47543.4,47540.9,47542.15
"SD",46,75,"Jones County","Paraquat",568.5,568.5,568.5
"SD",46,77,"Kingsbury County","2,4-D",12887.8,14242.4,13565.1
"SD",46,77,"Kingsbury County","Chlorpyrifos",830.5,1494.2,1162.35
"SD",46,77,"Kingsbury County","Glyphosate",184880.9,185369,185124.95
"SD",46,77,"Kingsbury County","Paraquat",0,2433.7,1216.85
"SD",46,79,"Lake County","2,4-D",4604.4,5424.6,5014.5
"SD",46,79,"Lake County","Chlorpyrifos",347.2,882.1,614.65
"SD",46,79,"Lake County","Glyphosate",140486.2,140651.4,140568.8
"SD",46,79,"Lake County","Paraquat",0,1891.7,945.85
"SD",46,81,"Lawrence County","2,4-D",12.2,152,82.1
"SD",46,81,"Lawrence County","Chlorpyrifos",0,291.1,145.55
"SD",46,81,"Lawrence County","Glyphosate",1155.4,1302,1228.7
"SD",46,81,"Lawrence County","Paraquat",0,4.7,2.35
"SD",46,83,"Lincoln County","2,4-D",3988.2,4008.3,3998.25
"SD",46,83,"Lincoln County","Chlorpyrifos",0,2575.3,1287.65
"SD",46,83,"Lincoln County","Glyphosate",160403.1,160595.5,160499.3
"SD",46,83,"Lincoln County","Paraquat",0,2295.1,1147.55
"SD",46,85,"Lyman County","2,4-D",21809,25377,23593
"SD",46,85,"Lyman County","Chlorpyrifos",0,3359.9,1679.95
"SD",46,85,"Lyman County","Glyphosate",152793.9,152783.6,152788.75
"SD",46,85,"Lyman County","Paraquat",723.6,723.6,723.6
"SD",46,87,"McCook County","2,4-D",5366.6,6091.8,5729.2
"SD",46,87,"McCook County","Chlorpyrifos",322.1,912.9,617.5
"SD",46,87,"McCook County","Glyphosate",147487.6,147685.6,147586.6
"SD",46,87,"McCook County","Paraquat",0,2017.8,1008.9
"SD",46,89,"McPherson County","2,4-D",5835.4,9262.1,7548.75
"SD",46,89,"McPherson County","Chlorpyrifos",570.6,1304.9,937.75
"SD",46,89,"McPherson County","Glyphosate",148495.2,148495.2,148495.2
"SD",46,89,"McPherson County","Paraquat",0,22.6,11.3
"SD",46,91,"Marshall County","2,4-D",5477.1,6705.1,6091.1
"SD",46,91,"Marshall County","Chlorpyrifos",246.2,577.6,411.9
"SD",46,91,"Marshall County","Glyphosate",98064.1,99118.1,98591.1
"SD",46,91,"Marshall County","Malathion",0.1,0.1,0.1
"SD",46,91,"Marshall County","Paraquat",6.4,12.2,9.3
"SD",46,93,"Meade County","2,4-D",4058.7,9064,6561.35
"SD",46,93,"Meade County","Chlorpyrifos",6.2,3644,1825.1
"SD",46,93,"Meade County","Glyphosate",63270.5,72207.6,67739.05
"SD",46,93,"Meade County","Paraquat",0,359.1,179.55
"SD",46,95,"Mellette County","2,4-D",5560.8,9092.8,7326.8
"SD",46,95,"Mellette County","Chlorpyrifos",0,1029.3,514.65
"SD",46,95,"Mellette County","Glyphosate",31461.5,31461.4,31461.45
"SD",46,95,"Mellette County","Paraquat",221.4,221.4,221.4
"SD",46,97,"Miner County","2,4-D",11037.4,12132,11584.7
"SD",46,97,"Miner County","Chlorpyrifos",266.3,659.9,463.1
"SD",46,97,"Miner County","Glyphosate",101629,102067.8,101848.4
"SD",46,97,"Miner County","Paraquat",0,1368.9,684.45
"SD",46,99,"Minnehaha County","2,4-D",6694.2,8204.7,7449.45
"SD",46,99,"Minnehaha County","Chlorpyrifos",426.4,1176.8,801.6
"SD",46,99,"Minnehaha County","Glyphosate",184363.6,184612.8,184488.2
"SD",46,99,"Minnehaha County","Paraquat",0,2535.4,1267.7
"SD",46,101,"Moody County","2,4-D",3848.9,4638.2,4243.55
"SD",46,101,"Moody County","Chlorpyrifos",307.7,889.1,598.4
"SD",46,101,"Moody County","Glyphosate",138381.9,138516.7,138449.3
"SD",46,101,"Moody County","Paraquat",0,1921.4,960.7
"SD",46,103,"Pennington County","2,4-D",3863.2,7992.4,5927.8
"SD",46,103,"Pennington County","Chlorpyrifos",31.3,2050,1040.65
"SD",46,103,"Pennington County","Glyphosate",75772.6,81776.2,78774.4
"SD",46,103,"Pennington County","Paraquat",3.4,351.5,177.45
"SD",46,105,"Perkins County","2,4-D",6105.7,7634.1,6869.9
"SD",46,105,"Perkins County","Chlorpyrifos",5.9,2062.5,1034.2
"SD",46,105,"Perkins County","Glyphosate",21572.2,22340.1,21956.15
"SD",46,105,"Perkins County","Paraquat",14.4,229.3,121.85
"SD",46,107,"Potter County","2,4-D",8025.6,12935.2,10480.4
"SD",46,107,"Potter County","Chlorpyrifos",2210.6,3226.6,2718.6
"SD",46,107,"Potter County","Glyphosate",206910.1,206910.1,206910.1
"SD",46,107,"Potter County","Paraquat",11.1,47.5,29.3
"SD",46,109,"Roberts County","2,4-D",5935.5,7816,6875.75
"SD",46,109,"Roberts County","Chlorpyrifos",506.8,948.6,727.7
"SD",46,109,"Roberts County","Glyphosate",165047.8,166221,165634.4
"SD",46,109,"Roberts County","Malathion",1.4,1.4,1.4
"SD",46,109,"Roberts County","Paraquat",0,12.2,6.1
"SD",46,111,"Sanborn County","2,4-D",15583,17215.3,16399.15
"SD",46,111,"Sanborn County","Chlorpyrifos",312.9,637,474.95
"SD",46,111,"Sanborn County","Glyphosate",88232.2,88750.7,88491.45
"SD",46,111,"Sanborn County","Paraquat",0,1077.6,538.8
"SD",46,113,"Shannon County","2,4-D",6464,6469.4,6466.7
"SD",46,113,"Shannon County","Chlorpyrifos",314.4,665.3,489.85
"SD",46,113,"Shannon County","Glyphosate",20096.8,20096.8,20096.8
"SD",46,113,"Shannon County","Paraquat",175.3,312.8,244.05
"SD",46,115,"Spink County","2,4-D",18733,31112.1,24922.55
"SD",46,115,"Spink County","Chlorpyrifos",864.1,2098.8,1481.45
"SD",46,115,"Spink County","Glyphosate",486998.8,486998.8,486998.8
"SD",46,115,"Spink County","Paraquat",17,40.6,28.8
"SD",46,117,"Stanley County","2,4-D",233.5,6597.6,3415.55
"SD",46,117,"Stanley County","Chlorpyrifos",64.2,2137.7,1100.95
"SD",46,117,"Stanley County","Glyphosate",36169.3,56549.6,46359.45
"SD",46,117,"Stanley County","Paraquat",0,619.1,309.55
"SD",46,119,"Sully County","2,4-D",17745,22384,20064.5
"SD",46,119,"Sully County","Chlorpyrifos",5011.8,7477.8,6244.8
"SD",46,119,"Sully County","Glyphosate",206740.1,206769.8,206754.95
"SD",46,119,"Sully County","Paraquat",0,591.4,295.7
"SD",46,121,"Todd County","2,4-D",2900.3,7448.6,5174.45
"SD",46,121,"Todd County","Chlorpyrifos",0,1061.4,530.7
"SD",46,121,"Todd County","Glyphosate",27199.3,27197.9,27198.6
"SD",46,121,"Todd County","Paraquat",65.2,65.2,65.2
"SD",46,123,"Tripp County","2,4-D",7234.1,17354,12294.05
"SD",46,123,"Tripp County","Chlorpyrifos",0,3274.8,1637.4
"SD",46,123,"Tripp County","Glyphosate",121930.5,121925.3,121927.9
"SD",46,123,"Tripp County","Paraquat",659.6,659.6,659.6
"SD",46,125,"Turner County","2,4-D",4327.6,4382.7,4355.15
"SD",46,125,"Turner County","Chlorpyrifos",0.1,2673.8,1336.95
"SD",46,125,"Turner County","Glyphosate",167819.5,168189.3,168004.4
"SD",46,125,"Turner County","Paraquat",0,2418.4,1209.2
"SD",46,127,"Union County","2,4-D",3409.2,3422.6,3415.9
"SD",46,127,"Union County","Chlorpyrifos",0,2125.5,1062.75
"SD",46,127,"Union County","Glyphosate",132802.5,132973.7,132888.1
"SD",46,127,"Union County","Paraquat",0,1904.6,952.3
"SD",46,129,"Walworth County","2,4-D",5198.7,7937.2,6567.95
"SD",46,129,"Walworth County","Chlorpyrifos",267,935.9,601.45
"SD",46,129,"Walworth County","Glyphosate",120878.1,120878.1,120878.1
"SD",46,129,"Walworth County","Paraquat",9.8,38.7,24.25
"SD",46,135,"Yankton County","2,4-D",3988.6,4026.9,4007.75
"SD",46,135,"Yankton County","Chlorpyrifos",0,1831.6,915.8
"SD",46,135,"Yankton County","Glyphosate",115483.8,115913.1,115698.45
"SD",46,135,"Yankton County","Paraquat",0,1674,837
"SD",46,137,"Ziebach County","2,4-D",6864.5,7403.7,7134.1
"SD",46,137,"Ziebach County","Chlorpyrifos",2.6,1614.3,808.45
"SD",46,137,"Ziebach County","Glyphosate",16896.7,16913.2,16904.95
"SD",46,137,"Ziebach County","Paraquat",0.6,162.8,81.7
"TN",47,1,"Anderson County","2,4-D",391.7,391.7,391.7
"TN",47,1,"Anderson County","Chlorpyrifos",6.5,6.6,6.55
"TN",47,1,"Anderson County","Glyphosate",2.6,19.9,11.25
"TN",47,1,"Anderson County","Paraquat",3.8,48.8,26.3
"TN",47,3,"Bedford County","2,4-D",10875.6,11019.7,10947.65
"TN",47,3,"Bedford County","Chlorpyrifos",2.4,104.4,53.4
"TN",47,3,"Bedford County","Glyphosate",24788.5,25967.4,25377.95
"TN",47,3,"Bedford County","Paraquat",11.6,1129.4,570.5
"TN",47,5,"Benton County","2,4-D",1377.5,1377.5,1377.5
"TN",47,5,"Benton County","Chlorpyrifos",9.5,9.5,9.5
"TN",47,5,"Benton County","Glyphosate",16335,16875.4,16605.2
"TN",47,5,"Benton County","Paraquat",1046.4,1046.4,1046.4
"TN",47,7,"Bledsoe County","2,4-D",3491.5,3512.7,3502.1
"TN",47,7,"Bledsoe County","Chlorpyrifos",2.2,36.9,19.55
"TN",47,7,"Bledsoe County","Glyphosate",5639.7,6309.1,5974.4
"TN",47,7,"Bledsoe County","Paraquat",157.5,498.4,327.95
"TN",47,9,"Blount County","2,4-D",1032.5,1435.3,1233.9
"TN",47,9,"Blount County","Chlorpyrifos",7.1,150.7,78.9
"TN",47,9,"Blount County","Glyphosate",1521.6,1657.4,1589.5
"TN",47,9,"Blount County","Paraquat",786.9,1045.9,916.4
"TN",47,11,"Bradley County","2,4-D",949.7,1195.1,1072.4
"TN",47,11,"Bradley County","Chlorpyrifos",2,198.1,100.05
"TN",47,11,"Bradley County","Glyphosate",1200.2,1443.6,1321.9
"TN",47,11,"Bradley County","Paraquat",340.9,629,484.95
"TN",47,13,"Campbell County","2,4-D",371.6,394.7,383.15
"TN",47,13,"Campbell County","Chlorpyrifos",0,42.4,21.2
"TN",47,13,"Campbell County","Glyphosate",181.9,198.5,190.2
"TN",47,13,"Campbell County","Paraquat",0.5,82.9,41.7
"TN",47,15,"Cannon County","2,4-D",3675.1,3704.7,3689.9
"TN",47,15,"Cannon County","Chlorpyrifos",1.4,74.3,37.85
"TN",47,15,"Cannon County","Glyphosate",15517.8,15896.1,15706.95
"TN",47,15,"Cannon County","Paraquat",1,703.5,352.25
"TN",47,17,"Carroll County","2,4-D",2407.4,4622,3514.7
"TN",47,17,"Carroll County","Chlorpyrifos",15.9,45.5,30.7
"TN",47,17,"Carroll County","Glyphosate",86372.1,86842.1,86607.1
"TN",47,17,"Carroll County","Malathion",0,618,309
"TN",47,17,"Carroll County","Paraquat",7170.4,7170.4,7170.4
"TN",47,19,"Carter County","2,4-D",483.2,513.9,498.55
"TN",47,19,"Carter County","Chlorpyrifos",22.8,77.4,50.1
"TN",47,19,"Carter County","Glyphosate",265.8,289.2,277.5
"TN",47,19,"Carter County","Paraquat",12.6,120.5,66.55
"TN",47,21,"Cheatham County","2,4-D",753.9,853.6,803.75
"TN",47,21,"Cheatham County","Chlorpyrifos",18.1,23.8,20.95
"TN",47,21,"Cheatham County","Glyphosate",7625.5,7626.8,7626.15
"TN",47,21,"Cheatham County","Paraquat",366.9,368.8,367.85
"TN",47,23,"Chester County","2,4-D",906.2,1163.9,1035.05
"TN",47,23,"Chester County","Glyphosate",21505.7,21786.9,21646.3
"TN",47,23,"Chester County","Malathion",0,72,36
"TN",47,23,"Chester County","Paraquat",1348.8,1348.8,1348.8
"TN",47,25,"Claiborne County","2,4-D",1409.9,1478,1443.95
"TN",47,25,"Claiborne County","Chlorpyrifos",18.3,207,112.65
"TN",47,25,"Claiborne County","Glyphosate",521,592.8,556.9
"TN",47,25,"Claiborne County","Paraquat",21.4,303.9,162.65
"TN",47,27,"Clay County","2,4-D",2798.2,2804.1,2801.15
"TN",47,27,"Clay County","Chlorpyrifos",0.5,25.1,12.8
"TN",47,27,"Clay County","Glyphosate",2161.4,2497.8,2329.6
"TN",47,27,"Clay County","Paraquat",0.5,94.8,47.65
"TN",47,29,"Cocke County","2,4-D",598,763,680.5
"TN",47,29,"Cocke County","Chlorpyrifos",1.2,113.1,57.15
"TN",47,29,"Cocke County","Glyphosate",736.3,773.6,754.95
"TN",47,29,"Cocke County","Paraquat",258.3,427.3,342.8
"TN",47,31,"Coffee County","2,4-D",9055.4,9176.5,9115.95
"TN",47,31,"Coffee County","Chlorpyrifos",6.5,207.9,107.2
"TN",47,31,"Coffee County","Glyphosate",57591,58251.3,57921.15
"TN",47,31,"Coffee County","Paraquat",2381.4,3774.6,3078
"TN",47,33,"Crockett County","2,4-D",2091.7,4651.5,3371.6
"TN",47,33,"Crockett County","Glyphosate",106219.5,106479,106349.25
"TN",47,33,"Crockett County","Malathion",0,714.6,357.3
"TN",47,33,"Crockett County","Paraquat",7376.8,7376.8,7376.8
"TN",47,35,"Cumberland County","2,4-D",3818.9,3817.6,3818.25
"TN",47,35,"Cumberland County","Chlorpyrifos",28.7,58.2,43.45
"TN",47,35,"Cumberland County","Glyphosate",3293.1,4187.9,3740.5
"TN",47,35,"Cumberland County","Paraquat",52.2,388.2,220.2
"TN",47,37,"Davidson County","2,4-D",1135.4,1137.5,1136.45
"TN",47,37,"Davidson County","Chlorpyrifos",0.4,7.5,3.95
"TN",47,37,"Davidson County","Glyphosate",424.5,553,488.75
"TN",47,37,"Davidson County","Paraquat",0.5,22,11.25
"TN",47,39,"Decatur County","2,4-D",1292.8,1293,1292.9
"TN",47,39,"Decatur County","Chlorpyrifos",0,5.9,2.95
"TN",47,39,"Decatur County","Glyphosate",9652.5,10225.8,9939.15
"TN",47,39,"Decatur County","Paraquat",520.8,520.8,520.8
"TN",47,41,"DeKalb County","2,4-D",3567.2,3577.5,3572.35
"TN",47,41,"DeKalb County","Chlorpyrifos",3,57.8,30.4
"TN",47,41,"DeKalb County","Glyphosate",12327.8,12705.6,12516.7
"TN",47,41,"DeKalb County","Paraquat",2.5,572.5,287.5
"TN",47,43,"Dickson County","2,4-D",2441.2,2501.1,2471.15
"TN",47,43,"Dickson County","Chlorpyrifos",91.6,98.1,94.85
"TN",47,43,"Dickson County","Glyphosate",6054.9,6055.5,6055.2
"TN",47,43,"Dickson County","Paraquat",254.8,256.6,255.7
"TN",47,45,"Dyer County","2,4-D",2620.5,4975.2,3797.85
"TN",47,45,"Dyer County","Chlorpyrifos",176.3,176.3,176.3
"TN",47,45,"Dyer County","Glyphosate",127547.4,127797.6,127672.5
"TN",47,45,"Dyer County","Malathion",0,507.9,253.95
"TN",47,45,"Dyer County","Paraquat",31674.6,34587.9,33131.25
"TN",47,47,"Fayette County","2,4-D",3088.5,5839,4463.75
"TN",47,47,"Fayette County","Chlorpyrifos",43.5,102.7,73.1
"TN",47,47,"Fayette County","Glyphosate",95376.9,96187.2,95782.05
"TN",47,47,"Fayette County","Malathion",0,767.3,383.65
"TN",47,47,"Fayette County","Paraquat",7346.5,7346.5,7346.5
"TN",47,49,"Fentress County","2,4-D",3225.2,3230.8,3228
"TN",47,49,"Fentress County","Chlorpyrifos",0.9,20,10.45
"TN",47,49,"Fentress County","Glyphosate",2880.1,3537.4,3208.75
"TN",47,49,"Fentress County","Paraquat",74.8,324.6,199.7
"TN",47,51,"Franklin County","2,4-D",7374,7576.6,7475.3
"TN",47,51,"Franklin County","Chlorpyrifos",12.3,208.1,110.2
"TN",47,51,"Franklin County","Glyphosate",50974.3,51487.3,51230.8
"TN",47,51,"Franklin County","Paraquat",1988.6,3320.9,2654.75
"TN",47,53,"Gibson County","2,4-D",4593,6736.6,5664.8
"TN",47,53,"Gibson County","Chlorpyrifos",10.2,120.5,65.35
"TN",47,53,"Gibson County","Glyphosate",211470.7,211936.2,211703.45
"TN",47,53,"Gibson County","Malathion",0,597.4,298.7
"TN",47,53,"Gibson County","Paraquat",14116.6,14116.6,14116.6
"TN",47,55,"Giles County","2,4-D",12946.3,13095.7,13021
"TN",47,55,"Giles County","Chlorpyrifos",2.5,144.6,73.55
"TN",47,55,"Giles County","Glyphosate",27780.2,29173.4,28476.8
"TN",47,55,"Giles County","Paraquat",8.9,1232,620.45
"TN",47,57,"Grainger County","2,4-D",1007.5,1047.1,1027.3
"TN",47,57,"Grainger County","Chlorpyrifos",0.2,94.9,47.55
"TN",47,57,"Grainger County","Glyphosate",318.4,390.7,354.55
"TN",47,57,"Grainger County","Paraquat",18.7,207.2,112.95
"TN",47,59,"Greene County","2,4-D",2364.4,2856.2,2610.3
"TN",47,59,"Greene County","Chlorpyrifos",20.3,645.5,332.9
"TN",47,59,"Greene County","Glyphosate",2647.2,2883.3,2765.25
"TN",47,59,"Greene County","Paraquat",628.3,1357.1,992.7
"TN",47,61,"Grundy County","2,4-D",1100.1,1106,1103.05
"TN",47,61,"Grundy County","Chlorpyrifos",1.1,23.9,12.5
"TN",47,61,"Grundy County","Glyphosate",3967.5,4124,4045.75
"TN",47,61,"Grundy County","Paraquat",120.5,293,206.75
"TN",47,63,"Hamblen County","2,4-D",613.6,825.8,719.7
"TN",47,63,"Hamblen County","Chlorpyrifos",0.4,201.5,100.95
"TN",47,63,"Hamblen County","Glyphosate",1004.9,1121.3,1063.1
"TN",47,63,"Hamblen County","Paraquat",303.4,526.9,415.15
"TN",47,65,"Hamilton County","2,4-D",506.3,543.1,524.7
"TN",47,65,"Hamilton County","Chlorpyrifos",10.9,45,27.95
"TN",47,65,"Hamilton County","Glyphosate",199.9,244.3,222.1
"TN",47,65,"Hamilton County","Paraquat",46.6,136.5,91.55
"TN",47,67,"Hancock County","2,4-D",775.5,781.3,778.4
"TN",47,67,"Hancock County","Chlorpyrifos",0,18.2,9.1
"TN",47,67,"Hancock County","Glyphosate",45.8,81.3,63.55
"TN",47,67,"Hancock County","Paraquat",0.6,102.4,51.5
"TN",47,69,"Hardeman County","2,4-D",2222.2,3819.1,3020.65
"TN",47,69,"Hardeman County","Chlorpyrifos",36.3,109.5,72.9
"TN",47,69,"Hardeman County","Glyphosate",50610.7,51354.3,50982.5
"TN",47,69,"Hardeman County","Malathion",0,445.2,222.6
"TN",47,69,"Hardeman County","Paraquat",3831.1,3831.1,3831.1
"TN",47,71,"Hardin County","2,4-D",1730.6,1766.8,1748.7
"TN",47,71,"Hardin County","Chlorpyrifos",44,100,72
"TN",47,71,"Hardin County","Glyphosate",30761.5,31354,31057.75
"TN",47,71,"Hardin County","Malathion",0,9.6,4.8
"TN",47,71,"Hardin County","Paraquat",1791.9,1791.9,1791.9
"TN",47,73,"Hawkins County","2,4-D",1361.5,1454,1407.75
"TN",47,73,"Hawkins County","Chlorpyrifos",13.8,253.4,133.6
"TN",47,73,"Hawkins County","Glyphosate",482.4,578.9,530.65
"TN",47,73,"Hawkins County","Paraquat",133.3,391.8,262.55
"TN",47,75,"Haywood County","2,4-D",2890.6,8315.8,5603.2
"TN",47,75,"Haywood County","Chlorpyrifos",40.8,82.4,61.6
"TN",47,75,"Haywood County","Glyphosate",172443.5,172659.6,172551.55
"TN",47,75,"Haywood County","Malathion",0,1514.1,757.05
"TN",47,75,"Haywood County","Paraquat",12753.7,12753.7,12753.7
"TN",47,77,"Henderson County","2,4-D",2552.1,2807.4,2679.75
"TN",47,77,"Henderson County","Chlorpyrifos",20,34.5,27.25
"TN",47,77,"Henderson County","Glyphosate",39644,40581.7,40112.85
"TN",47,77,"Henderson County","Malathion",0,71.1,35.55
"TN",47,77,"Henderson County","Paraquat",2550.1,2550.1,2550.1
"TN",47,79,"Henry County","2,4-D",3172.6,3274.1,3223.35
"TN",47,79,"Henry County","Chlorpyrifos",59.9,74.5,67.2
"TN",47,79,"Henry County","Glyphosate",81655.2,82588.2,82121.7
"TN",47,79,"Henry County","Malathion",0,23.1,11.55
"TN",47,79,"Henry County","Paraquat",5955.7,5955.7,5955.7
"TN",47,81,"Hickman County","2,4-D",2254.8,2369.3,2312.05
"TN",47,81,"Hickman County","Chlorpyrifos",29.9,30.1,30
"TN",47,81,"Hickman County","Glyphosate",22136.3,22136.3,22136.3
"TN",47,81,"Hickman County","Paraquat",970.3,975.2,972.75
"TN",47,83,"Houston County","2,4-D",850.8,854.7,852.75
"TN",47,83,"Houston County","Chlorpyrifos",22.7,22.7,22.7
"TN",47,83,"Houston County","Glyphosate",791.1,791.1,791.1
"TN",47,83,"Houston County","Paraquat",34.1,34.1,34.1
"TN",47,85,"Humphreys County","2,4-D",2237.6,2365.3,2301.45
"TN",47,85,"Humphreys County","Chlorpyrifos",24,24,24
"TN",47,85,"Humphreys County","Glyphosate",26487.8,26487.8,26487.8
"TN",47,85,"Humphreys County","Paraquat",1174.2,1176.3,1175.25
"TN",47,87,"Jackson County","2,4-D",2956.9,2957.2,2957.05
"TN",47,87,"Jackson County","Chlorpyrifos",0.6,12.8,6.7
"TN",47,87,"Jackson County","Glyphosate",2439.3,2790.9,2615.1
"TN",47,87,"Jackson County","Paraquat",0.5,114.1,57.3
"TN",47,89,"Jefferson County","2,4-D",1016.9,1287.1,1152
"TN",47,89,"Jefferson County","Chlorpyrifos",6.1,183.9,95
"TN",47,89,"Jefferson County","Glyphosate",1187.8,1390.9,1289.35
"TN",47,89,"Jefferson County","Paraquat",434.2,705.8,570
"TN",47,91,"Johnson County","2,4-D",493.4,533.1,513.25
"TN",47,91,"Johnson County","Chlorpyrifos",0.2,84.8,42.5
"TN",47,91,"Johnson County","Glyphosate",317,340.4,328.7
"TN",47,91,"Johnson County","Paraquat",0.2,127.1,63.65
"TN",47,93,"Knox County","2,4-D",691.2,713,702.1
"TN",47,93,"Knox County","Chlorpyrifos",14.9,54.9,34.9
"TN",47,93,"Knox County","Glyphosate",170.7,206.9,188.8
"TN",47,93,"Knox County","Paraquat",12.3,125.9,69.1
"TN",47,95,"Lake County","2,4-D",1226.7,1732.2,1479.45
"TN",47,95,"Lake County","Chlorpyrifos",24.6,24.6,24.6
"TN",47,95,"Lake County","Glyphosate",50507.4,50521.4,50514.4
"TN",47,95,"Lake County","Malathion",0,292.3,146.15
"TN",47,95,"Lake County","Paraquat",12251.2,13835.8,13043.5
"TN",47,97,"Lauderdale County","2,4-D",1547.7,3774.6,2661.15
"TN",47,97,"Lauderdale County","Chlorpyrifos",17.4,17.4,17.4
"TN",47,97,"Lauderdale County","Glyphosate",93784.6,94078.2,93931.4
"TN",47,97,"Lauderdale County","Malathion",0,834.6,417.3
"TN",47,97,"Lauderdale County","Paraquat",22534.9,24190,23362.45
"TN",47,99,"Lawrence County","2,4-D",6188,6743.2,6465.6
"TN",47,99,"Lawrence County","Chlorpyrifos",212.7,213.1,212.9
"TN",47,99,"Lawrence County","Glyphosate",108115.7,108123.5,108119.6
"TN",47,99,"Lawrence County","Malathion",0,8.1,4.05
"TN",47,99,"Lawrence County","Paraquat",4647,4688.7,4667.85
"TN",47,101,"Lewis County","2,4-D",453.5,457.5,455.5
"TN",47,101,"Lewis County","Glyphosate",1622.9,1622.9,1622.9
"TN",47,101,"Lewis County","Paraquat",68.2,68.2,68.2
"TN",47,103,"Lincoln County","2,4-D",11878.4,12201.2,12039.8
"TN",47,103,"Lincoln County","Chlorpyrifos",3.9,188.8,96.35
"TN",47,103,"Lincoln County","Glyphosate",47575.7,48774.3,48175
"TN",47,103,"Lincoln County","Paraquat",406.4,2195.9,1301.15
"TN",47,105,"Loudon County","2,4-D",634.3,1125.6,879.95
"TN",47,105,"Loudon County","Chlorpyrifos",10.4,391.7,201.05
"TN",47,105,"Loudon County","Glyphosate",2351.3,2758.7,2555
"TN",47,105,"Loudon County","Paraquat",685.4,1103.8,894.6
"TN",47,107,"McMinn County","2,4-D",1164.5,1799.5,1482
"TN",47,107,"McMinn County","Chlorpyrifos",4.8,434.5,219.65
"TN",47,107,"McMinn County","Glyphosate",2707.9,3368.3,3038.1
"TN",47,107,"McMinn County","Paraquat",1042,1524.1,1283.05
"TN",47,109,"McNairy County","2,4-D",1474,2020.9,1747.45
"TN",47,109,"McNairy County","Chlorpyrifos",8.2,20.4,14.3
"TN",47,109,"McNairy County","Glyphosate",34873.3,35331,35102.15
"TN",47,109,"McNairy County","Malathion",0,152.6,76.3
"TN",47,109,"McNairy County","Paraquat",2308.2,2308.2,2308.2
"TN",47,111,"Macon County","2,4-D",4465.4,4514.4,4489.9
"TN",47,111,"Macon County","Chlorpyrifos",1,116.8,58.9
"TN",47,111,"Macon County","Glyphosate",8766.7,9739.5,9253.1
"TN",47,111,"Macon County","Paraquat",1,397.5,199.25
"TN",47,113,"Madison County","2,4-D",2151.5,3862.5,3007
"TN",47,113,"Madison County","Chlorpyrifos",12.4,44.7,28.55
"TN",47,113,"Madison County","Glyphosate",84500.4,84882,84691.2
"TN",47,113,"Madison County","Malathion",0,477.4,238.7
"TN",47,113,"Madison County","Paraquat",6218.5,6218.5,6218.5
"TN",47,115,"Marion County","2,4-D",2038.4,2088.2,2063.3
"TN",47,115,"Marion County","Chlorpyrifos",1.9,22,11.95
"TN",47,115,"Marion County","Glyphosate",7787.9,8058.3,7923.1
"TN",47,115,"Marion County","Paraquat",350.1,527.7,438.9
"TN",47,117,"Marshall County","2,4-D",7072.9,7191,7131.95
"TN",47,117,"Marshall County","Chlorpyrifos",7.9,74.2,41.05
"TN",47,117,"Marshall County","Glyphosate",13531.4,14298.4,13914.9
"TN",47,117,"Marshall County","Paraquat",5.8,600,302.9
"TN",47,119,"Maury County","2,4-D",10623.5,10691.1,10657.3
"TN",47,119,"Maury County","Chlorpyrifos",5.9,129.2,67.55
"TN",47,119,"Maury County","Glyphosate",24348.5,25490.5,24919.5
"TN",47,119,"Maury County","Paraquat",4.4,1099.6,552
"TN",47,121,"Meigs County","2,4-D",561.2,725.2,643.2
"TN",47,121,"Meigs County","Chlorpyrifos",1.6,94.6,48.1
"TN",47,121,"Meigs County","Glyphosate",690.8,754,722.4
"TN",47,121,"Meigs County","Paraquat",272,422.7,347.35
"TN",47,123,"Monroe County","2,4-D",1088.9,1739.2,1414.05
"TN",47,123,"Monroe County","Chlorpyrifos",8.7,411.9,210.3
"TN",47,123,"Monroe County","Glyphosate",2802.8,3060,2931.4
"TN",47,123,"Monroe County","Paraquat",1122.7,1569.9,1346.3
"TN",47,125,"Montgomery County","2,4-D",3595.8,4305.2,3950.5
"TN",47,125,"Montgomery County","Chlorpyrifos",137.9,163.3,150.6
"TN",47,125,"Montgomery County","Glyphosate",81324.9,81334.9,81329.9
"TN",47,125,"Montgomery County","Paraquat",3457.1,3524,3490.55
"TN",47,127,"Moore County","2,4-D",3011.9,3013.6,3012.75
"TN",47,127,"Moore County","Chlorpyrifos",0,12.6,6.3
"TN",47,127,"Moore County","Glyphosate",1247.3,1583.2,1415.25
"TN",47,127,"Moore County","Paraquat",0.1,49.9,25
"TN",47,129,"Morgan County","2,4-D",1284.8,1284.7,1284.75
"TN",47,129,"Morgan County","Chlorpyrifos",0.3,5,2.65
"TN",47,129,"Morgan County","Glyphosate",416.4,695.4,555.9
"TN",47,129,"Morgan County","Paraquat",1.6,83.1,42.35
"TN",47,131,"Obion County","2,4-D",3773.5,6107.5,4940.5
"TN",47,131,"Obion County","Chlorpyrifos",104,104,104
"TN",47,131,"Obion County","Glyphosate",106581.1,107031.1,106806.1
"TN",47,131,"Obion County","Malathion",0,62.1,31.05
"TN",47,131,"Obion County","Paraquat",26329.4,31948.6,29139
"TN",47,133,"Overton County","2,4-D",4036.9,4036.7,4036.8
"TN",47,133,"Overton County","Chlorpyrifos",9.4,25.9,17.65
"TN",47,133,"Overton County","Glyphosate",3917.3,4731.7,4324.5
"TN",47,133,"Overton County","Paraquat",145.7,404.4,275.05
"TN",47,135,"Perry County","2,4-D",750.5,759.8,755.15
"TN",47,135,"Perry County","Glyphosate",5776.1,5776.3,5776.2
"TN",47,135,"Perry County","Paraquat",234.5,235.1,234.8
"TN",47,137,"Pickett County","2,4-D",1387.1,1392.2,1389.65
"TN",47,137,"Pickett County","Chlorpyrifos",6.4,17.6,12
"TN",47,137,"Pickett County","Glyphosate",1608,1882.8,1745.4
"TN",47,137,"Pickett County","Paraquat",41.4,162.8,102.1
"TN",47,139,"Polk County","2,4-D",307.1,642.7,474.9
"TN",47,139,"Polk County","Chlorpyrifos",3.5,166.5,85
"TN",47,139,"Polk County","Glyphosate",1344.3,1838.1,1591.2
"TN",47,139,"Polk County","Paraquat",593.7,775.5,684.6
"TN",47,141,"Putnam County","2,4-D",3052.4,3087.3,3069.85
"TN",47,141,"Putnam County","Chlorpyrifos",34.5,52.2,43.35
"TN",47,141,"Putnam County","Glyphosate",3454.8,4059.7,3757.25
"TN",47,141,"Putnam County","Paraquat",115.6,342.6,229.1
"TN",47,143,"Rhea County","2,4-D",528.9,727.9,628.4
"TN",47,143,"Rhea County","Chlorpyrifos",12.6,134.8,73.7
"TN",47,143,"Rhea County","Glyphosate",980.8,1204.1,1092.45
"TN",47,143,"Rhea County","Paraquat",352.4,541.3,446.85
"TN",47,145,"Roane County","2,4-D",460.5,465.3,462.9
"TN",47,145,"Roane County","Chlorpyrifos",5.6,15.3,10.45
"TN",47,145,"Roane County","Glyphosate",45.2,66.3,55.75
"TN",47,145,"Roane County","Paraquat",4.9,66.8,35.85
"TN",47,147,"Robertson County","2,4-D",5757.6,7370.1,6563.85
"TN",47,147,"Robertson County","Chlorpyrifos",247.6,301.8,274.7
"TN",47,147,"Robertson County","Glyphosate",179768.6,179794.1,179781.35
"TN",47,147,"Robertson County","Paraquat",7506,7687.9,7596.95
"TN",47,149,"Rutherford County","2,4-D",6977,7091.6,7034.3
"TN",47,149,"Rutherford County","Chlorpyrifos",7.4,74.8,41.1
"TN",47,149,"Rutherford County","Glyphosate",19779.6,20529.5,20154.55
"TN",47,149,"Rutherford County","Paraquat",27.2,918.8,473
"TN",47,151,"Scott County","2,4-D",874.5,874.5,874.5
"TN",47,151,"Scott County","Chlorpyrifos",0,4.4,2.2
"TN",47,151,"Scott County","Glyphosate",376,564.2,470.1
"TN",47,151,"Scott County","Paraquat",0.2,62.3,31.25
"TN",47,153,"Sequatchie County","2,4-D",1206.7,1208.5,1207.6
"TN",47,153,"Sequatchie County","Chlorpyrifos",0.3,10.3,5.3
"TN",47,153,"Sequatchie County","Glyphosate",1822.9,2051,1936.95
"TN",47,153,"Sequatchie County","Paraquat",57.8,162.8,110.3
"TN",47,155,"Sevier County","2,4-D",630,672.5,651.25
"TN",47,155,"Sevier County","Chlorpyrifos",36,54.3,45.15
"TN",47,155,"Sevier County","Glyphosate",186,234.5,210.25
"TN",47,155,"Sevier County","Paraquat",85.5,174,129.75
"TN",47,157,"Shelby County","2,4-D",742.9,1973.1,1358
"TN",47,157,"Shelby County","Chlorpyrifos",26.6,26.6,26.6
"TN",47,157,"Shelby County","Glyphosate",29647.2,29844.1,29745.65
"TN",47,157,"Shelby County","Malathion",0,380.3,190.15
"TN",47,157,"Shelby County","Paraquat",6656.3,7675.7,7166
"TN",47,159,"Smith County","2,4-D",6059.6,6122.7,6091.15
"TN",47,159,"Smith County","Chlorpyrifos",1,46.7,23.85
"TN",47,159,"Smith County","Glyphosate",6644.6,7387.8,7016.2
"TN",47,159,"Smith County","Paraquat",1.6,296.9,149.25
"TN",47,161,"Stewart County","2,4-D",1203.5,1289.4,1246.45
"TN",47,161,"Stewart County","Chlorpyrifos",4.7,9.6,7.15
"TN",47,161,"Stewart County","Glyphosate",13501.7,13501.7,13501.7
"TN",47,161,"Stewart County","Paraquat",591.2,592.7,591.95
"TN",47,163,"Sullivan County","2,4-D",924.3,981,952.65
"TN",47,163,"Sullivan County","Chlorpyrifos",12.3,128,70.15
"TN",47,163,"Sullivan County","Glyphosate",487.1,535.6,511.35
"TN",47,163,"Sullivan County","Paraquat",3.6,209.5,106.55
"TN",47,165,"Sumner County","2,4-D",6771.2,7006.7,6888.95
"TN",47,165,"Sumner County","Chlorpyrifos",15.2,152.3,83.75
"TN",47,165,"Sumner County","Glyphosate",28578.1,29375.1,28976.6
"TN",47,165,"Sumner County","Paraquat",11.5,1298.6,655.05
"TN",47,167,"Tipton County","2,4-D",1705.2,3600.8,2653
"TN",47,167,"Tipton County","Chlorpyrifos",40.2,40.2,40.2
"TN",47,167,"Tipton County","Glyphosate",92333.8,92609,92471.4
"TN",47,167,"Tipton County","Malathion",0,447.5,223.75
"TN",47,167,"Tipton County","Paraquat",22949.5,24909.2,23929.35
"TN",47,169,"Trousdale County","2,4-D",1878.8,1882.9,1880.85
"TN",47,169,"Trousdale County","Chlorpyrifos",0.4,13.7,7.05
"TN",47,169,"Trousdale County","Glyphosate",3143.9,3387.9,3265.9
"TN",47,169,"Trousdale County","Paraquat",0.5,149.7,75.1
"TN",47,171,"Unicoi County","2,4-D",48.2,48.2,48.2
"TN",47,171,"Unicoi County","Chlorpyrifos",9.8,9.8,9.8
"TN",47,171,"Unicoi County","Glyphosate",5,7,6
"TN",47,171,"Unicoi County","Paraquat",1.3,6.5,3.9
"TN",47,173,"Union County","2,4-D",489.4,493.3,491.35
"TN",47,173,"Union County","Chlorpyrifos",0,5.8,2.9
"TN",47,173,"Union County","Glyphosate",28.9,50.8,39.85
"TN",47,173,"Union County","Paraquat",2.8,65.3,34.05
"TN",47,175,"Van Buren County","2,4-D",1143.3,1143.3,1143.3
"TN",47,175,"Van Buren County","Chlorpyrifos",0.3,6.4,3.35
"TN",47,175,"Van Buren County","Glyphosate",1105.6,1335.9,1220.75
"TN",47,175,"Van Buren County","Paraquat",35,115.4,75.2
"TN",47,177,"Warren County","2,4-D",6494,6522,6508
"TN",47,177,"Warren County","Chlorpyrifos",14.2,106.3,60.25
"TN",47,177,"Warren County","Glyphosate",25623.6,26468.6,26046.1
"TN",47,177,"Warren County","Paraquat",1054.8,1791.6,1423.2
"TN",47,179,"Washington County","2,4-D",1148.7,1409.1,1278.9
"TN",47,179,"Washington County","Chlorpyrifos",10.6,406.6,208.6
"TN",47,179,"Washington County","Glyphosate",1517.6,1603.8,1560.7
"TN",47,179,"Washington County","Paraquat",261.8,678.5,470.15
"TN",47,181,"Wayne County","2,4-D",2489.9,2580.7,2535.3
"TN",47,181,"Wayne County","Chlorpyrifos",29,29,29
"TN",47,181,"Wayne County","Glyphosate",14690.2,14690.2,14690.2
"TN",47,181,"Wayne County","Paraquat",650.6,655.3,652.95
"TN",47,183,"Weakley County","2,4-D",3851.2,4017.8,3934.5
"TN",47,183,"Weakley County","Chlorpyrifos",35.4,74.4,54.9
"TN",47,183,"Weakley County","Glyphosate",151207.7,151736.5,151472.1
"TN",47,183,"Weakley County","Malathion",0,43.5,21.75
"TN",47,183,"Weakley County","Paraquat",10453.3,10453.3,10453.3
"TN",47,185,"White County","2,4-D",4740.7,4776,4758.35
"TN",47,185,"White County","Chlorpyrifos",8.2,52.9,30.55
"TN",47,185,"White County","Glyphosate",9039.3,9894.8,9467.05
"TN",47,185,"White County","Paraquat",305.4,746.1,525.75
"TN",47,187,"Williamson County","2,4-D",5390.9,5444.3,5417.6
"TN",47,187,"Williamson County","Chlorpyrifos",0.9,44,22.45
"TN",47,187,"Williamson County","Glyphosate",9297.8,9895,9596.4
"TN",47,187,"Williamson County","Paraquat",1.8,445.2,223.5
"TN",47,189,"Wilson County","2,4-D",8587.2,8608.6,8597.9
"TN",47,189,"Wilson County","Chlorpyrifos",11.8,33.6,22.7
"TN",47,189,"Wilson County","Glyphosate",5084.4,6053.8,5569.1
"TN",47,189,"Wilson County","Paraquat",9.2,246.1,127.65
"TX",48,1,"Anderson County","2,4-D",42955.1,43340.5,43147.8
"TX",48,1,"Anderson County","Chlorpyrifos",76.7,92.1,84.4
"TX",48,1,"Anderson County","Glyphosate",1422.2,1724,1573.1
"TX",48,1,"Anderson County","Malathion",109,114,111.5
"TX",48,1,"Anderson County","Paraquat",24.1,132.7,78.4
"TX",48,3,"Andrews County","2,4-D",1181,1451.9,1316.45
"TX",48,3,"Andrews County","Chlorpyrifos",22.5,286.3,154.4
"TX",48,3,"Andrews County","Glyphosate",14380.5,14453.3,14416.9
"TX",48,3,"Andrews County","Malathion",0,1.2,0.6
"TX",48,3,"Andrews County","Paraquat",1016.8,1027.9,1022.35
"TX",48,5,"Angelina County","2,4-D",3065.4,3105.2,3085.3
"TX",48,5,"Angelina County","Chlorpyrifos",0,2.3,1.15
"TX",48,5,"Angelina County","Glyphosate",1654.2,1682.4,1668.3
"TX",48,5,"Angelina County","Malathion",29.3,29.3,29.3
"TX",48,5,"Angelina County","Paraquat",0,1,0.5
"TX",48,7,"Aransas County","2,4-D",0,11042.4,5521.2
"TX",48,7,"Aransas County","Glyphosate",0,459,229.5
"TX",48,9,"Archer County","2,4-D",5965.6,6008.9,5987.25
"TX",48,9,"Archer County","Chlorpyrifos",11,388.4,199.7
"TX",48,9,"Archer County","Glyphosate",15030.6,15160.4,15095.5
"TX",48,9,"Archer County","Malathion",1.3,1.3,1.3
"TX",48,9,"Archer County","Paraquat",52.3,106.8,79.55
"TX",48,11,"Armstrong County","2,4-D",5685.5,5685.5,5685.5
"TX",48,11,"Armstrong County","Chlorpyrifos",59.7,2120.9,1090.3
"TX",48,11,"Armstrong County","Glyphosate",14039.5,14039.5,14039.5
"TX",48,11,"Armstrong County","Malathion",0,5.8,2.9
"TX",48,11,"Armstrong County","Paraquat",698.5,2319.9,1509.2
"TX",48,13,"Atascosa County","2,4-D",250.7,351.9,301.3
"TX",48,13,"Atascosa County","Chlorpyrifos",98.5,106.7,102.6
"TX",48,13,"Atascosa County","Glyphosate",12013.9,12082.2,12048.05
"TX",48,13,"Atascosa County","Malathion",2.7,4.3,3.5
"TX",48,13,"Atascosa County","Paraquat",0.8,95.8,48.3
"TX",48,15,"Austin County","2,4-D",6123,6496.3,6309.65
"TX",48,15,"Austin County","Chlorpyrifos",71.9,257.3,164.6
"TX",48,15,"Austin County","Glyphosate",9868.7,10010.3,9939.5
"TX",48,15,"Austin County","Malathion",1,17.4,9.2
"TX",48,15,"Austin County","Paraquat",57.4,140.8,99.1
"TX",48,17,"Bailey County","2,4-D",6503.1,8704.6,7603.85
"TX",48,17,"Bailey County","Chlorpyrifos",47,1440.6,743.8
"TX",48,17,"Bailey County","Glyphosate",94476.2,95370.1,94923.15
"TX",48,17,"Bailey County","Malathion",0,24.4,12.2
"TX",48,17,"Bailey County","Paraquat",8149.6,8712.7,8431.15
"TX",48,19,"Bandera County","2,4-D",39.2,50.6,44.9
"TX",48,19,"Bandera County","Chlorpyrifos",12.4,12.4,12.4
"TX",48,19,"Bandera County","Glyphosate",378.2,378.2,378.2
"TX",48,19,"Bandera County","Malathion",5.9,5.9,5.9
"TX",48,19,"Bandera County","Paraquat",0,15.6,7.8
"TX",48,21,"Bastrop County","2,4-D",6643.2,6751.2,6697.2
"TX",48,21,"Bastrop County","Chlorpyrifos",187.2,224.2,205.7
"TX",48,21,"Bastrop County","Glyphosate",2540.3,2559.6,2549.95
"TX",48,21,"Bastrop County","Malathion",0.6,55.2,27.9
"TX",48,21,"Bastrop County","Paraquat",9.9,45.8,27.85
"TX",48,23,"Baylor County","2,4-D",2471.3,2471.6,2471.45
"TX",48,23,"Baylor County","Chlorpyrifos",134.9,1735.7,935.3
"TX",48,23,"Baylor County","Glyphosate",7507.1,7507.1,7507.1
"TX",48,23,"Baylor County","Malathion",13.7,13.7,13.7
"TX",48,23,"Baylor County","Paraquat",501,706.2,603.6
"TX",48,25,"Bee County","2,4-D",9521.2,10374.5,9947.85
"TX",48,25,"Bee County","Chlorpyrifos",241.9,562.6,402.25
"TX",48,25,"Bee County","Glyphosate",23558.8,23575.5,23567.15
"TX",48,25,"Bee County","Malathion",9.1,12.3,10.7
"TX",48,25,"Bee County","Paraquat",140.6,371.8,256.2
"TX",48,27,"Bell County","2,4-D",7032.5,11321.4,9176.95
"TX",48,27,"Bell County","Chlorpyrifos",536.6,2113.6,1325.1
"TX",48,27,"Bell County","Glyphosate",59759.7,59825.1,59792.4
"TX",48,27,"Bell County","Malathion",10.9,1048.3,529.6
"TX",48,27,"Bell County","Paraquat",568.3,1418.6,993.45
"TX",48,29,"Bexar County","2,4-D",5597.6,6031.7,5814.65
"TX",48,29,"Bexar County","Chlorpyrifos",93.9,349.3,221.6
"TX",48,29,"Bexar County","Glyphosate",7943.5,8155.7,8049.6
"TX",48,29,"Bexar County","Malathion",1.5,10.1,5.8
"TX",48,29,"Bexar County","Paraquat",24.9,173.9,99.4
"TX",48,31,"Blanco County","2,4-D",36.2,57.7,46.95
"TX",48,31,"Blanco County","Chlorpyrifos",22.2,22.2,22.2
"TX",48,31,"Blanco County","Glyphosate",639.3,639.3,639.3
"TX",48,31,"Blanco County","Malathion",7,7,7
"TX",48,31,"Blanco County","Paraquat",0,27,13.5
"TX",48,33,"Borden County","2,4-D",1619.1,1899.5,1759.3
"TX",48,33,"Borden County","Chlorpyrifos",0.5,247.6,124.05
"TX",48,33,"Borden County","Glyphosate",22256.5,22584.8,22420.65
"TX",48,33,"Borden County","Malathion",0.6,0.6,0.6
"TX",48,33,"Borden County","Paraquat",1216.9,1300.8,1258.85
"TX",48,35,"Bosque County","2,4-D",11775.1,11956.9,11866
"TX",48,35,"Bosque County","Chlorpyrifos",110.2,238.8,174.5
"TX",48,35,"Bosque County","Glyphosate",3016.8,3046.4,3031.6
"TX",48,35,"Bosque County","Malathion",0,124,62
"TX",48,35,"Bosque County","Paraquat",158.4,318.5,238.45
"TX",48,37,"Bowie County","2,4-D",26409.4,27629.1,27019.25
"TX",48,37,"Bowie County","Chlorpyrifos",47.2,62.4,54.8
"TX",48,37,"Bowie County","Glyphosate",924.4,3092.7,2008.55
"TX",48,37,"Bowie County","Malathion",67.6,68.1,67.85
"TX",48,37,"Bowie County","Paraquat",99.8,1480.8,790.3
"TX",48,39,"Brazoria County","2,4-D",14983.2,16660,15821.6
"TX",48,39,"Brazoria County","Chlorpyrifos",0,163.2,81.6
"TX",48,39,"Brazoria County","Glyphosate",14138.8,14138.8,14138.8
"TX",48,39,"Brazoria County","Malathion",0,11.6,5.8
"TX",48,39,"Brazoria County","Paraquat",389.3,611,500.15
"TX",48,41,"Brazos County","2,4-D",9998.8,10515.8,10257.3
"TX",48,41,"Brazos County","Chlorpyrifos",0,44.9,22.45
"TX",48,41,"Brazos County","Glyphosate",18205.1,18463.5,18334.3
"TX",48,41,"Brazos County","Malathion",6.2,91,48.6
"TX",48,41,"Brazos County","Paraquat",0,601.9,300.95
"TX",48,43,"Brewster County","2,4-D",48.4,55.5,51.95
"TX",48,43,"Brewster County","Chlorpyrifos",8,8.1,8.05
"TX",48,43,"Brewster County","Glyphosate",99.7,134.5,117.1
"TX",48,43,"Brewster County","Malathion",0.1,1.7,0.9
"TX",48,43,"Brewster County","Paraquat",0.1,4.4,2.25
"TX",48,45,"Briscoe County","2,4-D",5983.9,5987.7,5985.8
"TX",48,45,"Briscoe County","Chlorpyrifos",60.5,1528,794.25
"TX",48,45,"Briscoe County","Glyphosate",27067.4,27176.9,27122.15
"TX",48,45,"Briscoe County","Malathion",0,7.3,3.65
"TX",48,45,"Briscoe County","Paraquat",2746.4,3438.9,3092.65
"TX",48,47,"Brooks County","2,4-D",84.4,89.4,86.9
"TX",48,47,"Brooks County","Chlorpyrifos",33.4,36.6,35
"TX",48,47,"Brooks County","Glyphosate",4146.4,4148.8,4147.6
"TX",48,47,"Brooks County","Malathion",0,1.3,0.65
"TX",48,47,"Brooks County","Paraquat",0,0.1,0.05
"TX",48,49,"Brown County","2,4-D",4189.8,4346.3,4268.05
"TX",48,49,"Brown County","Chlorpyrifos",979.6,1137.3,1058.45
"TX",48,49,"Brown County","Glyphosate",5911.9,7403.9,6657.9
"TX",48,49,"Brown County","Malathion",21.9,21.9,21.9
"TX",48,49,"Brown County","Paraquat",51.5,219.8,135.65
"TX",48,51,"Burleson County","2,4-D",5291,6141.4,5716.2
"TX",48,51,"Burleson County","Chlorpyrifos",72.9,386.5,229.7
"TX",48,51,"Burleson County","Glyphosate",24915,25124.6,25019.8
"TX",48,51,"Burleson County","Malathion",5.3,14.9,10.1
"TX",48,51,"Burleson County","Paraquat",212.6,408.9,310.75
"TX",48,53,"Burnet County","2,4-D",52.9,78.7,65.8
"TX",48,53,"Burnet County","Chlorpyrifos",98.2,98.2,98.2
"TX",48,53,"Burnet County","Glyphosate",332.8,332.8,332.8
"TX",48,53,"Burnet County","Malathion",21.7,21.7,21.7
"TX",48,53,"Burnet County","Paraquat",0.4,12.3,6.35
"TX",48,55,"Caldwell County","2,4-D",5100.4,5524.7,5312.55
"TX",48,55,"Caldwell County","Chlorpyrifos",72.5,230.3,151.4
"TX",48,55,"Caldwell County","Glyphosate",13699.7,13783.2,13741.45
"TX",48,55,"Caldwell County","Malathion",4.9,10.5,7.7
"TX",48,55,"Caldwell County","Paraquat",117.2,197.2,157.2
"TX",48,57,"Calhoun County","2,4-D",4140.5,4228.8,4184.65
"TX",48,57,"Calhoun County","Chlorpyrifos",0,103.9,51.95
"TX",48,57,"Calhoun County","Glyphosate",11990.1,11990.1,11990.1
"TX",48,57,"Calhoun County","Paraquat",706.1,720.4,713.25
"TX",48,59,"Callahan County","2,4-D",5409.8,5563,5486.4
"TX",48,59,"Callahan County","Chlorpyrifos",62.8,371.4,217.1
"TX",48,59,"Callahan County","Glyphosate",10867.8,12506.7,11687.25
"TX",48,59,"Callahan County","Malathion",4,4,4
"TX",48,59,"Callahan County","Paraquat",16,251,133.5
"TX",48,61,"Cameron County","2,4-D",1696.9,6992.4,4344.65
"TX",48,61,"Cameron County","Chlorpyrifos",1122.9,1122.9,1122.9
"TX",48,61,"Cameron County","Glyphosate",82197.1,84367.7,83282.4
"TX",48,61,"Cameron County","Paraquat",1692.6,1692.6,1692.6
"TX",48,63,"Camp County","2,4-D",8584.1,8639.2,8611.65
"TX",48,63,"Camp County","Chlorpyrifos",10.9,10.9,10.9
"TX",48,63,"Camp County","Glyphosate",12.1,56.5,34.3
"TX",48,63,"Camp County","Malathion",0,0.6,0.3
"TX",48,63,"Camp County","Paraquat",0.5,0.5,0.5
"TX",48,65,"Carson County","2,4-D",14067.6,14072.8,14070.2
"TX",48,65,"Carson County","Chlorpyrifos",151.4,3783.1,1967.25
"TX",48,65,"Carson County","Glyphosate",70538.2,70687.2,70612.7
"TX",48,65,"Carson County","Malathion",5.1,16.5,10.8
"TX",48,65,"Carson County","Paraquat",4564.8,10795,7679.9
"TX",48,67,"Cass County","2,4-D",15296.5,15330.3,15313.4
"TX",48,67,"Cass County","Chlorpyrifos",1.7,1.9,1.8
"TX",48,67,"Cass County","Glyphosate",24.1,68.6,46.35
"TX",48,67,"Cass County","Malathion",7,12.4,9.7
"TX",48,67,"Cass County","Paraquat",2.7,3.3,3
"TX",48,69,"Castro County","2,4-D",10487.5,10495.5,10491.5
"TX",48,69,"Castro County","Chlorpyrifos",167.1,3514.8,1840.95
"TX",48,69,"Castro County","Glyphosate",100971,101201.7,101086.35
"TX",48,69,"Castro County","Malathion",0,26.2,13.1
"TX",48,69,"Castro County","Paraquat",1832.6,15606.4,8719.5
"TX",48,71,"Chambers County","2,4-D",5440,6700.4,6070.2
"TX",48,71,"Chambers County","Chlorpyrifos",0,10.8,5.4
"TX",48,71,"Chambers County","Glyphosate",5548.8,5548.8,5548.8
"TX",48,71,"Chambers County","Paraquat",14.2,28.5,21.35
"TX",48,73,"Cherokee County","2,4-D",32156.7,32415.1,32285.9
"TX",48,73,"Cherokee County","Chlorpyrifos",21.3,35,28.15
"TX",48,73,"Cherokee County","Glyphosate",39.3,264.6,151.95
"TX",48,73,"Cherokee County","Malathion",95.7,104.1,99.9
"TX",48,73,"Cherokee County","Paraquat",2.5,2.5,2.5
"TX",48,75,"Childress County","2,4-D",9240,9420.8,9330.4
"TX",48,75,"Childress County","Chlorpyrifos",5.2,471.9,238.55
"TX",48,75,"Childress County","Glyphosate",72449.9,72798.2,72624.05
"TX",48,75,"Childress County","Malathion",3,3,3
"TX",48,75,"Childress County","Paraquat",3894.7,3944.3,3919.5
"TX",48,77,"Clay County","2,4-D",8705.7,8759.2,8732.45
"TX",48,77,"Clay County","Chlorpyrifos",580,1250.8,915.4
"TX",48,77,"Clay County","Glyphosate",22794.1,23389.4,23091.75
"TX",48,77,"Clay County","Malathion",12.5,12.5,12.5
"TX",48,77,"Clay County","Paraquat",8.4,157.6,83
"TX",48,79,"Cochran County","2,4-D",6204.5,8932.1,7568.3
"TX",48,79,"Cochran County","Chlorpyrifos",254.8,678.8,466.8
"TX",48,79,"Cochran County","Glyphosate",112596.4,112607.1,112601.75
"TX",48,79,"Cochran County","Paraquat",12955,13004,12979.5
"TX",48,81,"Coke County","2,4-D",1459.9,1515,1487.45
"TX",48,81,"Coke County","Chlorpyrifos",738.1,739.3,738.7
"TX",48,81,"Coke County","Glyphosate",3952.7,3952.7,3952.7
"TX",48,81,"Coke County","Malathion",0.1,0.1,0.1
"TX",48,81,"Coke County","Paraquat",91.2,218,154.6
"TX",48,83,"Coleman County","2,4-D",2555.7,2555.7,2555.7
"TX",48,83,"Coleman County","Chlorpyrifos",66.6,999.3,532.95
"TX",48,83,"Coleman County","Glyphosate",8975.4,8975.4,8975.4
"TX",48,83,"Coleman County","Malathion",6.8,6.8,6.8
"TX",48,83,"Coleman County","Paraquat",413.7,711.2,562.45
"TX",48,85,"Collin County","2,4-D",5089.2,5645.3,5367.25
"TX",48,85,"Collin County","Chlorpyrifos",305.8,713.7,509.75
"TX",48,85,"Collin County","Glyphosate",8614.3,8700.4,8657.35
"TX",48,85,"Collin County","Malathion",0,997.2,498.6
"TX",48,85,"Collin County","Paraquat",159.1,499.9,329.5
"TX",48,87,"Collingsworth County","2,4-D",7522.2,8372.4,7947.3
"TX",48,87,"Collingsworth County","Chlorpyrifos",89.9,359.3,224.6
"TX",48,87,"Collingsworth County","Glyphosate",95446.1,97141.1,96293.6
"TX",48,87,"Collingsworth County","Malathion",6.7,6.7,6.7
"TX",48,87,"Collingsworth County","Paraquat",5514.2,5745.5,5629.85
"TX",48,89,"Colorado County","2,4-D",7886.4,8593.6,8240
"TX",48,89,"Colorado County","Chlorpyrifos",73.9,350.3,212.1
"TX",48,89,"Colorado County","Glyphosate",24839.4,24919.9,24879.65
"TX",48,89,"Colorado County","Malathion",13.9,41.3,27.6
"TX",48,89,"Colorado County","Paraquat",58.3,274.7,166.5
"TX",48,91,"Comal County","2,4-D",3742,3761.4,3751.7
"TX",48,91,"Comal County","Chlorpyrifos",10.3,20.3,15.3
"TX",48,91,"Comal County","Glyphosate",326.4,344,335.2
"TX",48,91,"Comal County","Malathion",0.5,3.7,2.1
"TX",48,91,"Comal County","Paraquat",0,19.1,9.55
"TX",48,93,"Comanche County","2,4-D",3586,4020.2,3803.1
"TX",48,93,"Comanche County","Chlorpyrifos",5108.5,5516.7,5312.6
"TX",48,93,"Comanche County","Glyphosate",15514.4,17143.1,16328.75
"TX",48,93,"Comanche County","Malathion",87.7,87.7,87.7
"TX",48,93,"Comanche County","Paraquat",353,454.8,403.9
"TX",48,95,"Concho County","2,4-D",10019.6,10137.1,10078.35
"TX",48,95,"Concho County","Chlorpyrifos",4064.4,4109.3,4086.85
"TX",48,95,"Concho County","Glyphosate",36211,36211,36211
"TX",48,95,"Concho County","Malathion",8.7,8.7,8.7
"TX",48,95,"Concho County","Paraquat",3047.3,3384.5,3215.9
"TX",48,97,"Cooke County","2,4-D",9434,9714.8,9574.4
"TX",48,97,"Cooke County","Chlorpyrifos",258.4,774.6,516.5
"TX",48,97,"Cooke County","Glyphosate",3913.9,4078.6,3996.25
"TX",48,97,"Cooke County","Malathion",4.9,434.9,219.9
"TX",48,97,"Cooke County","Paraquat",107,354.1,230.55
"TX",48,99,"Coryell County","2,4-D",9758.7,10290,10024.35
"TX",48,99,"Coryell County","Chlorpyrifos",215.9,401.4,308.65
"TX",48,99,"Coryell County","Glyphosate",7416.5,7430.1,7423.3
"TX",48,99,"Coryell County","Malathion",0,480.3,240.15
"TX",48,99,"Coryell County","Paraquat",69.6,279.2,174.4
"TX",48,101,"Cottle County","2,4-D",3635,3781.1,3708.05
"TX",48,101,"Cottle County","Chlorpyrifos",1.4,176.8,89.1
"TX",48,101,"Cottle County","Glyphosate",43045.9,43352.7,43199.3
"TX",48,101,"Cottle County","Malathion",2,2,2
"TX",48,101,"Cottle County","Paraquat",2450.4,2489.6,2470
"TX",48,103,"Crane County","2,4-D",6.1,6.7,6.4
"TX",48,103,"Crane County","Chlorpyrifos",0.7,0.7,0.7
"TX",48,103,"Crane County","Glyphosate",2.5,6.4,4.45
"TX",48,103,"Crane County","Malathion",0,0.2,0.1
"TX",48,103,"Crane County","Paraquat",0,0.3,0.15
"TX",48,105,"Crockett County","2,4-D",171.4,171.4,171.4
"TX",48,105,"Crockett County","Chlorpyrifos",2.7,2.7,2.7
"TX",48,105,"Crockett County","Glyphosate",30.6,30.6,30.6
"TX",48,105,"Crockett County","Paraquat",0,0.2,0.1
"TX",48,107,"Crosby County","2,4-D",10341.6,11670.3,11005.95
"TX",48,107,"Crosby County","Chlorpyrifos",17.5,278.1,147.8
"TX",48,107,"Crosby County","Glyphosate",200588.9,201736.3,201162.6
"TX",48,107,"Crosby County","Malathion",0,34.1,17.05
"TX",48,107,"Crosby County","Paraquat",24172.3,24725,24448.65
"TX",48,109,"Culberson County","2,4-D",40.8,149.3,95.05
"TX",48,109,"Culberson County","Chlorpyrifos",4,133.3,68.65
"TX",48,109,"Culberson County","Glyphosate",18905.1,18931.7,18918.4
"TX",48,109,"Culberson County","Malathion",0,0.8,0.4
"TX",48,109,"Culberson County","Paraquat",0,85.7,42.85
"TX",48,111,"Dallam County","2,4-D",8957.8,8966.6,8962.2
"TX",48,111,"Dallam County","Chlorpyrifos",149.7,4127.6,2138.65
"TX",48,111,"Dallam County","Glyphosate",100888.2,101142.7,101015.45
"TX",48,111,"Dallam County","Malathion",5.6,29.3,17.45
"TX",48,111,"Dallam County","Paraquat",2058.3,16305.6,9181.95
"TX",48,113,"Dallas County","2,4-D",1212.6,1420,1316.3
"TX",48,113,"Dallas County","Chlorpyrifos",34.3,190.3,112.3
"TX",48,113,"Dallas County","Glyphosate",2617.2,2649.2,2633.2
"TX",48,113,"Dallas County","Malathion",0,126,63
"TX",48,113,"Dallas County","Paraquat",0,60.9,30.45
"TX",48,115,"Dawson County","2,4-D",14555,16611.3,15583.15
"TX",48,115,"Dawson County","Chlorpyrifos",66.3,1353.5,709.9
"TX",48,115,"Dawson County","Glyphosate",252046.1,253542,252794.05
"TX",48,115,"Dawson County","Malathion",0,43.1,21.55
"TX",48,115,"Dawson County","Paraquat",27765.9,28355,28060.45
"TX",48,117,"Deaf Smith County","2,4-D",19927.8,19951.7,19939.75
"TX",48,117,"Deaf Smith County","Chlorpyrifos",219,9042.3,4630.65
"TX",48,117,"Deaf Smith County","Glyphosate",81372.2,82215.7,81793.95
"TX",48,117,"Deaf Smith County","Paraquat",1830.8,13880.7,7855.75
"TX",48,119,"Delta County","2,4-D",1987.5,3204.5,2596
"TX",48,119,"Delta County","Chlorpyrifos",195.7,610.2,402.95
"TX",48,119,"Delta County","Glyphosate",17555.9,17615.6,17585.75
"TX",48,119,"Delta County","Malathion",0,325.9,162.95
"TX",48,119,"Delta County","Paraquat",601.1,1549.4,1075.25
"TX",48,121,"Denton County","2,4-D",6843.2,7197.3,7020.25
"TX",48,121,"Denton County","Chlorpyrifos",308,1508.7,908.35
"TX",48,121,"Denton County","Glyphosate",5922.8,6303.6,6113.2
"TX",48,121,"Denton County","Malathion",0,869.7,434.85
"TX",48,121,"Denton County","Paraquat",104.3,435.7,270
"TX",48,123,"DeWitt County","2,4-D",9822.4,10055.4,9938.9
"TX",48,123,"DeWitt County","Chlorpyrifos",95.6,208.4,152
"TX",48,123,"DeWitt County","Glyphosate",4289.9,4315.3,4302.6
"TX",48,123,"DeWitt County","Malathion",0.2,31.9,16.05
"TX",48,123,"DeWitt County","Paraquat",5.2,53.4,29.3
"TX",48,125,"Dickens County","2,4-D",3222,3847.9,3534.95
"TX",48,125,"Dickens County","Chlorpyrifos",0.8,254.3,127.55
"TX",48,125,"Dickens County","Glyphosate",33644.8,34946.6,34295.7
"TX",48,125,"Dickens County","Malathion",1.2,1.2,1.2
"TX",48,125,"Dickens County","Paraquat",1866.2,2034.7,1950.45
"TX",48,127,"Dimmit County","2,4-D",156.1,183.2,169.65
"TX",48,127,"Dimmit County","Chlorpyrifos",76.9,80,78.45
"TX",48,127,"Dimmit County","Glyphosate",4603.6,4606.8,4605.2
"TX",48,127,"Dimmit County","Malathion",0,1.7,0.85
"TX",48,127,"Dimmit County","Paraquat",0,20.6,10.3
"TX",48,129,"Donley County","2,4-D",2438,2783.8,2610.9
"TX",48,129,"Donley County","Chlorpyrifos",26.5,362,194.25
"TX",48,129,"Donley County","Glyphosate",21627.2,22318.7,21972.95
"TX",48,129,"Donley County","Malathion",2.7,2.7,2.7
"TX",48,129,"Donley County","Paraquat",1335.5,1430.6,1383.05
"TX",48,131,"Duval County","2,4-D",343.9,371,357.45
"TX",48,131,"Duval County","Chlorpyrifos",179.6,179.6,179.6
"TX",48,131,"Duval County","Glyphosate",6600.3,6600.3,6600.3
"TX",48,131,"Duval County","Paraquat",0,27.1,13.55
"TX",48,133,"Eastland County","2,4-D",2721.8,2980.1,2850.95
"TX",48,133,"Eastland County","Chlorpyrifos",479.5,942,710.75
"TX",48,133,"Eastland County","Glyphosate",6952.7,8082.3,7517.5
"TX",48,133,"Eastland County","Malathion",15.1,15.1,15.1
"TX",48,133,"Eastland County","Paraquat",176.4,310.4,243.4
"TX",48,135,"Ector County","2,4-D",10.8,15.1,12.95
"TX",48,135,"Ector County","Chlorpyrifos",0.4,13.9,7.15
"TX",48,135,"Ector County","Glyphosate",616,629.8,622.9
"TX",48,135,"Ector County","Malathion",0,0.1,0.05
"TX",48,135,"Ector County","Paraquat",0,0.2,0.1
"TX",48,137,"Edwards County","2,4-D",102.4,103.1,102.75
"TX",48,137,"Edwards County","Chlorpyrifos",0.2,0.2,0.2
"TX",48,137,"Edwards County","Glyphosate",38.8,38.8,38.8
"TX",48,137,"Edwards County","Malathion",0,0,0
"TX",48,137,"Edwards County","Paraquat",0,1,0.5
"TX",48,139,"Ellis County","2,4-D",7676.7,10126,8901.35
"TX",48,139,"Ellis County","Chlorpyrifos",419.4,2281,1350.2
"TX",48,139,"Ellis County","Glyphosate",40547,40704.5,40625.75
"TX",48,139,"Ellis County","Malathion",0,1043.5,521.75
"TX",48,139,"Ellis County","Paraquat",2599.3,3236.2,2917.75
"TX",48,141,"El Paso County","2,4-D",4,567.1,285.55
"TX",48,141,"El Paso County","Chlorpyrifos",35.7,579.9,307.8
"TX",48,141,"El Paso County","Glyphosate",13874.8,14583.3,14229.05
"TX",48,141,"El Paso County","Malathion",1.8,8.6,5.2
"TX",48,141,"El Paso County","Paraquat",1.4,170.7,86.05
"TX",48,143,"Erath County","2,4-D",3406.9,3601.8,3504.35
"TX",48,143,"Erath County","Chlorpyrifos",507.5,931.6,719.55
"TX",48,143,"Erath County","Glyphosate",3612.9,5162.3,4387.6
"TX",48,143,"Erath County","Malathion",10.2,10.2,10.2
"TX",48,143,"Erath County","Paraquat",38.9,195.6,117.25
"TX",48,145,"Falls County","2,4-D",6363.1,10633.9,8498.5
"TX",48,145,"Falls County","Chlorpyrifos",294.6,1742.7,1018.65
"TX",48,145,"Falls County","Glyphosate",59946.8,59976,59961.4
"TX",48,145,"Falls County","Malathion",24.9,920.9,472.9
"TX",48,145,"Falls County","Paraquat",788.7,1710.2,1249.45
"TX",48,147,"Fannin County","2,4-D",8169.5,9578,8873.75
"TX",48,147,"Fannin County","Chlorpyrifos",369.9,1292.2,831.05
"TX",48,147,"Fannin County","Glyphosate",13104.7,13245.4,13175.05
"TX",48,147,"Fannin County","Malathion",0,978.4,489.2
"TX",48,147,"Fannin County","Paraquat",116.8,1262.2,689.5
"TX",48,149,"Fayette County","2,4-D",8078.2,8593.8,8336
"TX",48,149,"Fayette County","Chlorpyrifos",117.5,390.3,253.9
"TX",48,149,"Fayette County","Glyphosate",8303.8,8430,8366.9
"TX",48,149,"Fayette County","Malathion",1.2,22.1,11.65
"TX",48,149,"Fayette County","Paraquat",8.1,126,67.05
"TX",48,151,"Fisher County","2,4-D",1913,1913.3,1913.15
"TX",48,151,"Fisher County","Chlorpyrifos",171.8,468.6,320.2
"TX",48,151,"Fisher County","Glyphosate",49012,49012,49012
"TX",48,151,"Fisher County","Malathion",12.3,12.3,12.3
"TX",48,151,"Fisher County","Paraquat",5591.7,5736.9,5664.3
"TX",48,153,"Floyd County","2,4-D",26105.9,26109.7,26107.8
"TX",48,153,"Floyd County","Chlorpyrifos",142.5,3548.3,1845.4
"TX",48,153,"Floyd County","Glyphosate",155469.9,155578.4,155524.15
"TX",48,153,"Floyd County","Malathion",0,25.6,12.8
"TX",48,153,"Floyd County","Paraquat",17857,23181.3,20519.15
"TX",48,155,"Foard County","2,4-D",7458,7748.4,7603.2
"TX",48,155,"Foard County","Chlorpyrifos",2.6,614,308.3
"TX",48,155,"Foard County","Glyphosate",10447.3,11112.1,10779.7
"TX",48,155,"Foard County","Paraquat",225.9,302.1,264
"TX",48,157,"Fort Bend County","2,4-D",8418.4,8756.4,8587.4
"TX",48,157,"Fort Bend County","Chlorpyrifos",0,237.3,118.65
"TX",48,157,"Fort Bend County","Glyphosate",34284.7,34284.7,34284.7
"TX",48,157,"Fort Bend County","Malathion",0,0.1,0.05
"TX",48,157,"Fort Bend County","Paraquat",2927.2,3051.9,2989.55
"TX",48,159,"Franklin County","2,4-D",12483.2,13990.8,13237
"TX",48,159,"Franklin County","Chlorpyrifos",23.6,28.6,26.1
"TX",48,159,"Franklin County","Glyphosate",452.1,1706.2,1079.15
"TX",48,159,"Franklin County","Malathion",25.2,26.2,25.7
"TX",48,159,"Franklin County","Paraquat",51.7,154.3,103
"TX",48,161,"Freestone County","2,4-D",14889.2,14937.4,14913.3
"TX",48,161,"Freestone County","Chlorpyrifos",0,18,9
"TX",48,161,"Freestone County","Glyphosate",7965.7,7997,7981.35
"TX",48,161,"Freestone County","Malathion",12.3,20.1,16.2
"TX",48,161,"Freestone County","Paraquat",0,13,6.5
"TX",48,163,"Frio County","2,4-D",715.7,875.3,795.5
"TX",48,163,"Frio County","Chlorpyrifos",474,485.6,479.8
"TX",48,163,"Frio County","Glyphosate",21383.5,21413.8,21398.65
"TX",48,163,"Frio County","Malathion",0,16,8
"TX",48,163,"Frio County","Paraquat",0,98.8,49.4
"TX",48,165,"Gaines County","2,4-D",12107.7,17595.6,14851.65
"TX",48,165,"Gaines County","Chlorpyrifos",610.9,2148.8,1379.85
"TX",48,165,"Gaines County","Glyphosate",206122.6,208335.3,207228.95
"TX",48,165,"Gaines County","Malathion",15.9,76.8,46.35
"TX",48,165,"Gaines County","Paraquat",20956.4,21672.8,21314.6
"TX",48,167,"Galveston County","2,4-D",2262.6,2672,2467.3
"TX",48,167,"Galveston County","Chlorpyrifos",0,1.8,0.9
"TX",48,167,"Galveston County","Glyphosate",296.9,296.9,296.9
"TX",48,167,"Galveston County","Malathion",0,0.7,0.35
"TX",48,167,"Galveston County","Paraquat",0.9,2.8,1.85
"TX",48,169,"Garza County","2,4-D",2864.4,3109.4,2986.9
"TX",48,169,"Garza County","Chlorpyrifos",0.9,25,12.95
"TX",48,169,"Garza County","Glyphosate",39466.1,39959,39712.55
"TX",48,169,"Garza County","Malathion",1.5,1.5,1.5
"TX",48,169,"Garza County","Paraquat",2257.6,2324.2,2290.9
"TX",48,171,"Gillespie County","2,4-D",856,1086.4,971.2
"TX",48,171,"Gillespie County","Chlorpyrifos",817.5,850.7,834.1
"TX",48,171,"Gillespie County","Glyphosate",4077.6,4077.6,4077.6
"TX",48,171,"Gillespie County","Malathion",448.9,448.9,448.9
"TX",48,171,"Gillespie County","Paraquat",0.2,138.7,69.45
"TX",48,173,"Glasscock County","2,4-D",4482.7,4800.8,4641.75
"TX",48,173,"Glasscock County","Chlorpyrifos",8.6,147.8,78.2
"TX",48,173,"Glasscock County","Glyphosate",83338.5,83652.5,83495.5
"TX",48,173,"Glasscock County","Malathion",0,9,4.5
"TX",48,173,"Glasscock County","Paraquat",9879.1,9983.8,9931.45
"TX",48,175,"Goliad County","2,4-D",9061.2,9248.7,9154.95
"TX",48,175,"Goliad County","Chlorpyrifos",33.1,113.4,73.25
"TX",48,175,"Goliad County","Glyphosate",3805.9,3805.9,3805.9
"TX",48,175,"Goliad County","Malathion",0.1,2.7,1.4
"TX",48,175,"Goliad County","Paraquat",7.7,65.2,36.45
"TX",48,177,"Gonzales County","2,4-D",10833.6,11080,10956.8
"TX",48,177,"Gonzales County","Chlorpyrifos",39.5,152.7,96.1
"TX",48,177,"Gonzales County","Glyphosate",4691.9,4708.7,4700.3
"TX",48,177,"Gonzales County","Malathion",2.1,6.4,4.25
"TX",48,177,"Gonzales County","Paraquat",8.7,58,33.35
"TX",48,179,"Gray County","2,4-D",5344.2,5345.6,5344.9
"TX",48,179,"Gray County","Chlorpyrifos",44.3,1118.9,581.6
"TX",48,179,"Gray County","Glyphosate",28196.3,28238.5,28217.4
"TX",48,179,"Gray County","Malathion",2.6,8.3,5.45
"TX",48,179,"Gray County","Paraquat",2326,4251.5,3288.75
"TX",48,181,"Grayson County","2,4-D",6467.2,6985.7,6726.45
"TX",48,181,"Grayson County","Chlorpyrifos",291.9,816.5,554.2
"TX",48,181,"Grayson County","Glyphosate",7408.3,7542.6,7475.45
"TX",48,181,"Grayson County","Malathion",0,606,303
"TX",48,181,"Grayson County","Paraquat",121.2,378.4,249.8
"TX",48,183,"Gregg County","2,4-D",4855.4,4856.4,4855.9
"TX",48,183,"Gregg County","Chlorpyrifos",1.6,7,4.3
"TX",48,183,"Gregg County","Glyphosate",4,4.8,4.4
"TX",48,183,"Gregg County","Paraquat",0.1,0.1,0.1
"TX",48,185,"Grimes County","2,4-D",14060.8,14395.6,14228.2
"TX",48,185,"Grimes County","Chlorpyrifos",0,12.9,6.45
"TX",48,185,"Grimes County","Glyphosate",9660.4,9796.2,9728.3
"TX",48,185,"Grimes County","Malathion",15.3,15.3,15.3
"TX",48,185,"Grimes County","Paraquat",0,148.1,74.05
"TX",48,187,"Guadalupe County","2,4-D",6811.5,7726.4,7268.95
"TX",48,187,"Guadalupe County","Chlorpyrifos",249.3,803.9,526.6
"TX",48,187,"Guadalupe County","Glyphosate",17184.9,17611.2,17398.05
"TX",48,187,"Guadalupe County","Malathion",2.2,62.4,32.3
"TX",48,187,"Guadalupe County","Paraquat",39.1,300,169.55
"TX",48,189,"Hale County","2,4-D",26738.4,26741.5,26739.95
"TX",48,189,"Hale County","Chlorpyrifos",239.6,2413.8,1326.7
"TX",48,189,"Hale County","Glyphosate",218917.5,219007.3,218962.4
"TX",48,189,"Hale County","Malathion",0,31.3,15.65
"TX",48,189,"Hale County","Paraquat",20872.5,32299.4,26585.95
"TX",48,191,"Hall County","2,4-D",8346.7,8704.1,8525.4
"TX",48,191,"Hall County","Chlorpyrifos",10,209.1,109.55
"TX",48,191,"Hall County","Glyphosate",106027.6,106680,106353.8
"TX",48,191,"Hall County","Malathion",3.2,3.2,3.2
"TX",48,191,"Hall County","Paraquat",5995.7,6095,6045.35
"TX",48,193,"Hamilton County","2,4-D",9163.2,9231.8,9197.5
"TX",48,193,"Hamilton County","Chlorpyrifos",72.3,389.9,231.1
"TX",48,193,"Hamilton County","Glyphosate",1298,1405.3,1351.65
"TX",48,193,"Hamilton County","Malathion",0,133,66.5
"TX",48,193,"Hamilton County","Paraquat",0,110.8,55.4
"TX",48,195,"Hansford County","2,4-D",9570.9,9570.9,9570.9
"TX",48,195,"Hansford County","Chlorpyrifos",123.3,4188.5,2155.9
"TX",48,195,"Hansford County","Glyphosate",69281.7,69281.7,69281.7
"TX",48,195,"Hansford County","Paraquat",1656.2,10429.9,6043.05
"TX",48,197,"Hardeman County","2,4-D",8380.1,8736.2,8558.15
"TX",48,197,"Hardeman County","Chlorpyrifos",5.1,614,309.55
"TX",48,197,"Hardeman County","Glyphosate",23678.3,24348.9,24013.6
"TX",48,197,"Hardeman County","Malathion",7.4,7.4,7.4
"TX",48,197,"Hardeman County","Paraquat",952.1,1053.2,1002.65
"TX",48,199,"Hardin County","2,4-D",1786.4,1808.5,1797.45
"TX",48,199,"Hardin County","Chlorpyrifos",0,0.5,0.25
"TX",48,199,"Hardin County","Glyphosate",963.4,976,969.7
"TX",48,199,"Hardin County","Malathion",3.1,3.1,3.1
"TX",48,199,"Hardin County","Paraquat",0,0.6,0.3
"TX",48,201,"Harris County","2,4-D",5628,5686.7,5657.35
"TX",48,201,"Harris County","Chlorpyrifos",0,5.7,2.85
"TX",48,201,"Harris County","Glyphosate",1434.4,1434.4,1434.4
"TX",48,201,"Harris County","Malathion",0,18.1,9.05
"TX",48,201,"Harris County","Paraquat",4.4,19.7,12.05
"TX",48,203,"Harrison County","2,4-D",20298.9,20326.7,20312.8
"TX",48,203,"Harrison County","Chlorpyrifos",54.8,56.1,55.45
"TX",48,203,"Harrison County","Glyphosate",41.2,73.9,57.55
"TX",48,203,"Harrison County","Malathion",4.9,7.5,6.2
"TX",48,203,"Harrison County","Paraquat",0.4,0.4,0.4
"TX",48,205,"Hartley County","2,4-D",3719.5,3759.4,3739.45
"TX",48,205,"Hartley County","Chlorpyrifos",131.6,1809.7,970.65
"TX",48,205,"Hartley County","Glyphosate",89440.9,90592.5,90016.7
"TX",48,205,"Hartley County","Paraquat",531.8,14009.8,7270.8
"TX",48,207,"Haskell County","2,4-D",6014.4,6014.8,6014.6
"TX",48,207,"Haskell County","Chlorpyrifos",45.1,3044,1544.55
"TX",48,207,"Haskell County","Glyphosate",69219,69219,69219
"TX",48,207,"Haskell County","Malathion",0.4,0.4,0.4
"TX",48,207,"Haskell County","Paraquat",7207.7,7818.7,7513.2
"TX",48,209,"Hays County","2,4-D",4274.5,4469.1,4371.8
"TX",48,209,"Hays County","Chlorpyrifos",27.6,137.2,82.4
"TX",48,209,"Hays County","Glyphosate",3304.8,3357.8,3331.3
"TX",48,209,"Hays County","Malathion",0.1,9,4.55
"TX",48,209,"Hays County","Paraquat",5.1,55.6,30.35
"TX",48,211,"Hemphill County","2,4-D",769.2,776.9,773.05
"TX",48,211,"Hemphill County","Chlorpyrifos",0.2,367,183.6
"TX",48,211,"Hemphill County","Glyphosate",816.9,1039.9,928.4
"TX",48,211,"Hemphill County","Malathion",0,1,0.5
"TX",48,211,"Hemphill County","Paraquat",29.4,268,148.7
"TX",48,213,"Henderson County","2,4-D",41162.3,41262.6,41212.45
"TX",48,213,"Henderson County","Chlorpyrifos",86.5,88,87.25
"TX",48,213,"Henderson County","Glyphosate",89.6,192.2,140.9
"TX",48,213,"Henderson County","Malathion",0,7.3,3.65
"TX",48,213,"Henderson County","Paraquat",3.5,3.5,3.5
"TX",48,215,"Hidalgo County","2,4-D",1346.9,7465.1,4406
"TX",48,215,"Hidalgo County","Chlorpyrifos",18568.9,18568.9,18568.9
"TX",48,215,"Hidalgo County","Glyphosate",109806.7,113364.4,111585.55
"TX",48,215,"Hidalgo County","Paraquat",1343.5,1343.5,1343.5
"TX",48,217,"Hill County","2,4-D",8661.2,13230.2,10945.7
"TX",48,217,"Hill County","Chlorpyrifos",565.8,2706.1,1635.95
"TX",48,217,"Hill County","Glyphosate",71822.2,71966.8,71894.5
"TX",48,217,"Hill County","Malathion",27.6,1791.4,909.5
"TX",48,217,"Hill County","Paraquat",2085.8,2983.3,2534.55
"TX",48,219,"Hockley County","2,4-D",11585,13536.3,12560.65
"TX",48,219,"Hockley County","Chlorpyrifos",27.6,395.5,211.55
"TX",48,219,"Hockley County","Glyphosate",223850.9,223967.1,223909
"TX",48,219,"Hockley County","Malathion",10.7,12.8,11.75
"TX",48,219,"Hockley County","Paraquat",27577.7,27626.3,27602
"TX",48,221,"Hood County","2,4-D",1312.2,1325.3,1318.75
"TX",48,221,"Hood County","Chlorpyrifos",1023.2,1147.8,1085.5
"TX",48,221,"Hood County","Glyphosate",1599.9,1721.4,1660.65
"TX",48,221,"Hood County","Malathion",18.4,18.4,18.4
"TX",48,221,"Hood County","Paraquat",8.1,18.4,13.25
"TX",48,223,"Hopkins County","2,4-D",47484,47629.8,47556.9
"TX",48,223,"Hopkins County","Chlorpyrifos",45.9,99,72.45
"TX",48,223,"Hopkins County","Glyphosate",186.7,259.5,223.1
"TX",48,223,"Hopkins County","Malathion",128.5,133.5,131
"TX",48,223,"Hopkins County","Paraquat",6,6,6
"TX",48,225,"Houston County","2,4-D",57833.7,62376.2,60104.95
"TX",48,225,"Houston County","Chlorpyrifos",821.1,839.1,830.1
"TX",48,225,"Houston County","Glyphosate",3348.5,6927.5,5138
"TX",48,225,"Houston County","Malathion",126.3,181.7,154
"TX",48,225,"Houston County","Paraquat",52.9,217.8,135.35
"TX",48,227,"Howard County","2,4-D",3009.3,3106.7,3058
"TX",48,227,"Howard County","Chlorpyrifos",1.9,19.4,10.65
"TX",48,227,"Howard County","Glyphosate",58327.9,58374.9,58351.4
"TX",48,227,"Howard County","Malathion",2.6,3.5,3.05
"TX",48,227,"Howard County","Paraquat",7231.8,7244.9,7238.35
"TX",48,229,"Hudspeth County","2,4-D",56.6,532.4,294.5
"TX",48,229,"Hudspeth County","Chlorpyrifos",3.5,818.7,411.1
"TX",48,229,"Hudspeth County","Glyphosate",7790.7,8241.2,8015.95
"TX",48,229,"Hudspeth County","Malathion",0,0.7,0.35
"TX",48,229,"Hudspeth County","Paraquat",0,194,97
"TX",48,231,"Hunt County","2,4-D",6705.4,7659.3,7182.35
"TX",48,231,"Hunt County","Chlorpyrifos",226.9,722.9,474.9
"TX",48,231,"Hunt County","Glyphosate",11358,11473.8,11415.9
"TX",48,231,"Hunt County","Malathion",2,432.3,217.15
"TX",48,231,"Hunt County","Paraquat",114.2,1009.6,561.9
"TX",48,233,"Hutchinson County","2,4-D",3391.6,3391.6,3391.6
"TX",48,233,"Hutchinson County","Chlorpyrifos",38.6,1062.4,550.5
"TX",48,233,"Hutchinson County","Glyphosate",21457.7,21457.7,21457.7
"TX",48,233,"Hutchinson County","Malathion",0.9,7.8,4.35
"TX",48,233,"Hutchinson County","Paraquat",378.2,3584.3,1981.25
"TX",48,235,"Irion County","2,4-D",306.4,320.3,313.35
"TX",48,235,"Irion County","Chlorpyrifos",142.7,142.7,142.7
"TX",48,235,"Irion County","Glyphosate",707.2,707.2,707.2
"TX",48,235,"Irion County","Malathion",0.3,0.3,0.3
"TX",48,235,"Irion County","Paraquat",0,28.6,14.3
"TX",48,237,"Jack County","2,4-D",3018.5,3046.1,3032.3
"TX",48,237,"Jack County","Chlorpyrifos",27.9,37.2,32.55
"TX",48,237,"Jack County","Glyphosate",421.2,739.5,580.35
"TX",48,237,"Jack County","Malathion",0.9,0.9,0.9
"TX",48,237,"Jack County","Paraquat",0,39.5,19.75
"TX",48,239,"Jackson County","2,4-D",10189,10763.8,10476.4
"TX",48,239,"Jackson County","Chlorpyrifos",0,88.8,44.4
"TX",48,239,"Jackson County","Glyphosate",33083.7,33083.7,33083.7
"TX",48,239,"Jackson County","Paraquat",1603.3,1746.5,1674.9
"TX",48,241,"Jasper County","2,4-D",2203,2342.6,2272.8
"TX",48,241,"Jasper County","Chlorpyrifos",0,11.9,5.95
"TX",48,241,"Jasper County","Glyphosate",1179.6,1256.4,1218
"TX",48,241,"Jasper County","Malathion",18.5,19,18.75
"TX",48,241,"Jasper County","Paraquat",0,0.7,0.35
"TX",48,243,"Jeff Davis County","2,4-D",32.3,32.6,32.45
"TX",48,243,"Jeff Davis County","Chlorpyrifos",0.3,0.3,0.3
"TX",48,243,"Jeff Davis County","Glyphosate",0.9,21.9,11.4
"TX",48,243,"Jeff Davis County","Malathion",0,0.1,0.05
"TX",48,243,"Jeff Davis County","Paraquat",0,0.1,0.05
"TX",48,245,"Jefferson County","2,4-D",8470.3,10515.3,9492.8
"TX",48,245,"Jefferson County","Chlorpyrifos",0,8.2,4.1
"TX",48,245,"Jefferson County","Glyphosate",8667.6,8667.6,8667.6
"TX",48,245,"Jefferson County","Paraquat",104.2,121.1,112.65
"TX",48,247,"Jim Hogg County","2,4-D",15.5,15.8,15.65
"TX",48,247,"Jim Hogg County","Chlorpyrifos",0.6,0.6,0.6
"TX",48,247,"Jim Hogg County","Glyphosate",3006.7,3006.9,3006.8
"TX",48,247,"Jim Hogg County","Malathion",0,0.1,0.05
"TX",48,249,"Jim Wells County","2,4-D",2491.9,2923.9,2707.9
"TX",48,249,"Jim Wells County","Chlorpyrifos",318.5,524.7,421.6
"TX",48,249,"Jim Wells County","Glyphosate",42113.9,43389.3,42751.6
"TX",48,249,"Jim Wells County","Malathion",0.6,21.8,11.2
"TX",48,249,"Jim Wells County","Paraquat",0.2,355.9,178.05
"TX",48,251,"Johnson County","2,4-D",7562.7,7859,7710.85
"TX",48,251,"Johnson County","Chlorpyrifos",215.5,597.7,406.6
"TX",48,251,"Johnson County","Glyphosate",4530.4,4635.5,4582.95
"TX",48,251,"Johnson County","Malathion",0,404.3,202.15
"TX",48,251,"Johnson County","Paraquat",63.1,223.3,143.2
"TX",48,253,"Jones County","2,4-D",7042.8,7043.3,7043.05
"TX",48,253,"Jones County","Chlorpyrifos",55.6,3701.5,1878.55
"TX",48,253,"Jones County","Glyphosate",71035,71035,71035
"TX",48,253,"Jones County","Malathion",9.4,9.4,9.4
"TX",48,253,"Jones County","Paraquat",7345.3,7837.2,7591.25
"TX",48,255,"Karnes County","2,4-D",8000,8401.9,8200.95
"TX",48,255,"Karnes County","Chlorpyrifos",84.6,305.9,195.25
"TX",48,255,"Karnes County","Glyphosate",9151.1,9343.1,9247.1
"TX",48,255,"Karnes County","Malathion",3.4,6.8,5.1
"TX",48,255,"Karnes County","Paraquat",45.5,161.4,103.45
"TX",48,257,"Kaufman County","2,4-D",7633.3,8600.7,8117
"TX",48,257,"Kaufman County","Chlorpyrifos",95.6,442.2,268.9
"TX",48,257,"Kaufman County","Glyphosate",9127.1,9205.5,9166.3
"TX",48,257,"Kaufman County","Malathion",0,274.3,137.15
"TX",48,257,"Kaufman County","Paraquat",0,1027.4,513.7
"TX",48,259,"Kendall County","2,4-D",62.7,90.9,76.8
"TX",48,259,"Kendall County","Chlorpyrifos",68.5,68.5,68.5
"TX",48,259,"Kendall County","Glyphosate",761,761,761
"TX",48,259,"Kendall County","Malathion",13,13,13
"TX",48,259,"Kendall County","Paraquat",0,31.4,15.7
"TX",48,261,"Kenedy County","2,4-D",22.4,23.4,22.9
"TX",48,261,"Kenedy County","Chlorpyrifos",2.4,2.4,2.4
"TX",48,261,"Kenedy County","Glyphosate",4342.1,4342.6,4342.35
"TX",48,261,"Kenedy County","Malathion",0,0.2,0.1
"TX",48,263,"Kent County","2,4-D",970,1082.8,1026.4
"TX",48,263,"Kent County","Chlorpyrifos",0.4,23.3,11.85
"TX",48,263,"Kent County","Glyphosate",5791.4,6022.4,5906.9
"TX",48,263,"Kent County","Malathion",0.8,0.8,0.8
"TX",48,263,"Kent County","Paraquat",313.8,344.3,329.05
"TX",48,265,"Kerr County","2,4-D",89.7,117.3,103.5
"TX",48,265,"Kerr County","Chlorpyrifos",66.9,67.3,67.1
"TX",48,265,"Kerr County","Glyphosate",509.4,509.4,509.4
"TX",48,265,"Kerr County","Malathion",5.9,5.9,5.9
"TX",48,265,"Kerr County","Paraquat",0,21.1,10.55
"TX",48,267,"Kimble County","2,4-D",137.1,206.8,171.95
"TX",48,267,"Kimble County","Chlorpyrifos",336.1,336.7,336.4
"TX",48,267,"Kimble County","Glyphosate",207.8,207.8,207.8
"TX",48,267,"Kimble County","Malathion",36.6,36.6,36.6
"TX",48,267,"Kimble County","Paraquat",0,4.4,2.2
"TX",48,269,"King County","2,4-D",488.5,488.5,488.5
"TX",48,269,"King County","Chlorpyrifos",0,16.9,8.45
"TX",48,269,"King County","Glyphosate",587.9,587.9,587.9
"TX",48,269,"King County","Paraquat",19.5,19.5,19.5
"TX",48,271,"Kinney County","2,4-D",92.5,168.3,130.4
"TX",48,271,"Kinney County","Chlorpyrifos",1.6,12.2,6.9
"TX",48,271,"Kinney County","Glyphosate",746.5,746.5,746.5
"TX",48,271,"Kinney County","Malathion",0.2,0.2,0.2
"TX",48,271,"Kinney County","Paraquat",36.9,55.9,46.4
"TX",48,273,"Kleberg County","2,4-D",436.4,9388.8,4912.6
"TX",48,273,"Kleberg County","Chlorpyrifos",55.7,300.8,178.25
"TX",48,273,"Kleberg County","Glyphosate",43684.6,44334.3,44009.45
"TX",48,273,"Kleberg County","Paraquat",8.6,934.8,471.7
"TX",48,275,"Knox County","2,4-D",5135.6,5135.6,5135.6
"TX",48,275,"Knox County","Chlorpyrifos",197.9,3900.2,2049.05
"TX",48,275,"Knox County","Glyphosate",23321.2,23321.2,23321.2
"TX",48,275,"Knox County","Malathion",14,14,14
"TX",48,275,"Knox County","Paraquat",2193.4,2459.4,2326.4
"TX",48,277,"Lamar County","2,4-D",7879.6,9643.9,8761.75
"TX",48,277,"Lamar County","Chlorpyrifos",274.2,2190.5,1232.35
"TX",48,277,"Lamar County","Glyphosate",20221.4,20756.1,20488.75
"TX",48,277,"Lamar County","Malathion",0,622.1,311.05
"TX",48,277,"Lamar County","Paraquat",136.9,1370.1,753.5
"TX",48,279,"Lamb County","2,4-D",9594.9,16314.2,12954.55
"TX",48,279,"Lamb County","Chlorpyrifos",35.4,1667.6,851.5
"TX",48,279,"Lamb County","Glyphosate",170222.5,171777.4,170999.95
"TX",48,279,"Lamb County","Malathion",0,42.1,21.05
"TX",48,279,"Lamb County","Paraquat",19049.5,20104.9,19577.2
"TX",48,281,"Lampasas County","2,4-D",286.9,333.3,310.1
"TX",48,281,"Lampasas County","Chlorpyrifos",142.3,142.5,142.4
"TX",48,281,"Lampasas County","Glyphosate",1747.1,1747.1,1747.1
"TX",48,281,"Lampasas County","Malathion",1.3,1.3,1.3
"TX",48,281,"Lampasas County","Paraquat",0.9,74.7,37.8
"TX",48,283,"La Salle County","2,4-D",500.2,534.1,517.15
"TX",48,283,"La Salle County","Chlorpyrifos",103.3,137.2,120.25
"TX",48,283,"La Salle County","Glyphosate",8104.7,8112.5,8108.6
"TX",48,283,"La Salle County","Malathion",0.6,4.8,2.7
"TX",48,283,"La Salle County","Paraquat",0.2,19.2,9.7
"TX",48,285,"Lavaca County","2,4-D",9416.2,9564.9,9490.55
"TX",48,285,"Lavaca County","Chlorpyrifos",76.9,164.6,120.75
"TX",48,285,"Lavaca County","Glyphosate",3853.9,3954.7,3904.3
"TX",48,285,"Lavaca County","Malathion",2.5,5.5,4
"TX",48,285,"Lavaca County","Paraquat",0.2,58.1,29.15
"TX",48,287,"Lee County","2,4-D",5373,5407.4,5390.2
"TX",48,287,"Lee County","Chlorpyrifos",39,54.2,46.6
"TX",48,287,"Lee County","Glyphosate",734.3,740.6,737.45
"TX",48,287,"Lee County","Malathion",2.1,14.7,8.4
"TX",48,287,"Lee County","Paraquat",0.1,11.8,5.95
"TX",48,289,"Leon County","2,4-D",19971,20570.1,20270.55
"TX",48,289,"Leon County","Chlorpyrifos",0,12.7,6.35
"TX",48,289,"Leon County","Glyphosate",10829.8,11145.2,10987.5
"TX",48,289,"Leon County","Malathion",6.2,51.5,28.85
"TX",48,289,"Leon County","Paraquat",0,15.1,7.55
"TX",48,291,"Liberty County","2,4-D",5338.7,6051.8,5695.25
"TX",48,291,"Liberty County","Chlorpyrifos",0,25.1,12.55
"TX",48,291,"Liberty County","Glyphosate",5578.6,5578.6,5578.6
"TX",48,291,"Liberty County","Malathion",0,0.6,0.3
"TX",48,291,"Liberty County","Paraquat",25.7,210.5,118.1
"TX",48,293,"Limestone County","2,4-D",9831.7,10479.2,10155.45
"TX",48,293,"Limestone County","Chlorpyrifos",69.7,561.4,315.55
"TX",48,293,"Limestone County","Glyphosate",10212.4,10311.7,10262.05
"TX",48,293,"Limestone County","Malathion",5.2,252.8,129
"TX",48,293,"Limestone County","Paraquat",256.2,432.9,344.55
"TX",48,295,"Lipscomb County","2,4-D",2259.5,2268,2263.75
"TX",48,295,"Lipscomb County","Chlorpyrifos",17.8,807.4,412.6
"TX",48,295,"Lipscomb County","Glyphosate",10952.8,11197.5,11075.15
"TX",48,295,"Lipscomb County","Malathion",1,5,3
"TX",48,295,"Lipscomb County","Paraquat",161.4,2111.7,1136.55
"TX",48,297,"Live Oak County","2,4-D",398.1,441.7,419.9
"TX",48,297,"Live Oak County","Chlorpyrifos",70.5,102.1,86.3
"TX",48,297,"Live Oak County","Glyphosate",7519.9,7530,7524.95
"TX",48,297,"Live Oak County","Malathion",0,5.3,2.65
"TX",48,297,"Live Oak County","Paraquat",0,24.1,12.05
"TX",48,299,"Llano County","2,4-D",77.9,96.2,87.05
"TX",48,299,"Llano County","Chlorpyrifos",79.1,79.4,79.25
"TX",48,299,"Llano County","Glyphosate",117.5,117.5,117.5
"TX",48,299,"Llano County","Malathion",7.9,7.9,7.9
"TX",48,299,"Llano County","Paraquat",0,3.8,1.9
"TX",48,301,"Loving County","2,4-D",9.8,9.8,9.8
"TX",48,301,"Loving County","Glyphosate",0,6.4,3.2
"TX",48,303,"Lubbock County","2,4-D",11542.6,12902.3,12222.45
"TX",48,303,"Lubbock County","Chlorpyrifos",19.9,488,253.95
"TX",48,303,"Lubbock County","Glyphosate",217598.1,217923.1,217760.6
"TX",48,303,"Lubbock County","Malathion",1.2,10.5,5.85
"TX",48,303,"Lubbock County","Paraquat",26173.8,26472.5,26323.15
"TX",48,305,"Lynn County","2,4-D",12084.3,13299.8,12692.05
"TX",48,305,"Lynn County","Chlorpyrifos",23.9,776.8,400.35
"TX",48,305,"Lynn County","Glyphosate",221950.7,223503.8,222727.25
"TX",48,305,"Lynn County","Malathion",0,46.6,23.3
"TX",48,305,"Lynn County","Paraquat",25844.9,26616.3,26230.6
"TX",48,307,"McCulloch County","2,4-D",6992.6,7194,7093.3
"TX",48,307,"McCulloch County","Chlorpyrifos",3427.2,3450.5,3438.85
"TX",48,307,"McCulloch County","Glyphosate",17265.9,17265.9,17265.9
"TX",48,307,"McCulloch County","Malathion",10.9,10.9,10.9
"TX",48,307,"McCulloch County","Paraquat",1003.5,1326.2,1164.85
"TX",48,309,"McLennan County","2,4-D",9040.9,13058.3,11049.6
"TX",48,309,"McLennan County","Chlorpyrifos",486.4,1926,1206.2
"TX",48,309,"McLennan County","Glyphosate",58579.5,58620.8,58600.15
"TX",48,309,"McLennan County","Malathion",0,1410,705
"TX",48,309,"McLennan County","Paraquat",846.7,1697.1,1271.9
"TX",48,311,"McMullen County","2,4-D",11.9,11.9,11.9
"TX",48,311,"McMullen County","Glyphosate",5691.4,5691.4,5691.4
"TX",48,313,"Madison County","2,4-D",10540.3,10586.3,10563.3
"TX",48,313,"Madison County","Chlorpyrifos",0,2.1,1.05
"TX",48,313,"Madison County","Glyphosate",5747.4,5790.2,5768.8
"TX",48,313,"Madison County","Malathion",66.3,66.3,66.3
"TX",48,313,"Madison County","Paraquat",0,1.5,0.75
"TX",48,315,"Marion County","2,4-D",2477.5,2477.5,2477.5
"TX",48,315,"Marion County","Chlorpyrifos",0.7,0.7,0.7
"TX",48,315,"Marion County","Glyphosate",0.5,0.7,0.6
"TX",48,315,"Marion County","Malathion",0,0,0
"TX",48,317,"Martin County","2,4-D",6013.7,6769.7,6391.7
"TX",48,317,"Martin County","Chlorpyrifos",3.5,99.1,51.3
"TX",48,317,"Martin County","Glyphosate",117292.8,118144.6,117718.7
"TX",48,317,"Martin County","Malathion",0,24.7,12.35
"TX",48,317,"Martin County","Paraquat",14274.3,14467.4,14370.85
"TX",48,319,"Mason County","2,4-D",112.7,292.2,202.45
"TX",48,319,"Mason County","Chlorpyrifos",662.6,664.3,663.45
"TX",48,319,"Mason County","Glyphosate",1265.3,1265.3,1265.3
"TX",48,319,"Mason County","Malathion",76.1,76.1,76.1
"TX",48,319,"Mason County","Paraquat",0.2,44.9,22.55
"TX",48,321,"Matagorda County","2,4-D",13641.1,14207.3,13924.2
"TX",48,321,"Matagorda County","Chlorpyrifos",0,312.9,156.45
"TX",48,321,"Matagorda County","Glyphosate",34932.2,34932.2,34932.2
"TX",48,321,"Matagorda County","Paraquat",2770.1,3019.5,2894.8
"TX",48,323,"Maverick County","2,4-D",123,208.7,165.85
"TX",48,323,"Maverick County","Chlorpyrifos",273.1,274.3,273.7
"TX",48,323,"Maverick County","Glyphosate",2787,2829.7,2808.35
"TX",48,323,"Maverick County","Malathion",0.3,22.9,11.6
"TX",48,323,"Maverick County","Paraquat",0.1,0.1,0.1
"TX",48,325,"Medina County","2,4-D",15429.7,16743.6,16086.65
"TX",48,325,"Medina County","Chlorpyrifos",204,1008.5,606.25
"TX",48,325,"Medina County","Glyphosate",33049.4,34095.1,33572.25
"TX",48,325,"Medina County","Malathion",4.3,18.6,11.45
"TX",48,325,"Medina County","Paraquat",237.7,600,418.85
"TX",48,327,"Menard County","2,4-D",504.2,514.8,509.5
"TX",48,327,"Menard County","Chlorpyrifos",254,254.3,254.15
"TX",48,327,"Menard County","Glyphosate",776.8,776.8,776.8
"TX",48,327,"Menard County","Malathion",0.7,0.7,0.7
"TX",48,327,"Menard County","Paraquat",0.1,30,15.05
"TX",48,329,"Midland County","2,4-D",1124.5,1394.7,1259.6
"TX",48,329,"Midland County","Chlorpyrifos",1.2,297.4,149.3
"TX",48,329,"Midland County","Glyphosate",16594.1,16752.2,16673.15
"TX",48,329,"Midland County","Malathion",1.2,3.7,2.45
"TX",48,329,"Midland County","Paraquat",1323.1,1410,1366.55
"TX",48,331,"Milam County","2,4-D",10049.4,12353,11201.2
"TX",48,331,"Milam County","Chlorpyrifos",360,1527.3,943.65
"TX",48,331,"Milam County","Glyphosate",38528.6,38681.2,38604.9
"TX",48,331,"Milam County","Malathion",0,508.7,254.35
"TX",48,331,"Milam County","Paraquat",1426.7,1920.4,1673.55
"TX",48,333,"Mills County","2,4-D",3075.4,3112,3093.7
"TX",48,333,"Mills County","Chlorpyrifos",1873.8,1945.6,1909.7
"TX",48,333,"Mills County","Glyphosate",3154.2,3539.8,3347
"TX",48,333,"Mills County","Malathion",32.4,32.4,32.4
"TX",48,333,"Mills County","Paraquat",0,47.7,23.85
"TX",48,335,"Mitchell County","2,4-D",1241.8,1241.8,1241.8
"TX",48,335,"Mitchell County","Chlorpyrifos",77.1,190.2,133.65
"TX",48,335,"Mitchell County","Glyphosate",40181,40181,40181
"TX",48,335,"Mitchell County","Malathion",5.2,5.2,5.2
"TX",48,335,"Mitchell County","Paraquat",4781,4911.4,4846.2
"TX",48,337,"Montague County","2,4-D",2722.3,2798.5,2760.4
"TX",48,337,"Montague County","Chlorpyrifos",815.6,874.8,845.2
"TX",48,337,"Montague County","Glyphosate",2231.5,2936.8,2584.15
"TX",48,337,"Montague County","Malathion",24.2,24.2,24.2
"TX",48,337,"Montague County","Paraquat",17,102.7,59.85
"TX",48,339,"Montgomery County","2,4-D",4465.1,4542.6,4503.85
"TX",48,339,"Montgomery County","Chlorpyrifos",0,2.5,1.25
"TX",48,339,"Montgomery County","Glyphosate",3163.6,3203.1,3183.35
"TX",48,339,"Montgomery County","Malathion",13.9,16.8,15.35
"TX",48,339,"Montgomery County","Paraquat",0,31.6,15.8
"TX",48,341,"Moore County","2,4-D",7733.8,7743.4,7738.6
"TX",48,341,"Moore County","Chlorpyrifos",136.2,3429.4,1782.8
"TX",48,341,"Moore County","Glyphosate",66666.1,66942.6,66804.35
"TX",48,341,"Moore County","Paraquat",1275.5,9824.1,5549.8
"TX",48,343,"Morris County","2,4-D",10578.6,11398.3,10988.45
"TX",48,343,"Morris County","Chlorpyrifos",7.6,7.6,7.6
"TX",48,343,"Morris County","Glyphosate",8.4,644.8,326.6
"TX",48,343,"Morris County","Malathion",0,1.3,0.65
"TX",48,343,"Morris County","Paraquat",0.4,0.4,0.4
"TX",48,345,"Motley County","2,4-D",2397.3,2606.9,2502.1
"TX",48,345,"Motley County","Chlorpyrifos",0.8,16.3,8.55
"TX",48,345,"Motley County","Glyphosate",30259.4,30688.7,30474.05
"TX",48,345,"Motley County","Malathion",1.2,1.2,1.2
"TX",48,345,"Motley County","Paraquat",1729,1785.7,1757.35
"TX",48,347,"Nacogdoches County","2,4-D",27468.4,27610.4,27539.4
"TX",48,347,"Nacogdoches County","Chlorpyrifos",26.5,31,28.75
"TX",48,347,"Nacogdoches County","Glyphosate",21.8,142.8,82.3
"TX",48,347,"Nacogdoches County","Malathion",1.5,5.3,3.4
"TX",48,347,"Nacogdoches County","Paraquat",0.2,1.4,0.8
"TX",48,349,"Navarro County","2,4-D",10695.4,11900,11297.7
"TX",48,349,"Navarro County","Chlorpyrifos",341.6,915.2,628.4
"TX",48,349,"Navarro County","Glyphosate",27872.9,27916,27894.45
"TX",48,349,"Navarro County","Malathion",0,340,170
"TX",48,349,"Navarro County","Paraquat",2108.1,2368.3,2238.2
"TX",48,351,"Newton County","2,4-D",1049.3,1050.6,1049.95
"TX",48,351,"Newton County","Chlorpyrifos",0,0.2,0.1
"TX",48,351,"Newton County","Glyphosate",560.3,562.5,561.4
"TX",48,351,"Newton County","Malathion",6.2,6.2,6.2
"TX",48,351,"Newton County","Paraquat",0,0,0
"TX",48,353,"Nolan County","2,4-D",1364.1,1364.1,1364.1
"TX",48,353,"Nolan County","Chlorpyrifos",8.3,346.8,177.55
"TX",48,353,"Nolan County","Glyphosate",29662.2,29662.2,29662.2
"TX",48,353,"Nolan County","Malathion",2.4,2.4,2.4
"TX",48,353,"Nolan County","Paraquat",3405.5,3526,3465.75
"TX",48,355,"Nueces County","2,4-D",2251.5,7634.8,4943.15
"TX",48,355,"Nueces County","Chlorpyrifos",185,1312.9,748.95
"TX",48,355,"Nueces County","Glyphosate",199716.3,200222.8,199969.55
"TX",48,355,"Nueces County","Paraquat",37.4,4985.2,2511.3
"TX",48,357,"Ochiltree County","2,4-D",15131.4,15134.3,15132.85
"TX",48,357,"Ochiltree County","Chlorpyrifos",174.9,5853.3,3014.1
"TX",48,357,"Ochiltree County","Glyphosate",54726.2,54809.7,54767.95
"TX",48,357,"Ochiltree County","Malathion",0,20.6,10.3
"TX",48,357,"Ochiltree County","Paraquat",1047.4,8627.7,4837.55
"TX",48,359,"Oldham County","2,4-D",2788,2788,2788
"TX",48,359,"Oldham County","Chlorpyrifos",16.9,1353.4,685.15
"TX",48,359,"Oldham County","Glyphosate",4002.3,4002.3,4002.3
"TX",48,359,"Oldham County","Malathion",2.2,2.2,2.2
"TX",48,359,"Oldham County","Paraquat",132.1,762,447.05
"TX",48,361,"Orange County","2,4-D",1348.4,1364.5,1356.45
"TX",48,361,"Orange County","Chlorpyrifos",0,1.8,0.9
"TX",48,361,"Orange County","Glyphosate",9.2,9.2,9.2
"TX",48,361,"Orange County","Paraquat",0,0,0
"TX",48,363,"Palo Pinto County","2,4-D",3613.6,3668.5,3641.05
"TX",48,363,"Palo Pinto County","Chlorpyrifos",1205.4,1252.1,1228.75
"TX",48,363,"Palo Pinto County","Glyphosate",2194.7,2819.1,2506.9
"TX",48,363,"Palo Pinto County","Malathion",24.7,24.7,24.7
"TX",48,363,"Palo Pinto County","Paraquat",0,78.1,39.05
"TX",48,365,"Panola County","2,4-D",22045.4,22115,22080.2
"TX",48,365,"Panola County","Chlorpyrifos",146.1,149.7,147.9
"TX",48,365,"Panola County","Glyphosate",107.6,163.9,135.75
"TX",48,365,"Panola County","Malathion",2,3.2,2.6
"TX",48,365,"Panola County","Paraquat",0.8,0.8,0.8
"TX",48,367,"Parker County","2,4-D",2624.7,2672.9,2648.8
"TX",48,367,"Parker County","Chlorpyrifos",868.5,1046,957.25
"TX",48,367,"Parker County","Glyphosate",1721.2,2218.8,1970
"TX",48,367,"Parker County","Malathion",39.7,39.7,39.7
"TX",48,367,"Parker County","Paraquat",0.2,60.7,30.45
"TX",48,369,"Parmer County","2,4-D",13224.5,13262.9,13243.7
"TX",48,369,"Parmer County","Chlorpyrifos",192.1,5346.7,2769.4
"TX",48,369,"Parmer County","Glyphosate",77853.7,79274.1,78563.9
"TX",48,369,"Parmer County","Malathion",7.3,36.5,21.9
"TX",48,369,"Parmer County","Paraquat",1483.9,11293.3,6388.6
"TX",48,371,"Pecos County","2,4-D",74.2,602.1,338.15
"TX",48,371,"Pecos County","Chlorpyrifos",24,51.8,37.9
"TX",48,371,"Pecos County","Glyphosate",12446.1,12627.2,12536.65
"TX",48,371,"Pecos County","Malathion",0,4.5,2.25
"TX",48,371,"Pecos County","Paraquat",0.9,387,193.95
"TX",48,373,"Polk County","2,4-D",3677.2,4430.4,4053.8
"TX",48,373,"Polk County","Chlorpyrifos",0,2.9,1.45
"TX",48,373,"Polk County","Glyphosate",1962.4,2372.5,2167.45
"TX",48,373,"Polk County","Malathion",0.2,0.2,0.2
"TX",48,373,"Polk County","Paraquat",0,0.6,0.3
"TX",48,375,"Potter County","2,4-D",1198,1198,1198
"TX",48,375,"Potter County","Chlorpyrifos",9.2,416.1,212.65
"TX",48,375,"Potter County","Glyphosate",2219.1,2219.1,2219.1
"TX",48,375,"Potter County","Malathion",0.5,0.6,0.55
"TX",48,375,"Potter County","Paraquat",110.2,460.4,285.3
"TX",48,377,"Presidio County","2,4-D",42.1,44.2,43.15
"TX",48,377,"Presidio County","Chlorpyrifos",2.4,53.5,27.95
"TX",48,377,"Presidio County","Glyphosate",1594.2,1621.5,1607.85
"TX",48,377,"Presidio County","Malathion",0,0.5,0.25
"TX",48,377,"Presidio County","Paraquat",0,1.1,0.55
"TX",48,379,"Rains County","2,4-D",13501.3,13513.9,13507.6
"TX",48,379,"Rains County","Chlorpyrifos",38.3,38.4,38.35
"TX",48,379,"Rains County","Glyphosate",26.3,39.8,33.05
"TX",48,379,"Rains County","Malathion",0,1,0.5
"TX",48,381,"Randall County","2,4-D",7923.3,7931.9,7927.6
"TX",48,381,"Randall County","Chlorpyrifos",56.5,3883.9,1970.2
"TX",48,381,"Randall County","Glyphosate",13528.1,13776.1,13652.1
"TX",48,381,"Randall County","Malathion",0.5,12,6.25
"TX",48,381,"Randall County","Paraquat",316,2255.9,1285.95
"TX",48,383,"Reagan County","2,4-D",3807.6,3863.5,3835.55
"TX",48,383,"Reagan County","Chlorpyrifos",891.7,906.1,898.9
"TX",48,383,"Reagan County","Glyphosate",24358.9,24358.9,24358.9
"TX",48,383,"Reagan County","Malathion",5.7,5.7,5.7
"TX",48,383,"Reagan County","Paraquat",2520.8,2602.6,2561.7
"TX",48,385,"Real County","2,4-D",32.5,39.8,36.15
"TX",48,385,"Real County","Chlorpyrifos",26.7,26.7,26.7
"TX",48,385,"Real County","Glyphosate",48.3,48.3,48.3
"TX",48,385,"Real County","Malathion",3.2,3.2,3.2
"TX",48,385,"Real County","Paraquat",0,1.6,0.8
"TX",48,387,"Red River County","2,4-D",47900,49581.1,48740.55
"TX",48,387,"Red River County","Chlorpyrifos",490.2,559.9,525.05
"TX",48,387,"Red River County","Glyphosate",1004.6,3848.8,2426.7
"TX",48,387,"Red River County","Malathion",260.5,262.9,261.7
"TX",48,387,"Red River County","Paraquat",21.3,1873.9,947.6
"TX",48,389,"Reeves County","2,4-D",29.1,485.2,257.15
"TX",48,389,"Reeves County","Chlorpyrifos",50.6,417.1,233.85
"TX",48,389,"Reeves County","Glyphosate",16081.4,16329.1,16205.25
"TX",48,389,"Reeves County","Malathion",0.6,10.4,5.5
"TX",48,389,"Reeves County","Paraquat",0,256.9,128.45
"TX",48,391,"Refugio County","2,4-D",607.5,9244.8,4926.15
"TX",48,391,"Refugio County","Chlorpyrifos",51.6,338.1,194.85
"TX",48,391,"Refugio County","Glyphosate",52237.7,52977.4,52607.55
"TX",48,391,"Refugio County","Paraquat",9.5,1341.7,675.6
"TX",48,393,"Roberts County","2,4-D",976.6,976.6,976.6
"TX",48,393,"Roberts County","Chlorpyrifos",6.9,336.7,171.8
"TX",48,393,"Roberts County","Glyphosate",3317.3,3317.3,3317.3
"TX",48,393,"Roberts County","Paraquat",112.8,592.3,352.55
"TX",48,395,"Robertson County","2,4-D",14843.6,15714.9,15279.25
"TX",48,395,"Robertson County","Chlorpyrifos",0,65.5,32.75
"TX",48,395,"Robertson County","Glyphosate",23873,24393,24133
"TX",48,395,"Robertson County","Malathion",24.7,86.1,55.4
"TX",48,395,"Robertson County","Paraquat",0,892.8,446.4
"TX",48,397,"Rockwall County","2,4-D",808.3,816.9,812.6
"TX",48,397,"Rockwall County","Chlorpyrifos",11.6,13,12.3
"TX",48,397,"Rockwall County","Glyphosate",145.4,145.4,145.4
"TX",48,397,"Rockwall County","Malathion",0,40.9,20.45
"TX",48,397,"Rockwall County","Paraquat",0,12.2,6.1
"TX",48,399,"Runnels County","2,4-D",6384.5,6385.6,6385.05
"TX",48,399,"Runnels County","Chlorpyrifos",126.6,3869.1,1997.85
"TX",48,399,"Runnels County","Glyphosate",58641.7,58641.7,58641.7
"TX",48,399,"Runnels County","Malathion",8.2,8.2,8.2
"TX",48,399,"Runnels County","Paraquat",6141.4,6498.2,6319.8
"TX",48,401,"Rusk County","2,4-D",32761.9,32805.1,32783.5
"TX",48,401,"Rusk County","Chlorpyrifos",6.1,8,7.05
"TX",48,401,"Rusk County","Glyphosate",10.5,112.9,61.7
"TX",48,401,"Rusk County","Malathion",61.6,85.8,73.7
"TX",48,401,"Rusk County","Paraquat",0.6,0.6,0.6
"TX",48,403,"Sabine County","2,4-D",762.9,763.2,763.05
"TX",48,403,"Sabine County","Chlorpyrifos",0,0,0
"TX",48,403,"Sabine County","Glyphosate",407.7,407.7,407.7
"TX",48,403,"Sabine County","Malathion",0.2,0.2,0.2
"TX",48,403,"Sabine County","Paraquat",0,0.1,0.05
"TX",48,405,"San Augustine County","2,4-D",1809.9,2276.4,2043.15
"TX",48,405,"San Augustine County","Chlorpyrifos",0,0,0
"TX",48,405,"San Augustine County","Glyphosate",976.3,1228.1,1102.2
"TX",48,405,"San Augustine County","Paraquat",0,1.9,0.95
"TX",48,407,"San Jacinto County","2,4-D",3319.1,3336.9,3328
"TX",48,407,"San Jacinto County","Chlorpyrifos",0,5.9,2.95
"TX",48,407,"San Jacinto County","Glyphosate",1772.6,1781.2,1776.9
"TX",48,407,"San Jacinto County","Malathion",3.1,3.3,3.2
"TX",48,407,"San Jacinto County","Paraquat",0,0.3,0.15
"TX",48,409,"San Patricio County","2,4-D",1894,5430.1,3662.05
"TX",48,409,"San Patricio County","Chlorpyrifos",0,744.5,372.25
"TX",48,409,"San Patricio County","Glyphosate",149838,149940.9,149889.45
"TX",48,409,"San Patricio County","Paraquat",24.7,4442.7,2233.7
"TX",48,411,"San Saba County","2,4-D",1431.7,1811.8,1621.75
"TX",48,411,"San Saba County","Chlorpyrifos",2288.5,2288.5,2288.5
"TX",48,411,"San Saba County","Glyphosate",2704.5,2704.5,2704.5
"TX",48,411,"San Saba County","Malathion",184.4,184.4,184.4
"TX",48,411,"San Saba County","Paraquat",34.5,112.8,73.65
"TX",48,413,"Schleicher County","2,4-D",1606.6,1639.9,1623.25
"TX",48,413,"Schleicher County","Chlorpyrifos",168.8,187.8,178.3
"TX",48,413,"Schleicher County","Glyphosate",13714.2,13714.2,13714.2
"TX",48,413,"Schleicher County","Malathion",0.3,0.3,0.3
"TX",48,413,"Schleicher County","Paraquat",1387,1440.2,1413.6
"TX",48,415,"Scurry County","2,4-D",1016.4,1017,1016.7
"TX",48,415,"Scurry County","Chlorpyrifos",13.6,201.8,107.7
"TX",48,415,"Scurry County","Glyphosate",23042.3,23042.3,23042.3
"TX",48,415,"Scurry County","Malathion",3.7,3.7,3.7
"TX",48,415,"Scurry County","Paraquat",2526.4,2771.4,2648.9
"TX",48,417,"Shackelford County","2,4-D",3262.9,3315.4,3289.15
"TX",48,417,"Shackelford County","Chlorpyrifos",54.5,101.7,78.1
"TX",48,417,"Shackelford County","Glyphosate",2346.6,2853,2599.8
"TX",48,417,"Shackelford County","Malathion",0.9,0.9,0.9
"TX",48,417,"Shackelford County","Paraquat",12.3,80.7,46.5
"TX",48,419,"Shelby County","2,4-D",21207.1,21243.9,21225.5
"TX",48,419,"Shelby County","Chlorpyrifos",2.8,19,10.9
"TX",48,419,"Shelby County","Glyphosate",42.6,422.1,232.35
"TX",48,419,"Shelby County","Malathion",0.5,130.7,65.6
"TX",48,419,"Shelby County","Paraquat",0.1,1.1,0.6
"TX",48,421,"Sherman County","2,4-D",11148.9,11148.9,11148.9
"TX",48,421,"Sherman County","Chlorpyrifos",171.5,3814.4,1992.95
"TX",48,421,"Sherman County","Glyphosate",102428.1,102428.1,102428.1
"TX",48,421,"Sherman County","Malathion",0,17.2,8.6
"TX",48,421,"Sherman County","Paraquat",2014.1,16404.4,9209.25
"TX",48,423,"Smith County","2,4-D",29416.5,29661.7,29539.1
"TX",48,423,"Smith County","Chlorpyrifos",547.8,557.7,552.75
"TX",48,423,"Smith County","Glyphosate",390.8,678.2,534.5
"TX",48,423,"Smith County","Malathion",109.2,142.8,126
"TX",48,423,"Smith County","Paraquat",1.9,1.9,1.9
"TX",48,425,"Somervell County","2,4-D",494.2,497.6,495.9
"TX",48,425,"Somervell County","Chlorpyrifos",105,117.1,111.05
"TX",48,425,"Somervell County","Glyphosate",191,228.4,209.7
"TX",48,425,"Somervell County","Malathion",1.8,1.8,1.8
"TX",48,425,"Somervell County","Paraquat",0,4.8,2.4
"TX",48,427,"Starr County","2,4-D",150,1419.6,784.8
"TX",48,427,"Starr County","Chlorpyrifos",87.7,87.7,87.7
"TX",48,427,"Starr County","Glyphosate",21561.6,24098.6,22830.1
"TX",48,427,"Starr County","Paraquat",149.6,149.6,149.6
"TX",48,429,"Stephens County","2,4-D",3158.9,3188.5,3173.7
"TX",48,429,"Stephens County","Chlorpyrifos",33.5,53.8,43.65
"TX",48,429,"Stephens County","Glyphosate",1068.6,1410.8,1239.7
"TX",48,429,"Stephens County","Malathion",1,1,1
"TX",48,429,"Stephens County","Paraquat",0,44.9,22.45
"TX",48,431,"Sterling County","2,4-D",64.4,64.4,64.4
"TX",48,431,"Sterling County","Chlorpyrifos",1,1,1
"TX",48,431,"Sterling County","Glyphosate",11.5,11.5,11.5
"TX",48,431,"Sterling County","Paraquat",0,0.1,0.05
"TX",48,433,"Stonewall County","2,4-D",731.6,731.6,731.6
"TX",48,433,"Stonewall County","Chlorpyrifos",53.5,289.8,171.65
"TX",48,433,"Stonewall County","Glyphosate",5749.6,5749.6,5749.6
"TX",48,433,"Stonewall County","Malathion",4.7,4.7,4.7
"TX",48,433,"Stonewall County","Paraquat",551.6,659.1,605.35
"TX",48,435,"Sutton County","2,4-D",97.6,97.7,97.65
"TX",48,435,"Sutton County","Chlorpyrifos",0.7,0.8,0.75
"TX",48,435,"Sutton County","Glyphosate",16.5,16.5,16.5
"TX",48,435,"Sutton County","Malathion",0,0,0
"TX",48,435,"Sutton County","Paraquat",0,0.1,0.05
"TX",48,437,"Swisher County","2,4-D",12611.7,12615.2,12613.45
"TX",48,437,"Swisher County","Chlorpyrifos",132.9,3159.8,1646.35
"TX",48,437,"Swisher County","Glyphosate",66583.9,66685,66634.45
"TX",48,437,"Swisher County","Malathion",0,19.3,9.65
"TX",48,437,"Swisher County","Paraquat",4978.5,9256.2,7117.35
"TX",48,439,"Tarrant County","2,4-D",2623.7,2647.1,2635.4
"TX",48,439,"Tarrant County","Chlorpyrifos",74.2,335.3,204.75
"TX",48,439,"Tarrant County","Glyphosate",454.2,543.1,498.65
"TX",48,439,"Tarrant County","Malathion",0,81.6,40.8
"TX",48,439,"Tarrant County","Paraquat",0,33.6,16.8
"TX",48,441,"Taylor County","2,4-D",3035.7,3036.6,3036.15
"TX",48,441,"Taylor County","Chlorpyrifos",22.9,1692.5,857.7
"TX",48,441,"Taylor County","Glyphosate",26662.5,26662.5,26662.5
"TX",48,441,"Taylor County","Malathion",2.7,2.7,2.7
"TX",48,441,"Taylor County","Paraquat",2712.6,2980.3,2846.45
"TX",48,443,"Terrell County","2,4-D",28.1,28.1,28.1
"TX",48,443,"Terrell County","Glyphosate",0,18.3,9.15
"TX",48,445,"Terry County","2,4-D",9428.2,12857.3,11142.75
"TX",48,445,"Terry County","Chlorpyrifos",345.3,935.3,640.3
"TX",48,445,"Terry County","Glyphosate",170866.9,172341.5,171604.2
"TX",48,445,"Terry County","Malathion",6,50.3,28.15
"TX",48,445,"Terry County","Paraquat",19972.3,20250,20111.15
"TX",48,447,"Throckmorton County","2,4-D",8129.5,8239.2,8184.35
"TX",48,447,"Throckmorton County","Chlorpyrifos",151.5,773.3,462.4
"TX",48,447,"Throckmorton County","Glyphosate",24699.2,25631.8,25165.5
"TX",48,447,"Throckmorton County","Malathion",2.5,2.5,2.5
"TX",48,447,"Throckmorton County","Paraquat",43.7,236.5,140.1
"TX",48,449,"Titus County","2,4-D",16754.3,16754.3,16754.3
"TX",48,449,"Titus County","Chlorpyrifos",6.6,6.6,6.6
"TX",48,449,"Titus County","Glyphosate",4.9,7.2,6.05
"TX",48,449,"Titus County","Malathion",2.3,3.2,2.75
"TX",48,451,"Tom Green County","2,4-D",16737.9,17604.3,17171.1
"TX",48,451,"Tom Green County","Chlorpyrifos",4181.7,4484.1,4332.9
"TX",48,451,"Tom Green County","Glyphosate",110329.4,110329.4,110329.4
"TX",48,451,"Tom Green County","Malathion",28.9,28.9,28.9
"TX",48,451,"Tom Green County","Paraquat",10663.1,11219,10941.05
"TX",48,453,"Travis County","2,4-D",4021.3,4648.5,4334.9
"TX",48,453,"Travis County","Chlorpyrifos",70.7,392.7,231.7
"TX",48,453,"Travis County","Glyphosate",12033.5,12184.1,12108.8
"TX",48,453,"Travis County","Malathion",0.2,7.7,3.95
"TX",48,453,"Travis County","Paraquat",37.2,201.9,119.55
"TX",48,455,"Trinity County","2,4-D",3100.6,3107.1,3103.85
"TX",48,455,"Trinity County","Chlorpyrifos",0,3,1.5
"TX",48,455,"Trinity County","Glyphosate",1654.6,1657.9,1656.25
"TX",48,455,"Trinity County","Malathion",1.5,1.7,1.6
"TX",48,455,"Trinity County","Paraquat",0,0.2,0.1
"TX",48,457,"Tyler County","2,4-D",1892.8,1910.7,1901.75
"TX",48,457,"Tyler County","Chlorpyrifos",0,2.9,1.45
"TX",48,457,"Tyler County","Glyphosate",1015,1026.5,1020.75
"TX",48,457,"Tyler County","Malathion",13.9,13.9,13.9
"TX",48,457,"Tyler County","Paraquat",0,0.4,0.2
"TX",48,459,"Upshur County","2,4-D",21966.8,22100.8,22033.8
"TX",48,459,"Upshur County","Chlorpyrifos",7.1,9.5,8.3
"TX",48,459,"Upshur County","Glyphosate",13.3,119.5,66.4
"TX",48,459,"Upshur County","Malathion",3.6,4.1,3.85
"TX",48,459,"Upshur County","Paraquat",0.8,0.8,0.8
"TX",48,461,"Upton County","2,4-D",2224.7,2289,2256.85
"TX",48,461,"Upton County","Chlorpyrifos",887.2,889.1,888.15
"TX",48,461,"Upton County","Glyphosate",9557.8,9557.8,9557.8
"TX",48,461,"Upton County","Malathion",3.9,3.9,3.9
"TX",48,461,"Upton County","Paraquat",699.1,835.7,767.4
"TX",48,463,"Uvalde County","2,4-D",4776,6470.2,5623.1
"TX",48,463,"Uvalde County","Chlorpyrifos",2143.2,2480,2311.6
"TX",48,463,"Uvalde County","Glyphosate",25787.9,25787.9,25787.9
"TX",48,463,"Uvalde County","Malathion",16.4,16.4,16.4
"TX",48,463,"Uvalde County","Paraquat",1056.5,1663,1359.75
"TX",48,465,"Val Verde County","2,4-D",171.2,173,172.1
"TX",48,465,"Val Verde County","Chlorpyrifos",13.6,13.6,13.6
"TX",48,465,"Val Verde County","Glyphosate",47.2,47.2,47.2
"TX",48,465,"Val Verde County","Malathion",0.9,0.9,0.9
"TX",48,465,"Val Verde County","Paraquat",0,0.8,0.4
"TX",48,467,"Van Zandt County","2,4-D",41925.1,42194.5,42059.8
"TX",48,467,"Van Zandt County","Chlorpyrifos",125.3,131.2,128.25
"TX",48,467,"Van Zandt County","Glyphosate",125.7,406.8,266.25
"TX",48,467,"Van Zandt County","Malathion",32.6,58.9,45.75
"TX",48,467,"Van Zandt County","Paraquat",4.5,4.5,4.5
"TX",48,469,"Victoria County","2,4-D",12436.9,12730.6,12583.75
"TX",48,469,"Victoria County","Chlorpyrifos",0,124.4,62.2
"TX",48,469,"Victoria County","Glyphosate",21205.1,21205.1,21205.1
"TX",48,469,"Victoria County","Malathion",0,1.6,0.8
"TX",48,469,"Victoria County","Paraquat",1308.3,1442.2,1375.25
"TX",48,471,"Walker County","2,4-D",8352.2,8550.2,8451.2
"TX",48,471,"Walker County","Chlorpyrifos",0,4.2,2.1
"TX",48,471,"Walker County","Glyphosate",4966,4987.4,4976.7
"TX",48,471,"Walker County","Malathion",27.8,34.6,31.2
"TX",48,471,"Walker County","Paraquat",0,78.8,39.4
"TX",48,473,"Waller County","2,4-D",9890,11065.3,10477.65
"TX",48,473,"Waller County","Chlorpyrifos",0,19,9.5
"TX",48,473,"Waller County","Glyphosate",9481,10026.1,9753.55
"TX",48,473,"Waller County","Malathion",46.9,63.5,55.2
"TX",48,473,"Waller County","Paraquat",0,230,115
"TX",48,475,"Ward County","2,4-D",9.9,15.8,12.85
"TX",48,475,"Ward County","Chlorpyrifos",1.9,40.1,21
"TX",48,475,"Ward County","Glyphosate",6.8,20.5,13.65
"TX",48,475,"Ward County","Malathion",0,0.4,0.2
"TX",48,475,"Ward County","Paraquat",0,0.9,0.45
"TX",48,477,"Washington County","2,4-D",5798,5846.5,5822.25
"TX",48,477,"Washington County","Chlorpyrifos",222.2,240.8,231.5
"TX",48,477,"Washington County","Glyphosate",1911.2,1993.4,1952.3
"TX",48,477,"Washington County","Malathion",2.7,18.3,10.5
"TX",48,477,"Washington County","Paraquat",17,30.2,23.6
"TX",48,479,"Webb County","2,4-D",51.6,53.9,52.75
"TX",48,479,"Webb County","Chlorpyrifos",3.1,3.3,3.2
"TX",48,479,"Webb County","Glyphosate",9805.7,9806.3,9806
"TX",48,479,"Webb County","Malathion",0.1,0.4,0.25
"TX",48,479,"Webb County","Paraquat",0,1.3,0.65
"TX",48,481,"Wharton County","2,4-D",11676.6,14968.7,13322.65
"TX",48,481,"Wharton County","Chlorpyrifos",0,368.7,184.35
"TX",48,481,"Wharton County","Glyphosate",84384.4,84384.4,84384.4
"TX",48,481,"Wharton County","Malathion",0,7.1,3.55
"TX",48,481,"Wharton County","Paraquat",6114.1,6599.1,6356.6
"TX",48,483,"Wheeler County","2,4-D",2544.3,2780.4,2662.35
"TX",48,483,"Wheeler County","Chlorpyrifos",3.1,214.8,108.95
"TX",48,483,"Wheeler County","Glyphosate",15468.4,15980.9,15724.65
"TX",48,483,"Wheeler County","Malathion",2.7,2.7,2.7
"TX",48,483,"Wheeler County","Paraquat",864.4,928.4,896.4
"TX",48,485,"Wichita County","2,4-D",11969.7,12261.6,12115.65
"TX",48,485,"Wichita County","Chlorpyrifos",4.4,858.4,431.4
"TX",48,485,"Wichita County","Glyphosate",19811.2,20372.8,20092
"TX",48,485,"Wichita County","Malathion",7.5,7.5,7.5
"TX",48,485,"Wichita County","Paraquat",586.9,670,628.45
"TX",48,487,"Wilbarger County","2,4-D",22944,23507.9,23225.95
"TX",48,487,"Wilbarger County","Chlorpyrifos",53.6,2065.4,1059.5
"TX",48,487,"Wilbarger County","Glyphosate",47767.9,49148.9,48458.4
"TX",48,487,"Wilbarger County","Malathion",1.1,1.1,1.1
"TX",48,487,"Wilbarger County","Paraquat",1649.9,1794.7,1722.3
"TX",48,489,"Willacy County","2,4-D",1655.7,6093.4,3874.55
"TX",48,489,"Willacy County","Chlorpyrifos",210.3,210.3,210.3
"TX",48,489,"Willacy County","Glyphosate",78242.4,78930,78586.2
"TX",48,489,"Willacy County","Paraquat",1651.5,1651.5,1651.5
"TX",48,491,"Williamson County","2,4-D",9557.3,15555.8,12556.55
"TX",48,491,"Williamson County","Chlorpyrifos",428.7,2617.5,1523.1
"TX",48,491,"Williamson County","Glyphosate",89282.6,89345.2,89313.9
"TX",48,491,"Williamson County","Malathion",0,869.3,434.65
"TX",48,491,"Williamson County","Paraquat",1600.7,2541.1,2070.9
"TX",48,493,"Wilson County","2,4-D",6783.3,7214.2,6998.75
"TX",48,493,"Wilson County","Chlorpyrifos",121.6,329.9,225.75
"TX",48,493,"Wilson County","Glyphosate",8443.5,8605.6,8524.55
"TX",48,493,"Wilson County","Malathion",108.9,116.2,112.55
"TX",48,493,"Wilson County","Paraquat",29.6,146.7,88.15
"TX",48,495,"Winkler County","2,4-D",13.6,14.1,13.85
"TX",48,495,"Winkler County","Chlorpyrifos",0.5,0.5,0.5
"TX",48,495,"Winkler County","Glyphosate",1.9,10.7,6.3
"TX",48,495,"Winkler County","Malathion",0,0.1,0.05
"TX",48,495,"Winkler County","Paraquat",0,0.3,0.15
"TX",48,497,"Wise County","2,4-D",2918.2,3028.7,2973.45
"TX",48,497,"Wise County","Chlorpyrifos",716.9,1101.7,909.3
"TX",48,497,"Wise County","Glyphosate",3419.1,4589.4,4004.25
"TX",48,497,"Wise County","Malathion",14.4,14.4,14.4
"TX",48,497,"Wise County","Paraquat",2.7,139.1,70.9
"TX",48,499,"Wood County","2,4-D",23028.1,23094.1,23061.1
"TX",48,499,"Wood County","Chlorpyrifos",52.9,56.8,54.85
"TX",48,499,"Wood County","Glyphosate",50.9,192,121.45
"TX",48,499,"Wood County","Malathion",32.7,68.6,50.65
"TX",48,499,"Wood County","Paraquat",1.5,1.5,1.5
"TX",48,501,"Yoakum County","2,4-D",7077.7,9554.5,8316.1
"TX",48,501,"Yoakum County","Chlorpyrifos",281.7,1014,647.85
"TX",48,501,"Yoakum County","Glyphosate",121064.2,121979.9,121522.05
"TX",48,501,"Yoakum County","Malathion",7.1,34.3,20.7
"TX",48,501,"Yoakum County","Paraquat",12914.6,13483.2,13198.9
"TX",48,503,"Young County","2,4-D",5368.3,5491.2,5429.75
"TX",48,503,"Young County","Chlorpyrifos",167.8,466.2,317
"TX",48,503,"Young County","Glyphosate",12260.1,13247.3,12753.7
"TX",48,503,"Young County","Malathion",5.1,5.1,5.1
"TX",48,503,"Young County","Paraquat",31.5,188.7,110.1
"TX",48,505,"Zapata County","2,4-D",13.3,13.3,13.3
"TX",48,505,"Zapata County","Glyphosate",2575.8,2575.8,2575.8
"TX",48,507,"Zavala County","2,4-D",402.3,592.8,497.55
"TX",48,507,"Zavala County","Chlorpyrifos",217.1,231.6,224.35
"TX",48,507,"Zavala County","Glyphosate",17603.5,17621,17612.25
"TX",48,507,"Zavala County","Malathion",2.4,11.7,7.05
"TX",48,507,"Zavala County","Paraquat",0.7,156.1,78.4
"UT",49,1,"Beaver County","2,4-D",200.7,328.3,264.5
"UT",49,1,"Beaver County","Chlorpyrifos",687.5,697.3,692.4
"UT",49,1,"Beaver County","Glyphosate",1727.3,1762.5,1744.9
"UT",49,1,"Beaver County","Malathion",0.1,2003.3,1001.7
"UT",49,1,"Beaver County","Paraquat",0,566.7,283.35
"UT",49,3,"Box Elder County","2,4-D",6339.9,6343.8,6341.85
"UT",49,3,"Box Elder County","Chlorpyrifos",279.5,956.5,618
"UT",49,3,"Box Elder County","Glyphosate",16472.6,16472.6,16472.6
"UT",49,3,"Box Elder County","Malathion",700,700,700
"UT",49,3,"Box Elder County","Paraquat",1.3,447.1,224.2
"UT",49,5,"Cache County","2,4-D",3339.5,3349.4,3344.45
"UT",49,5,"Cache County","Chlorpyrifos",122.4,377.8,250.1
"UT",49,5,"Cache County","Glyphosate",9804.5,9804.5,9804.5
"UT",49,5,"Cache County","Malathion",684.8,684.8,684.8
"UT",49,5,"Cache County","Paraquat",0.9,113.6,57.25
"UT",49,7,"Carbon County","2,4-D",304.1,322.7,313.4
"UT",49,7,"Carbon County","Chlorpyrifos",33.4,37.7,35.55
"UT",49,7,"Carbon County","Glyphosate",1125.8,1135.1,1130.45
"UT",49,7,"Carbon County","Malathion",0,77.7,38.85
"UT",49,7,"Carbon County","Paraquat",0.1,162,81.05
"UT",49,9,"Daggett County","2,4-D",106.9,114.8,110.85
"UT",49,9,"Daggett County","Chlorpyrifos",13.8,13.8,13.8
"UT",49,9,"Daggett County","Glyphosate",443.6,445.8,444.7
"UT",49,9,"Daggett County","Malathion",0,33.3,16.65
"UT",49,9,"Daggett County","Paraquat",0,67.3,33.65
"UT",49,11,"Davis County","2,4-D",169.5,169.5,169.5
"UT",49,11,"Davis County","Chlorpyrifos",131.8,160.3,146.05
"UT",49,11,"Davis County","Glyphosate",1129.8,1129.8,1129.8
"UT",49,11,"Davis County","Malathion",58.6,58.6,58.6
"UT",49,11,"Davis County","Paraquat",0.1,4.9,2.5
"UT",49,13,"Duchesne County","2,4-D",1126.5,1205.9,1166.2
"UT",49,13,"Duchesne County","Chlorpyrifos",149.7,150.4,150.05
"UT",49,13,"Duchesne County","Glyphosate",7504.6,7537.5,7521.05
"UT",49,13,"Duchesne County","Malathion",0,333.1,166.55
"UT",49,13,"Duchesne County","Paraquat",0,676.4,338.2
"UT",49,15,"Emery County","2,4-D",364.8,409.7,387.25
"UT",49,15,"Emery County","Chlorpyrifos",91.3,92.4,91.85
"UT",49,15,"Emery County","Glyphosate",3457.2,3476.5,3466.85
"UT",49,15,"Emery County","Malathion",0.2,188.9,94.55
"UT",49,15,"Emery County","Paraquat",0.1,393,196.55
"UT",49,17,"Garfield County","2,4-D",25.6,91.4,58.5
"UT",49,17,"Garfield County","Chlorpyrifos",274.6,275,274.8
"UT",49,17,"Garfield County","Glyphosate",89.4,94.3,91.85
"UT",49,17,"Garfield County","Malathion",0.1,801.4,400.75
"UT",49,17,"Garfield County","Paraquat",0.1,225.7,112.9
"UT",49,19,"Grand County","2,4-D",159.1,166.3,162.7
"UT",49,19,"Grand County","Chlorpyrifos",16.6,18.9,17.75
"UT",49,19,"Grand County","Glyphosate",506.6,511.3,508.95
"UT",49,19,"Grand County","Malathion",0.6,30.6,15.6
"UT",49,19,"Grand County","Paraquat",0.4,63.7,32.05
"UT",49,21,"Iron County","2,4-D",235.4,665,450.2
"UT",49,21,"Iron County","Chlorpyrifos",1166.1,1180.8,1173.45
"UT",49,21,"Iron County","Glyphosate",1881.1,1915.1,1898.1
"UT",49,21,"Iron County","Malathion",0.2,3405.7,1702.95
"UT",49,21,"Iron County","Paraquat",0.1,963.6,481.85
"UT",49,23,"Juab County","2,4-D",489.6,803.2,646.4
"UT",49,23,"Juab County","Chlorpyrifos",943.1,977.6,960.35
"UT",49,23,"Juab County","Glyphosate",1882.8,1896.1,1889.45
"UT",49,23,"Juab County","Malathion",0.1,177.8,88.95
"UT",49,23,"Juab County","Paraquat",0.1,411.6,205.85
"UT",49,25,"Kane County","2,4-D",19,132.6,75.8
"UT",49,25,"Kane County","Chlorpyrifos",68.6,69.5,69.05
"UT",49,25,"Kane County","Glyphosate",29.8,37.8,33.8
"UT",49,25,"Kane County","Malathion",0,200.3,100.15
"UT",49,25,"Kane County","Paraquat",0,58,29
"UT",49,27,"Millard County","2,4-D",854.7,1610.1,1232.4
"UT",49,27,"Millard County","Chlorpyrifos",3478.2,3527.1,3502.65
"UT",49,27,"Millard County","Glyphosate",8332.3,8373.9,8353.1
"UT",49,27,"Millard County","Malathion",0.5,655.5,328
"UT",49,27,"Millard County","Paraquat",0.2,1347.5,673.85
"UT",49,29,"Morgan County","2,4-D",596.3,596.3,596.3
"UT",49,29,"Morgan County","Chlorpyrifos",13.1,13.4,13.25
"UT",49,29,"Morgan County","Glyphosate",1005.5,1005.5,1005.5
"UT",49,29,"Morgan County","Malathion",128.8,128.8,128.8
"UT",49,29,"Morgan County","Paraquat",0,6.7,3.35
"UT",49,31,"Piute County","2,4-D",44.3,63.5,53.9
"UT",49,31,"Piute County","Chlorpyrifos",219.4,219.4,219.4
"UT",49,31,"Piute County","Glyphosate",93.9,95.3,94.6
"UT",49,31,"Piute County","Malathion",0,641,320.5
"UT",49,31,"Piute County","Paraquat",0,183.3,91.65
"UT",49,33,"Rich County","2,4-D",758.8,758.8,758.8
"UT",49,33,"Rich County","Chlorpyrifos",23.1,23.1,23.1
"UT",49,33,"Rich County","Glyphosate",1441.7,1441.7,1441.7
"UT",49,33,"Rich County","Malathion",227.3,227.3,227.3
"UT",49,33,"Rich County","Paraquat",0,10.7,5.35
"UT",49,35,"Salt Lake County","2,4-D",265.8,265.8,265.8
"UT",49,35,"Salt Lake County","Chlorpyrifos",85.1,112.9,99
"UT",49,35,"Salt Lake County","Glyphosate",462.7,462.7,462.7
"UT",49,35,"Salt Lake County","Malathion",30.5,30.5,30.5
"UT",49,35,"Salt Lake County","Paraquat",0.1,10.3,5.2
"UT",49,37,"San Juan County","2,4-D",6909.2,6989.1,6949.15
"UT",49,37,"San Juan County","Chlorpyrifos",353.6,362.3,357.95
"UT",49,37,"San Juan County","Glyphosate",9694,9732.4,9713.2
"UT",49,37,"San Juan County","Malathion",0.9,49.7,25.3
"UT",49,37,"San Juan County","Paraquat",0.5,411,205.75
"UT",49,39,"Sanpete County","2,4-D",342,698.4,520.2
"UT",49,39,"Sanpete County","Chlorpyrifos",2182.5,2190.8,2186.65
"UT",49,39,"Sanpete County","Glyphosate",3012.8,3023.6,3018.2
"UT",49,39,"Sanpete County","Malathion",0.4,411.2,205.8
"UT",49,39,"Sanpete County","Paraquat",0.2,852,426.1
"UT",49,41,"Sevier County","2,4-D",465.3,641.4,553.35
"UT",49,41,"Sevier County","Chlorpyrifos",1364,1437.3,1400.65
"UT",49,41,"Sevier County","Glyphosate",2724.8,2728.5,2726.65
"UT",49,41,"Sevier County","Malathion",0.8,256.2,128.5
"UT",49,41,"Sevier County","Paraquat",0.3,531.9,266.1
"UT",49,43,"Summit County","2,4-D",241,256.9,248.95
"UT",49,43,"Summit County","Chlorpyrifos",27.6,27.9,27.75
"UT",49,43,"Summit County","Glyphosate",923.5,928.8,926.15
"UT",49,43,"Summit County","Malathion",0,66.6,33.3
"UT",49,43,"Summit County","Paraquat",0,135.2,67.6
"UT",49,45,"Tooele County","2,4-D",863.3,863.3,863.3
"UT",49,45,"Tooele County","Chlorpyrifos",20.5,50.7,35.6
"UT",49,45,"Tooele County","Glyphosate",1364.5,1364.5,1364.5
"UT",49,45,"Tooele County","Malathion",121.3,121.3,121.3
"UT",49,45,"Tooele County","Paraquat",0,22.4,11.2
"UT",49,47,"Uintah County","2,4-D",2365.4,2443.5,2404.45
"UT",49,47,"Uintah County","Chlorpyrifos",153,158.7,155.85
"UT",49,47,"Uintah County","Glyphosate",6531.2,6617.5,6574.35
"UT",49,47,"Uintah County","Malathion",0.6,328.1,164.35
"UT",49,47,"Uintah County","Paraquat",0.3,696.4,348.35
"UT",49,49,"Utah County","2,4-D",1487.1,1864.3,1675.7
"UT",49,49,"Utah County","Chlorpyrifos",2576.1,3080.2,2828.15
"UT",49,49,"Utah County","Glyphosate",6910,6918.4,6914.2
"UT",49,49,"Utah County","Malathion",587,831.3,709.15
"UT",49,49,"Utah County","Paraquat",208.8,808,508.4
"UT",49,51,"Wasatch County","2,4-D",169.2,181.1,175.15
"UT",49,51,"Wasatch County","Chlorpyrifos",20.8,22.4,21.6
"UT",49,51,"Wasatch County","Glyphosate",748.6,750.8,749.7
"UT",49,51,"Wasatch County","Malathion",0,50,25
"UT",49,51,"Wasatch County","Paraquat",0,104.8,52.4
"UT",49,53,"Washington County","2,4-D",280.3,393.6,336.95
"UT",49,53,"Washington County","Chlorpyrifos",159.3,171.2,165.25
"UT",49,53,"Washington County","Glyphosate",418.6,435.5,427.05
"UT",49,53,"Washington County","Malathion",3.8,444.5,224.15
"UT",49,53,"Washington County","Paraquat",1.3,152.6,76.95
"UT",49,55,"Wayne County","2,4-D",48.7,72,60.35
"UT",49,55,"Wayne County","Chlorpyrifos",343,355.4,349.2
"UT",49,55,"Wayne County","Glyphosate",157.4,159,158.2
"UT",49,55,"Wayne County","Malathion",0.1,1001.7,500.9
"UT",49,55,"Wayne County","Paraquat",0,280.4,140.2
"UT",49,57,"Weber County","2,4-D",454.1,458.7,456.4
"UT",49,57,"Weber County","Chlorpyrifos",52.1,86,69.05
"UT",49,57,"Weber County","Glyphosate",2872.7,2872.7,2872.7
"UT",49,57,"Weber County","Malathion",197.7,197.7,197.7
"UT",49,57,"Weber County","Paraquat",0.1,13.1,6.6
"VA",51,1,"Accomack County","2,4-D",13106.2,13104.5,13105.35
"VA",51,1,"Accomack County","Chlorpyrifos",32.4,380.9,206.65
"VA",51,1,"Accomack County","Glyphosate",50523.9,50627.3,50575.6
"VA",51,1,"Accomack County","Paraquat",5240.7,5239.8,5240.25
"VA",51,3,"Albemarle County","2,4-D",2025.4,2064.8,2045.1
"VA",51,3,"Albemarle County","Chlorpyrifos",33.2,51.8,42.5
"VA",51,3,"Albemarle County","Glyphosate",2451.2,2509.5,2480.35
"VA",51,3,"Albemarle County","Malathion",0,0.2,0.1
"VA",51,3,"Albemarle County","Paraquat",7.9,150.4,79.15
"VA",51,5,"Alleghany County","2,4-D",298.9,309.2,304.05
"VA",51,5,"Alleghany County","Chlorpyrifos",6,6.4,6.2
"VA",51,5,"Alleghany County","Glyphosate",11.4,157.1,84.25
"VA",51,5,"Alleghany County","Malathion",0,0.1,0.05
"VA",51,5,"Alleghany County","Paraquat",2.6,2.7,2.65
"VA",51,7,"Amelia County","2,4-D",926.7,1251.1,1088.9
"VA",51,7,"Amelia County","Chlorpyrifos",3.4,129.4,66.4
"VA",51,7,"Amelia County","Glyphosate",5430,5478.4,5454.2
"VA",51,7,"Amelia County","Paraquat",2.2,911.3,456.75
"VA",51,9,"Amherst County","2,4-D",1298.4,1314.7,1306.55
"VA",51,9,"Amherst County","Chlorpyrifos",14.8,18,16.4
"VA",51,9,"Amherst County","Glyphosate",1238.1,1238.1,1238.1
"VA",51,9,"Amherst County","Malathion",0,0.1,0.05
"VA",51,9,"Amherst County","Paraquat",0.7,34.7,17.7
"VA",51,11,"Appomattox County","2,4-D",1176.7,1331.2,1253.95
"VA",51,11,"Appomattox County","Chlorpyrifos",27.3,45.8,36.55
"VA",51,11,"Appomattox County","Glyphosate",1636.5,1675.7,1656.1
"VA",51,11,"Appomattox County","Malathion",0,0.4,0.2
"VA",51,11,"Appomattox County","Paraquat",3.6,291.5,147.55
"VA",51,15,"Augusta County","2,4-D",7009,7401.7,7205.35
"VA",51,15,"Augusta County","Chlorpyrifos",14.3,1478.8,746.55
"VA",51,15,"Augusta County","Glyphosate",14261.5,18482.1,16371.8
"VA",51,15,"Augusta County","Malathion",0,1.2,0.6
"VA",51,15,"Augusta County","Paraquat",1806,1881.7,1843.85
"VA",51,17,"Bath County","2,4-D",636.3,640.3,638.3
"VA",51,17,"Bath County","Chlorpyrifos",5.5,76.8,41.15
"VA",51,17,"Bath County","Glyphosate",422.7,493.2,457.95
"VA",51,17,"Bath County","Paraquat",89.3,90.5,89.9
"VA",51,19,"Bedford County","2,4-D",3000.1,3121.4,3060.75
"VA",51,19,"Bedford County","Chlorpyrifos",233.9,294.1,264
"VA",51,19,"Bedford County","Glyphosate",4274.4,4455.6,4365
"VA",51,19,"Bedford County","Malathion",0,0.2,0.1
"VA",51,19,"Bedford County","Paraquat",41.3,403.8,222.55
"VA",51,21,"Bland County","2,4-D",988.7,988.7,988.7
"VA",51,21,"Bland County","Chlorpyrifos",175,175,175
"VA",51,21,"Bland County","Glyphosate",738.9,885,811.95
"VA",51,21,"Bland County","Paraquat",0.6,202.4,101.5
"VA",51,23,"Botetourt County","2,4-D",1577.5,1611.3,1594.4
"VA",51,23,"Botetourt County","Chlorpyrifos",230.5,407.8,319.15
"VA",51,23,"Botetourt County","Glyphosate",1338.6,2211.6,1775.1
"VA",51,23,"Botetourt County","Malathion",0,0.1,0.05
"VA",51,23,"Botetourt County","Paraquat",280.4,284,282.2
"VA",51,25,"Brunswick County","2,4-D",137,592.7,364.85
"VA",51,25,"Brunswick County","Chlorpyrifos",151.5,161.1,156.3
"VA",51,25,"Brunswick County","Glyphosate",6121.8,6405.5,6263.65
"VA",51,25,"Brunswick County","Paraquat",44.2,1664.5,854.35
"VA",51,27,"Buchanan County","2,4-D",108.7,108.7,108.7
"VA",51,27,"Buchanan County","Chlorpyrifos",1.4,1.4,1.4
"VA",51,27,"Buchanan County","Glyphosate",5,15.2,10.1
"VA",51,27,"Buchanan County","Paraquat",0.1,10.9,5.5
"VA",51,29,"Buckingham County","2,4-D",1030.5,1060.8,1045.65
"VA",51,29,"Buckingham County","Chlorpyrifos",19.3,40.3,29.8
"VA",51,29,"Buckingham County","Glyphosate",1658.3,1662.3,1660.3
"VA",51,29,"Buckingham County","Paraquat",0.9,116.6,58.75
"VA",51,31,"Campbell County","2,4-D",2016.7,2208.9,2112.8
"VA",51,31,"Campbell County","Chlorpyrifos",31.9,90,60.95
"VA",51,31,"Campbell County","Glyphosate",3942.3,3973.4,3957.85
"VA",51,31,"Campbell County","Malathion",0,0.2,0.1
"VA",51,31,"Campbell County","Paraquat",3.9,501.9,252.9
"VA",51,33,"Caroline County","2,4-D",1143.6,2196.6,1670.1
"VA",51,33,"Caroline County","Chlorpyrifos",497.1,743.7,620.4
"VA",51,33,"Caroline County","Glyphosate",11576,11825.4,11700.7
"VA",51,33,"Caroline County","Malathion",0,1.4,0.7
"VA",51,33,"Caroline County","Paraquat",28.2,2480.3,1254.25
"VA",51,35,"Carroll County","2,4-D",2112.9,2120.5,2116.7
"VA",51,35,"Carroll County","Chlorpyrifos",449.5,445.2,447.35
"VA",51,35,"Carroll County","Glyphosate",1843.4,2087.3,1965.35
"VA",51,35,"Carroll County","Paraquat",123.9,522.1,323
"VA",51,36,"Charles City County","2,4-D",4132.7,4134.3,4133.5
"VA",51,36,"Charles City County","Chlorpyrifos",89.9,216.8,153.35
"VA",51,36,"Charles City County","Glyphosate",14698.1,14723.6,14710.85
"VA",51,36,"Charles City County","Paraquat",1796.4,1800.5,1798.45
"VA",51,37,"Charlotte County","2,4-D",1523.8,1934.1,1728.95
"VA",51,37,"Charlotte County","Chlorpyrifos",21.8,112.9,67.35
"VA",51,37,"Charlotte County","Glyphosate",6285.4,6734.8,6510.1
"VA",51,37,"Charlotte County","Paraquat",9.3,749.4,379.35
"VA",51,41,"Chesterfield County","2,4-D",161.9,219.7,190.8
"VA",51,41,"Chesterfield County","Chlorpyrifos",84.5,94.6,89.55
"VA",51,41,"Chesterfield County","Glyphosate",931.8,945.7,938.75
"VA",51,41,"Chesterfield County","Malathion",0,0.4,0.2
"VA",51,41,"Chesterfield County","Paraquat",1,138.1,69.55
"VA",51,43,"Clarke County","2,4-D",3120.9,3353.5,3237.2
"VA",51,43,"Clarke County","Chlorpyrifos",25.9,104.9,65.4
"VA",51,43,"Clarke County","Glyphosate",6794.8,7585.6,7190.2
"VA",51,43,"Clarke County","Malathion",0.2,0.2,0.2
"VA",51,43,"Clarke County","Paraquat",270.9,400.3,335.6
"VA",51,45,"Craig County","2,4-D",673.4,703.9,688.65
"VA",51,45,"Craig County","Chlorpyrifos",17.8,51.2,34.5
"VA",51,45,"Craig County","Glyphosate",166.1,270.6,218.35
"VA",51,45,"Craig County","Malathion",0,0.2,0.1
"VA",51,45,"Craig County","Paraquat",47.3,47.8,47.55
"VA",51,47,"Culpeper County","2,4-D",4333.3,5246.7,4790
"VA",51,47,"Culpeper County","Chlorpyrifos",8.5,161.1,84.8
"VA",51,47,"Culpeper County","Glyphosate",22618,23497.5,23057.75
"VA",51,47,"Culpeper County","Malathion",1.9,1.9,1.9
"VA",51,47,"Culpeper County","Paraquat",666.9,896.8,781.85
"VA",51,49,"Cumberland County","2,4-D",578.5,624.9,601.7
"VA",51,49,"Cumberland County","Chlorpyrifos",23.2,50,36.6
"VA",51,49,"Cumberland County","Glyphosate",2203.9,2224.6,2214.25
"VA",51,49,"Cumberland County","Paraquat",2.1,166.8,84.45
"VA",51,51,"Dickenson County","2,4-D",196.1,196.1,196.1
"VA",51,51,"Dickenson County","Chlorpyrifos",6.5,6.5,6.5
"VA",51,51,"Dickenson County","Glyphosate",13.2,30.6,21.9
"VA",51,51,"Dickenson County","Paraquat",1.2,20.7,10.95
"VA",51,53,"Dinwiddie County","2,4-D",751.7,1357.6,1054.65
"VA",51,53,"Dinwiddie County","Chlorpyrifos",225.7,307.4,266.55
"VA",51,53,"Dinwiddie County","Glyphosate",10139.5,10306.8,10223.15
"VA",51,53,"Dinwiddie County","Paraquat",154.7,2922.4,1538.55
"VA",51,57,"Essex County","2,4-D",9679.4,9679.4,9679.4
"VA",51,57,"Essex County","Chlorpyrifos",0,312.2,156.1
"VA",51,57,"Essex County","Glyphosate",34404.2,34408.3,34406.25
"VA",51,57,"Essex County","Paraquat",4060.2,4060.2,4060.2
"VA",51,59,"Fairfax County","2,4-D",161.9,190.2,176.05
"VA",51,59,"Fairfax County","Chlorpyrifos",22.3,23.1,22.7
"VA",51,59,"Fairfax County","Glyphosate",687,687,687
"VA",51,59,"Fairfax County","Paraquat",11.3,16.6,13.95
"VA",51,61,"Fauquier County","2,4-D",9865.8,10644.4,10255.1
"VA",51,61,"Fauquier County","Chlorpyrifos",127.2,347,237.1
"VA",51,61,"Fauquier County","Glyphosate",21972.8,23283.8,22628.3
"VA",51,61,"Fauquier County","Malathion",0.7,0.7,0.7
"VA",51,61,"Fauquier County","Paraquat",850.1,1180.1,1015.1
"VA",51,63,"Floyd County","2,4-D",1902.4,1905.9,1904.15
"VA",51,63,"Floyd County","Chlorpyrifos",274.1,273.2,273.65
"VA",51,63,"Floyd County","Glyphosate",980.1,1512.4,1246.25
"VA",51,63,"Floyd County","Paraquat",31.3,339.5,185.4
"VA",51,65,"Fluvanna County","2,4-D",525.8,611,568.4
"VA",51,65,"Fluvanna County","Chlorpyrifos",35,69,52
"VA",51,65,"Fluvanna County","Glyphosate",1271,1271.5,1271.25
"VA",51,65,"Fluvanna County","Paraquat",2.8,241.3,122.05
"VA",51,67,"Franklin County","2,4-D",1434.8,2251.7,1843.25
"VA",51,67,"Franklin County","Chlorpyrifos",94.6,1011.5,553.05
"VA",51,67,"Franklin County","Glyphosate",15848.5,16541.8,16195.15
"VA",51,67,"Franklin County","Paraquat",57.6,1385.4,721.5
"VA",51,69,"Frederick County","2,4-D",3717.7,3875.2,3796.45
"VA",51,69,"Frederick County","Chlorpyrifos",4139.2,4207.9,4173.55
"VA",51,69,"Frederick County","Glyphosate",8971.1,9667.1,9319.1
"VA",51,69,"Frederick County","Malathion",0.3,0.3,0.3
"VA",51,69,"Frederick County","Paraquat",296.6,1263.4,780
"VA",51,71,"Giles County","2,4-D",936.1,936.1,936.1
"VA",51,71,"Giles County","Chlorpyrifos",63.4,63.4,63.4
"VA",51,71,"Giles County","Glyphosate",248.5,421.8,335.15
"VA",51,71,"Giles County","Paraquat",2,125.2,63.6
"VA",51,73,"Gloucester County","2,4-D",2787.8,2787.4,2787.6
"VA",51,73,"Gloucester County","Chlorpyrifos",108.8,208.3,158.55
"VA",51,73,"Gloucester County","Glyphosate",11190,11193.6,11191.8
"VA",51,73,"Gloucester County","Paraquat",735.6,735.4,735.5
"VA",51,75,"Goochland County","2,4-D",707.7,951.1,829.4
"VA",51,75,"Goochland County","Chlorpyrifos",35.9,123.4,79.65
"VA",51,75,"Goochland County","Glyphosate",2842.9,2853.3,2848.1
"VA",51,75,"Goochland County","Paraquat",2.9,640.3,321.6
"VA",51,77,"Grayson County","2,4-D",2057.4,2057.4,2057.4
"VA",51,77,"Grayson County","Chlorpyrifos",164.7,167.5,166.1
"VA",51,77,"Grayson County","Glyphosate",672,842.9,757.45
"VA",51,77,"Grayson County","Paraquat",2.6,295.3,148.95
"VA",51,79,"Greene County","2,4-D",397.4,398.9,398.15
"VA",51,79,"Greene County","Chlorpyrifos",18.2,22.2,20.2
"VA",51,79,"Greene County","Glyphosate",406.1,407,406.55
"VA",51,79,"Greene County","Paraquat",1.1,16.8,8.95
"VA",51,81,"Greensville County","2,4-D",2154.7,2563,2358.85
"VA",51,81,"Greensville County","Chlorpyrifos",200.8,224.6,212.7
"VA",51,81,"Greensville County","Glyphosate",13572.2,13645.7,13608.95
"VA",51,81,"Greensville County","Paraquat",760.7,2336.8,1548.75
"VA",51,83,"Halifax County","2,4-D",2055.9,2497.5,2276.7
"VA",51,83,"Halifax County","Chlorpyrifos",71.8,146.3,109.05
"VA",51,83,"Halifax County","Glyphosate",6793.6,7202.7,6998.15
"VA",51,83,"Halifax County","Paraquat",10.3,806.7,408.5
"VA",51,85,"Hanover County","2,4-D",1256.6,2138.9,1697.75
"VA",51,85,"Hanover County","Chlorpyrifos",9.4,264.9,137.15
"VA",51,85,"Hanover County","Glyphosate",10916,11085,11000.5
"VA",51,85,"Hanover County","Malathion",0,2.7,1.35
"VA",51,85,"Hanover County","Paraquat",8.6,2180.4,1094.5
"VA",51,87,"Henrico County","2,4-D",262.7,382.4,322.55
"VA",51,87,"Henrico County","Chlorpyrifos",24.3,66.7,45.5
"VA",51,87,"Henrico County","Glyphosate",2094.5,2124.5,2109.5
"VA",51,87,"Henrico County","Malathion",0,2.2,1.1
"VA",51,87,"Henrico County","Paraquat",5.5,344.2,174.85
"VA",51,89,"Henry County","2,4-D",460.2,468.9,464.55
"VA",51,89,"Henry County","Chlorpyrifos",6.2,18.3,12.25
"VA",51,89,"Henry County","Glyphosate",234,330.5,282.25
"VA",51,89,"Henry County","Paraquat",2.2,29.5,15.85
"VA",51,91,"Highland County","2,4-D",1831.4,1832.9,1832.15
"VA",51,91,"Highland County","Chlorpyrifos",12.4,35.8,24.1
"VA",51,91,"Highland County","Glyphosate",163.8,434.2,299
"VA",51,91,"Highland County","Paraquat",32.6,33.1,32.85
"VA",51,93,"Isle of Wight County","2,4-D",4045.9,4998.2,4522.05
"VA",51,93,"Isle of Wight County","Chlorpyrifos",95.1,270.3,182.7
"VA",51,93,"Isle of Wight County","Glyphosate",25722.6,25770.2,25746.4
"VA",51,93,"Isle of Wight County","Paraquat",1162.2,5807.4,3484.8
"VA",51,95,"James City County","2,4-D",866.4,866,866.2
"VA",51,95,"James City County","Chlorpyrifos",15.8,39.8,27.8
"VA",51,95,"James City County","Glyphosate",2366.3,2368.6,2367.45
"VA",51,95,"James City County","Malathion",0,0.5,0.25
"VA",51,95,"James City County","Paraquat",410.6,410.4,410.5
"VA",51,97,"King and Queen County","2,4-D",7323.4,7323.4,7323.4
"VA",51,97,"King and Queen County","Chlorpyrifos",0,261.7,130.85
"VA",51,97,"King and Queen County","Glyphosate",28223.4,28227.6,28225.5
"VA",51,97,"King and Queen County","Malathion",0,2.1,1.05
"VA",51,97,"King and Queen County","Paraquat",2409.8,2409.8,2409.8
"VA",51,99,"King George County","2,4-D",2106.6,2106.1,2106.35
"VA",51,99,"King George County","Chlorpyrifos",11.3,51.2,31.25
"VA",51,99,"King George County","Glyphosate",5496.5,5511.3,5503.9
"VA",51,99,"King George County","Malathion",0,1.2,0.6
"VA",51,99,"King George County","Paraquat",535.7,535.4,535.55
"VA",51,101,"King William County","2,4-D",7838.1,7839.1,7838.6
"VA",51,101,"King William County","Chlorpyrifos",16,269.1,142.55
"VA",51,101,"King William County","Glyphosate",28945.5,28952.9,28949.2
"VA",51,101,"King William County","Malathion",0,2.3,1.15
"VA",51,101,"King William County","Paraquat",2874.3,2877.1,2875.7
"VA",51,103,"Lancaster County","2,4-D",1847.8,1847.8,1847.8
"VA",51,103,"Lancaster County","Chlorpyrifos",0,59.4,29.7
"VA",51,103,"Lancaster County","Glyphosate",6311.8,6313.1,6312.45
"VA",51,103,"Lancaster County","Malathion",0,1.2,0.6
"VA",51,103,"Lancaster County","Paraquat",806.5,806.5,806.5
"VA",51,105,"Lee County","2,4-D",1629.1,1630.5,1629.8
"VA",51,105,"Lee County","Chlorpyrifos",212.7,231.4,222.05
"VA",51,105,"Lee County","Glyphosate",881.4,1001.9,941.65
"VA",51,105,"Lee County","Paraquat",5.7,301.3,153.5
"VA",51,107,"Loudoun County","2,4-D",5372.6,5783.8,5578.2
"VA",51,107,"Loudoun County","Chlorpyrifos",94.3,256.2,175.25
"VA",51,107,"Loudoun County","Glyphosate",13470.9,14135.4,13803.15
"VA",51,107,"Loudoun County","Malathion",4.4,4.4,4.4
"VA",51,107,"Loudoun County","Paraquat",590.5,767.4,678.95
"VA",51,109,"Louisa County","2,4-D",811,1018.8,914.9
"VA",51,109,"Louisa County","Chlorpyrifos",25.9,86.2,56.05
"VA",51,109,"Louisa County","Glyphosate",3521.3,3614.1,3567.7
"VA",51,109,"Louisa County","Malathion",0,0.3,0.15
"VA",51,109,"Louisa County","Paraquat",15.4,532.9,274.15
"VA",51,111,"Lunenburg County","2,4-D",863.9,1119.9,991.9
"VA",51,111,"Lunenburg County","Chlorpyrifos",34.5,63.5,49
"VA",51,111,"Lunenburg County","Glyphosate",3768.1,3915.5,3841.8
"VA",51,111,"Lunenburg County","Paraquat",6.8,414.7,210.75
"VA",51,113,"Madison County","2,4-D",4129,4683.1,4406.05
"VA",51,113,"Madison County","Chlorpyrifos",90.5,213.3,151.9
"VA",51,113,"Madison County","Glyphosate",14756.4,15463.5,15109.95
"VA",51,113,"Madison County","Malathion",0.5,0.5,0.5
"VA",51,113,"Madison County","Paraquat",481.6,727.1,604.35
"VA",51,115,"Mathews County","2,4-D",807.1,806.9,807
"VA",51,115,"Mathews County","Chlorpyrifos",38.5,58.6,48.55
"VA",51,115,"Mathews County","Glyphosate",2658.9,2659.8,2659.35
"VA",51,115,"Mathews County","Paraquat",385.9,385.9,385.9
"VA",51,117,"Mecklenburg County","2,4-D",189,949.9,569.45
"VA",51,117,"Mecklenburg County","Chlorpyrifos",160.4,174.6,167.5
"VA",51,117,"Mecklenburg County","Glyphosate",9814.3,10224.7,10019.5
"VA",51,117,"Mecklenburg County","Paraquat",10.6,2688.3,1349.45
"VA",51,119,"Middlesex County","2,4-D",3857.4,3857.4,3857.4
"VA",51,119,"Middlesex County","Chlorpyrifos",108.9,237.9,173.4
"VA",51,119,"Middlesex County","Glyphosate",14133.4,14135.4,14134.4
"VA",51,119,"Middlesex County","Malathion",0,1.3,0.65
"VA",51,119,"Middlesex County","Paraquat",1523.6,1523.6,1523.6
"VA",51,121,"Montgomery County","2,4-D",1454.9,1479.7,1467.3
"VA",51,121,"Montgomery County","Chlorpyrifos",478.4,479.1,478.75
"VA",51,121,"Montgomery County","Glyphosate",2113.4,2406.3,2259.85
"VA",51,121,"Montgomery County","Paraquat",43.8,470.2,257
"VA",51,125,"Nelson County","2,4-D",1107.1,1106,1106.55
"VA",51,125,"Nelson County","Chlorpyrifos",1106.9,1112.1,1109.5
"VA",51,125,"Nelson County","Glyphosate",2681.8,2681.8,2681.8
"VA",51,125,"Nelson County","Malathion",0,16.8,8.4
"VA",51,125,"Nelson County","Paraquat",25.3,157.8,91.55
"VA",51,127,"New Kent County","2,4-D",2704.2,2703.8,2704
"VA",51,127,"New Kent County","Chlorpyrifos",81.1,165.7,123.4
"VA",51,127,"New Kent County","Glyphosate",9123.3,9129.9,9126.6
"VA",51,127,"New Kent County","Malathion",0,1,0.5
"VA",51,127,"New Kent County","Paraquat",931.8,931.7,931.75
"VA",51,131,"Northampton County","2,4-D",8197.6,8198,8197.8
"VA",51,131,"Northampton County","Chlorpyrifos",18.3,169.4,93.85
"VA",51,131,"Northampton County","Glyphosate",28363.6,28364.2,28363.9
"VA",51,131,"Northampton County","Malathion",0,1.1,0.55
"VA",51,131,"Northampton County","Paraquat",4475.4,4478.5,4476.95
"VA",51,133,"Northumberland County","2,4-D",8058.8,8059.8,8059.3
"VA",51,133,"Northumberland County","Chlorpyrifos",149.4,382.8,266.1
"VA",51,133,"Northumberland County","Glyphosate",28696.3,28742.1,28719.2
"VA",51,133,"Northumberland County","Paraquat",3671.4,3674,3672.7
"VA",51,135,"Nottoway County","2,4-D",757.8,1024.2,891
"VA",51,135,"Nottoway County","Chlorpyrifos",10.3,181.8,96.05
"VA",51,135,"Nottoway County","Glyphosate",4630.9,4903.6,4767.25
"VA",51,135,"Nottoway County","Paraquat",16.5,535.2,275.85
"VA",51,137,"Orange County","2,4-D",1421.3,1769.8,1595.55
"VA",51,137,"Orange County","Chlorpyrifos",16.8,140.9,78.85
"VA",51,137,"Orange County","Glyphosate",5190.9,5344.4,5267.65
"VA",51,137,"Orange County","Malathion",0,1.1,0.55
"VA",51,137,"Orange County","Paraquat",3.6,893.3,448.45
"VA",51,139,"Page County","2,4-D",3204.9,3303.7,3254.3
"VA",51,139,"Page County","Chlorpyrifos",23.9,137.5,80.7
"VA",51,139,"Page County","Glyphosate",4787.6,5367.7,5077.65
"VA",51,139,"Page County","Malathion",0.2,0.2,0.2
"VA",51,139,"Page County","Paraquat",321.2,468.2,394.7
"VA",51,141,"Patrick County","2,4-D",730.4,848.1,789.25
"VA",51,141,"Patrick County","Chlorpyrifos",262.6,410.3,336.45
"VA",51,141,"Patrick County","Glyphosate",2745.9,2893.7,2819.8
"VA",51,141,"Patrick County","Paraquat",95.9,324.4,210.15
"VA",51,143,"Pittsylvania County","2,4-D",3430,4237.3,3833.65
"VA",51,143,"Pittsylvania County","Chlorpyrifos",171.2,1002.5,586.85
"VA",51,143,"Pittsylvania County","Glyphosate",16336.9,16586.5,16461.7
"VA",51,143,"Pittsylvania County","Paraquat",24.1,1888,956.05
"VA",51,145,"Powhatan County","2,4-D",369.3,461.2,415.25
"VA",51,145,"Powhatan County","Chlorpyrifos",26.8,54.7,40.75
"VA",51,145,"Powhatan County","Glyphosate",1534.7,1536.1,1535.4
"VA",51,145,"Powhatan County","Paraquat",1.1,241.7,121.4
"VA",51,147,"Prince Edward County","2,4-D",833.1,867.9,850.5
"VA",51,147,"Prince Edward County","Chlorpyrifos",16.1,60.4,38.25
"VA",51,147,"Prince Edward County","Glyphosate",1445.5,1456.5,1451
"VA",51,147,"Prince Edward County","Paraquat",4.4,175.7,90.05
"VA",51,149,"Prince George County","2,4-D",474.2,926.3,700.25
"VA",51,149,"Prince George County","Chlorpyrifos",172.8,259.4,216.1
"VA",51,149,"Prince George County","Glyphosate",6610.3,6672.6,6641.45
"VA",51,149,"Prince George County","Paraquat",62.3,2340.8,1201.55
"VA",51,153,"Prince William County","2,4-D",1051.2,1186.6,1118.9
"VA",51,153,"Prince William County","Chlorpyrifos",10.1,57.3,33.7
"VA",51,153,"Prince William County","Glyphosate",3949.7,4185.8,4067.75
"VA",51,153,"Prince William County","Malathion",1.5,1.5,1.5
"VA",51,153,"Prince William County","Paraquat",168,257.7,212.85
"VA",51,155,"Pulaski County","2,4-D",1553.7,1564.3,1559
"VA",51,155,"Pulaski County","Chlorpyrifos",204.1,204,204.05
"VA",51,155,"Pulaski County","Glyphosate",909,1072,990.5
"VA",51,155,"Pulaski County","Paraquat",21,288.7,154.85
"VA",51,157,"Rappahannock County","2,4-D",2507.8,2548.8,2528.3
"VA",51,157,"Rappahannock County","Chlorpyrifos",249.2,257.1,253.15
"VA",51,157,"Rappahannock County","Glyphosate",1413.9,1501.6,1457.75
"VA",51,157,"Rappahannock County","Paraquat",37.7,104.5,71.1
"VA",51,159,"Richmond County","2,4-D",6510.2,6510.7,6510.45
"VA",51,159,"Richmond County","Chlorpyrifos",142,330.7,236.35
"VA",51,159,"Richmond County","Glyphosate",24120.9,24161.5,24141.2
"VA",51,159,"Richmond County","Malathion",0,1.9,0.95
"VA",51,159,"Richmond County","Paraquat",2812.8,2814.9,2813.85
"VA",51,161,"Roanoke County","2,4-D",369.9,369.9,369.9
"VA",51,161,"Roanoke County","Chlorpyrifos",51.6,52.8,52.2
"VA",51,161,"Roanoke County","Glyphosate",55.2,140.4,97.8
"VA",51,161,"Roanoke County","Malathion",0,0.1,0.05
"VA",51,161,"Roanoke County","Paraquat",25.5,26,25.75
"VA",51,163,"Rockbridge County","2,4-D",3287.7,3341.3,3314.5
"VA",51,163,"Rockbridge County","Chlorpyrifos",21.7,291.4,156.55
"VA",51,163,"Rockbridge County","Glyphosate",2218.1,3137.4,2677.75
"VA",51,163,"Rockbridge County","Paraquat",338.1,346.5,342.3
"VA",51,165,"Rockingham County","2,4-D",8512.3,9239.2,8875.75
"VA",51,165,"Rockingham County","Chlorpyrifos",520.7,1117.2,818.95
"VA",51,165,"Rockingham County","Glyphosate",28908.8,32570,30739.4
"VA",51,165,"Rockingham County","Malathion",1.9,1.9,1.9
"VA",51,165,"Rockingham County","Paraquat",1776.1,2353.5,2064.8
"VA",51,167,"Russell County","2,4-D",3464.7,3469.6,3467.15
"VA",51,167,"Russell County","Chlorpyrifos",134.3,141.5,137.9
"VA",51,167,"Russell County","Glyphosate",564.9,864,714.45
"VA",51,167,"Russell County","Paraquat",0.8,413.7,207.25
"VA",51,169,"Scott County","2,4-D",2033.2,2033.2,2033.2
"VA",51,169,"Scott County","Chlorpyrifos",97.1,112.4,104.75
"VA",51,169,"Scott County","Glyphosate",394.8,627.3,511.05
"VA",51,169,"Scott County","Paraquat",2.4,263,132.7
"VA",51,171,"Shenandoah County","2,4-D",5355.5,5763,5559.25
"VA",51,171,"Shenandoah County","Chlorpyrifos",59.8,310,184.9
"VA",51,171,"Shenandoah County","Glyphosate",15419.6,16462.8,15941.2
"VA",51,171,"Shenandoah County","Malathion",0.6,0.6,0.6
"VA",51,171,"Shenandoah County","Paraquat",779.5,942.2,860.85
"VA",51,173,"Smyth County","2,4-D",2844.5,2852.6,2848.55
"VA",51,173,"Smyth County","Chlorpyrifos",312.3,314.4,313.35
"VA",51,173,"Smyth County","Glyphosate",1311.5,1687.7,1499.6
"VA",51,173,"Smyth County","Paraquat",2.7,463.4,233.05
"VA",51,175,"Southampton County","2,4-D",8990.8,10383.9,9687.35
"VA",51,175,"Southampton County","Chlorpyrifos",216.4,472.5,344.45
"VA",51,175,"Southampton County","Glyphosate",50889.3,51035.3,50962.3
"VA",51,175,"Southampton County","Paraquat",2835.2,9824.2,6329.7
"VA",51,177,"Spotsylvania County","2,4-D",511.5,717.7,614.6
"VA",51,177,"Spotsylvania County","Chlorpyrifos",0.9,44.9,22.9
"VA",51,177,"Spotsylvania County","Glyphosate",2224.7,2291.1,2257.9
"VA",51,177,"Spotsylvania County","Malathion",0,1.2,0.6
"VA",51,177,"Spotsylvania County","Paraquat",4.5,461.8,233.15
"VA",51,179,"Stafford County","2,4-D",383.5,512.6,448.05
"VA",51,179,"Stafford County","Chlorpyrifos",91.2,113.9,102.55
"VA",51,179,"Stafford County","Glyphosate",3362.2,3408.6,3385.4
"VA",51,179,"Stafford County","Paraquat",100.9,157.6,129.25
"VA",51,181,"Surry County","2,4-D",1193.6,1957.9,1575.75
"VA",51,181,"Surry County","Chlorpyrifos",81.6,221,151.3
"VA",51,181,"Surry County","Glyphosate",12780.3,12894.4,12837.35
"VA",51,181,"Surry County","Paraquat",232.1,4018.7,2125.4
"VA",51,183,"Sussex County","2,4-D",1731.6,2787.1,2259.35
"VA",51,183,"Sussex County","Chlorpyrifos",337.3,435.8,386.55
"VA",51,183,"Sussex County","Glyphosate",19508.6,19594.3,19551.45
"VA",51,183,"Sussex County","Paraquat",536.1,5001.8,2768.95
"VA",51,185,"Tazewell County","2,4-D",2433.5,2434.1,2433.8
"VA",51,185,"Tazewell County","Chlorpyrifos",155,155,155
"VA",51,185,"Tazewell County","Glyphosate",666.4,951.5,808.95
"VA",51,185,"Tazewell County","Paraquat",2.1,326.4,164.25
"VA",51,187,"Warren County","2,4-D",1813.6,1818.3,1815.95
"VA",51,187,"Warren County","Chlorpyrifos",50.6,60.3,55.45
"VA",51,187,"Warren County","Glyphosate",469.6,893,681.3
"VA",51,187,"Warren County","Malathion",0,0,0
"VA",51,187,"Warren County","Paraquat",27.1,54.2,40.65
"VA",51,191,"Washington County","2,4-D",2867.7,2884.8,2876.25
"VA",51,191,"Washington County","Chlorpyrifos",501.3,518,509.65
"VA",51,191,"Washington County","Glyphosate",2180,2610.6,2395.3
"VA",51,191,"Washington County","Paraquat",27.2,618.4,322.8
"VA",51,193,"Westmoreland County","2,4-D",7772.3,7771.2,7771.75
"VA",51,193,"Westmoreland County","Chlorpyrifos",232.3,446.1,339.2
"VA",51,193,"Westmoreland County","Glyphosate",27806,27947.9,27876.95
"VA",51,193,"Westmoreland County","Paraquat",3356.3,3355.7,3356
"VA",51,195,"Wise County","2,4-D",443.6,443.6,443.6
"VA",51,195,"Wise County","Chlorpyrifos",22.4,22.4,22.4
"VA",51,195,"Wise County","Glyphosate",93.1,110.1,101.6
"VA",51,195,"Wise County","Paraquat",0.3,55.4,27.85
"VA",51,197,"Wythe County","2,4-D",2856.7,2868.2,2862.45
"VA",51,197,"Wythe County","Chlorpyrifos",898.9,899.5,899.2
"VA",51,197,"Wythe County","Glyphosate",4011,4663.5,4337.25
"VA",51,197,"Wythe County","Paraquat",38.5,877.2,457.85
"VA",51,199,"York County","2,4-D",45.3,45.2,45.25
"VA",51,199,"York County","Chlorpyrifos",15.6,15.6,15.6
"VA",51,199,"York County","Glyphosate",20,20.9,20.45
"VA",51,199,"York County","Malathion",0,0.2,0.1
"VA",51,199,"York County","Paraquat",4.8,4.8,4.8
"VA",51,550,"Chesapeake city","2,4-D",637,1516.5,1076.75
"VA",51,550,"Chesapeake city","Chlorpyrifos",28.4,153.5,90.95
"VA",51,550,"Chesapeake city","Glyphosate",12512.9,12521.9,12517.4
"VA",51,550,"Chesapeake city","Paraquat",33.8,4178.3,2106.05
"VA",51,800,"Suffolk city","2,4-D",3895.7,4707.8,4301.75
"VA",51,800,"Suffolk city","Chlorpyrifos",86.9,238.9,162.9
"VA",51,800,"Suffolk city","Glyphosate",23486.1,23504.4,23495.25
"VA",51,800,"Suffolk city","Paraquat",1144.7,5091.1,3117.9
"VA",51,810,"Virginia Beach city","2,4-D",707.1,1218.3,962.7
"VA",51,810,"Virginia Beach city","Chlorpyrifos",128,249.1,188.55
"VA",51,810,"Virginia Beach city","Glyphosate",7903.1,7909.9,7906.5
"VA",51,810,"Virginia Beach city","Paraquat",60.9,2838.1,1449.5
"VT",50,1,"Addison County","2,4-D",1871.9,1651.6,1761.75
"VT",50,1,"Addison County","Chlorpyrifos",321.9,415.4,368.65
"VT",50,1,"Addison County","Glyphosate",8753.4,8703.3,8728.35
"VT",50,1,"Addison County","Paraquat",39.8,874.1,456.95
"VT",50,3,"Bennington County","2,4-D",394,352.2,373.1
"VT",50,3,"Bennington County","Chlorpyrifos",95.2,101.1,98.15
"VT",50,3,"Bennington County","Glyphosate",627.1,621.5,624.3
"VT",50,3,"Bennington County","Paraquat",35.3,84.8,60.05
"VT",50,5,"Caledonia County","2,4-D",506,398.6,452.3
"VT",50,5,"Caledonia County","Chlorpyrifos",55.4,69.1,62.25
"VT",50,5,"Caledonia County","Glyphosate",1058.4,1053.3,1055.85
"VT",50,5,"Caledonia County","Paraquat",12.1,120.7,66.4
"VT",50,7,"Chittenden County","2,4-D",366.5,299.6,333.05
"VT",50,7,"Chittenden County","Chlorpyrifos",74.2,94.2,84.2
"VT",50,7,"Chittenden County","Glyphosate",1181.3,1170,1175.65
"VT",50,7,"Chittenden County","Paraquat",34.2,152.8,93.5
"VT",50,9,"Essex County","2,4-D",76.8,66.7,71.75
"VT",50,9,"Essex County","Chlorpyrifos",13.6,17.4,15.5
"VT",50,9,"Essex County","Glyphosate",278,278,278
"VT",50,9,"Essex County","Paraquat",1,34.2,17.6
"VT",50,11,"Franklin County","2,4-D",1722.2,1484,1603.1
"VT",50,11,"Franklin County","Chlorpyrifos",247.1,337.7,292.4
"VT",50,11,"Franklin County","Glyphosate",7122.6,7109,7115.8
"VT",50,11,"Franklin County","Paraquat",6.1,811.9,409
"VT",50,13,"Grand Isle County","2,4-D",227.3,210.3,218.8
"VT",50,13,"Grand Isle County","Chlorpyrifos",52.9,63.6,58.25
"VT",50,13,"Grand Isle County","Glyphosate",888,884.7,886.35
"VT",50,13,"Grand Isle County","Paraquat",10.7,105,57.85
"VT",50,15,"Lamoille County","2,4-D",208,157.8,182.9
"VT",50,15,"Lamoille County","Chlorpyrifos",15.8,20.6,18.2
"VT",50,15,"Lamoille County","Glyphosate",417.4,413.7,415.55
"VT",50,15,"Lamoille County","Paraquat",3,43.7,23.35
"VT",50,17,"Orange County","2,4-D",707.2,562.5,634.85
"VT",50,17,"Orange County","Chlorpyrifos",79.9,98.2,89.05
"VT",50,17,"Orange County","Glyphosate",1428.2,1422.2,1425.2
"VT",50,17,"Orange County","Paraquat",34.6,193.2,113.9
"VT",50,19,"Orleans County","2,4-D",863.6,695.7,779.65
"VT",50,19,"Orleans County","Chlorpyrifos",92,124,108
"VT",50,19,"Orleans County","Glyphosate",2423.1,2417.1,2420.1
"VT",50,19,"Orleans County","Paraquat",7.3,281.1,144.2
"VT",50,21,"Rutland County","2,4-D",769,585.1,677.05
"VT",50,21,"Rutland County","Chlorpyrifos",65.9,83.8,74.85
"VT",50,21,"Rutland County","Glyphosate",1243,1234,1238.5
"VT",50,21,"Rutland County","Paraquat",17.7,149.2,83.45
"VT",50,23,"Washington County","2,4-D",384.2,301.9,343.05
"VT",50,23,"Washington County","Chlorpyrifos",41.1,52.8,46.95
"VT",50,23,"Washington County","Glyphosate",804.8,801.6,803.2
"VT",50,23,"Washington County","Paraquat",13.1,104.5,58.8
"VT",50,25,"Windham County","2,4-D",450,396.6,423.3
"VT",50,25,"Windham County","Chlorpyrifos",117.5,126.2,121.85
"VT",50,25,"Windham County","Glyphosate",738.3,733.2,735.75
"VT",50,25,"Windham County","Paraquat",45.6,107.7,76.65
"VT",50,27,"Windsor County","2,4-D",549.2,423.3,486.25
"VT",50,27,"Windsor County","Chlorpyrifos",58.9,68.3,63.6
"VT",50,27,"Windsor County","Glyphosate",637.7,634,635.85
"VT",50,27,"Windsor County","Paraquat",22.5,86.9,54.7
"WA",53,1,"Adams County","2,4-D",27417.1,31016.1,29216.6
"WA",53,1,"Adams County","Chlorpyrifos",3263.1,3683.3,3473.2
"WA",53,1,"Adams County","Glyphosate",70205.9,71458.3,70832.1
"WA",53,1,"Adams County","Malathion",360.9,360.9,360.9
"WA",53,1,"Adams County","Paraquat",7569.7,7655.3,7612.5
"WA",53,3,"Asotin County","2,4-D",543.4,553.2,548.3
"WA",53,3,"Asotin County","Chlorpyrifos",33.6,113.1,73.35
"WA",53,3,"Asotin County","Glyphosate",3370.4,3514.1,3442.25
"WA",53,3,"Asotin County","Malathion",0,1,0.5
"WA",53,3,"Asotin County","Paraquat",4.6,389.5,197.05
"WA",53,5,"Benton County","2,4-D",19995.7,24839.2,22417.45
"WA",53,5,"Benton County","Chlorpyrifos",18000.6,22648.8,20324.7
"WA",53,5,"Benton County","Glyphosate",64136.4,67876.7,66006.55
"WA",53,5,"Benton County","Malathion",174,6962.6,3568.3
"WA",53,5,"Benton County","Paraquat",7548.2,10512,9030.1
"WA",53,7,"Chelan County","2,4-D",2881.8,2887.2,2884.5
"WA",53,7,"Chelan County","Chlorpyrifos",9924.8,9991.9,9958.35
"WA",53,7,"Chelan County","Glyphosate",7428.7,7435.5,7432.1
"WA",53,7,"Chelan County","Malathion",273.5,274.7,274.1
"WA",53,7,"Chelan County","Paraquat",1628,1733,1680.5
"WA",53,9,"Clallam County","2,4-D",205.6,255.5,230.55
"WA",53,9,"Clallam County","Chlorpyrifos",83.9,126.2,105.05
"WA",53,9,"Clallam County","Glyphosate",22883,22919.5,22901.25
"WA",53,9,"Clallam County","Malathion",14.4,14.7,14.55
"WA",53,9,"Clallam County","Paraquat",7.3,34.8,21.05
"WA",53,11,"Clark County","2,4-D",184.3,472.1,328.2
"WA",53,11,"Clark County","Chlorpyrifos",203.7,264.6,234.15
"WA",53,11,"Clark County","Glyphosate",35787.6,36135,35961.3
"WA",53,11,"Clark County","Malathion",214.2,215.2,214.7
"WA",53,11,"Clark County","Paraquat",79.6,136.8,108.2
"WA",53,13,"Columbia County","2,4-D",3799,3949.5,3874.25
"WA",53,13,"Columbia County","Chlorpyrifos",96.2,366.8,231.5
"WA",53,13,"Columbia County","Glyphosate",22123.6,22262.4,22193
"WA",53,13,"Columbia County","Malathion",0,0,0
"WA",53,13,"Columbia County","Paraquat",9.1,1317.7,663.4
"WA",53,15,"Cowlitz County","2,4-D",281,624.8,452.9
"WA",53,15,"Cowlitz County","Chlorpyrifos",54.4,1103.7,579.05
"WA",53,15,"Cowlitz County","Glyphosate",1714.7,2370.6,2042.65
"WA",53,15,"Cowlitz County","Malathion",33.2,33.3,33.25
"WA",53,15,"Cowlitz County","Paraquat",4.4,9.4,6.9
"WA",53,17,"Douglas County","2,4-D",16790.9,18834,17812.45
"WA",53,17,"Douglas County","Chlorpyrifos",3545.2,3605.5,3575.35
"WA",53,17,"Douglas County","Glyphosate",34322.7,34409.6,34366.15
"WA",53,17,"Douglas County","Malathion",733.9,733.9,733.9
"WA",53,17,"Douglas County","Paraquat",6759,6780.6,6769.8
"WA",53,19,"Ferry County","2,4-D",5375.4,5408.6,5392
"WA",53,19,"Ferry County","Chlorpyrifos",214.3,369.7,292
"WA",53,19,"Ferry County","Glyphosate",1436.4,1455.8,1446.1
"WA",53,19,"Ferry County","Malathion",0.5,2.7,1.6
"WA",53,19,"Ferry County","Paraquat",1.4,342.2,171.8
"WA",53,21,"Franklin County","2,4-D",7609.3,20708.3,14158.8
"WA",53,21,"Franklin County","Chlorpyrifos",7094.6,8969.6,8032.1
"WA",53,21,"Franklin County","Glyphosate",48881.5,53031.5,50956.5
"WA",53,21,"Franklin County","Malathion",2966.6,2966.6,2966.6
"WA",53,21,"Franklin County","Paraquat",6157,6762,6459.5
"WA",53,23,"Garfield County","2,4-D",5715.5,5722.3,5718.9
"WA",53,23,"Garfield County","Chlorpyrifos",71.8,102.8,87.3
"WA",53,23,"Garfield County","Glyphosate",37547.3,37641.2,37594.25
"WA",53,23,"Garfield County","Paraquat",5.5,1546.4,775.95
"WA",53,25,"Grant County","2,4-D",15400.8,43242.1,29321.45
"WA",53,25,"Grant County","Chlorpyrifos",19281.3,21429,20355.15
"WA",53,25,"Grant County","Glyphosate",101541.2,106765.6,104153.4
"WA",53,25,"Grant County","Malathion",5501.7,5501.7,5501.7
"WA",53,25,"Grant County","Paraquat",14754.8,15818.9,15286.85
"WA",53,27,"Grays Harbor County","2,4-D",29.7,144.4,87.05
"WA",53,27,"Grays Harbor County","Chlorpyrifos",18.6,27.8,23.2
"WA",53,27,"Grays Harbor County","Glyphosate",24036,24109.5,24072.75
"WA",53,27,"Grays Harbor County","Malathion",1.6,1.7,1.65
"WA",53,27,"Grays Harbor County","Paraquat",1.6,224.8,113.2
"WA",53,29,"Island County","2,4-D",246.9,280.9,263.9
"WA",53,29,"Island County","Chlorpyrifos",10.5,44.1,27.3
"WA",53,29,"Island County","Glyphosate",19495.5,19511.7,19503.6
"WA",53,29,"Island County","Malathion",11.1,11.1,11.1
"WA",53,29,"Island County","Paraquat",2.5,27.6,15.05
"WA",53,31,"Jefferson County","2,4-D",29.4,42,35.7
"WA",53,31,"Jefferson County","Chlorpyrifos",49.6,51.8,50.7
"WA",53,31,"Jefferson County","Glyphosate",1010.8,1020.7,1015.75
"WA",53,31,"Jefferson County","Malathion",7.6,7.8,7.7
"WA",53,31,"Jefferson County","Paraquat",5.3,7.6,6.45
"WA",53,33,"King County","2,4-D",158,214.2,186.1
"WA",53,33,"King County","Chlorpyrifos",145.7,175.7,160.7
"WA",53,33,"King County","Glyphosate",6621.2,6785.7,6703.45
"WA",53,33,"King County","Malathion",67.7,68,67.85
"WA",53,33,"King County","Paraquat",22.6,64.6,43.6
"WA",53,35,"Kitsap County","2,4-D",47.5,60.4,53.95
"WA",53,35,"Kitsap County","Chlorpyrifos",69.2,73,71.1
"WA",53,35,"Kitsap County","Glyphosate",383.9,399.6,391.75
"WA",53,35,"Kitsap County","Malathion",14.7,15.1,14.9
"WA",53,35,"Kitsap County","Paraquat",7,10.5,8.75
"WA",53,37,"Kittitas County","2,4-D",465.5,527.9,496.7
"WA",53,37,"Kittitas County","Chlorpyrifos",227.9,818.1,523
"WA",53,37,"Kittitas County","Glyphosate",1472.5,1578.2,1525.35
"WA",53,37,"Kittitas County","Malathion",0.1,2.6,1.35
"WA",53,37,"Kittitas County","Paraquat",70.4,330.2,200.3
"WA",53,39,"Klickitat County","2,4-D",14518.5,14781.3,14649.9
"WA",53,39,"Klickitat County","Chlorpyrifos",1140,1951.7,1545.85
"WA",53,39,"Klickitat County","Glyphosate",24434.2,24942.6,24688.4
"WA",53,39,"Klickitat County","Malathion",50.1,51.4,50.75
"WA",53,39,"Klickitat County","Paraquat",315.8,2035.6,1175.7
"WA",53,41,"Lewis County","2,4-D",360.1,811.5,585.8
"WA",53,41,"Lewis County","Chlorpyrifos",57.3,480.9,269.1
"WA",53,41,"Lewis County","Glyphosate",13329,13727.5,13528.25
"WA",53,41,"Lewis County","Malathion",14.2,14.4,14.3
"WA",53,41,"Lewis County","Paraquat",17.7,39.3,28.5
"WA",53,43,"Lincoln County","2,4-D",36828.2,37988.8,37408.5
"WA",53,43,"Lincoln County","Chlorpyrifos",476.1,861.8,668.95
"WA",53,43,"Lincoln County","Glyphosate",56497.2,57704.2,57100.7
"WA",53,43,"Lincoln County","Malathion",0.3,0.3,0.3
"WA",53,43,"Lincoln County","Paraquat",7783.5,7792.4,7787.95
"WA",53,45,"Mason County","2,4-D",29.7,42.7,36.2
"WA",53,45,"Mason County","Chlorpyrifos",35.4,50.3,42.85
"WA",53,45,"Mason County","Glyphosate",749.3,758,753.65
"WA",53,45,"Mason County","Malathion",2.9,3.1,3
"WA",53,45,"Mason County","Paraquat",1.1,2.5,1.8
"WA",53,47,"Okanogan County","2,4-D",6670.8,7120.3,6895.55
"WA",53,47,"Okanogan County","Chlorpyrifos",17083.9,17915.4,17499.65
"WA",53,47,"Okanogan County","Glyphosate",16156.1,16887.2,16521.65
"WA",53,47,"Okanogan County","Malathion",218.2,223.8,221
"WA",53,47,"Okanogan County","Paraquat",2982.9,4477.3,3730.1
"WA",53,49,"Pacific County","2,4-D",0.2,52.2,26.2
"WA",53,49,"Pacific County","Chlorpyrifos",0.7,0.7,0.7
"WA",53,49,"Pacific County","Glyphosate",2566.1,2626.3,2596.2
"WA",53,49,"Pacific County","Malathion",1.3,1.3,1.3
"WA",53,49,"Pacific County","Paraquat",0.3,31.6,15.95
"WA",53,51,"Pend Oreille County","2,4-D",141.2,164.8,153
"WA",53,51,"Pend Oreille County","Chlorpyrifos",1.7,58.1,29.9
"WA",53,51,"Pend Oreille County","Glyphosate",375.7,376.2,375.95
"WA",53,51,"Pend Oreille County","Malathion",0.5,0.5,0.5
"WA",53,51,"Pend Oreille County","Paraquat",0.4,132.1,66.25
"WA",53,53,"Pierce County","2,4-D",88.1,187.1,137.6
"WA",53,53,"Pierce County","Chlorpyrifos",142.9,185,163.95
"WA",53,53,"Pierce County","Glyphosate",3966.4,4108.3,4037.35
"WA",53,53,"Pierce County","Malathion",48.4,48.9,48.65
"WA",53,53,"Pierce County","Paraquat",20.2,60.9,40.55
"WA",53,55,"San Juan County","2,4-D",29.4,59.4,44.4
"WA",53,55,"San Juan County","Chlorpyrifos",52.6,58.5,55.55
"WA",53,55,"San Juan County","Glyphosate",3150.1,3186.2,3168.15
"WA",53,55,"San Juan County","Malathion",5.4,5.6,5.5
"WA",53,55,"San Juan County","Paraquat",4.2,10.2,7.2
"WA",53,57,"Skagit County","2,4-D",1741,2081.3,1911.15
"WA",53,57,"Skagit County","Chlorpyrifos",168.8,294.9,231.85
"WA",53,57,"Skagit County","Glyphosate",17637.6,18109.8,17873.7
"WA",53,57,"Skagit County","Malathion",334.5,334.7,334.6
"WA",53,57,"Skagit County","Paraquat",120.3,1133.8,627.05
"WA",53,59,"Skamania County","2,4-D",0.3,6.9,3.6
"WA",53,59,"Skamania County","Chlorpyrifos",0.6,1.2,0.9
"WA",53,59,"Skamania County","Glyphosate",499.5,504.1,501.8
"WA",53,59,"Skamania County","Malathion",0.7,0.7,0.7
"WA",53,59,"Skamania County","Paraquat",2.3,2.7,2.5
"WA",53,61,"Snohomish County","2,4-D",323,599.1,461.05
"WA",53,61,"Snohomish County","Chlorpyrifos",78.8,129.3,104.05
"WA",53,61,"Snohomish County","Glyphosate",4766.5,5033.7,4900.1
"WA",53,61,"Snohomish County","Malathion",25.2,25.3,25.25
"WA",53,61,"Snohomish County","Paraquat",15.3,43.9,29.6
"WA",53,63,"Spokane County","2,4-D",9488.3,10229.7,9859
"WA",53,63,"Spokane County","Chlorpyrifos",946.9,1442.1,1194.5
"WA",53,63,"Spokane County","Glyphosate",20335.3,20530.2,20432.75
"WA",53,63,"Spokane County","Malathion",5.4,14.4,9.9
"WA",53,63,"Spokane County","Paraquat",32.4,2851.9,1442.15
"WA",53,65,"Stevens County","2,4-D",3071.1,3335.8,3203.45
"WA",53,65,"Stevens County","Chlorpyrifos",125.4,641.5,383.45
"WA",53,65,"Stevens County","Glyphosate",4526.6,4541.3,4533.95
"WA",53,65,"Stevens County","Malathion",4,5.5,4.75
"WA",53,65,"Stevens County","Paraquat",9,1388.2,698.6
"WA",53,67,"Thurston County","2,4-D",94.6,172.5,133.55
"WA",53,67,"Thurston County","Chlorpyrifos",72.6,86,79.3
"WA",53,67,"Thurston County","Glyphosate",7933.5,8004,7968.75
"WA",53,67,"Thurston County","Malathion",48.1,48.4,48.25
"WA",53,67,"Thurston County","Paraquat",13.2,32.9,23.05
"WA",53,69,"Wahkiakum County","2,4-D",1.1,22.1,11.6
"WA",53,69,"Wahkiakum County","Chlorpyrifos",1,1.3,1.15
"WA",53,69,"Wahkiakum County","Glyphosate",4510.6,4518.3,4514.45
"WA",53,69,"Wahkiakum County","Malathion",1.8,1.8,1.8
"WA",53,69,"Wahkiakum County","Paraquat",0.9,55.8,28.35
"WA",53,71,"Walla Walla County","2,4-D",9617.3,10760.7,10189
"WA",53,71,"Walla Walla County","Chlorpyrifos",5860.9,6769.7,6315.3
"WA",53,71,"Walla Walla County","Glyphosate",106992.9,109543.6,108268.25
"WA",53,71,"Walla Walla County","Malathion",248.9,335.3,292.1
"WA",53,71,"Walla Walla County","Paraquat",1050.9,5890.9,3470.9
"WA",53,73,"Whatcom County","2,4-D",694,1525.4,1109.7
"WA",53,73,"Whatcom County","Chlorpyrifos",322.5,343,332.75
"WA",53,73,"Whatcom County","Glyphosate",11138,11971.9,11554.95
"WA",53,73,"Whatcom County","Malathion",1880.7,1881.7,1881.2
"WA",53,73,"Whatcom County","Paraquat",1239.3,1466.4,1352.85
"WA",53,75,"Whitman County","2,4-D",29444.7,30547,29995.85
"WA",53,75,"Whitman County","Chlorpyrifos",398.1,2785.3,1591.7
"WA",53,75,"Whitman County","Glyphosate",171572.1,172217.1,171894.6
"WA",53,75,"Whitman County","Malathion",214.1,214.4,214.25
"WA",53,75,"Whitman County","Paraquat",18,7782.8,3900.4
"WA",53,77,"Yakima County","2,4-D",15433.6,23965.3,19699.45
"WA",53,77,"Yakima County","Chlorpyrifos",39255.8,40314.6,39785.2
"WA",53,77,"Yakima County","Glyphosate",61770.4,63268,62519.2
"WA",53,77,"Yakima County","Malathion",440,578.2,509.1
"WA",53,77,"Yakima County","Paraquat",7579.5,9200.7,8390.1
"WI",55,1,"Adams County","2,4-D",1200.7,1221.4,1211.05
"WI",55,1,"Adams County","Chlorpyrifos",158.9,369.1,264
"WI",55,1,"Adams County","Glyphosate",24125.6,24144.9,24135.25
"WI",55,1,"Adams County","Paraquat",318.6,459.8,389.2
"WI",55,3,"Ashland County","2,4-D",71.7,409,240.35
"WI",55,3,"Ashland County","Chlorpyrifos",0,34.5,17.25
"WI",55,3,"Ashland County","Glyphosate",2200,2220.3,2210.15
"WI",55,3,"Ashland County","Paraquat",1.3,13.6,7.45
"WI",55,5,"Barron County","2,4-D",650.8,1967.2,1309
"WI",55,5,"Barron County","Chlorpyrifos",8,1383.9,695.95
"WI",55,5,"Barron County","Glyphosate",35341.9,35491.2,35416.55
"WI",55,5,"Barron County","Paraquat",1.9,567.4,284.65
"WI",55,7,"Bayfield County","2,4-D",110.6,288.6,199.6
"WI",55,7,"Bayfield County","Chlorpyrifos",84,131.2,107.6
"WI",55,7,"Bayfield County","Glyphosate",652.8,713.2,683
"WI",55,7,"Bayfield County","Paraquat",22.9,30.8,26.85
"WI",55,9,"Brown County","2,4-D",1264,1364.4,1314.2
"WI",55,9,"Brown County","Chlorpyrifos",65.2,560.2,312.7
"WI",55,9,"Brown County","Glyphosate",40488.5,40563,40525.75
"WI",55,9,"Brown County","Paraquat",16.4,388,202.2
"WI",55,11,"Buffalo County","2,4-D",3507.1,4671.5,4089.3
"WI",55,11,"Buffalo County","Chlorpyrifos",16.3,617.5,316.9
"WI",55,11,"Buffalo County","Glyphosate",31804.8,31875.6,31840.2
"WI",55,11,"Buffalo County","Paraquat",3.8,370.1,186.95
"WI",55,13,"Burnett County","2,4-D",117,432.7,274.85
"WI",55,13,"Burnett County","Chlorpyrifos",5.5,246.4,125.95
"WI",55,13,"Burnett County","Glyphosate",5261.3,5327.5,5294.4
"WI",55,13,"Burnett County","Paraquat",1.5,83.6,42.55
"WI",55,15,"Calumet County","2,4-D",1415.3,1487.5,1451.4
"WI",55,15,"Calumet County","Chlorpyrifos",16.1,377.2,196.65
"WI",55,15,"Calumet County","Glyphosate",35521.4,35702.7,35612.05
"WI",55,15,"Calumet County","Paraquat",3.2,296.7,149.95
"WI",55,17,"Chippewa County","2,4-D",620.1,2058.8,1339.45
"WI",55,17,"Chippewa County","Chlorpyrifos",87,1520,803.5
"WI",55,17,"Chippewa County","Glyphosate",34828,34935.1,34881.55
"WI",55,17,"Chippewa County","Paraquat",23.7,579.4,301.55
"WI",55,19,"Clark County","2,4-D",2804,5027.1,3915.55
"WI",55,19,"Clark County","Chlorpyrifos",0,636.6,318.3
"WI",55,19,"Clark County","Glyphosate",82545.7,82856.3,82701
"WI",55,19,"Clark County","Paraquat",6.3,482.6,244.45
"WI",55,21,"Columbia County","2,4-D",1893.9,2019,1956.45
"WI",55,21,"Columbia County","Chlorpyrifos",887.6,893.8,890.7
"WI",55,21,"Columbia County","Glyphosate",71907,72412.8,72159.9
"WI",55,21,"Columbia County","Paraquat",6.8,674,340.4
"WI",55,23,"Crawford County","2,4-D",1974,2088.3,2031.15
"WI",55,23,"Crawford County","Chlorpyrifos",379.9,637.4,508.65
"WI",55,23,"Crawford County","Glyphosate",26608.9,26818.1,26713.5
"WI",55,23,"Crawford County","Paraquat",39.4,261.5,150.45
"WI",55,25,"Dane County","2,4-D",3338.5,3459.2,3398.85
"WI",55,25,"Dane County","Chlorpyrifos",1354.8,1370.9,1362.85
"WI",55,25,"Dane County","Glyphosate",124675.9,125238.6,124957.25
"WI",55,25,"Dane County","Paraquat",16.3,1155.8,586.05
"WI",55,27,"Dodge County","2,4-D",2597.5,2773.3,2685.4
"WI",55,27,"Dodge County","Chlorpyrifos",1268.3,1276.3,1272.3
"WI",55,27,"Dodge County","Glyphosate",97672.4,98617,98144.7
"WI",55,27,"Dodge County","Paraquat",6.6,864.9,435.75
"WI",55,29,"Door County","2,4-D",1859.1,1939.9,1899.5
"WI",55,29,"Door County","Chlorpyrifos",781.6,992.1,886.85
"WI",55,29,"Door County","Glyphosate",20176.1,20750,20463.05
"WI",55,29,"Door County","Paraquat",109.8,269.5,189.65
"WI",55,31,"Douglas County","2,4-D",15.9,271.8,143.85
"WI",55,31,"Douglas County","Chlorpyrifos",0.4,46.4,23.4
"WI",55,31,"Douglas County","Glyphosate",357.3,402.2,379.75
"WI",55,31,"Douglas County","Paraquat",0.1,4.7,2.4
"WI",55,33,"Dunn County","2,4-D",5640.9,7101.9,6371.4
"WI",55,33,"Dunn County","Chlorpyrifos",15.9,1025.5,520.7
"WI",55,33,"Dunn County","Glyphosate",56534.2,56813.3,56673.75
"WI",55,33,"Dunn County","Paraquat",32.5,645.4,338.95
"WI",55,35,"Eau Claire County","2,4-D",2683.9,3438,3060.95
"WI",55,35,"Eau Claire County","Chlorpyrifos",26.6,495.9,261.25
"WI",55,35,"Eau Claire County","Glyphosate",25328.6,25431,25379.8
"WI",55,35,"Eau Claire County","Paraquat",6.4,295,150.7
"WI",55,37,"Florence County","2,4-D",1.8,68.3,35.05
"WI",55,37,"Florence County","Chlorpyrifos",2.6,20.2,11.4
"WI",55,37,"Florence County","Glyphosate",65.2,110.2,87.7
"WI",55,37,"Florence County","Paraquat",0.7,2.7,1.7
"WI",55,39,"Fond du Lac County","2,4-D",2600.3,2736.7,2668.5
"WI",55,39,"Fond du Lac County","Chlorpyrifos",27.7,1104.5,566.1
"WI",55,39,"Fond du Lac County","Glyphosate",76075.7,76508.3,76292
"WI",55,39,"Fond du Lac County","Paraquat",6.3,638.4,322.35
"WI",55,41,"Forest County","2,4-D",0,153.2,76.6
"WI",55,41,"Forest County","Chlorpyrifos",0,21.6,10.8
"WI",55,41,"Forest County","Glyphosate",110.6,229.3,169.95
"WI",55,41,"Forest County","Paraquat",0,3.1,1.55
"WI",55,43,"Grant County","2,4-D",7609.6,7628.3,7618.95
"WI",55,43,"Grant County","Chlorpyrifos",1749.5,2005.6,1877.55
"WI",55,43,"Grant County","Glyphosate",101916.1,102742.5,102329.3
"WI",55,43,"Grant County","Paraquat",5.9,985,495.45
"WI",55,45,"Green County","2,4-D",1905.9,2072.4,1989.15
"WI",55,45,"Green County","Chlorpyrifos",895.9,900.1,898
"WI",55,45,"Green County","Glyphosate",74343.1,74995,74669.05
"WI",55,45,"Green County","Paraquat",3,647.9,325.45
"WI",55,47,"Green Lake County","2,4-D",2577.4,2601.2,2589.3
"WI",55,47,"Green Lake County","Chlorpyrifos",89.3,501.8,295.55
"WI",55,47,"Green Lake County","Glyphosate",39745.6,39773.4,39759.5
"WI",55,47,"Green Lake County","Paraquat",20.2,314.2,167.2
"WI",55,49,"Iowa County","2,4-D",3811.9,3821.3,3816.6
"WI",55,49,"Iowa County","Chlorpyrifos",817.3,1004.7,911
"WI",55,49,"Iowa County","Glyphosate",53614.4,54352.5,53983.45
"WI",55,49,"Iowa County","Paraquat",1.7,494.9,248.3
"WI",55,51,"Iron County","2,4-D",7.2,85.6,46.4
"WI",55,51,"Iron County","Chlorpyrifos",0,4.9,2.45
"WI",55,51,"Iron County","Glyphosate",143.9,146.7,145.3
"WI",55,51,"Iron County","Paraquat",0.2,1.3,0.75
"WI",55,53,"Jackson County","2,4-D",2970.7,3561.3,3266
"WI",55,53,"Jackson County","Chlorpyrifos",17.9,538.4,278.15
"WI",55,53,"Jackson County","Glyphosate",26756.3,26794,26775.15
"WI",55,53,"Jackson County","Paraquat",5,309.3,157.15
"WI",55,55,"Jefferson County","2,4-D",1534.4,1589.5,1561.95
"WI",55,55,"Jefferson County","Chlorpyrifos",564.5,569.3,566.9
"WI",55,55,"Jefferson County","Glyphosate",62395.4,62664,62529.7
"WI",55,55,"Jefferson County","Paraquat",3.4,530.8,267.1
"WI",55,57,"Juneau County","2,4-D",2558.5,2603.2,2580.85
"WI",55,57,"Juneau County","Chlorpyrifos",22.8,394.8,208.8
"WI",55,57,"Juneau County","Glyphosate",39861.7,39885.5,39873.6
"WI",55,57,"Juneau County","Paraquat",19.6,278.8,149.2
"WI",55,59,"Kenosha County","2,4-D",2619.5,2646.3,2632.9
"WI",55,59,"Kenosha County","Chlorpyrifos",35.1,260.3,147.7
"WI",55,59,"Kenosha County","Glyphosate",31022.1,31126.4,31074.25
"WI",55,59,"Kenosha County","Paraquat",8.3,211.1,109.7
"WI",55,61,"Kewaunee County","2,4-D",1222.5,1287.5,1255
"WI",55,61,"Kewaunee County","Chlorpyrifos",27.9,403.4,215.65
"WI",55,61,"Kewaunee County","Glyphosate",31826,31890,31858
"WI",55,61,"Kewaunee County","Paraquat",7.1,321.4,164.25
"WI",55,63,"La Crosse County","2,4-D",1789.6,2448.4,2119
"WI",55,63,"La Crosse County","Chlorpyrifos",10.9,350.9,180.9
"WI",55,63,"La Crosse County","Glyphosate",16670.1,16695,16682.55
"WI",55,63,"La Crosse County","Paraquat",2.3,195.6,98.95
"WI",55,65,"Lafayette County","2,4-D",5292,5301.1,5296.55
"WI",55,65,"Lafayette County","Chlorpyrifos",1322.3,1509.6,1415.95
"WI",55,65,"Lafayette County","Glyphosate",82779.3,83396.8,83088.05
"WI",55,65,"Lafayette County","Paraquat",1,753.4,377.2
"WI",55,67,"Langlade County","2,4-D",34.5,769.9,402.2
"WI",55,67,"Langlade County","Chlorpyrifos",72.2,226.1,149.15
"WI",55,67,"Langlade County","Glyphosate",5276.7,6060.8,5668.75
"WI",55,67,"Langlade County","Paraquat",5.5,298.1,151.8
"WI",55,69,"Lincoln County","2,4-D",275,727.2,501.1
"WI",55,69,"Lincoln County","Chlorpyrifos",0,80.5,40.25
"WI",55,69,"Lincoln County","Glyphosate",9628.5,9711.7,9670.1
"WI",55,69,"Lincoln County","Paraquat",1.7,58.4,30.05
"WI",55,71,"Manitowoc County","2,4-D",2418.3,2490.1,2454.2
"WI",55,71,"Manitowoc County","Chlorpyrifos",14.4,513.8,264.1
"WI",55,71,"Manitowoc County","Glyphosate",49300.6,49491.5,49396.05
"WI",55,71,"Manitowoc County","Paraquat",2.9,434.8,218.85
"WI",55,73,"Marathon County","2,4-D",3484.9,5629.6,4557.25
"WI",55,73,"Marathon County","Chlorpyrifos",0,785,392.5
"WI",55,73,"Marathon County","Glyphosate",102773.3,103432.2,103102.75
"WI",55,73,"Marathon County","Paraquat",7.6,635,321.3
"WI",55,75,"Marinette County","2,4-D",17.3,1188.8,603.05
"WI",55,75,"Marinette County","Chlorpyrifos",50.3,449.4,249.85
"WI",55,75,"Marinette County","Glyphosate",9554.9,10022.1,9788.5
"WI",55,75,"Marinette County","Paraquat",3.2,226.6,114.9
"WI",55,77,"Marquette County","2,4-D",1536.4,1568.5,1552.45
"WI",55,77,"Marquette County","Chlorpyrifos",14.4,359.4,186.9
"WI",55,77,"Marquette County","Glyphosate",27625.5,27665.5,27645.5
"WI",55,77,"Marquette County","Paraquat",36.8,253.5,145.15
"WI",55,78,"Menominee County","2,4-D",0,0.2,0.1
"WI",55,79,"Milwaukee County","2,4-D",170.1,173,171.55
"WI",55,79,"Milwaukee County","Chlorpyrifos",3.2,17.4,10.3
"WI",55,79,"Milwaukee County","Glyphosate",1928.1,1951.7,1939.9
"WI",55,79,"Milwaukee County","Paraquat",0.2,10.7,5.45
"WI",55,81,"Monroe County","2,4-D",3349.1,5515.6,4432.35
"WI",55,81,"Monroe County","Chlorpyrifos",22.8,632.5,327.65
"WI",55,81,"Monroe County","Glyphosate",30203.7,30370.3,30287
"WI",55,81,"Monroe County","Paraquat",6.3,369.8,188.05
"WI",55,83,"Oconto County","2,4-D",13.8,2210.9,1112.35
"WI",55,83,"Oconto County","Chlorpyrifos",22,635.4,328.7
"WI",55,83,"Oconto County","Glyphosate",20706,21845.8,21275.9
"WI",55,83,"Oconto County","Paraquat",5.3,391.2,198.25
"WI",55,85,"Oneida County","2,4-D",31.2,149.9,90.55
"WI",55,85,"Oneida County","Chlorpyrifos",0,16.9,8.45
"WI",55,85,"Oneida County","Glyphosate",623.5,636.9,630.2
"WI",55,85,"Oneida County","Paraquat",0.6,6.2,3.4
"WI",55,87,"Outagamie County","2,4-D",1526.3,1626.7,1576.5
"WI",55,87,"Outagamie County","Chlorpyrifos",31.5,592.4,311.95
"WI",55,87,"Outagamie County","Glyphosate",66227.4,66506.6,66367
"WI",55,87,"Outagamie County","Paraquat",29.1,553.9,291.5
"WI",55,89,"Ozaukee County","2,4-D",2200.3,2238.8,2219.55
"WI",55,89,"Ozaukee County","Chlorpyrifos",121,259.7,190.35
"WI",55,89,"Ozaukee County","Glyphosate",15039.2,15215.1,15127.15
"WI",55,89,"Ozaukee County","Paraquat",20.2,122.9,71.55
"WI",55,91,"Pepin County","2,4-D",1650.2,1893.2,1771.7
"WI",55,91,"Pepin County","Chlorpyrifos",8.9,279.3,144.1
"WI",55,91,"Pepin County","Glyphosate",14627.1,14653.5,14640.3
"WI",55,91,"Pepin County","Paraquat",2,175.5,88.75
"WI",55,93,"Pierce County","2,4-D",4818,5689.2,5253.6
"WI",55,93,"Pierce County","Chlorpyrifos",32.8,828.2,430.5
"WI",55,93,"Pierce County","Glyphosate",44965.4,45061.4,45013.4
"WI",55,93,"Pierce County","Paraquat",8.7,537.5,273.1
"WI",55,95,"Polk County","2,4-D",453,1487,970
"WI",55,95,"Polk County","Chlorpyrifos",37.6,1031.8,534.7
"WI",55,95,"Polk County","Glyphosate",25636.6,25749.7,25693.15
"WI",55,95,"Polk County","Paraquat",10,424.3,217.15
"WI",55,97,"Portage County","2,4-D",2175.3,2238.9,2207.1
"WI",55,97,"Portage County","Chlorpyrifos",411,921.9,666.45
"WI",55,97,"Portage County","Glyphosate",39025.7,39146.1,39085.9
"WI",55,97,"Portage County","Paraquat",542.1,835.5,688.8
"WI",55,99,"Price County","2,4-D",183.7,609.3,396.5
"WI",55,99,"Price County","Chlorpyrifos",0,49.5,24.75
"WI",55,99,"Price County","Glyphosate",3853.9,3875.3,3864.6
"WI",55,99,"Price County","Paraquat",0.4,25.9,13.15
"WI",55,101,"Racine County","2,4-D",3286.6,3331.6,3309.1
"WI",55,101,"Racine County","Chlorpyrifos",130.3,407,268.65
"WI",55,101,"Racine County","Glyphosate",40036.5,40203.2,40119.85
"WI",55,101,"Racine County","Paraquat",13.5,254.9,134.2
"WI",55,103,"Richland County","2,4-D",2168.3,2233.2,2200.75
"WI",55,103,"Richland County","Chlorpyrifos",473.2,672.4,572.8
"WI",55,103,"Richland County","Glyphosate",26541.4,26797.1,26669.25
"WI",55,103,"Richland County","Paraquat",23.8,286.2,155
"WI",55,105,"Rock County","2,4-D",2590.7,2687.1,2638.9
"WI",55,105,"Rock County","Chlorpyrifos",1250.7,1259.4,1255.05
"WI",55,105,"Rock County","Glyphosate",117403.6,117801.4,117602.5
"WI",55,105,"Rock County","Paraquat",4.6,974.2,489.4
"WI",55,107,"Rusk County","2,4-D",216.7,657.1,436.9
"WI",55,107,"Rusk County","Chlorpyrifos",2,355.6,178.8
"WI",55,107,"Rusk County","Glyphosate",9040.8,9111.6,9076.2
"WI",55,107,"Rusk County","Paraquat",0.5,146,73.25
"WI",55,109,"St. Croix County","2,4-D",5958.3,6973.1,6465.7
"WI",55,109,"St. Croix County","Chlorpyrifos",25,1030.7,527.85
"WI",55,109,"St. Croix County","Glyphosate",57320.5,57391.3,57355.9
"WI",55,109,"St. Croix County","Paraquat",3.6,654,328.8
"WI",55,111,"Sauk County","2,4-D",3831.3,3880.3,3855.8
"WI",55,111,"Sauk County","Chlorpyrifos",911.7,1145.1,1028.4
"WI",55,111,"Sauk County","Glyphosate",52595.5,53544.9,53070.2
"WI",55,111,"Sauk County","Paraquat",23.1,531.7,277.4
"WI",55,113,"Sawyer County","2,4-D",60.7,171.4,116.05
"WI",55,113,"Sawyer County","Chlorpyrifos",3.7,101.2,52.45
"WI",55,113,"Sawyer County","Glyphosate",2421.9,2443.7,2432.8
"WI",55,113,"Sawyer County","Paraquat",1,40.4,20.7
"WI",55,115,"Shawano County","2,4-D",9.1,2553.9,1281.5
"WI",55,115,"Shawano County","Chlorpyrifos",13.8,804.2,409
"WI",55,115,"Shawano County","Glyphosate",24373,25433.3,24903.15
"WI",55,115,"Shawano County","Paraquat",3.5,482.6,243.05
"WI",55,117,"Sheboygan County","2,4-D",1909.3,2028.6,1968.95
"WI",55,117,"Sheboygan County","Chlorpyrifos",52.6,536.5,294.55
"WI",55,117,"Sheboygan County","Glyphosate",39113.9,39339.8,39226.85
"WI",55,117,"Sheboygan County","Paraquat",11.5,309.3,160.4
"WI",55,119,"Taylor County","2,4-D",1341.7,2697.5,2019.6
"WI",55,119,"Taylor County","Chlorpyrifos",0,275.9,137.95
"WI",55,119,"Taylor County","Glyphosate",44308.7,44436.8,44372.75
"WI",55,119,"Taylor County","Paraquat",0.7,265.2,132.95
"WI",55,121,"Trempealeau County","2,4-D",4858.1,6123.8,5490.95
"WI",55,121,"Trempealeau County","Chlorpyrifos",143.3,900.4,521.85
"WI",55,121,"Trempealeau County","Glyphosate",41676.9,41754.4,41715.65
"WI",55,121,"Trempealeau County","Paraquat",35.8,540.8,288.3
"WI",55,123,"Vernon County","2,4-D",3318.8,3342.8,3330.8
"WI",55,123,"Vernon County","Chlorpyrifos",695.4,943.8,819.6
"WI",55,123,"Vernon County","Glyphosate",43228.6,43593.8,43411.2
"WI",55,123,"Vernon County","Paraquat",8.2,403.3,205.75
"WI",55,125,"Vilas County","2,4-D",0,21.2,10.6
"WI",55,125,"Vilas County","Chlorpyrifos",0,0.9,0.45
"WI",55,125,"Vilas County","Glyphosate",4,6.4,5.2
"WI",55,125,"Vilas County","Paraquat",0,0.9,0.45
"WI",55,127,"Walworth County","2,4-D",5155,5214.1,5184.55
"WI",55,127,"Walworth County","Chlorpyrifos",106.6,793.7,450.15
"WI",55,127,"Walworth County","Glyphosate",88556.4,88815,88685.7
"WI",55,127,"Walworth County","Paraquat",8.9,644.1,326.5
"WI",55,129,"Washburn County","2,4-D",93.4,391.4,242.4
"WI",55,129,"Washburn County","Chlorpyrifos",5.7,208.6,107.15
"WI",55,129,"Washburn County","Glyphosate",4379.2,4398,4388.6
"WI",55,129,"Washburn County","Paraquat",1.5,70.8,36.15
"WI",55,131,"Washington County","2,4-D",3170,3219.8,3194.9
"WI",55,131,"Washington County","Chlorpyrifos",104.7,359,231.85
"WI",55,131,"Washington County","Glyphosate",29884.1,30159.7,30021.9
"WI",55,131,"Washington County","Paraquat",5.1,205.1,105.1
"WI",55,133,"Waukesha County","2,4-D",3237.2,3269.2,3253.2
"WI",55,133,"Waukesha County","Chlorpyrifos",34.7,237.1,135.9
"WI",55,133,"Waukesha County","Glyphosate",24579.5,24824.8,24702.15
"WI",55,133,"Waukesha County","Paraquat",2.5,160.9,81.7
"WI",55,135,"Waupaca County","2,4-D",2713.2,2794.3,2753.75
"WI",55,135,"Waupaca County","Chlorpyrifos",20.1,608.5,314.3
"WI",55,135,"Waupaca County","Glyphosate",47437.2,47508.5,47472.85
"WI",55,135,"Waupaca County","Paraquat",24.1,375.7,199.9
"WI",55,137,"Waushara County","2,4-D",1467.1,1507.3,1487.2
"WI",55,137,"Waushara County","Chlorpyrifos",141.9,446.4,294.15
"WI",55,137,"Waushara County","Glyphosate",28759.5,28805.5,28782.5
"WI",55,137,"Waushara County","Paraquat",220.7,417.6,319.15
"WI",55,139,"Winnebago County","2,4-D",2087.6,2120.2,2103.9
"WI",55,139,"Winnebago County","Chlorpyrifos",18.1,327.5,172.8
"WI",55,139,"Winnebago County","Glyphosate",41711.6,41794.1,41752.85
"WI",55,139,"Winnebago County","Paraquat",4,296.2,150.1
"WI",55,141,"Wood County","2,4-D",2386.9,2436.9,2411.9
"WI",55,141,"Wood County","Chlorpyrifos",11.5,372.1,191.8
"WI",55,141,"Wood County","Glyphosate",31215.4,31327.1,31271.25
"WI",55,141,"Wood County","Paraquat",2.9,221.6,112.25
"WV",54,1,"Barbour County","2,4-D",141.9,141.9,141.9
"WV",54,1,"Barbour County","Chlorpyrifos",21.1,21.1,21.1
"WV",54,1,"Barbour County","Glyphosate",84.3,84.4,84.35
"WV",54,1,"Barbour County","Malathion",0.4,0.4,0.4
"WV",54,1,"Barbour County","Paraquat",2.1,2.1,2.1
"WV",54,3,"Berkeley County","2,4-D",942.4,1067,1004.7
"WV",54,3,"Berkeley County","Chlorpyrifos",2418.2,2392.7,2405.45
"WV",54,3,"Berkeley County","Glyphosate",5736.4,7288.5,6512.45
"WV",54,3,"Berkeley County","Malathion",0.7,0.7,0.7
"WV",54,3,"Berkeley County","Paraquat",989.3,990.9,990.1
"WV",54,5,"Boone County","2,4-D",2.7,2.3,2.5
"WV",54,5,"Boone County","Chlorpyrifos",3.1,3.1,3.1
"WV",54,5,"Boone County","Glyphosate",3.3,4,3.65
"WV",54,5,"Boone County","Paraquat",1.2,3.7,2.45
"WV",54,7,"Braxton County","2,4-D",25.5,25.2,25.35
"WV",54,7,"Braxton County","Chlorpyrifos",5.8,5.7,5.75
"WV",54,7,"Braxton County","Glyphosate",22.8,54.1,38.45
"WV",54,7,"Braxton County","Paraquat",2.9,104.2,53.55
"WV",54,9,"Brooke County","2,4-D",37.1,37.1,37.1
"WV",54,9,"Brooke County","Chlorpyrifos",61.3,61.3,61.3
"WV",54,9,"Brooke County","Glyphosate",154.5,154.5,154.5
"WV",54,9,"Brooke County","Malathion",8.6,8.6,8.6
"WV",54,9,"Brooke County","Paraquat",11,11,11
"WV",54,11,"Cabell County","2,4-D",20.7,19.7,20.2
"WV",54,11,"Cabell County","Chlorpyrifos",15.5,15.4,15.45
"WV",54,11,"Cabell County","Glyphosate",57.1,70.9,64
"WV",54,11,"Cabell County","Paraquat",6.9,52.4,29.65
"WV",54,13,"Calhoun County","2,4-D",17.1,16.1,16.6
"WV",54,13,"Calhoun County","Chlorpyrifos",8.4,8.3,8.35
"WV",54,13,"Calhoun County","Glyphosate",8.4,24.6,16.5
"WV",54,13,"Calhoun County","Paraquat",3.6,55.8,29.7
"WV",54,15,"Clay County","2,4-D",8.3,7.6,7.95
"WV",54,15,"Clay County","Chlorpyrifos",4.5,4.4,4.45
"WV",54,15,"Clay County","Glyphosate",1.8,9.3,5.55
"WV",54,15,"Clay County","Paraquat",2,26.2,14.1
"WV",54,17,"Doddridge County","2,4-D",105.5,105.5,105.5
"WV",54,17,"Doddridge County","Chlorpyrifos",30.5,30.2,30.35
"WV",54,17,"Doddridge County","Glyphosate",40.7,41.1,40.9
"WV",54,17,"Doddridge County","Malathion",2.8,2.8,2.8
"WV",54,17,"Doddridge County","Paraquat",3.9,3.9,3.9
"WV",54,19,"Fayette County","2,4-D",12.6,11.9,12.25
"WV",54,19,"Fayette County","Chlorpyrifos",10.6,10.5,10.55
"WV",54,19,"Fayette County","Glyphosate",30.2,37,33.6
"WV",54,19,"Fayette County","Paraquat",4.7,26.7,15.7
"WV",54,21,"Gilmer County","2,4-D",31.7,30.7,31.2
"WV",54,21,"Gilmer County","Chlorpyrifos",15.5,15.1,15.3
"WV",54,21,"Gilmer County","Glyphosate",22,50.8,36.4
"WV",54,21,"Gilmer County","Paraquat",8.8,100.9,54.85
"WV",54,23,"Grant County","2,4-D",1243.5,1243.9,1243.7
"WV",54,23,"Grant County","Chlorpyrifos",58.1,57.9,58
"WV",54,23,"Grant County","Glyphosate",444.7,449.5,447.1
"WV",54,23,"Grant County","Paraquat",48.5,48.5,48.5
"WV",54,25,"Greenbrier County","2,4-D",2692.2,2693,2692.6
"WV",54,25,"Greenbrier County","Chlorpyrifos",182.6,182.5,182.55
"WV",54,25,"Greenbrier County","Glyphosate",1422.5,1432.5,1427.5
"WV",54,25,"Greenbrier County","Paraquat",158.4,158.5,158.45
"WV",54,27,"Hampshire County","2,4-D",1215.3,1252.3,1233.8
"WV",54,27,"Hampshire County","Chlorpyrifos",702.3,692,697.15
"WV",54,27,"Hampshire County","Glyphosate",638.2,1100.4,869.3
"WV",54,27,"Hampshire County","Malathion",0,0,0
"WV",54,27,"Hampshire County","Paraquat",253.3,253.6,253.45
"WV",54,29,"Hancock County","2,4-D",22,22,22
"WV",54,29,"Hancock County","Chlorpyrifos",7.1,7.1,7.1
"WV",54,29,"Hancock County","Glyphosate",69.2,69.2,69.2
"WV",54,29,"Hancock County","Paraquat",1.5,1.5,1.5
"WV",54,31,"Hardy County","2,4-D",1644.9,1646.7,1645.8
"WV",54,31,"Hardy County","Chlorpyrifos",524.3,524.3,524.3
"WV",54,31,"Hardy County","Glyphosate",4940.1,4962.1,4951.1
"WV",54,31,"Hardy County","Malathion",0.2,0.2,0.2
"WV",54,31,"Hardy County","Paraquat",468.1,468.7,468.4
"WV",54,33,"Harrison County","2,4-D",210.9,210.9,210.9
"WV",54,33,"Harrison County","Chlorpyrifos",27.3,27.2,27.25
"WV",54,33,"Harrison County","Glyphosate",120.3,120.4,120.35
"WV",54,33,"Harrison County","Malathion",3,3,3
"WV",54,33,"Harrison County","Paraquat",5.5,5.5,5.5
"WV",54,35,"Jackson County","2,4-D",99.6,93.4,96.5
"WV",54,35,"Jackson County","Chlorpyrifos",93,92.8,92.9
"WV",54,35,"Jackson County","Glyphosate",279.9,320.8,300.35
"WV",54,35,"Jackson County","Paraquat",38.9,172.7,105.8
"WV",54,37,"Jefferson County","2,4-D",1239.6,1256.7,1248.15
"WV",54,37,"Jefferson County","Chlorpyrifos",1185.7,1180.6,1183.15
"WV",54,37,"Jefferson County","Glyphosate",17219.7,17433.2,17326.45
"WV",54,37,"Jefferson County","Malathion",1,1,1
"WV",54,37,"Jefferson County","Paraquat",971.3,973.6,972.45
"WV",54,39,"Kanawha County","2,4-D",11,10.1,10.55
"WV",54,39,"Kanawha County","Chlorpyrifos",7.4,7.4,7.4
"WV",54,39,"Kanawha County","Glyphosate",13.6,22,17.8
"WV",54,39,"Kanawha County","Paraquat",4.5,31.9,18.2
"WV",54,41,"Lewis County","2,4-D",152.1,152.1,152.1
"WV",54,41,"Lewis County","Chlorpyrifos",25.4,25.2,25.3
"WV",54,41,"Lewis County","Glyphosate",71.3,71.5,71.4
"WV",54,41,"Lewis County","Malathion",14.3,14.3,14.3
"WV",54,41,"Lewis County","Paraquat",14,14,14
"WV",54,43,"Lincoln County","2,4-D",12.8,11.6,12.2
"WV",54,43,"Lincoln County","Chlorpyrifos",10,9.9,9.95
"WV",54,43,"Lincoln County","Glyphosate",16.2,24.3,20.25
"WV",54,43,"Lincoln County","Paraquat",4,30.1,17.05
"WV",54,45,"Logan County","2,4-D",0.6,0.6,0.6
"WV",54,45,"Logan County","Chlorpyrifos",0.6,0.6,0.6
"WV",54,45,"Logan County","Glyphosate",2.4,2.5,2.45
"WV",54,45,"Logan County","Paraquat",0.3,0.6,0.45
"WV",54,47,"McDowell County","2,4-D",0.1,0.1,0.1
"WV",54,47,"McDowell County","Chlorpyrifos",0.1,0.1,0.1
"WV",54,47,"McDowell County","Glyphosate",0,0.1,0.05
"WV",54,47,"McDowell County","Paraquat",0,0.3,0.15
"WV",54,49,"Marion County","2,4-D",90.9,90.9,90.9
"WV",54,49,"Marion County","Chlorpyrifos",24.5,24.4,24.45
"WV",54,49,"Marion County","Glyphosate",85.7,85.8,85.75
"WV",54,49,"Marion County","Malathion",2.4,2.4,2.4
"WV",54,49,"Marion County","Paraquat",3.4,3.4,3.4
"WV",54,51,"Marshall County","2,4-D",118.3,118.3,118.3
"WV",54,51,"Marshall County","Chlorpyrifos",86.2,86,86.1
"WV",54,51,"Marshall County","Glyphosate",123.1,123.3,123.2
"WV",54,51,"Marshall County","Malathion",4.4,4.4,4.4
"WV",54,51,"Marshall County","Paraquat",7.1,7.1,7.1
"WV",54,53,"Mason County","2,4-D",672.5,671.4,671.95
"WV",54,53,"Mason County","Chlorpyrifos",346.4,344.9,345.65
"WV",54,53,"Mason County","Glyphosate",5135,5178.2,5156.6
"WV",54,53,"Mason County","Paraquat",183,321.2,252.1
"WV",54,55,"Mercer County","2,4-D",18.1,17.6,17.85
"WV",54,55,"Mercer County","Chlorpyrifos",9.2,9.2,9.2
"WV",54,55,"Mercer County","Glyphosate",42.8,59.1,50.95
"WV",54,55,"Mercer County","Paraquat",3.9,56.8,30.35
"WV",54,57,"Mineral County","2,4-D",628.9,630.6,629.75
"WV",54,57,"Mineral County","Chlorpyrifos",86.6,85.8,86.2
"WV",54,57,"Mineral County","Glyphosate",466.4,487.7,477.05
"WV",54,57,"Mineral County","Malathion",0.5,0.5,0.5
"WV",54,57,"Mineral County","Paraquat",63.1,64.8,63.95
"WV",54,59,"Mingo County","2,4-D",3.4,2.8,3.1
"WV",54,59,"Mingo County","Chlorpyrifos",3.7,3.6,3.65
"WV",54,59,"Mingo County","Glyphosate",1.4,2.5,1.95
"WV",54,59,"Mingo County","Paraquat",1.3,5,3.15
"WV",54,61,"Monongalia County","2,4-D",94.4,94.4,94.4
"WV",54,61,"Monongalia County","Chlorpyrifos",25.3,25.1,25.2
"WV",54,61,"Monongalia County","Glyphosate",78.8,79.1,78.95
"WV",54,61,"Monongalia County","Malathion",1.2,1.2,1.2
"WV",54,61,"Monongalia County","Paraquat",3.6,3.6,3.6
"WV",54,63,"Monroe County","2,4-D",1971.4,1975.7,1973.55
"WV",54,63,"Monroe County","Chlorpyrifos",224.6,224.5,224.55
"WV",54,63,"Monroe County","Glyphosate",1454.3,1508.3,1481.3
"WV",54,63,"Monroe County","Malathion",0.2,0.2,0.2
"WV",54,63,"Monroe County","Paraquat",169.3,170,169.65
"WV",54,65,"Morgan County","2,4-D",119.1,120.1,119.6
"WV",54,65,"Morgan County","Chlorpyrifos",41.4,41.4,41.4
"WV",54,65,"Morgan County","Glyphosate",271,284.1,277.55
"WV",54,65,"Morgan County","Malathion",0.1,0.1,0.1
"WV",54,65,"Morgan County","Paraquat",28.8,29.1,28.95
"WV",54,67,"Nicholas County","2,4-D",23.3,21.7,22.5
"WV",54,67,"Nicholas County","Chlorpyrifos",15.3,15.1,15.2
"WV",54,67,"Nicholas County","Glyphosate",17.3,35.1,26.2
"WV",54,67,"Nicholas County","Paraquat",6.9,64.1,35.5
"WV",54,69,"Ohio County","2,4-D",47.4,47.4,47.4
"WV",54,69,"Ohio County","Chlorpyrifos",124.8,124.6,124.7
"WV",54,69,"Ohio County","Glyphosate",261.9,262,261.95
"WV",54,69,"Ohio County","Malathion",1.6,1.6,1.6
"WV",54,69,"Ohio County","Paraquat",10.1,10.1,10.1
"WV",54,71,"Pendleton County","2,4-D",2175.9,2176.7,2176.3
"WV",54,71,"Pendleton County","Chlorpyrifos",229.8,229.7,229.75
"WV",54,71,"Pendleton County","Glyphosate",1734.5,1744.3,1739.4
"WV",54,71,"Pendleton County","Malathion",0.1,0.1,0.1
"WV",54,71,"Pendleton County","Paraquat",201.4,201.6,201.5
"WV",54,73,"Pleasants County","2,4-D",34.5,34.5,34.5
"WV",54,73,"Pleasants County","Chlorpyrifos",9,9,9
"WV",54,73,"Pleasants County","Glyphosate",28.4,28.4,28.4
"WV",54,73,"Pleasants County","Malathion",2,2,2
"WV",54,73,"Pleasants County","Paraquat",2.6,2.6,2.6
"WV",54,75,"Pocahontas County","2,4-D",1383.4,1386.6,1385
"WV",54,75,"Pocahontas County","Chlorpyrifos",100.8,100.7,100.75
"WV",54,75,"Pocahontas County","Glyphosate",609.6,648.4,629
"WV",54,75,"Pocahontas County","Malathion",0.6,0.6,0.6
"WV",54,75,"Pocahontas County","Paraquat",66.6,67.9,67.25
"WV",54,77,"Preston County","2,4-D",337.5,337.5,337.5
"WV",54,77,"Preston County","Chlorpyrifos",140.6,140.2,140.4
"WV",54,77,"Preston County","Glyphosate",1424.2,1424.5,1424.35
"WV",54,77,"Preston County","Malathion",6.8,6.8,6.8
"WV",54,77,"Preston County","Paraquat",43.3,43.3,43.3
"WV",54,79,"Putnam County","2,4-D",28.6,28.3,28.45
"WV",54,79,"Putnam County","Chlorpyrifos",12.7,12.4,12.55
"WV",54,79,"Putnam County","Glyphosate",47.6,67.9,57.75
"WV",54,79,"Putnam County","Paraquat",8.9,75.7,42.3
"WV",54,81,"Raleigh County","2,4-D",15.2,13.9,14.55
"WV",54,81,"Raleigh County","Chlorpyrifos",11.8,11.7,11.75
"WV",54,81,"Raleigh County","Glyphosate",27.4,37.2,32.3
"WV",54,81,"Raleigh County","Paraquat",4.7,36.4,20.55
"WV",54,83,"Randolph County","2,4-D",1084.7,1087.2,1085.95
"WV",54,83,"Randolph County","Chlorpyrifos",139.3,139,139.15
"WV",54,83,"Randolph County","Glyphosate",951.6,981.8,966.7
"WV",54,83,"Randolph County","Malathion",0.8,0.8,0.8
"WV",54,83,"Randolph County","Paraquat",105.5,107.3,106.4
"WV",54,85,"Ritchie County","2,4-D",146.1,146.1,146.1
"WV",54,85,"Ritchie County","Chlorpyrifos",19.5,19.4,19.45
"WV",54,85,"Ritchie County","Glyphosate",79.7,79.8,79.75
"WV",54,85,"Ritchie County","Malathion",4.6,4.6,4.6
"WV",54,85,"Ritchie County","Paraquat",5.7,5.7,5.7
"WV",54,87,"Roane County","2,4-D",34.3,34.2,34.25
"WV",54,87,"Roane County","Chlorpyrifos",5.6,5.5,5.55
"WV",54,87,"Roane County","Glyphosate",22.6,67.1,44.85
"WV",54,87,"Roane County","Paraquat",3.5,148.1,75.8
"WV",54,89,"Summers County","2,4-D",630.4,630.7,630.55
"WV",54,89,"Summers County","Chlorpyrifos",12.8,12.7,12.75
"WV",54,89,"Summers County","Glyphosate",90.5,94.1,92.3
"WV",54,89,"Summers County","Malathion",0.1,0.1,0.1
"WV",54,89,"Summers County","Paraquat",9.1,9.3,9.2
"WV",54,91,"Taylor County","2,4-D",87.1,87.1,87.1
"WV",54,91,"Taylor County","Chlorpyrifos",10.2,10.2,10.2
"WV",54,91,"Taylor County","Glyphosate",28.2,28.2,28.2
"WV",54,91,"Taylor County","Malathion",3.4,3.4,3.4
"WV",54,91,"Taylor County","Paraquat",3.3,3.3,3.3
"WV",54,93,"Tucker County","2,4-D",286.6,287.6,287.1
"WV",54,93,"Tucker County","Chlorpyrifos",26,26,26
"WV",54,93,"Tucker County","Glyphosate",115.5,127,121.25
"WV",54,93,"Tucker County","Paraquat",16.3,16.3,16.3
"WV",54,95,"Tyler County","2,4-D",77.1,77.1,77.1
"WV",54,95,"Tyler County","Chlorpyrifos",13.2,13.1,13.15
"WV",54,95,"Tyler County","Glyphosate",40.8,40.9,40.85
"WV",54,95,"Tyler County","Malathion",1.4,1.4,1.4
"WV",54,95,"Tyler County","Paraquat",2.2,2.2,2.2
"WV",54,97,"Upshur County","2,4-D",121.1,121.1,121.1
"WV",54,97,"Upshur County","Chlorpyrifos",25.1,24.9,25
"WV",54,97,"Upshur County","Glyphosate",166.5,166.7,166.6
"WV",54,97,"Upshur County","Malathion",4,4,4
"WV",54,97,"Upshur County","Paraquat",9.4,9.4,9.4
"WV",54,99,"Wayne County","2,4-D",18.7,18.4,18.55
"WV",54,99,"Wayne County","Chlorpyrifos",15.4,15.2,15.3
"WV",54,99,"Wayne County","Glyphosate",50.3,60.4,55.35
"WV",54,99,"Wayne County","Paraquat",7.3,39.4,23.35
"WV",54,101,"Webster County","2,4-D",4.3,3.9,4.1
"WV",54,101,"Webster County","Chlorpyrifos",3.7,3.6,3.65
"WV",54,101,"Webster County","Glyphosate",3.6,5.7,4.65
"WV",54,101,"Webster County","Paraquat",2,8.9,5.45
"WV",54,103,"Wetzel County","2,4-D",56.7,56.7,56.7
"WV",54,103,"Wetzel County","Chlorpyrifos",14.2,14.1,14.15
"WV",54,103,"Wetzel County","Glyphosate",29,29,29
"WV",54,103,"Wetzel County","Malathion",1.6,1.6,1.6
"WV",54,103,"Wetzel County","Paraquat",2,2,2
"WV",54,105,"Wirt County","2,4-D",19.7,18.4,19.05
"WV",54,105,"Wirt County","Chlorpyrifos",13.2,13,13.1
"WV",54,105,"Wirt County","Glyphosate",20.4,34.8,27.6
"WV",54,105,"Wirt County","Paraquat",5.7,51.9,28.8
"WV",54,107,"Wood County","2,4-D",161.2,161.2,161.2
"WV",54,107,"Wood County","Chlorpyrifos",33,32.7,32.85
"WV",54,107,"Wood County","Glyphosate",351.8,352,351.9
"WV",54,107,"Wood County","Malathion",5.4,5.4,5.4
"WV",54,107,"Wood County","Paraquat",14.3,14.3,14.3
"WV",54,109,"Wyoming County","2,4-D",0.4,0.4,0.4
"WV",54,109,"Wyoming County","Glyphosate",2.8,3.4,3.1
"WV",54,109,"Wyoming County","Paraquat",0,2,1
"WY",56,1,"Albany County","2,4-D",365.4,395,380.2
"WY",56,1,"Albany County","Chlorpyrifos",0,81.3,40.65
"WY",56,1,"Albany County","Glyphosate",472.3,1028.4,750.35
"WY",56,1,"Albany County","Malathion",0,268.5,134.25
"WY",56,1,"Albany County","Paraquat",8.9,123.4,66.15
"WY",56,3,"Big Horn County","2,4-D",2342.2,3178.9,2760.55
"WY",56,3,"Big Horn County","Chlorpyrifos",1003.1,1045.8,1024.45
"WY",56,3,"Big Horn County","Glyphosate",24747.5,24765.3,24756.4
"WY",56,3,"Big Horn County","Malathion",0,1104.8,552.4
"WY",56,3,"Big Horn County","Paraquat",0,752.6,376.3
"WY",56,5,"Campbell County","2,4-D",5689.3,5884.2,5786.75
"WY",56,5,"Campbell County","Chlorpyrifos",106.5,1229.5,668
"WY",56,5,"Campbell County","Glyphosate",4265.1,6237.4,5251.25
"WY",56,7,"Carbon County","2,4-D",861.3,876,868.65
"WY",56,7,"Carbon County","Chlorpyrifos",0,47.8,23.9
"WY",56,7,"Carbon County","Glyphosate",1119.9,1526.6,1323.25
"WY",56,7,"Carbon County","Malathion",0,157.8,78.9
"WY",56,7,"Carbon County","Paraquat",21.2,88.5,54.85
"WY",56,9,"Converse County","2,4-D",128.1,290.3,209.2
"WY",56,9,"Converse County","Chlorpyrifos",0,307.8,153.9
"WY",56,9,"Converse County","Glyphosate",590.7,728.7,659.7
"WY",56,9,"Converse County","Paraquat",0,3.6,1.8
"WY",56,11,"Crook County","2,4-D",3899.8,4236.1,4067.95
"WY",56,11,"Crook County","Chlorpyrifos",65.3,2015.6,1040.45
"WY",56,11,"Crook County","Glyphosate",3208.3,6286,4747.15
"WY",56,13,"Fremont County","2,4-D",607,2114.6,1360.8
"WY",56,13,"Fremont County","Chlorpyrifos",2457.8,2469.5,2463.65
"WY",56,13,"Fremont County","Glyphosate",14074.2,14223.6,14148.9
"WY",56,13,"Fremont County","Malathion",0,2946.1,1473.05
"WY",56,13,"Fremont County","Paraquat",0,1444.5,722.25
"WY",56,15,"Goshen County","2,4-D",4422.8,4948.9,4685.85
"WY",56,15,"Goshen County","Chlorpyrifos",95.9,1175.3,635.6
"WY",56,15,"Goshen County","Glyphosate",17455.7,18157.4,17806.55
"WY",56,15,"Goshen County","Paraquat",0,307,153.5
"WY",56,17,"Hot Springs County","2,4-D",51.5,367.7,209.6
"WY",56,17,"Hot Springs County","Chlorpyrifos",261.2,261.2,261.2
"WY",56,17,"Hot Springs County","Glyphosate",641.6,689.7,665.65
"WY",56,17,"Hot Springs County","Malathion",0,315.6,157.8
"WY",56,17,"Hot Springs County","Paraquat",0,135.4,67.7
"WY",56,19,"Johnson County","2,4-D",1456.9,1549.5,1503.2
"WY",56,19,"Johnson County","Chlorpyrifos",6.2,545.5,275.85
"WY",56,19,"Johnson County","Glyphosate",445.7,1447.9,946.8
"WY",56,21,"Laramie County","2,4-D",11526.2,11930.6,11728.4
"WY",56,21,"Laramie County","Chlorpyrifos",153.5,590.7,372.1
"WY",56,21,"Laramie County","Glyphosate",34982.7,35580.7,35281.7
"WY",56,21,"Laramie County","Paraquat",0,604.6,302.3
"WY",56,23,"Lincoln County","2,4-D",424.7,576.1,500.4
"WY",56,23,"Lincoln County","Chlorpyrifos",0,449.7,224.85
"WY",56,23,"Lincoln County","Glyphosate",1013.1,3172.2,2092.65
"WY",56,23,"Lincoln County","Malathion",0,344.2,172.1
"WY",56,23,"Lincoln County","Paraquat",0,703.2,351.6
"WY",56,25,"Natrona County","2,4-D",220.5,342.4,281.45
"WY",56,25,"Natrona County","Chlorpyrifos",0.1,207.1,103.6
"WY",56,25,"Natrona County","Glyphosate",316,1564.5,940.25
"WY",56,25,"Natrona County","Malathion",0,683.9,341.95
"WY",56,25,"Natrona County","Paraquat",6,297.6,151.8
"WY",56,27,"Niobrara County","2,4-D",331.9,408.7,370.3
"WY",56,27,"Niobrara County","Chlorpyrifos",2.3,292.2,147.25
"WY",56,27,"Niobrara County","Glyphosate",912.3,982.4,947.35
"WY",56,27,"Niobrara County","Paraquat",0,16.3,8.15
"WY",56,29,"Park County","2,4-D",1448.7,2514,1981.35
"WY",56,29,"Park County","Chlorpyrifos",1327.3,1328.3,1327.8
"WY",56,29,"Park County","Glyphosate",23308.2,23376.4,23342.3
"WY",56,29,"Park County","Malathion",0,1473,736.5
"WY",56,29,"Park County","Paraquat",0.1,903.5,451.8
"WY",56,31,"Platte County","2,4-D",1846.6,2213.4,2030
"WY",56,31,"Platte County","Chlorpyrifos",73.3,665.2,369.25
"WY",56,31,"Platte County","Glyphosate",8526.5,8915.1,8720.8
"WY",56,31,"Platte County","Paraquat",0,89.2,44.6
"WY",56,33,"Sheridan County","2,4-D",1735.3,1940,1837.65
"WY",56,33,"Sheridan County","Chlorpyrifos",10.3,1205.4,607.85
"WY",56,33,"Sheridan County","Glyphosate",1758.1,3666.4,2712.25
"WY",56,35,"Sublette County","2,4-D",272.8,282.6,277.7
"WY",56,35,"Sublette County","Chlorpyrifos",0,29,14.5
"WY",56,35,"Sublette County","Glyphosate",0,182.6,91.3
"WY",56,35,"Sublette County","Malathion",0,22.2,11.1
"WY",56,35,"Sublette County","Paraquat",0,44.9,22.45
"WY",56,37,"Sweetwater County","2,4-D",192.1,262.3,227.2
"WY",56,37,"Sweetwater County","Chlorpyrifos",0,175.2,87.6
"WY",56,37,"Sweetwater County","Glyphosate",242,1275.1,758.55
"WY",56,37,"Sweetwater County","Malathion",0,578.7,289.35
"WY",56,37,"Sweetwater County","Paraquat",4.6,251.4,128
"WY",56,39,"Teton County","2,4-D",48.4,63.1,55.75
"WY",56,39,"Teton County","Chlorpyrifos",0,43.5,21.75
"WY",56,39,"Teton County","Glyphosate",97.7,306.9,202.3
"WY",56,39,"Teton County","Malathion",0,33.3,16.65
"WY",56,39,"Teton County","Paraquat",0,71.7,35.85
"WY",56,41,"Uinta County","2,4-D",359.3,388.6,373.95
"WY",56,41,"Uinta County","Chlorpyrifos",0,87,43.5
"WY",56,41,"Uinta County","Glyphosate",437,891,664
"WY",56,41,"Uinta County","Malathion",0,66.6,33.3
"WY",56,41,"Uinta County","Paraquat",0,175.9,87.95
"WY",56,43,"Washakie County","2,4-D",1030.6,1404.3,1217.45
"WY",56,43,"Washakie County","Chlorpyrifos",554.4,554.4,554.4
"WY",56,43,"Washakie County","Glyphosate",15189.7,15219.2,15204.45
"WY",56,43,"Washakie County","Malathion",0,578.7,289.35
"WY",56,43,"Washakie County","Paraquat",0,278.5,139.25
"WY",56,45,"Weston County","2,4-D",2068.7,2205.1,2136.9
"WY",56,45,"Weston County","Chlorpyrifos",7.6,802,404.8
"WY",56,45,"Weston County","Glyphosate",1386.8,2699.9,2043.35
