"State","County","Avg_Life_Expectancy","Avg_Range_Min","Avg_Range_Max","Avg_Life_Expectancy_SE","Tract_Count","Valid_Entries"
" SC","Abbeville County",77.65,70.9833333333333,80.7,1.83925,6,6
" LA","Acadia Parish",74.4454545454546,63.7727272727273,76.1545454545455,1.40487272727273,11,11
" VA","Accomack County",76.8875,71.7375,79.65,2.09895,8,8
" ID","Ada County",79.9152542372881,77.3033898305085,85.3881355932203,1.65167457627119,59,59
" IA","Adair County",78.1333333333333,76.6666666666667,78.8666666666667,1.44703333333333,3,3
" KY","Adair County",76.0142857142857,70.6,77.4,1.79078571428571,7,7
" MO","Adair County",77.72,70.52,79,1.9112,5,5
" OK","Adair County",75.34,64.7,76.46,1.18002,5,5
" CO","Adams County",77.9775280898876,73.823595505618,80.5191011235955,2.07793370786517,89,89
" IA","Adams County",78.1,77.4,79.55,1.92515,2,2
" ID","Adams County",79,77.6,79.5,1.4604,2,2
" IL","Adams County",77.4555555555555,73.8833333333333,81.7611111111111,1.67853888888889,18,18
" IN","Adams County",80.1,78.4142857142857,82.3857142857143,1.89745714285714,7,7
" MS","Adams County",73.1444444444444,59.2,75.5888888888889,1.78216666666667,9,9
" ND","Adams County",79.3,77.6,79.5,1.5105,1,1
" NE","Adams County",79.2111111111111,75,86.7666666666667,1.93402222222222,9,9
" OH","Adams County",74.02,64.22,76.06,1.34348,5,5
" PA","Adams County",79.9954545454545,78.8681818181818,82.7227272727273,1.63404545454545,22,22
" WA","Adams County",78.66,77.84,79.96,1.94748,5,5
" WI","Adams County",77.18,69.64,78.18,2.08168,5,5
" VT","Addison County",82.04,79.85,88.71,1.82968,10,10
" SC","Aiken County",77.08,71.7966666666667,79.6066666666667,1.81397,30,30
" MN","Aitkin County",79.4833333333333,78.9,85.5166666666667,1.42306666666667,6,6
" FL","Alachua County",77.9452380952381,73.2452380952381,80.7595238095238,1.91308095238095,42,42
" NC","Alamance County",77.94,73.7857142857143,81.4285714285714,1.75044,35,35
" CA","Alameda County",80.8458579881657,78.607100591716,86.6150887573964,2.01128224852071,338,338
" CO","Alamosa County",78.15,72.825,78.95,1.262175,4,4
" NY","Albany County",79.4820895522388,76.0716417910448,83.3597014925373,1.81141940298507,67,67
" WY","Albany County",80.9125,79.325,84.8,2.0102125,8,8
" VA","Albemarle County",81.025,79.48,87.03,1.788135,20,20
" MI","Alcona County",76.475,71.825,77.9,1.411975,4,4
" MS","Alcorn County",73.8333333333333,69.5,77.0333333333333,1.37218333333333,6,6
" AK","Aleutians East Borough",86.9,81.7,97.5,1.5971,1,1
" AK","Aleutians West Census Area",77.75,76.4,78.5,2.37025,2,2
" IL","Alexander County",74.475,66.05,76.3,2.045075,4,4
" NC","Alexander County",77.1714285714286,73.5571428571428,78.0285714285714,1.57987142857143,7,7
" VA","Alexandria city",81.3545454545455,79.9181818181818,87.3606060606061,2.27726060606061,33,33
" OK","Alfalfa County",78.7666666666667,72.7333333333333,84.7333333333333,2.32896666666667,3,3
" MI","Alger County",81.2,79.6333333333333,86.2,1.93083333333333,3,3
" IA","Allamakee County",79.88,74.62,85.42,1.79682,5,5
" MI","Allegan County",79.5782608695652,77.1391304347826,82.8826086956522,1.62812173913043,23,23
" MD","Allegany County",76.3217391304348,70.8173913043478,78.4304347826087,1.54373043478261,23,23
" NY","Allegany County",81.2666666666667,79.4333333333333,86.0333333333333,1.599725,12,12
" NC","Alleghany County",79.0333333333333,72.7333333333333,84.7333333333333,1.7584,3,3
" VA","Alleghany County",76.7833333333333,73.6833333333333,78.45,2.14928333333333,6,6
" PA","Allegheny County",77.2361344537815,72.2207282913165,80.3380952380952,1.76985574229692,357,357
" IN","Allen County",77.3279569892473,70.8268817204301,80.9849462365591,1.8633623655914,93,93
" KS","Allen County",75.96,72.5,77.82,1.47616,5,5
" KY","Allen County",74.5333333333333,63,75.9,1.62086666666667,6,6
" OH","Allen County",76.8833333333333,71.33,81.0466666666667,1.64045666666667,30,30
" LA","Allen Parish",76.2,68.36,76.94,1.60858,5,5
" SC","Allendale County",72.5,56.9,75.1,1.87303333333333,3,3
" MI","Alpena County",77.2555555555556,74.7666666666667,78.5666666666667,1.80527777777778,9,9
" CA","Alpine County",80.4,79.6,81.6,2.5262,1,1
" CA","Amador County",79.2,78.1555555555556,83.3,1.7293,9,9
" VA","Amelia County",76.25,75.2,77.5,1.34615,2,2
" VA","Amherst County",76.6625,71.775,77.9125,1.6305875,8,8
" MS","Amite County",77.9,76.6666666666667,78.8666666666667,2.09496666666667,3,3
" AK","Anchorage Municipality",78.034693877551,73.9224489795918,80.3897959183673,2.01616326530612,49,49
" KS","Anderson County",79.75,78.6,80.55,1.4022,2,2
" KY","Anderson County",75.86,68.36,76.94,1.60344,5,5
" SC","Anderson County",76.5205128205128,70.4384615384615,78.6076923076923,1.74957692307692,39,39
" TN","Anderson County",76.4875,72.03125,79.0375,1.5703,16,16
" TX","Anderson County",77.4555555555555,71.2666666666667,83.3666666666667,1.59622222222222,9,9
" MO","Andrew County",79.675,78.5,80.575,1.674125,4,4
" TX","Andrews County",75.975,66.65,76.8,1.869375,4,4
" ME","Androscoggin County",76.9333333333333,71.5666666666667,78.9,2.07257916666667,24,24
" TX","Angelina County",76,67.6941176470588,77.3176470588235,1.57899411764706,17,17
" MD","Anne Arundel County",78.8659793814433,76.4216494845361,82.2051546391753,1.79430927835052,97,97
" MN","Anoka County",80.1402597402597,78.2597402597403,84.6571428571429,2.23755714285714,77,77
" NC","Anson County",75.7166666666667,67.1333333333333,79.6333333333333,1.56546666666667,6,6
" NE","Antelope County",82.2333333333333,80.3333333333333,91.5,2.04106666666667,3,3
" MI","Antrim County",80.0714285714286,78.0714285714286,82.1,1.75135714285714,7,7
" AZ","Apache County",75.74375,64.0375,76.25625,1.08964375,16,16
" IA","Appanoose County",76.86,69.72,78.16,1.41064,5,5
" GA","Appling County",74.05,61.475,75.7,1.683575,4,4
" VA","Appomattox County",77.2,75.2,77.5,1.40053333333333,3,3
" TX","Aransas County",76.32,66,80.46,1.88502,5,5
" CO","Arapahoe County",79.7119047619048,77.7714285714286,83.8611111111111,2.15092301587302,126,126
" TX","Archer County",78.3666666666667,77.6,79.5,0.952533333333333,3,3
" CO","Archuleta County",82.05,79.625,85.05,1.854275,4,4
" MI","Arenac County",77,72.5,77.82,1.53658,5,5
" AR","Arkansas County",74.725,66.65,76.8,1.91135,8,8
" VA","Arlington County",82.046511627907,80.2906976744186,89.0255813953488,2.25284418604651,43,43
" PA","Armstrong County",77.7894736842105,73.3421052631579,81.0052631578947,1.61596842105263,19,19
" TX","Armstrong County",86.2,81.7,97.5,3.3002,1,1
" ME","Aroostook County",77.765,74.28,79.455,1.94689,20,20
" LA","Ascension Parish",78.4,74.7923076923077,80.3923076923077,2.00204615384615,13,13
" NC","Ashe County",77.4833333333333,73.6333333333333,80.7666666666667,1.99696666666667,6,6
" OH","Ashland County",77.9181818181818,75.1727272727273,78.7636363636364,1.2517,11,11
" WI","Ashland County",77.0666666666667,71.3666666666667,78.7333333333333,1.87165,6,6
" AR","Ashley County",76.2333333333333,67.1833333333333,77.3166666666667,1.53566666666667,6,6
" OH","Ashtabula County",75.796,68.632,77.184,1.662648,25,25
" WA","Asotin County",77.56,69.66,80.94,1.60192,5,5
" LA","Assumption Parish",76.75,72.55,77.4333333333333,2.16595,6,6
" TX","Atascosa County",77.9625,72.85,82.4,1.7135625,8,8
" KS","Atchison County",76.95,67.675,81.3,1.6347,4,4
" MO","Atchison County",76.95,75.2,77.5,1.18605,2,2
" OH","Athens County",76.8583333333333,70.6083333333333,79.2083333333333,1.50061666666667,12,12
" GA","Atkinson County",74.5666666666667,69.1,76.7,1.7714,3,3
" NJ","Atlantic County",77.55,74.8015625,80.0015625,1.7998171875,64,64
" OK","Atoka County",77.05,67.675,81.3,1.62715,4,4
" MS","Attala County",76.8833333333333,71.65,81.4,2.14348333333333,6,6
" MO","Audrain County",77.1285714285714,71.5714285714286,78.2714285714286,1.38097142857143,7,7
" IA","Audubon County",77.5,76.8,78.8333333333333,1.358,3,3
" OH","Auglaize County",78.4454545454546,77.6363636363636,79.7272727272727,1.2962,11,11
" VA","Augusta County",78.3076923076923,77.5076923076923,79.5230769230769,1.38121538461538,13,13
" SD","Aurora County",83.5,81.7,97.5,1.7582,1,1
" TX","Austin County",78.8666666666667,78.2666666666667,80.2,1.68298333333333,6,6
" AL","Autauga County",75.32,66.53,76.7,1.69486,10,10
" NC","Avery County",79.16,77.86,82.72,1.704,5,5
" LA","Avoyelles Parish",74.6875,66.05,76.3,1.662,8,8
" CO","Baca County",80,78.45,87.5,2.07535,2,2
" GA","Bacon County",72.8333333333333,56.9,75.1,1.8569,3,3
" TX","Bailey County",80.5,79.6,81.6,1.6003,1,1
" FL","Baker County",75.95,71.225,77.4,1.253475,4,4
" GA","Baker County",77.1,76.4,78.5,1.98255,2,2
" OR","Baker County",77.6,74.0333333333333,81.1,1.57115,6,6
" AL","Baldwin County",77.4827586206897,73.4586206896552,79.3,1.56754482758621,29,29
" GA","Baldwin County",75.0444444444444,67.8222222222222,77.1111111111111,1.96963333333333,9,9
" KY","Ballard County",75.9,69.9,77.3666666666667,1.76646666666667,3,3
" MD","Baltimore County",78.0772277227723,73.6762376237624,81.0113861386139,1.74567178217822,202,202
" MD","Baltimore city",73.0394444444444,63.25,76.9088888888889,2.006675,180,180
" SC","Bamberg County",75.6,67.15,77.325,1.7745,4,4
" TX","Bandera County",80.34,79.64,87.12,2.15096,5,5
" GA","Banks County",76.225,70.625,76.9,1.52995,4,4
" ID","Bannock County",76.9277777777778,71.5,78.8444444444444,1.78668888888889,18,18
" MI","Baraga County",76.2,66.05,76.3,0.9941,2,2
" KS","Barber County",76.35,75.2,77.5,1.4744,2,2
" AL","Barbour County",73.9714285714286,64.7428571428571,76.1285714285714,1.56224285714286,7,7
" WV","Barbour County",73.95,66.05,76.3,1.327625,4,4
" ND","Barnes County",78.95,77.925,83.525,1.696,4,4
" MA","Barnstable County",80.4274509803922,78.4647058823529,85.1666666666667,1.71184705882353,51,51
" SC","Barnwell County",75.74,68.36,76.94,1.7023,5,5
" KY","Barren County",75.76,69.95,76.98,1.39893,10,10
" WI","Barron County",79.02,76.27,82.68,1.4704,10,10
" GA","Barrow County",75.1647058823529,65.7941176470588,76.4647058823529,1.8299,17,17
" MI","Barry County",79.3636363636364,78.4909090909091,82.9727272727273,1.40106363636364,11,11
" MO","Barry County",76.7714285714286,71,77.6714285714286,1.581,7,7
" IN","Bartholomew County",78.2714285714286,72.5285714285714,81.1214285714286,1.72893571428571,14,14
" KS","Barton County",78.4125,77.5,79.525,2.0754625,8,8
" MO","Barton County",77.6,76.6666666666667,78.8666666666667,1.3431,3,3
" GA","Bartow County",76.0357142857143,69.6357142857143,77.5142857142857,1.75717142857143,14,14
" TX","Bastrop County",77.78,76.56,78.72,1.64925,10,10
" MO","Bates County",78.9,73.45,82.9,1.816825,4,4
" KY","Bath County",74.4666666666667,63,75.9,1.79946666666667,3,3
" VA","Bath County",77.4,75.2,77.5,2.1975,1,1
" AR","Baxter County",75.2625,63.7625,76,1.48235,8,8
" FL","Bay County",75.825641025641,69.7205128205128,77.9871794871795,2.04511282051282,39,39
" MI","Bay County",77.0230769230769,71.2192307692308,78.7807692307692,1.44284230769231,26,26
" WI","Bayfield County",80.9,79.22,83.94,1.9668,5,5
" TX","Baylor County",74.4,56.9,75.1,1.4159,1,1
" SD","Beadle County",78.7666666666667,75.1666666666667,82.1166666666667,1.97215,6,6
" ID","Bear Lake County",81,79.65,88.5,1.81705,2,2
" NC","Beaufort County",75.4909090909091,66.0909090909091,76.9181818181818,1.56858181818182,11,11
" SC","Beaufort County",80.01875,77.65625,84.13125,1.9752375,32,32
" LA","Beauregard Parish",75,62.1285714285714,75.7857142857143,1.25071428571429,7,7
" OK","Beaver County",78.3,77.4666666666667,79.5333333333333,1.19293333333333,3,3
" PA","Beaver County",77.204,72.732,80.338,1.631648,50,50
" UT","Beaver County",80.2,79.65,88.5,1.65255,2,2
" MT","Beaverhead County",79.8,78.1666666666667,84.8333333333333,1.3783,3,3
" MN","Becker County",80.35,78.76,86.3,1.7815,10,10
" OK","Beckham County",74.9,66.05,76.3,1.284275,4,4
" PA","Bedford County",78.5818181818182,77.5636363636364,79.5090909090909,1.28236363636364,11,11
" TN","Bedford County",76.3333333333333,69.8555555555556,77.3777777777778,1.57861111111111,9,9
" VA","Bedford County",77.66875,72.8875,80.6625,1.644875,16,16
" TX","Bee County",76.1166666666667,72.95,77.7666666666667,1.60268333333333,6,6
" NH","Belknap County",80.2142857142857,77.6714285714286,85.7785714285714,1.87085,14,14
" KY","Bell County",74.2111111111111,60.9666666666667,75.6333333333333,1.91341111111111,9,9
" TX","Bell County",76.7461538461538,70.9519230769231,78.8134615384615,1.99891538461538,52,52
" OH","Belmont County",75.65,71.765,77.915,1.79572,20,20
" MN","Beltrami County",78.71,76.23,82.69,1.73839,10,10
" GA","Ben Hill County",73.28,60.56,75.58,1.44468,5,5
" ID","Benewah County",75.6,75.2,77.5,0.8775,2,2
" SD","Bennett County",76.25,69.3,86.3,2.0648,2,2
" VT","Bennington County",82.1333333333333,76.7083333333333,89.4416666666667,1.95043333333333,12,12
" ND","Benson County",73.35,66.65,76.8,2.422225,4,4
" CO","Bent County",78,77.6,79.5,1.3234,1,1
" AR","Benton County",78.1404255319149,74.5234042553192,81.068085106383,1.78798510638298,47,47
" IA","Benton County",80.7714285714286,79,84.9571428571429,1.89325714285714,7,7
" IN","Benton County",77.5666666666667,76,78.1666666666667,1.59413333333333,3,3
" MN","Benton County",79.7111111111111,78.4666666666667,83.5111111111111,1.60868888888889,9,9
" MO","Benton County",75.6166666666667,66.85,76.9666666666667,1.50441666666667,6,6
" MS","Benton County",73,56.9,75.1,1.9875,2,2
" OR","Benton County",81.9153846153846,80.1,87.3923076923077,1.79010769230769,13,13
" TN","Benton County",72.78,56.9,75.1,1.4704,5,5
" WA","Benton County",79.61875,78.1375,85.44375,1.746565625,32,32
" MI","Benzie County",78.7,77.04,79.12,1.41426,5,5
" NJ","Bergen County",82.3494318181818,80.5,90.3380681818182,1.69835965909091,176,176
" SC","Berkeley County",76.9552631578947,72.2868421052632,79.6736842105263,2.07043157894737,38,38
" WV","Berkeley County",76.2928571428571,69.9571428571429,78.7928571428571,1.49962142857143,14,14
" PA","Berks County",78.4647727272727,74.7363636363636,81.5715909090909,1.66036590909091,88,88
" MA","Berkshire County",80.2526315789474,76.7184210526316,86.6763157894737,1.86183157894737,38,38
" NM","Bernalillo County",78.536690647482,75.2071942446043,81.7690647482014,1.93501438848921,139,139
" GA","Berrien County",74.78,64.22,76.06,1.70456,5,5
" MI","Berrien County",76.831914893617,72.0148936170213,80.2893617021277,1.71472978723404,47,47
" NC","Bertie County",77,71.825,77.9,1.6009,4,4
" AK","Bethel Census Area",78.7333333333333,72.7333333333333,84.7333333333333,2.0136,3,3
" TX","Bexar County",77.7803125,73.6728125,80.73625,1.897610625,320,320
" AL","Bibb County",73.55,56.9,75.1,1.642525,4,4
" GA","Bibb County",73.4564102564103,64.7615384615385,77.1051282051282,1.8271,39,39
" LA","Bienville Parish",74.04,64.22,76.06,1.55838,5,5
" MT","Big Horn County",77.52,76.64,78.7,1.97722,5,5
" WY","Big Horn County",81.1333333333333,79.6,81.6,1.77343333333333,3,3
" MN","Big Stone County",78.2333333333333,76.8,78.8333333333333,1.20493333333333,3,3
" ND","Billings County",79.6,79.6,81.6,1.2399,1,1
" ID","Bingham County",78.775,75.6625,79.7625,1.5650625,8,8
" IA","Black Hawk County",77.9529411764706,72.6529411764706,81,1.88284117647059,34,34
" IN","Blackford County",75.625,67.25,77.3,1.789225,4,4
" NC","Bladen County",76.85,70.9833333333333,80.7,1.99688333333333,6,6
" ID","Blaine County",82.15,80.675,93,1.446925,4,4
" MT","Blaine County",77.7,71.2666666666667,83.3666666666667,1.83346666666667,3,3
" OK","Blaine County",74.92,68.84,77.34,1.78976,5,5
" PA","Blair County",77.5382352941176,73.2970588235294,79.4941176470588,1.71286176470588,34,34
" TX","Blanco County",78.15,77.6,79.5,1.4353,2,2
" VA","Bland County",74.85,66.05,76.3,1.6796,2,2
" GA","Bleckley County",75.5333333333333,69.1,76.7,1.80976666666667,3,3
" TN","Bledsoe County",76.5666666666667,76,78.1666666666667,1.6674,3,3
" AL","Blount County",76.0777777777778,71.4,77.1888888888889,1.31661111111111,9,9
" TN","Blount County",76.5190476190476,70.9619047619048,77.6809523809524,1.56935714285714,21,21
" MN","Blue Earth County",80.3733333333333,78.5933333333333,85.2466666666667,1.82592666666667,15,15
" ID","Boise County",81.6,79.6,81.6,1.9551,1,1
" MS","Bolivar County",74.7375,64.6125,76.7625,1.5672625,8,8
" MO","Bollinger County",73.9,69.1,76.7,0.9512,3,3
" SD","Bon Homme County",83.75,79.65,88.5,1.9913,2,2
" IL","Bond County",77.675,77,79,1.711075,4,4
" ID","Bonner County",78.9,77.7,81.3,2.08355555555556,9,9
" ID","Bonneville County",78.7952380952381,75.6333333333333,82.6190476190476,1.74247142857143,21,21
" AR","Boone County",76.4857142857143,70.9428571428571,77.6857142857143,1.45525714285714,7,7
" IA","Boone County",80.4571428571429,75.7571428571429,84.0285714285714,2.12525714285714,7,7
" IL","Boone County",78.3428571428571,77.5,81.5,1.41922857142857,7,7
" IN","Boone County",79.08,74.85,84.24,1.58245,10,10
" KY","Boone County",78.4333333333333,75.1333333333333,81.4666666666667,1.81193333333333,21,21
" MO","Boone County",79.4826086956522,77.0782608695652,84.1,1.77729565217391,23,23
" NE","Boone County",80.05,78.6,80.55,1.76885,2,2
" WV","Boone County",74.45,66.05,76.3,1.942,6,6
" TX","Bosque County",77.1166666666667,76.3333333333333,78.5166666666667,1.82153333333333,6,6
" LA","Bossier Parish",76.1857142857143,69.9619047619048,78.1333333333333,1.65585714285714,21,21
" VA","Botetourt County",78.025,74.875,80.7125,1.5869625,8,8
" ND","Bottineau County",81.3333333333333,79.5333333333333,90.8333333333333,2.29176666666667,3,3
" CO","Boulder County",81.5557692307692,79.6538461538461,89.1307692307692,2.05044230769231,52,52
" ID","Boundary County",80.65,79.65,88.5,1.85055,2,2
" KS","Bourbon County",75.78,71.54,77.02,1.60244,5,5
" KY","Bourbon County",76.98,72.5,77.82,1.40538,5,5
" TX","Bowie County",75.1222222222222,66.0555555555556,77.0666666666667,1.59712777777778,18,18
" ND","Bowman County",79,78.45,87.5,2.23635,2,2
" NE","Box Butte County",78.2,76.8,78.8333333333333,1.89816666666667,3,3
" UT","Box Elder County",79.2272727272727,76.5363636363636,82.5909090909091,1.61825454545455,11,11
" KY","Boyd County",74.5,66.25,76.4666666666667,1.59090833333333,12,12
" NE","Boyd County",79.2,77.6,79.5,1.3399,1,1
" KY","Boyle County",76.5142857142857,68.3285714285714,77.3428571428571,1.626,7,7
" KY","Bracken County",74.2333333333333,63,75.9,1.7832,3,3
" FL","Bradford County",76.2,62.575,76.725,1.8384,4,4
" PA","Bradford County",79.1928571428571,77.95,80.9571428571429,1.26157857142857,14,14
" AR","Bradley County",73.32,56.9,75.1,1.75146,5,5
" TN","Bradley County",75.1947368421053,67.5,77.2157894736842,1.54370526315789,19,19
" MI","Branch County",77.1916666666667,73.4833333333333,78.2833333333333,1.379,12,12
" GA","Brantley County",75.0666666666667,63,75.9,1.41533333333333,3,3
" WV","Braxton County",76.9333333333333,69.9,77.3666666666667,1.32813333333333,3,3
" TX","Brazoria County",77.6571428571429,74.169387755102,80.8755102040816,1.71582040816327,49,49
" TX","Brazos County",78.52,75.19,79.8066666666667,1.91077666666667,30,30
" KY","Breathitt County",70.1571428571429,59.5142857142857,75.4428571428571,2.49991428571429,7,7
" KY","Breckinridge County",74.8666666666667,60.35,75.8333333333333,1.77255,6,6
" IA","Bremer County",81.0375,79.325,84.8,1.5592875,8,8
" FL","Brevard County",77.3148148148148,72.275,80.2055555555555,1.74029259259259,108,108
" TX","Brewster County",81.7666666666667,79.6333333333333,86.2,2.145,3,3
" TX","Briscoe County",84.4,81.7,97.5,2.1828,1,1
" AK","Bristol Bay Borough",79.9,79.6,81.6,3.4288,1,1
" MA","Bristol County",78.4885245901639,75.0540983606557,81.3040983606557,1.76460163934426,122,122
" RI","Bristol County",80.7,79.5888888888889,86.2111111111111,1.48153333333333,9,9
" VA","Bristol city",73.775,62.075,76.2,1.64095,4,4
" MT","Broadwater County",72.3,56.9,75.1,2.055,1,1
" NY","Bronx County",78.2384126984127,75.515873015873,81.5012698412698,2.16938761904762,315,315
" WV","Brooke County",75.2166666666667,69.9,77.3666666666667,1.27135,6,6
" SD","Brookings County",80.0166666666667,78.4833333333333,82.8833333333333,1.48848333333333,6,6
" GA","Brooks County",74.64,64.22,76.06,1.64772,5,5
" TX","Brooks County",76.45,67.25,77.3,1.8376,2,2
" NY","Broome County",79.3224489795918,76.2081632653061,83.6,1.81707959183673,49,49
" CO","Broomfield County",80.9153846153846,79.2923076923077,85.5307692307692,2.24666923076923,13,13
" FL","Broward County",79.3005970149254,76.1137313432836,83.0913432835821,2.01027850746269,335,335
" IL","Brown County",75.65,67.25,77.3,1.448,2,2
" IN","Brown County",77.85,77,79,1.582625,4,4
" KS","Brown County",76.9666666666667,76.8,78.8333333333333,1.30756666666667,3,3
" MN","Brown County",81.3125,79.35,88.25,1.6682125,8,8
" NE","Brown County",81.6,79.6,81.6,1.4215,1,1
" OH","Brown County",75.0777777777778,65.3,76.3888888888889,1.51314444444444,9,9
" SD","Brown County",79.7375,78.275,83.7625,1.542375,8,8
" TX","Brown County",74.875,66.8166666666667,76.975,1.87244166666667,12,12
" WI","Brown County",79.14375,75.8270833333333,84.2583333333333,2.09672291666667,48,48
" SD","Brule County",78.9,78.45,87.5,1.5612,2,2
" NC","Brunswick County",77.1208333333333,70.3083333333333,78.9583333333333,1.92561666666667,24,24
" VA","Brunswick County",75.95,75.2,77.5,1.446625,4,4
" GA","Bryan County",76.14,65.98,77.7,1.88046,5,5
" OK","Bryan County",76.9181818181818,73.3,79.6181818181818,1.57805454545455,11,11
" IA","Buchanan County",79.0666666666667,75.15,79.8166666666667,1.5485,6,6
" MO","Buchanan County",75.324,68.14,77.34,1.695324,25,25
" VA","Buchanan County",74.1857142857143,62.4714285714286,76.0714285714286,1.88134285714286,7,7
" VA","Buckingham County",77.825,76.9,79.025,1.6418,4,4
" PA","Bucks County",79.6085714285714,76.8742857142857,84.2592857142857,1.72887785714286,140,140
" IA","Buena Vista County",80.1166666666667,78.55,82.8666666666667,1.7074,6,6
" VA","Buena Vista city",73.7,56.9,75.1,0.6735,1,1
" NE","Buffalo County",80.8181818181818,77.1090909090909,86.9272727272727,1.84328181818182,11,11
" SD","Buffalo County",74.8,56.9,75.1,1.0952,1,1
" WI","Buffalo County",80.775,74.975,87.925,1.77015,4,4
" KY","Bullitt County",77.0642857142857,72.7642857142857,78.2857142857143,1.98284285714286,14,14
" GA","Bulloch County",75.6111111111111,69.6333333333333,77.1444444444444,1.43067777777778,9,9
" AL","Bullock County",77.6,76.8,78.8333333333333,2.44766666666667,3,3
" NC","Buncombe County",77.9320754716981,74.9584905660377,80.4452830188679,1.9513641509434,53,53
" IL","Bureau County",80.5777777777778,78.1555555555556,83.3,1.7181,9,9
" GA","Burke County",73.84,60.56,75.58,1.47404,5,5
" NC","Burke County",76.7470588235294,71.0235294117647,78.6823529411765,1.41495882352941,17,17
" ND","Burke County",78,77.6,79.5,1.5487,1,1
" ND","Burleigh County",81.0111111111111,78.45,87.5,1.93223333333333,18,18
" TX","Burleson County",78.26,77.52,79.52,1.69136,5,5
" NJ","Burlington County",78.7892156862745,75.4029411764706,82.5245098039216,1.81115,102,102
" TX","Burnet County",78.5875,77.4125,81.275,1.6319875,8,8
" WI","Burnett County",78.3666666666667,74.0166666666667,78.8,1.82883333333333,6,6
" NE","Burt County",77.3333333333333,76,78.1666666666667,1.98653333333333,3,3
" AL","Butler County",73.3875,59.4875,75.65,1.780075,8,8
" IA","Butler County",79.54,78.8,80.76,1.42464,5,5
" KS","Butler County",77.5769230769231,74.3307692307692,79.9076923076923,1.57702307692308,13,13
" KY","Butler County",75.36,67.88,76.54,1.82862,5,5
" MO","Butler County",72.56,62.63,76.02,1.54594,10,10
" NE","Butler County",79.5,78.1333333333333,80.2333333333333,1.3441,3,3
" OH","Butler County",76.1902777777778,70.1166666666667,79.9777777777778,1.78971527777778,72,72
" PA","Butler County",78.8674418604651,76.5674418604651,81.3627906976744,1.53078372093023,43,43
" CA","Butte County",77.7020408163265,73.3836734693878,79.8877551020408,1.83111020408163,49,49
" ID","Butte County",78.3,77.6,79.5,1.4969,1,1
" SD","Butte County",81.9,79.65,88.5,2.0659,2,2
" GA","Butts County",75.8,64.4666666666667,77.2666666666667,1.48923333333333,3,3
" NC","Cabarrus County",77.3027027027027,72.5837837837838,79.6864864864865,1.67907567567568,37,37
" WV","Cabell County",73.2851851851852,66.0333333333333,78.0962962962963,1.85517037037037,27,27
" UT","Cache County",80.6565217391304,79.2217391304348,86.6521739130435,1.89063913043478,23,23
" OK","Caddo County",79.7125,74.1625,85.425,2.2556125,8,8
" LA","Caddo Parish",74.316393442623,66.527868852459,77.527868852459,1.71290819672131,61,61
" CA","Calaveras County",80.8333333333333,78.9222222222222,85.5111111111111,1.7913,9,9
" LA","Calcasieu Parish",74.5,65.4804878048781,76.6512195121951,1.68739512195122,41,41
" KY","Caldwell County",76.4666666666667,71.2666666666667,83.3666666666667,1.72993333333333,3,3
" MO","Caldwell County",75.6,67.25,77.3,1.3593,2,2
" NC","Caldwell County",75.85625,68.325,78.33125,1.58905,16,16
" TX","Caldwell County",77.9,76.95,79.0125,1.6607625,8,8
" LA","Caldwell Parish",74.3333333333333,63,75.9,1.97366666666667,3,3
" VT","Caledonia County",81.58,79.84,87.33,1.89521,10,10
" AL","Calhoun County",73.136,63.028,76.112,1.531884,25,25
" AR","Calhoun County",74.6,66.05,76.3,1.3228,2,2
" FL","Calhoun County",77.6666666666667,76.8,78.8333333333333,1.45603333333333,3,3
" GA","Calhoun County",77.1,69.3,86.3,1.9983,2,2
" IA","Calhoun County",78.725,73.95,83.425,1.70395,4,4
" IL","Calhoun County",82.15,79.65,88.5,1.82305,2,2
" MI","Calhoun County",76.2675675675676,69.627027027027,77.8,1.58697837837838,37,37
" MS","Calhoun County",75.98,65.58,77.28,1.50438,5,5
" SC","Calhoun County",75.9333333333333,63.8,76.5666666666667,1.42633333333333,3,3
" TX","Calhoun County",78.4,77.92,79.94,1.38472,5,5
" WV","Calhoun County",74.4,56.9,75.1,1.6745,2,2
" TX","Callahan County",76.4333333333333,75.2,77.5,1.26533333333333,3,3
" MO","Callaway County",77.5875,74.6125,78.725,1.816,8,8
" KY","Calloway County",75.85,70.925,77.15,1.5399125,8,8
" WI","Calumet County",80.7909090909091,79.4454545454545,85.1727272727273,1.97442727272727,11,11
" MD","Calvert County",80.7388888888889,79.6166666666667,86.9722222222222,2.03874444444444,18,18
" ID","Camas County",78.7,77.6,79.5,1.6674,1,1
" PA","Cambria County",77.3435897435897,73.4641025641026,79.9,1.56045384615385,39,39
" GA","Camden County",76.4,69.1875,77.3625,1.573875,8,8
" MO","Camden County",79.5090909090909,76.5727272727273,82.5818181818182,2.16378181818182,11,11
" NC","Camden County",81.05,80.65,89.55,2.06805,2,2
" NJ","Camden County",77.8056,73.7992,80.8456,1.913356,125,125
" PA","Cameron County",79.4,78.6,80.55,1.5758,2,2
" TX","Cameron County",79.0156626506024,76.7240963855422,82.433734939759,2.01512530120482,83,83
" LA","Cameron Parish",78.25,76.4,78.5,1.3315,2,2
" TX","Camp County",76.1333333333333,65.1666666666667,82.5666666666667,1.72983333333333,3,3
" KY","Campbell County",76.2916666666667,71.65,78.9875,1.722025,24,24
" SD","Campbell County",81.6,79.6,81.6,1.964,1,1
" TN","Campbell County",72.84,60.8,75.78,1.49563,10,10
" VA","Campbell County",76.4909090909091,71.2272727272727,77.7727272727273,1.41486363636364,11,11
" WY","Campbell County",78.42,77.44,79.54,2.56052,5,5
" OK","Canadian County",77.2296296296296,72.2222222222222,78.9703703703704,1.82467407407407,27,27
" GA","Candler County",75.4,69.1,76.7,1.5694,3,3
" TN","Cannon County",74.8,63.8,76.5666666666667,1.54106666666667,3,3
" ID","Canyon County",78.0862068965517,75.3931034482759,79.6275862068966,1.56037586206897,29,29
" MO","Cape Girardeau County",77.5071428571429,73.3428571428571,79.8714285714286,1.55755714285714,14,14
" NJ","Cape May County",78.34,72.9233333333333,81.5466666666667,1.87736666666667,30,30
" MT","Carbon County",79.5,78.4,80.34,1.7149,5,5
" PA","Carbon County",77.0083333333333,73.4583333333333,79.4416666666667,1.46640833333333,12,12
" UT","Carbon County",75.62,68.76,77.36,1.49804,5,5
" WY","Carbon County",78.725,78.1,80.025,1.5204,4,4
" ID","Caribou County",77.95,76.4,78.5,1.7129,2,2
" KY","Carlisle County",77.1333333333333,70.7,78.0333333333333,2.14496666666667,3,3
" MN","Carlton County",77.8142857142857,74.8142857142857,79.2,1.22167142857143,7,7
" MD","Caroline County",75.8333333333333,67.6,76.8777777777778,1.62046666666667,9,9
" VA","Caroline County",76.2571428571429,70.9,79.6714285714286,1.68375714285714,7,7
" AR","Carroll County",76.96,69.24,77.76,1.58792,5,5
" GA","Carroll County",75.025,61.625,75.825,1.4213625,16,16
" IA","Carroll County",80.1333333333333,78.5,85.1833333333333,1.37795,6,6
" IL","Carroll County",78.25,74.7666666666667,81.7833333333333,1.81196666666667,6,6
" IN","Carroll County",79.7833333333333,78.95,83.2,2.24265,6,6
" KY","Carroll County",73.8333333333333,56.9,75.1,1.44926666666667,3,3
" MD","Carroll County",78.4864864864865,76.927027027027,80.1567567567567,1.73233513513514,37,37
" MO","Carroll County",77.3666666666667,76.8,78.8333333333333,1.31106666666667,3,3
" MS","Carroll County",76.35,68.25,78.35,1.3411,2,2
" NH","Carroll County",82.5272727272727,80.1909090909091,88.4454545454545,2.12602727272727,11,11
" OH","Carroll County",77.4714285714286,76.1714285714286,78.3714285714286,1.58968571428571,7,7
" TN","Carroll County",74.4428571428571,62.4714285714286,76.0714285714286,1.36377142857143,7,7
" VA","Carroll County",76.4,73.2714285714286,77.7285714285714,1.4432,7,7
" NV","Carson City",77.5,73.425,79.45,1.53801666666667,12,12
" TX","Carson County",83.8,80.65,89.55,1.87795,2,2
" KY","Carter County",75.2857142857143,65.4285714285714,76.7,1.71652857142857,7,7
" MO","Carter County",75.95,66.05,76.3,1.6846,2,2
" MT","Carter County",78.7,77.6,79.5,0.8077,1,1
" OK","Carter County",74.2818181818182,67.8727272727273,78.6,1.59847272727273,11,11
" TN","Carter County",75.0294117647059,66.7294117647059,76.4882352941176,1.67031764705882,17,17
" NC","Carteret County",78.071875,73.815625,80.190625,2.0645,32,32
" MN","Carver County",82.3705882352941,80.2294117647059,87.9,2.02738235294118,17,17
" MT","Cascade County",76.8619047619048,70.247619047619,81.0666666666667,1.65568571428571,21,21
" KY","Casey County",75.16,67.88,76.54,1.88964,5,5
" IA","Cass County",77.62,70.12,78.58,1.86062,5,5
" IL","Cass County",76.8,75.68,77.9,1.50124,5,5
" IN","Cass County",78.2818181818182,74.1,80.3636363636364,1.7224,11,11
" MI","Cass County",77.8727272727273,77.1272727272727,79.1454545454545,1.3191,11,11
" MN","Cass County",79.76,76.92,84.68,1.70522,10,10
" MO","Cass County",78.021052631579,73.9315789473684,81.5421052631579,1.54426842105263,19,19
" ND","Cass County",79.6903225806452,77.3064516129032,83.5032258064516,1.90197741935484,31,31
" NE","Cass County",78.8,75.4833333333333,80.1666666666667,1.35296666666667,6,6
" TX","Cass County",76.3857142857143,73.2714285714286,77.7285714285714,1.74568571428571,7,7
" ID","Cassia County",78.6666666666667,75.1,82.1333333333333,1.61635,6,6
" TX","Castro County",76.9,75.2,77.5,1.08275,2,2
" NC","Caswell County",75.7166666666667,69.9,77.3666666666667,1.58251666666667,6,6
" LA","Catahoula Parish",72.8666666666667,56.9,75.1,1.4918,3,3
" NC","Catawba County",75.9433333333333,71.0966666666667,77.9933333333333,1.56878666666667,30,30
" GA","Catoosa County",76.4909090909091,71.0454545454545,77.5818181818182,1.50563636363636,11,11
" NM","Catron County",78.7,77.6,79.5,1.6938,1,1
" NY","Cattaraugus County",79.4,76.5210526315789,83.9052631578947,1.56893684210526,19,19
" ND","Cavalier County",81.25,79.65,88.5,2.12425,2,2
" NY","Cayuga County",80.9263157894737,78.5315789473684,87.1842105263158,1.73951052631579,19,19
" MD","Cecil County",76.6777777777778,71.1611111111111,77.7277777777778,1.65118888888889,18,18
" IA","Cedar County",82.18,79.64,87.12,1.63296,5,5
" MO","Cedar County",74.9,69.9,77.3666666666667,1.57053333333333,3,3
" NE","Cedar County",81.25,80.65,89.55,1.1204,2,2
" PA","Centre County",81.7826086956522,78.9695652173913,90.095652173913,1.85345652173913,23,23
" IA","Cerro Gordo County",80.41,77.57,86.68,1.76039,10,10
" CO","Chaffee County",79.95,79.025,84.55,1.4741,4,4
" AL","Chambers County",73.6111111111111,63.2666666666667,76.1222222222222,1.65108888888889,9,9
" TX","Chambers County",77.86,73.32,81.42,1.65564,5,5
" IL","Champaign County",80,76.56,85.1885714285714,1.98888571428571,35,35
" OH","Champaign County",76.9777777777778,70.3888888888889,77.8222222222222,1.70187777777778,9,9
" MO","Chariton County",78.7333333333333,77.4666666666667,79.5333333333333,2.02203333333333,3,3
" VA","Charles City County",76.8333333333333,70.7,78.0333333333333,2.08763333333333,3,3
" MD","Charles County",79.6689655172414,77.9724137931034,83.848275862069,2.04743103448276,29,29
" SD","Charles Mix County",80.2666666666667,79.6333333333333,86.2,1.63923333333333,3,3
" SC","Charleston County",77.616,72.4,81.0133333333333,1.95984933333333,75,75
" MI","Charlevoix County",79.3083333333333,78.175,81.375,1.76195833333333,12,12
" FL","Charlotte County",78.725,74.6125,82.2625,1.958725,32,32
" VA","Charlotte County",77.3,76.8,78.8333333333333,1.56266666666667,3,3
" VA","Charlottesville city",79.11,76.47,82.89,2.01985,10,10
" GA","Charlton County",76.6,68.25,78.35,1.4429,2,2
" KS","Chase County",78.9,77.6,79.5,1.4578,1,1
" NE","Chase County",78.4,77.6,79.5,1.2903,1,1
" GA","Chatham County",76.245,68.7866666666667,79.24,1.94074166666667,60,60
" NC","Chatham County",82.0916666666667,79.6083333333333,87.3583333333333,2.138025,12,12
" GA","Chattahoochee County",73.4,56.9,75.1,2.126,1,1
" GA","Chattooga County",72.9,56.9,75.1,1.3225,5,5
" KS","Chautauqua County",77.4,75.2,77.5,1.2149,1,1
" NY","Chautauqua County",78.8529411764706,76.4,81.9058823529412,1.60505882352941,34,34
" NM","Chaves County",77.16875,71.18125,78.275,1.96443125,16,16
" TN","Cheatham County",75,66.05,76.3,1.5156875,8,8
" MI","Cheboygan County",79.1625,77.725,83.25,1.7210625,8,8
" WA","Chelan County",80.4230769230769,79.1307692307692,84.3076923076923,1.7202,13,13
" NY","Chemung County",77.5666666666667,74.0666666666667,80.4952380952381,1.50335714285714,21,21
" NY","Chenango County",80.5666666666667,76.1333333333333,87.7833333333333,1.61871666666667,12,12
" AL","Cherokee County",74.0833333333333,56.9,75.1,1.41083333333333,6,6
" GA","Cherokee County",79.1166666666667,77.9125,81.6916666666667,1.69014583333333,24,24
" IA","Cherokee County",80.05,79.125,84.525,1.8642,4,4
" KS","Cherokee County",74.6333333333333,69.5,77.0333333333333,2.11665,6,6
" NC","Cherokee County",76.1714285714286,63.1,76.6571428571429,1.8182,7,7
" OK","Cherokee County",74.7666666666667,65.3,76.3888888888889,1.49335555555556,9,9
" SC","Cherokee County",74.1846153846154,62.7153846153846,75.9923076923077,1.86083076923077,13,13
" TX","Cherokee County",76.45,69.25,79.1833333333333,1.63150833333333,12,12
" NE","Cherry County",78.5,77.6,79.5,1.38145,2,2
" VA","Chesapeake city",77.374358974359,72.4794871794872,79.0128205128205,1.63115384615385,39,39
" NH","Cheshire County",80.42,77.9466666666667,83.7933333333333,1.74246666666667,15,15
" PA","Chester County",80.7727272727273,78.8563636363636,86.2136363636364,1.82862818181818,110,110
" SC","Chester County",73.7545454545455,60.6636363636364,75.9,2.13485454545455,11,11
" TN","Chester County",75.1,69.1,76.7,1.2759,3,3
" SC","Chesterfield County",75.42,68.56,77.15,1.76381,10,10
" VA","Chesterfield County",78.9777777777778,76.6365079365079,82.6047619047619,2.02054603174603,63,63
" CO","Cheyenne County",89.5,81.7,97.5,2.8702,1,1
" KS","Cheyenne County",81.4,79.6,81.6,1.3899,1,1
" NE","Cheyenne County",80.6,79.6333333333333,86.2,1.73463333333333,3,3
" IA","Chickasaw County",81.275,79.625,85.05,1.629775,4,4
" MS","Chickasaw County",76.225,71.725,77.925,1.525675,4,4
" AR","Chicot County",74.45,66.65,76.8,1.74885,4,4
" TX","Childress County",78.4,77.4,79.55,2.70685,2,2
" AL","Chilton County",73.9222222222222,58.9333333333333,75.3666666666667,1.59411111111111,9,9
" MI","Chippewa County",78.0636363636364,75.5818181818182,80.3909090909091,1.79557272727273,11,11
" MN","Chippewa County",80.075,79.125,84.525,1.8069,4,4
" WI","Chippewa County",80.0181818181818,78.6727272727273,83.1636363636364,1.60112727272727,11,11
" MN","Chisago County",80.28,79.39,85.54,1.55923,10,10
" VT","Chittenden County",81.1258064516129,79.8612903225806,87.6677419354839,1.95067419354839,31,31
" AL","Choctaw County",74.7,61.475,75.7,1.69975,4,4
" MS","Choctaw County",73.8,56.9,75.1,1.6137,3,3
" OK","Choctaw County",73.88,61.44,76.4,1.62112,5,5
" MT","Chouteau County",81.6,80.65,89.55,1.80965,2,2
" NC","Chowan County",77.3,76,78.1666666666667,1.30926666666667,3,3
" IL","Christian County",76.43,70.84,79.18,1.63872,10,10
" KY","Christian County",75.2428571428571,65.7428571428571,76.9928571428571,1.75171428571429,14,14
" MO","Christian County",79.1142857142857,76.7857142857143,80.9357142857143,1.55367142857143,14,14
" NV","Churchill County",78.0666666666667,74.75,79.4833333333333,1.88881666666667,6,6
" NM","Cibola County",76.9714285714286,73.8571428571429,80.3,1.49328571428571,7,7
" OK","Cimarron County",82.45,79.65,88.5,2.00175,2,2
" FL","Citrus County",75.062962962963,66.1407407407407,76.6296296296296,1.65030740740741,27,27
" OR","Clackamas County",79.8974025974026,78.2467532467532,82.8311688311688,1.71523766233766,77,77
" MS","Claiborne County",74.6,56.9,75.1,1.99726666666667,3,3
" TN","Claiborne County",73.5625,61.475,75.7,1.501525,8,8
" LA","Claiborne Parish",75.7,68.36,76.94,1.66772,5,5
" WA","Clallam County",78.85,77.9555555555555,83.0611111111111,1.89198333333333,18,18
" MI","Clare County",75.19,66.49,76.71,1.66308,10,10
" SC","Clarendon County",75.4,70.6090909090909,77.2181818181818,1.74432727272727,11,11
" PA","Clarion County",79.18,76.3,81.29,1.54892,10,10
" AR","Clark County",74.98,67.88,76.54,1.31734,5,5
" IL","Clark County",76.575,71.825,77.9,1.370575,4,4
" IN","Clark County",75.3269230769231,68.9769230769231,77.2730769230769,1.7406,26,26
" KS","Clark County",86.6,81.7,97.5,2.5485,1,1
" KY","Clark County",74.73,62.87,76.22,1.41892,10,10
" MO","Clark County",76.8666666666667,71.2666666666667,83.3666666666667,1.51356666666667,3,3
" NV","Clark County",77.289336492891,73.1691943127962,79.8620853080569,2.08865450236967,422,422
" OH","Clark County",74.3146341463415,65.2121951219512,77.0756097560976,1.70779512195122,41,41
" SD","Clark County",80.9,79.6,81.6,1.1049,1,1
" WA","Clark County",79.1551020408163,77.5428571428571,82.4948979591837,1.83356632653061,98,98
" WI","Clark County",80.825,79.325,84.8,1.4810875,8,8
" AL","Clarke County",74.3875,68.3375,76.6,1.9641125,8,8
" GA","Clarke County",77.4916666666667,73.5625,80.1,1.96432916666667,24,24
" IA","Clarke County",78.0333333333333,71.3666666666667,78.7333333333333,1.48476666666667,3,3
" MS","Clarke County",73.075,61.475,75.7,1.521325,4,4
" VA","Clarke County",80.1,78.1666666666667,84.8333333333333,2.11246666666667,3,3
" OR","Clatsop County",77.9909090909091,77.0545454545454,79.1636363636364,1.81982727272727,11,11
" AL","Clay County",74.6,61.475,75.7,1.529975,4,4
" AR","Clay County",73.6666666666667,63,75.9,1.65913333333333,6,6
" FL","Clay County",77.1862068965517,71.0034482758621,79.0413793103448,1.78577586206897,29,29
" GA","Clay County",72.2,56.9,75.1,0.8368,1,1
" IA","Clay County",80.05,79.025,84.55,1.62085,4,4
" IL","Clay County",76.125,67.25,77.3,1.695225,4,4
" IN","Clay County",78.2166666666667,74.75,79.4833333333333,1.79348333333333,6,6
" KS","Clay County",78.15,77.4,79.55,1.52565,2,2
" KY","Clay County",72.375,56.9,75.1,1.6523,4,4
" MN","Clay County",79.8923076923077,77.5461538461538,85.0307692307692,1.78552307692308,13,13
" MO","Clay County",78.4166666666667,75.8,80.7261904761905,1.75082857142857,42,42
" MS","Clay County",74.45,66.05,76.3,1.421625,4,4
" NC","Clay County",78.2,77.4,79.55,1.57465,2,2
" NE","Clay County",79.6,78.6,80.55,1.24945,2,2
" SD","Clay County",78.8666666666667,78.2666666666667,80.2,1.65486666666667,3,3
" TN","Clay County",73.05,56.9,75.1,1.78955,2,2
" TX","Clay County",77.7,71.3666666666667,78.7333333333333,1.39013333333333,3,3
" WV","Clay County",76,63.8,76.5666666666667,1.62063333333333,3,3
" GA","Clayton County",75.4047619047619,66.6595238095238,76.8285714285714,2.02205952380952,42,42
" IA","Clayton County",79.7,77.8166666666667,82.1833333333333,1.3896,6,6
" CO","Clear Creek County",82.9,81,92.2,3.56323333333333,3,3
" PA","Clearfield County",78.12,75.5,80.58,1.51848,20,20
" ID","Clearwater County",76.85,75.2,77.5,1.63255,2,2
" MN","Clearwater County",79.1666666666667,78.8333333333333,85.5333333333333,1.4493,3,3
" AL","Cleburne County",73.3,61.475,75.7,1.478425,4,4
" AR","Cleburne County",76.7142857142857,71.2857142857143,77.9714285714286,1.89011428571429,7,7
" OH","Clermont County",77.6236842105263,74.5894736842105,79.8789473684211,1.74954736842105,38,38
" AR","Cleveland County",76.75,75.2,77.5,1.2631,2,2
" NC","Cleveland County",74.5619047619048,69.4238095238095,76.9904761904762,1.5825,21,21
" OK","Cleveland County",76.6288461538462,70.6730769230769,78.3173076923077,1.73435,52,52
" GA","Clinch County",73,56.9,75.1,1.8137,2,2
" IA","Clinton County",77.9083333333333,74.225,80.1166666666667,1.44525,12,12
" IL","Clinton County",79.8375,78.825,84.275,1.915675,8,8
" IN","Clinton County",77.5375,72.5875,80.4125,1.9838125,8,8
" KY","Clinton County",73.6666666666667,56.9,75.1,1.29386666666667,3,3
" MI","Clinton County",79.9,77.925,83.525,1.612155,20,20
" MO","Clinton County",76.75,71.725,77.925,1.225775,4,4
" NY","Clinton County",79.6375,77.08125,83.625,1.93769375,16,16
" OH","Clinton County",75.2333333333333,68.0888888888889,77.3333333333333,1.50998888888889,9,9
" PA","Clinton County",79.1666666666667,76.3555555555556,84.8,1.62542222222222,9,9
" KS","Cloud County",76.875,71.725,77.925,1.893575,4,4
" MS","Coahoma County",74.4142857142857,63.0571428571429,78.6428571428571,1.7647,7,7
" OK","Coal County",75,66.05,76.3,0.99745,2,2
" GA","Cobb County",79.4196261682243,77.4028037383178,83.296261682243,1.83378504672897,107,107
" AZ","Cochise County",78.1642857142857,72.8178571428571,81.9142857142857,2.00813928571429,28,28
" TX","Cochran County",76.3,75.2,77.5,1.4407,1,1
" TN","Cocke County",72.7,61.475,75.7,1.421475,8,8
" AZ","Coconino County",78.924,74.856,82.804,1.766604,25,25
" SD","Codington County",82.4714285714286,77.5571428571428,89.7571428571429,2.26877142857143,7,7
" AL","Coffee County",76.5357142857143,70.9714285714286,77.6785714285714,1.58443571428571,14,14
" GA","Coffee County",73.1625,59.1875,75.4,1.621275,8,8
" TN","Coffee County",74.4090909090909,63.5545454545455,75.9727272727273,1.373,11,11
" KS","Coffey County",77.0333333333333,76.8,78.8333333333333,1.5396,3,3
" TX","Coke County",81.2,79.6,81.6,2.3006,1,1
" AL","Colbert County",73.6285714285714,62.1285714285714,75.7857142857143,1.54577142857143,14,14
" MO","Cole County",77.6,73.9333333333333,81.96,1.52962666666667,15,15
" TX","Coleman County",77.4666666666667,71.2666666666667,83.3666666666667,1.55543333333333,3,3
" IL","Coles County",77.21,73.31,80.04,1.45416,10,10
" NE","Colfax County",80.7333333333333,79.6333333333333,86.2,1.84493333333333,3,3
" NM","Colfax County",81.5333333333333,78.8333333333333,85.5333333333333,1.78396666666667,3,3
" SC","Colleton County",73.5333333333333,61.4555555555556,76.0888888888889,1.92942222222222,9,9
" FL","Collier County",81.5915254237288,78.3796610169492,88.0372881355932,2.14257966101695,59,59
" TX","Collin County",80.55,79.2413793103448,85.5543103448276,2.07100517241379,116,116
" TX","Collingsworth County",76.3,75.2,77.5,1.7372,1,1
" VA","Colonial Heights city",76.88,72.9,78.24,1.4392,5,5
" TX","Colorado County",79.48,74.2,82.24,1.92022,5,5
" GA","Colquitt County",75.31,66.94,78.5,1.59348,10,10
" AR","Columbia County",77.14,70.48,84.54,1.77762,5,5
" FL","Columbia County",74.7545454545455,65.4363636363636,76.3727272727273,1.51110909090909,11,11
" GA","Columbia County",78.3833333333333,74.6277777777778,80.9055555555556,1.82395555555556,18,18
" NY","Columbia County",81.765,78.765,87.12,2.118895,20,20
" OR","Columbia County",78.72,76.29,79.91,1.55298,10,10
" PA","Columbia County",78.4142857142857,74.7071428571429,80.0285714285714,1.48997142857143,14,14
" WA","Columbia County",79,77.6,79.5,1.2672,1,1
" WI","Columbia County",80.2333333333333,76.3666666666667,87.9416666666667,1.599875,12,12
" OH","Columbiana County",76.175,70.9958333333333,77.8166666666667,1.38824166666667,24,24
" NC","Columbus County",74.1692307692308,62.7153846153846,75.9923076923077,1.64693846153846,13,13
" CA","Colusa County",80.22,79.16,86.72,1.65838,5,5
" TX","Comal County",79.1363636363636,76.2454545454545,82.3090909090909,2.01504090909091,22,22
" KS","Comanche County",76.5,75.2,77.5,1.74,1,1
" OK","Comanche County",74.7642857142857,67.4321428571428,77.0392857142857,1.95031428571429,28,28
" TX","Comanche County",79.725,73.875,86.9,2.03705,4,4
" TX","Concho County",86.8,81.7,97.5,2.3889,1,1
" LA","Concordia Parish",73.16,61.04,75.98,1.6307,5,5
" AL","Conecuh County",73.46,60.56,75.58,2.08354,5,5
" CO","Conejos County",82.25,80.65,89.55,1.73295,2,2
" CA","Contra Costa County",80.8133333333333,78.3097435897436,86.6815384615385,1.94148307692308,195,195
" WY","Converse County",82,80.15,89.025,2.677225,4,4
" AR","Conway County",75.05,66.45,76.6333333333333,1.45051666666667,6,6
" GA","Cook County",74.15,61.475,75.7,1.52955,4,4
" IL","Cook County",77.82825,73.2784166666667,81.7054166666667,1.98325216666667,1200,1200
" MN","Cook County",81.4,80.65,89.55,1.7555,2,2
" TX","Cooke County",76.2625,69.4375,77.625,1.759775,8,8
" MO","Cooper County",76.82,75.2,77.5,1.58444,5,5
" NH","Coos County",78.8,76.2090909090909,82.2,1.55939090909091,11,11
" OR","Coos County",76.2083333333333,72.75,77.6,1.42928333333333,12,12
" AL","Coosa County",77.9,72.0333333333333,79.4333333333333,1.89,3,3
" MS","Copiah County",74,63.4,76.2333333333333,1.91198333333333,6,6
" SD","Corson County",78.5,69.3,86.3,3.25625,2,2
" NY","Cortland County",80.2454545454545,74.3636363636364,87.0545454545454,1.85826363636364,11,11
" TX","Coryell County",75.9461538461538,67.2769230769231,76.8615384615385,1.81460769230769,13,13
" OH","Coshocton County",77.03,73.11,79.83,1.5741,10,10
" CO","Costilla County",79.5,78.6,80.55,1.083,2,2
" TX","Cottle County",79.8,79.6,81.6,2.0296,1,1
" OK","Cotton County",78.15,69.3,86.3,2.06915,2,2
" MN","Cottonwood County",80,78.45,87.5,1.769475,4,4
" AL","Covington County",74.9307692307692,67.1230769230769,76.7,1.733,13,13
" MS","Covington County",74.9,62.575,76.725,1.439925,4,4
" VA","Covington city",75.95,75.2,77.5,1.86695,2,2
" GA","Coweta County",77.3473684210526,71.9631578947368,78.2526315789474,1.52119473684211,19,19
" KS","Cowley County",76.3818181818182,69.5727272727273,78.8090909090909,1.77506363636364,11,11
" WA","Cowlitz County",76.9652173913043,72.1173913043478,78.9739130434783,1.8035,23,23
" OK","Craig County",75.64,69.24,77.76,1.92836,5,5
" VA","Craig County",79.5,77.6,79.5,2.0393,1,1
" AR","Craighead County",75.7823529411765,66.2941176470588,77.7647058823529,1.63183529411765,17,17
" TX","Crane County",76.8,75.2,77.5,1.2869,1,1
" NC","Craven County",76.6052631578947,69.8947368421053,78.6263157894737,1.72457368421053,19,19
" AR","Crawford County",75.5272727272727,68.7636363636364,76.8090909090909,1.56539090909091,11,11
" GA","Crawford County",75.6333333333333,69.1,76.7,1.74463333333333,3,3
" IA","Crawford County",78.38,77.04,79.12,0.90768,5,5
" IL","Crawford County",77,73.75,78.4333333333333,1.52401666666667,6,6
" IN","Crawford County",76.5,76,78.1666666666667,1.2879,3,3
" KS","Crawford County",76.6090909090909,71.0454545454545,77.5818181818182,1.45816363636364,11,11
" MI","Crawford County",78.2,78,80.05,1.83445,4,4
" MO","Crawford County",75.16,72.02,77.42,1.68276,5,5
" OH","Crawford County",76.1,71.5307692307692,77.4076923076923,1.71036153846154,13,13
" PA","Crawford County",77.7136363636364,73.1772727272727,80.1590909090909,1.47596818181818,22,22
" WI","Crawford County",79.6833333333333,78.4833333333333,82.8833333333333,2.10846666666667,6,6
" OK","Creek County",75.2761904761905,68.7809523809524,77.0666666666667,1.66417142857143,21,21
" AL","Crenshaw County",74.5166666666667,63,75.9,1.85548333333333,6,6
" GA","Crisp County",74.95,63.4,76.2333333333333,1.84366666666667,6,6
" AR","Crittenden County",73.30625,61.75,75.95625,2.35321875,16,16
" KY","Crittenden County",75.475,62.075,76.2,1.7734,4,4
" TN","Crockett County",74.6,60.56,75.58,1.32424,5,5
" TX","Crockett County",79.2,77.6,79.5,1.633,1,1
" OR","Crook County",77.25,72.325,78.425,1.85795,4,4
" WY","Crook County",87.1,81.7,97.5,2.85315,2,2
" TX","Crosby County",77.8666666666667,76.8,78.8333333333333,1.35736666666667,3,3
" AR","Cross County",73.8,63.4,76.2333333333333,1.85136666666667,6,6
" MN","Crow Wing County",80.225,77.7875,85.125,1.7515625,16,16
" CO","Crowley County",76.4,75.2,77.5,0.6955,1,1
" TX","Culberson County",77.2,75.2,77.5,1.0787,1,1
" AL","Cullman County",75.15,67.3333333333333,76.6555555555556,1.54625,18,18
" VA","Culpeper County",78.2,77.2,79.275,1.6257,8,8
" IL","Cumberland County",78.2666666666667,77.6,79.5,1.28756666666667,3,3
" KY","Cumberland County",74.1,66.05,76.3,1.62305,2,2
" ME","Cumberland County",80.1036363636364,78.2418181818182,84.6054545454545,2.05407272727273,55,55
" NC","Cumberland County",75.0964285714286,66.0428571428571,77.2892857142857,1.79275535714286,56,56
" NJ","Cumberland County",76.3290322580645,71.7193548387097,78.441935483871,1.72034193548387,31,31
" PA","Cumberland County",79.8130434782609,77.9630434782609,84.595652173913,1.65430652173913,46,46
" TN","Cumberland County",75.7307692307692,69.9384615384615,77.0692307692308,1.7292,13,13
" VA","Cumberland County",76.95,76.4,78.5,1.92165,2,2
" NE","Cuming County",80.9666666666667,80.3,86.9,1.56056666666667,3,3
" NC","Currituck County",76.1,72.95,77.7666666666667,2.02331666666667,6,6
" NM","Curry County",76.6454545454545,69.7545454545455,79,1.45456363636364,11,11
" OR","Curry County",75.85,66.65,76.8,1.630925,4,4
" CO","Custer County",82.7,81.7,97.5,2.3977,1,1
" ID","Custer County",87.7,81.7,97.5,3.3063,1,1
" MT","Custer County",76.7666666666667,70.9166666666667,80.7166666666667,1.98945,6,6
" NE","Custer County",79.675,74.45,83.95,1.68665,4,4
" OK","Custer County",76.42,72.42,77.84,1.56818,5,5
" SD","Custer County",80.15,79.65,88.5,1.47425,2,2
" OH","Cuyahoga County",76.2506203473945,69.7131513647643,79.5521091811414,1.88188560794045,403,403
" GA","Dade County",76.275,71.825,77.9,1.488325,4,4
" MO","Dade County",77.25,76.4,78.5,1.1899,2,2
" MN","Dakota County",80.6833333333333,79.0155555555556,85.6611111111111,2.00524666666667,90,90
" NE","Dakota County",78.3,77.5,79.525,1.20565,4,4
" AL","Dale County",76.4538461538462,69.1846153846154,78.5846153846154,1.93441538461538,13,13
" TX","Dallam County",77.25,68.25,78.35,1.29635,2,2
" AL","Dallas County",72.4733333333333,59.5,75.5533333333333,1.84113333333333,15,15
" AR","Dallas County",74.2,66.05,76.3,1.8034,2,2
" IA","Dallas County",81.5266666666667,80.1533333333333,88.6066666666667,2.07662,15,15
" MO","Dallas County",77.1333333333333,76.8,78.8333333333333,1.32623333333333,3,3
" TX","Dallas County",77.7937768240343,74.0527896995708,80.6311158798283,2.01040536480687,466,466
" WI","Dane County",80.58625,78.65,86.2625,2.17797875,80,80
" MT","Daniels County",81.4,79.6,81.6,1.8258,1,1
" VA","Danville city",73.0214285714286,61.1642857142857,75.9,1.69477142857143,14,14
" NC","Dare County",78.7555555555556,77.7777777777778,79.7444444444444,1.82417777777778,9,9
" OH","Darke County",78.6083333333333,76.0916666666667,81.8166666666667,1.54694166666667,12,12
" SC","Darlington County",73.4533333333333,61.78,75.74,1.64239333333333,15,15
" PA","Dauphin County",78.0692307692308,73.7538461538462,81.4061538461538,1.78357230769231,65,65
" NC","Davidson County",75.946875,69.340625,77.91875,1.6288625,32,32
" TN","Davidson County",76.5078571428571,70.3335714285714,79.8542857142857,1.86667357142857,140,140
" NC","Davie County",77.5714285714286,76.5142857142857,78.6571428571429,1.332,7,7
" IN","Daviess County",76.9714285714286,74.2428571428571,78.6,1.38357142857143,7,7
" KY","Daviess County",76.6,71.1136363636364,79.5681818181818,1.52067272727273,22,22
" MO","Daviess County",76,75.2,77.5,0.8595,2,2
" IA","Davis County",80.5,79.65,88.5,1.43735,2,2
" UT","Davis County",80.3183673469388,78.3285714285714,86.3571428571429,1.94334693877551,49,49
" SD","Davison County",80.875,78.525,84.025,1.602575,4,4
" NE","Dawes County",82.2,80.65,89.55,1.47775,2,2
" GA","Dawson County",77.0333333333333,76,78.1666666666667,1.37513333333333,3,3
" MT","Dawson County",80.3666666666667,78.8333333333333,85.5333333333333,2.56503333333333,3,3
" NE","Dawson County",79.6428571428571,75.7571428571429,84.0285714285714,2.09597142857143,7,7
" TX","Dawson County",78.425,72.85,82.4,2.178775,4,4
" SD","Day County",78.6666666666667,78.1666666666667,84.8333333333333,1.25883333333333,3,3
" NM","De Baca County",76.5,75.2,77.5,2.5018,1,1
" LA","De Soto Parish",73.8142857142857,64.7428571428571,76.1285714285714,1.71567142857143,7,7
" IL","De Witt County",78.02,73.46,78.62,1.50464,5,5
" AL","DeKalb County",75.0214285714286,66.2214285714286,76.4428571428571,1.29042142857143,14,14
" GA","DeKalb County",77.7388888888889,72.7968253968254,81.1444444444444,1.9949253968254,126,126
" IL","DeKalb County",80.2263157894737,78.7,84.3684210526316,1.72972105263158,19,19
" IN","DeKalb County",77.9777777777778,75.1444444444444,82.1222222222222,1.47835555555556,9,9
" MO","DeKalb County",79.15,77.4,79.55,1.42295,2,2
" TN","DeKalb County",73.325,56.9,75.1,1.38495,4,4
" FL","DeSoto County",77.9777777777778,73.4111111111111,80.5333333333333,2.14421111111111,9,9
" MS","DeSoto County",76.730303030303,72.0757575757576,78.5060606060606,1.87483333333333,33,33
" TX","DeWitt County",78.16,76.96,79.14,1.6168,5,5
" TX","Deaf Smith County",78.35,77.6,79.5,1.68975,4,4
" IN","Dearborn County",78.52,75.83,82.27,1.8468,10,10
" GA","Decatur County",74.3571428571429,62.4714285714286,76.0714285714286,1.61298571428571,7,7
" IA","Decatur County",78.7333333333333,72.7333333333333,84.7333333333333,1.79696666666667,3,3
" IN","Decatur County",79.3166666666667,75.5,82.4666666666667,2.06313333333333,6,6
" KS","Decatur County",78.1,76.4,78.5,1.5029,2,2
" TN","Decatur County",76.3,69.9,77.3666666666667,1.8425,3,3
" MT","Deer Lodge County",76.5333333333333,70.5666666666667,78.0666666666667,1.76316666666667,3,3
" OH","Defiance County",77.7666666666667,75.1666666666667,79.0444444444444,1.36437777777778,9,9
" CA","Del Norte County",76.4857142857143,70.9428571428571,77.6857142857143,1.81831428571429,7,7
" IA","Delaware County",78.7,77.5,79.525,1.0645,4,4
" IN","Delaware County",75.4583333333333,68.5666666666667,78.5958333333333,1.74272083333333,24,24
" NY","Delaware County",81.4384615384615,79.4461538461538,85.6923076923077,1.80426153846154,13,13
" OH","Delaware County",79.8352941176471,77.5617647058824,82.5852941176471,1.72524117647059,34,34
" OK","Delaware County",75.7222222222222,69.6333333333333,77.1444444444444,1.45936666666667,9,9
" PA","Delaware County",77.6597122302158,72.9187050359712,81.2330935251799,1.70590575539568,139,139
" CO","Delta County",78.8857142857143,78.1714285714286,80.1,1.6603,7,7
" MI","Delta County",79.8727272727273,77.1636363636364,84.4,1.81374545454545,11,11
" TX","Delta County",75.1,66.05,76.3,1.7708,2,2
" MO","Dent County",75.4,71.825,77.9,2.210075,4,4
" TX","Denton County",79.5888888888889,78.0191919191919,82.7575757575758,2.1416101010101,99,99
" CO","Denver County",78.5230769230769,74.45,82.1384615384615,2.05799307692308,130,130
" IA","Des Moines County",78.4818181818182,75.7363636363636,81.8454545454545,1.92292727272727,11,11
" OR","Deschutes County",79.9136363636364,77.2681818181818,83.8636363636364,1.56857727272727,22,22
" AR","Desha County",75.08,61.44,76.4,2.03058,5,5
" NE","Deuel County",82.8,81.7,97.5,1.9625,1,1
" SD","Deuel County",83.55,78.45,87.5,3.19645,2,2
" OK","Dewey County",78.2,77.4666666666667,79.5333333333333,1.89453333333333,3,3
" SD","Dewey County",78.8,69.3,86.3,3.39905,2,2
" TX","Dickens County",79.9,79.6,81.6,1.2852,1,1
" VA","Dickenson County",73.6,61.475,75.7,1.403875,4,4
" ND","Dickey County",80.9333333333333,78.9666666666667,85.5,2.42486666666667,3,3
" IA","Dickinson County",79.94,78.28,85.9,2.17298,5,5
" KS","Dickinson County",77.9833333333333,76.7333333333333,78.85,1.5924,6,6
" MI","Dickinson County",79.9,78.7,82.6857142857143,1.61635714285714,7,7
" TN","Dickson County",75.76,71.78,77.22,1.51586,10,10
" AK","Dillingham Census Area",83.25,80.65,89.55,2.62505,2,2
" SC","Dillon County",75.05,66.45,76.6333333333333,1.53698333333333,6,6
" TX","Dimmit County",78.4,77.4,79.55,1.3368,2,2
" VA","Dinwiddie County",76.04,69.24,77.76,1.94786,5,5
" DC","District of Columbia",76.4078787878788,69.6987878787879,79.9878787878788,2.0227303030303,165,165
" ND","Divide County",85.1,81.7,97.5,1.9804,1,1
" FL","Dixie County",76.4,69.9,77.3666666666667,1.5437,3,3
" NE","Dixon County",80.55,79.6,81.6,1.4007,2,2
" WV","Doddridge County",80.1,69.3,86.3,2.16285,2,2
" GA","Dodge County",75.6,68.76,77.36,1.50968,5,5
" MN","Dodge County",81.68,79.64,87.12,1.56322,5,5
" NE","Dodge County",78.4222222222222,77.4333333333333,81.0777777777778,1.47768888888889,9,9
" WI","Dodge County",78.9277777777778,74.2388888888889,82.1055555555556,1.66516111111111,18,18
" CO","Dolores County",76.8,75.2,77.5,0.8372,1,1
" NM","Dona Ana County",79.4820512820513,76.4666666666667,83.6794871794872,2.0145,39,39
" KS","Doniphan County",80.4,79.6333333333333,86.2,1.6357,3,3
" TX","Donley County",79.1,78.45,87.5,1.9231,2,2
" GA","Dooly County",79.9333333333333,78.1666666666667,84.8333333333333,2.05146666666667,3,3
" WI","Door County",78.9,76.225,82,2.317575,8,8
" MD","Dorchester County",77.6111111111111,73.0888888888889,78.7888888888889,1.55464444444444,9,9
" SC","Dorchester County",78.004347826087,74.1478260869565,80.2391304347826,2.05609130434783,23,23
" GA","Dougherty County",74.5076923076923,64.8,76.8076923076923,1.80931538461538,26,26
" CO","Douglas County",82.0764705882353,80.4333333333333,89.1882352941176,2.2495568627451,51,51
" GA","Douglas County",76.285,71.345,77.5,1.549555,20,20
" IL","Douglas County",79.26,78.34,83.12,1.48,5,5
" KS","Douglas County",80.145,79.085,84.535,1.94748,20,20
" MN","Douglas County",81.7333333333333,79.8222222222222,87.9777777777778,1.77414444444444,9,9
" MO","Douglas County",74.8,56.9,75.1,0.877833333333333,3,3
" NE","Douglas County",77.8324137931034,73.6855172413793,81.2048275862069,2.00654137931034,145,145
" NV","Douglas County",79.7666666666667,79.0333333333333,83.8133333333333,1.85185333333333,15,15
" OR","Douglas County",76.8727272727273,72.2818181818182,78.6909090909091,1.59017727272727,22,22
" SD","Douglas County",82.7,81.7,97.5,1.2611,1,1
" WA","Douglas County",81.1,79.3375,86.525,1.6208375,8,8
" WI","Douglas County",78.16,73.73,83.22,2.22346,10,10
" AR","Drew County",75.56,64.7,76.46,1.98538,5,5
" IL","DuPage County",81.2899497487437,79.7859296482412,87.4854271356784,1.86359497487437,199,199
" IN","Dubois County",78.9857142857143,77.7857142857143,81.8,1.46692857142857,7,7
" IA","Dubuque County",79.0076923076923,75.4269230769231,83.6923076923077,1.58733461538462,26,26
" UT","Duchesne County",80.7,71.2666666666667,83.3666666666667,1.82316666666667,3,3
" MA","Dukes County",81.275,79.625,85.05,1.694325,4,4
" NE","Dundy County",79.3,77.6,79.5,1.5548,1,1
" MO","Dunklin County",73.18,60.56,75.58,1.62724,10,10
" ND","Dunn County",84.8,81.7,97.5,1.9723,1,1
" WI","Dunn County",81.6142857142857,79.8857142857143,89.8,1.87005714285714,7,7
" NC","Duplin County",79.5,78.13,81.53,1.81278,10,10
" NC","Durham County",78.5294117647059,74.5921568627451,83.0549019607843,2.17440784313726,51,51
" NY","Dutchess County",80.5567567567568,78.2837837837838,86.7702702702703,1.90498243243243,74,74
" FL","Duval County",75.7682634730539,68.888622754491,78.885628742515,1.8401497005988,167,167
" TX","Duval County",81.7,72.7333333333333,84.7333333333333,2.53006666666667,3,3
" TN","Dyer County",75.4875,70.625,76.9,1.7310625,8,8
" CO","Eagle County",82.4,81.175,93.525,2.98985,4,4
" GA","Early County",74.02,60.56,75.58,1.76264,5,5
" LA","East Baton Rouge Parish",74.9654320987654,67.4049382716049,78.4728395061728,1.82619382716049,81,81
" LA","East Carroll Parish",69.05,56.9,75.1,1.92665,2,2
" LA","East Feliciana Parish",76,68.76,77.36,1.33958,5,5
" TX","Eastland County",75.62,68.36,76.94,1.81238,5,5
" MI","Eaton County",78.8111111111111,77.7666666666667,80.3555555555556,1.59528518518519,27,27
" WI","Eau Claire County",79.2384615384615,76.8307692307692,83.3461538461538,1.72364615384615,13,13
" GA","Echols County",74.55,66.05,76.3,2.3648,2,2
" TX","Ector County",75.1,65.9666666666667,76.9925925925926,1.52935925925926,27,27
" ND","Eddy County",72.2,56.9,75.1,1.7856,1,1
" NM","Eddy County",75.75,68.7166666666667,78.6666666666667,1.598525,12,12
" IL","Edgar County",76.76,69.64,78.18,1.54534,5,5
" NC","Edgecombe County",76.3071428571429,70.1571428571429,78.9285714285714,2.16669285714286,14,14
" SC","Edgefield County",77.05,70.6333333333333,78.05,1.71381666666667,6,6
" KY","Edmonson County",75.3,69.1,76.7,1.28216666666667,3,3
" SD","Edmunds County",81.1,79.65,88.5,1.54955,2,2
" IL","Edwards County",78.7,77.3666666666667,84.1666666666667,2.2598,3,3
" KS","Edwards County",78.3,69.3,86.3,1.9849,2,2
" TX","Edwards County",80.5,79.6,81.6,1.239,1,1
" GA","Effingham County",76.24,68.53,78.54,1.88854,10,10
" IL","Effingham County",77.6375,72.625,78.675,1.3307125,8,8
" CA","El Dorado County",80.7594594594595,78.7054054054054,85.627027027027,1.94527297297297,37,37
" CO","El Paso County",79.0419642857143,75.5642857142857,83.3741071428571,2.0542875,112,112
" TX","El Paso County",78.5048275862069,76.6186206896552,81.1965517241379,1.94375172413793,145,145
" CO","Elbert County",80.5142857142857,79.6142857142857,83.5714285714286,2.14191428571429,7,7
" GA","Elbert County",73.7,60.56,75.58,1.42346,5,5
" KS","Elk County",77.5,75.2,77.5,1.4802,1,1
" PA","Elk County",78.3333333333333,77.4777777777778,81.0666666666667,1.60495555555556,9,9
" IN","Elkhart County",78.6371428571429,75.0428571428571,82.6,1.86638857142857,35,35
" NV","Elko County",78.1142857142857,76.1857142857143,80.3428571428571,2.41272142857143,14,14
" KY","Elliott County",76.1,67.25,77.3,1.398,2,2
" KS","Ellis County",79.1,77.8666666666667,79.8666666666667,1.54853333333333,6,6
" OK","Ellis County",79.35,78.45,87.5,2.3989,2,2
" TX","Ellis County",77.77,74.3633333333333,79.06,1.69476333333333,30,30
" KS","Ellsworth County",77.45,77.4,79.55,1.3595,2,2
" AL","Elmore County",75.4923076923077,67.2769230769231,76.8615384615385,1.57513076923077,13,13
" ID","Elmore County",77.875,76.9,79.025,1.8208,4,4
" GA","Emanuel County",73.1,56.9,75.1,1.86068333333333,6,6
" UT","Emery County",81.8666666666667,80.3333333333333,91.5,1.7813,3,3
" IA","Emmet County",77.8,72.925,78.925,1.32515,4,4
" MI","Emmet County",80.0714285714286,79.3,87.2285714285714,1.40278571428571,7,7
" ND","Emmons County",79.6,79.6,81.6,1.29,1,1
" VA","Emporia city",71.35,56.9,75.1,1.81035,2,2
" TX","Erath County",79.7125,76.55,85.7,1.67625,8,8
" NY","Erie County",77.6669683257919,72.9361990950226,80.627149321267,1.72617647058824,221,221
" OH","Erie County",76.5888888888889,69.5833333333333,79.4611111111111,1.49357222222222,18,18
" PA","Erie County",77.3030303030303,72.4075757575758,80.3227272727273,1.70458333333333,66,66
" AL","Escambia County",73.525,61.775,75.95,1.59265,8,8
" FL","Escambia County",75.1537313432836,69.5686567164179,78.0761194029851,1.80098507462687,67,67
" MA","Essex County",80.5918238993711,78.8698113207547,86.7578616352201,1.82128616352201,159,159
" NJ","Essex County",78.113,72.83,82.984,2.152447,200,200
" NY","Essex County",81.0384615384615,79.1153846153846,86.4384615384615,1.63627692307692,13,13
" VA","Essex County",78,76.8,78.8333333333333,1.5648,3,3
" VT","Essex County",78.2666666666667,71.3666666666667,78.7333333333333,1.6836,3,3
" KY","Estill County",71.35,56.9,75.1,1.666975,4,4
" AL","Etowah County",72.5214285714286,60.9071428571429,75.6857142857143,1.70391428571429,28,28
" NV","Eureka County",81.4,79.6,81.6,2.4314,1,1
" LA","Evangeline Parish",75.2,64.8625,77.025,2.0687125,8,8
" GA","Evans County",76.6,69.9,77.3666666666667,1.69986666666667,3,3
" AK","Fairbanks North Star Borough",78.10625,75.55,81.35625,2.33701875,16,16
" VA","Fairfax County",82.5876146788991,80.5389908256881,90.3224770642202,2.30987339449541,218,218
" VA","Fairfax city",82.6,81.28,94.32,1.6108,5,5
" CT","Fairfield County",81.4990147783251,79.4103448275862,89.5852216748768,1.83619310344828,203,203
" OH","Fairfield County",78.3678571428571,75.2142857142857,81.5392857142857,1.62949642857143,28,28
" SC","Fairfield County",76.25,71.225,77.4,1.9197,4,4
" SD","Fall River County",76.75,68.25,78.35,1.5225,2,2
" MT","Fallon County",79.1,77.6,79.5,1.4451,1,1
" VA","Falls Church city",83.8,81.7,97.5,1.6252,3,3
" TX","Falls County",76.4333333333333,69.9,77.3666666666667,1.77646666666667,6,6
" GA","Fannin County",75.825,70.625,76.9,1.8836,4,4
" TX","Fannin County",76.6777777777778,74.1888888888889,78.1333333333333,1.5904,9,9
" MN","Faribault County",81.2,79.65,88.5,1.82965,6,6
" SD","Faulk County",81.8,81.7,97.5,1.5485,1,1
" AR","Faulkner County",76.0086956521739,67.1434782608696,76.9695652173913,1.53097826086957,23,23
" VA","Fauquier County",79.26875,78.0125,81.775,1.94994375,16,16
" AL","Fayette County",73.42,56.9,75.1,1.28428,5,5
" GA","Fayette County",79.775,78.675,82.735,1.79429,20,20
" IA","Fayette County",78.4142857142857,74.7857142857143,83.1571428571429,1.41652857142857,7,7
" IL","Fayette County",79.15,75.7833333333333,85.1333333333333,2.17013333333333,6,6
" IN","Fayette County",74.8285714285714,66.0142857142857,79.2714285714286,1.91201428571429,7,7
" KY","Fayette County",77.5916666666667,72.7819444444444,80.5805555555555,1.89651805555556,72,72
" OH","Fayette County",74.9857142857143,71,77.6714285714286,1.37171428571429,7,7
" PA","Fayette County",76.3371428571429,70.1057142857143,78.1142857142857,1.67509714285714,35,35
" TN","Fayette County",76.0636363636364,73.7545454545455,77.4636363636364,1.53857272727273,11,11
" TX","Fayette County",79.1571428571429,78.1142857142857,80.1142857142857,1.75361428571429,7,7
" WV","Fayette County",76.4166666666667,65.8083333333333,79.6,1.84430833333333,12,12
" TN","Fentress County",73.825,66.05,76.3,1.2542,4,4
" MT","Fergus County",79.55,69.3,86.3,1.39045,2,2
" WA","Ferry County",79.4,78.9333333333333,80.9,1.8507,3,3
" MN","Fillmore County",82.5333333333333,81,92.2,1.35863333333333,6,6
" NE","Fillmore County",77.4,76.4,78.5,1.3423,2,2
" KS","Finney County",77.98,75.15,81.66,2.35804,10,10
" TX","Fisher County",77.85,68.25,78.35,1.80745,2,2
" FL","Flagler County",79.0052631578947,77.0368421052632,82.8684210526316,2.02975263157895,19,19
" MT","Flathead County",79.8944444444444,77.3888888888889,84.1611111111111,1.88812222222222,18,18
" KY","Fleming County",74.025,61.475,75.7,1.403025,4,4
" SC","Florence County",74.50625,65.69375,76.846875,1.87874375,32,32
" WI","Florence County",79.75,78.6,80.55,2.24185,2,2
" GA","Floyd County",75.765,67.765,77.13,1.625425,20,20
" IA","Floyd County",79.7,78.26,83.14,1.82768,5,5
" IN","Floyd County",76.185,70.7,79.085,1.601255,20,20
" KY","Floyd County",73.03,60.56,75.58,1.79235,10,10
" TX","Floyd County",77.8,76.4,78.5,0.9957,2,2
" VA","Floyd County",78.0666666666667,76.8,78.8333333333333,1.57973333333333,3,3
" VA","Fluvanna County",80,78.1666666666667,84.8333333333333,1.3661,3,3
" TX","Foard County",82.2,81.7,97.5,2.8998,1,1
" WI","Fond du Lac County",80.2941176470588,77.3117647058824,88.5176470588235,1.64213529411765,17,17
" IL","Ford County",77.725,72.825,78.95,1.6015,4,4
" KS","Ford County",79.9428571428571,78.0714285714286,82.1,2.02835714285714,7,7
" PA","Forest County",76,69.1,76.7,1.88243333333333,3,3
" WI","Forest County",77.675,76.4,78.5,1.785925,4,4
" MS","Forrest County",73.94375,65.05625,76.275,2.0084625,16,16
" GA","Forsyth County",79.7625,78.2275,82.7375,2.05896,40,40
" NC","Forsyth County",77.1454545454545,71.9681818181818,79.7306818181818,1.799875,88,88
" TX","Fort Bend County",80.3492753623188,78.6855072463768,84.9434782608696,2.18516811594203,69,69
" ND","Foster County",80.4,79.6,81.6,1.1388,1,1
" IN","Fountain County",77.12,73.38,78.64,1.63012,5,5
" AL","Franklin County",73.3666666666667,58.9333333333333,75.3666666666667,1.57475555555556,9,9
" AR","Franklin County",74.7,69.1,76.7,1.35043333333333,3,3
" FL","Franklin County",75.375,66.05,76.3,2.385375,4,4
" GA","Franklin County",74.44,60.56,75.58,1.4089,5,5
" IA","Franklin County",81.3,79.6333333333333,86.2,1.40546666666667,3,3
" ID","Franklin County",80.6,79.6,81.6,1.3981,2,2
" IL","Franklin County",75.3,62.4818181818182,77.5727272727273,1.477,11,11
" IN","Franklin County",78.76,78.32,80.36,1.49438,5,5
" KS","Franklin County",77.14,72.98,78.22,1.28158,5,5
" KY","Franklin County",75.8454545454545,72.0909090909091,77.2454545454545,1.64777272727273,11,11
" MA","Franklin County",80.8777777777778,78.3333333333333,86.6166666666667,1.67285,18,18
" ME","Franklin County",78.1714285714286,77.4285714285714,79.5428571428571,1.7621,7,7
" MO","Franklin County",77.0941176470588,71.3235294117647,78.1,1.47965882352941,17,17
" MS","Franklin County",74.7,56.9,75.1,1.5369,2,2
" NC","Franklin County",77.0583333333333,73.65,78.4583333333333,1.82495833333333,12,12
" NE","Franklin County",80.55,78.45,87.5,2.2529,2,2
" NY","Franklin County",79.2857142857143,76.9142857142857,83.0642857142857,1.75636428571429,14,14
" OH","Franklin County",76.2471074380165,69.5103305785124,80.0136363636364,1.9022867768595,242,242
" PA","Franklin County",80.0555555555556,78.7296296296296,85.3666666666667,1.67705925925926,27,27
" TN","Franklin County",75.25,68.6375,76.85,1.71915,8,8
" TX","Franklin County",76.4666666666667,69.9,77.3666666666667,1.5723,3,3
" VA","Franklin County",76.81,74.33,78.06,1.59913,10,10
" VT","Franklin County",78.99,76.27,82.68,1.41453,10,10
" WA","Franklin County",80.3916666666667,79.075,86.8416666666667,2.03949166666667,12,12
" LA","Franklin Parish",73.7333333333333,60.35,75.8333333333333,1.73118333333333,6,6
" VA","Franklin city",74.5,66.05,76.3,1.06505,2,2
" MD","Frederick County",80.0396551724138,77.8775862068966,84.0655172413793,1.8989775862069,58,58
" VA","Frederick County",78.5384615384615,77.5384615384615,79.5153846153846,1.43070769230769,13,13
" VA","Fredericksburg city",78.96,77.92,79.94,1.60774,5,5
" MN","Freeborn County",81.61,79.81,88.72,1.93481,10,10
" TX","Freestone County",76.1142857142857,66.0142857142857,79.2714285714286,2.0654,7,7
" CO","Fremont County",76.1363636363636,69.6,77.5454545454545,1.80850909090909,11,11
" IA","Fremont County",77.5,76.8,78.8333333333333,1.35386666666667,3,3
" ID","Fremont County",79.1,77.6,79.5,1.64646666666667,3,3
" WY","Fremont County",78.9,76.26,81.3,1.77091,10,10
" CA","Fresno County",78.3884816753927,74.5230366492147,81.8246073298429,2.02495968586387,191,191
" TX","Frio County",76.9333333333333,76,78.1666666666667,1.7375,3,3
" NE","Frontier County",86.2,81.7,97.5,2.1804,1,1
" AR","Fulton County",76.6,68.25,78.35,1.54365,2,2
" GA","Fulton County",77.3648148148148,71.3111111111111,82.0222222222222,2.09977654320988,162,162
" IL","Fulton County",77.7545454545455,74.3545454545454,80.5363636363636,1.61279090909091,11,11
" IN","Fulton County",76.8,73.35,78.1,1.70405,6,6
" KY","Fulton County",73.85,56.9,75.1,1.2243,2,2
" NY","Fulton County",79.5266666666667,77.1866666666667,84.96,1.76535333333333,15,15
" OH","Fulton County",78.7222222222222,77.7333333333333,79.7555555555556,1.38121111111111,9,9
" PA","Fulton County",76.9666666666667,76,78.1666666666667,0.999133333333333,3,3
" NE","Furnas County",78.8,77.6,79.5,0.9137,1,1
" FL","Gadsden County",75.6222222222222,67.3333333333333,76.6555555555556,1.54458888888889,9,9
" NE","Gage County",77.5571428571429,74.5285714285714,78.9,1.55094285714286,7,7
" TX","Gaines County",78.4,77.4666666666667,79.5333333333333,1.59876666666667,3,3
" VA","Galax city",75.15,66.05,76.3,1.73885,2,2
" IL","Gallatin County",73.7,56.9,75.1,1.40575,2,2
" KY","Gallatin County",73,56.9,75.1,1.4561,2,2
" MT","Gallatin County",80.9157894736842,78.6263157894737,85.8421052631579,2.04196315789474,19,19
" OH","Gallia County",73.9285714285714,64.7428571428571,76.1285714285714,1.32771428571429,7,7
" TX","Galveston County",76.848275862069,70.9068965517241,78.9758620689655,1.87377586206897,58,58
" NE","Garden County",78.4,77.6,79.5,1.5581,1,1
" CO","Garfield County",81.27,77.98,88.48,2.29784,10,10
" MT","Garfield County",79.9,79.6,81.6,2.3143,1,1
" NE","Garfield County",76.7,75.2,77.5,2.2181,1,1
" OK","Garfield County",76.275,68.5083333333333,77.35,1.4081,12,12
" UT","Garfield County",86.25,81.7,97.5,2.599,2,2
" WA","Garfield County",82.5,81.7,97.5,1.586,1,1
" AR","Garland County",74.2842105263158,65.9263157894737,76.5578947368421,1.57469473684211,19,19
" KY","Garrard County",76.625,75.8,78,1.6518,4,4
" MD","Garrett County",78.0142857142857,74.5857142857143,78.8857142857143,1.50938571428571,7,7
" OK","Garvin County",73.9,65.3,76.3888888888889,1.54801111111111,9,9
" TX","Garza County",75.8,75.2,77.5,1.1899,1,1
" MO","Gasconade County",76.775,71.825,77.9,1.491475,4,4
" NC","Gaston County",75.001724137931,65.1379310344828,77.1655172413793,1.68806896551724,58,58
" NC","Gates County",77.5666666666667,76.8,78.8333333333333,1.4083,3,3
" KS","Geary County",76.9571428571429,71.5285714285714,80.2571428571429,2.20885714285714,7,7
" OH","Geauga County",80.5,79.08,86.61,1.6439,20,20
" ID","Gem County",77.4666666666667,76.8,78.8333333333333,1.22696666666667,3,3
" MI","Genesee County",75.2857142857143,68.0974789915966,77.6974789915966,1.82365966386555,119,119
" NY","Genesee County",79.8142857142857,77.0642857142857,84.2,1.70983571428571,14,14
" AL","Geneva County",74.8166666666667,63,75.9,1.0418,6,6
" MO","Gentry County",78.35,77.6,79.5,0.8635,2,2
" MS","George County",74.8,64.22,76.06,1.57876,5,5
" SC","Georgetown County",76.2642857142857,68.3357142857143,78.3285714285714,1.85615714285714,14,14
" IN","Gibson County",78.5571428571429,75.1571428571429,79.4857142857143,1.64587142857143,7,7
" TN","Gibson County",74.4153846153846,62.5307692307692,75.8384615384615,1.60297692307692,13,13
" AZ","Gila County",78.5076923076923,74.8,81.4538461538462,1.92415384615385,13,13
" FL","Gilchrist County",77.36,72.98,78.22,1.87788,5,5
" TN","Giles County",74.8,66.35,76.55,1.532875,8,8
" VA","Giles County",76,69.1,76.7,1.09546666666667,3,3
" TX","Gillespie County",80.46,79.2,81.18,1.36346,5,5
" OR","Gilliam County",80.5,79.6,81.6,2.3189,1,1
" GA","Gilmer County",79.2,78.8,80.76,1.69426,5,5
" WV","Gilmer County",77.15,76.4,78.5,1.7031,2,2
" CO","Gilpin County",81.8,81.7,97.5,3.3289,1,1
" MT","Glacier County",75.0666666666667,69.1,76.7,1.40003333333333,3,3
" FL","Glades County",74.55,66.05,76.3,0.9054,2,2
" MI","Gladwin County",76.4,73.9666666666667,77.9,1.54921111111111,9,9
" GA","Glascock County",77,75.2,77.5,1.6461,1,1
" TX","Glasscock County",81.2,79.6,81.6,2.1089,1,1
" CA","Glenn County",80.95,78.8333333333333,85.5333333333333,1.6517,6,6
" NJ","Gloucester County",77.635,73.1166666666667,78.9066666666667,1.57248666666667,60,60
" VA","Gloucester County",77.7375,74.7125,78.7,1.7319,8,8
" GA","Glynn County",77.2333333333333,72.28,80.4666666666667,1.71091333333333,15,15
" MI","Gogebic County",77.4142857142857,71.6285714285714,78.2571428571429,1.50657142857143,7,7
" ND","Golden Valley County",80.9,79.6,81.6,2.0565,1,1
" TX","Goliad County",79.6,78.6,80.55,1.55885,2,2
" TX","Gonzales County",78.1833333333333,71.3166666666667,81.05,1.66271666666667,6,6
" VA","Goochland County",78.475,76.9,79.025,1.320025,4,4
" MN","Goodhue County",80.83,79.84,87.33,1.20838,10,10
" ID","Gooding County",78,77.4,79.55,1.2157,2,2
" GA","Gordon County",76.4444444444444,75.4666666666667,77.7222222222222,1.47367777777778,9,9
" WY","Goshen County",81.2,73.45,82.9,1.82405,4,4
" NE","Gosper County",78.4,77.6,79.5,1.5187,1,1
" KS","Gove County",80,79.65,88.5,2.51885,2,2
" GA","Grady County",76.5,73.2833333333333,78.1166666666667,1.78358333333333,6,6
" OK","Grady County",77.0666666666667,72.6444444444444,78.3222222222222,1.31488888888889,9,9
" NH","Grafton County",81.678947368421,80.0473684210526,88.5842105263158,1.68510526315789,19,19
" AZ","Graham County",78.2555555555556,77.4666666666667,79.5333333333333,1.70038888888889,9,9
" KS","Graham County",78.3,77.6,79.5,1.36825,2,2
" NC","Graham County",75.2333333333333,70.5666666666667,78.0666666666667,2.53773333333333,3,3
" TN","Grainger County",73.3,56.9,75.1,1.4236,5,5
" CO","Grand County",80.5333333333333,79.6333333333333,86.2,2.0516,3,3
" UT","Grand County",77.1,68.25,78.35,2.0183,2,2
" ND","Grand Forks County",79.06,76.5,81.5,2.04760666666667,15,15
" VT","Grand Isle County",79.7,78.6,80.55,1.302,2,2
" MI","Grand Traverse County",79.9625,77.79375,85.9875,1.35634375,16,16
" MT","Granite County",87,81.7,97.5,2.6102,1,1
" AR","Grant County",75.625,66.05,76.3,1.47545,4,4
" IN","Grant County",75.1875,67.175,77.31875,1.58580625,16,16
" KS","Grant County",79.1,78.6,80.55,1.55615,2,2
" KY","Grant County",74.55,61.475,75.7,1.379075,4,4
" MN","Grant County",84.9,80.65,89.55,1.9085,2,2
" ND","Grant County",79.3,77.6,79.5,1.5785,1,1
" NM","Grant County",80.25,76.7875,84.2375,1.96165,8,8
" OK","Grant County",76.65,75.2,77.5,1.5289,2,2
" OR","Grant County",81.4,79.65,88.5,1.5122,2,2
" SD","Grant County",81.55,79.65,88.5,1.6484,2,2
" WA","Grant County",80.31875,76.775,85.96875,2.00849375,16,16
" WI","Grant County",79.5727272727273,78.8636363636364,84.6090909090909,1.50565454545455,11,11
" WV","Grant County",77,76,78.1666666666667,1.57176666666667,3,3
" LA","Grant Parish",74.34,60.56,75.58,1.58874,5,5
" NC","Granville County",77.8272727272727,73.8909090909091,81.4363636363636,1.90747272727273,11,11
" MI","Gratiot County",78.1111111111111,73.6222222222222,79.2333333333333,1.21396666666667,9,9
" KY","Graves County",76.6,70.3888888888889,77.8222222222222,1.58797777777778,9,9
" KS","Gray County",86.15,81.7,97.5,2.7317,2,2
" TX","Gray County",76.1571428571429,66.0142857142857,79.2714285714286,1.80721428571429,7,7
" WA","Grays Harbor County",76.85,70.90625,78.01875,1.547825,16,16
" KY","Grayson County",73.9,59.5142857142857,75.4428571428571,1.63572857142857,7,7
" TX","Grayson County",75.35,68.1038461538461,77.0230769230769,1.5542,26,26
" VA","Grayson County",76.9,72.5,77.82,1.62072,5,5
" KS","Greeley County",77.2,75.2,77.5,2.654,1,1
" NE","Greeley County",79.9,79.6,81.6,1.6701,1,1
" KY","Green County",75.2,66.05,76.3,1.55595,4,4
" WI","Green County",79.725,76.75,85.975,1.499925,8,8
" WI","Green Lake County",78.7,74.4333333333333,81.4333333333333,1.68116666666667,6,6
" WV","Greenbrier County",75.4428571428571,65.6714285714286,78.9857142857143,1.568,7,7
" AL","Greene County",75.45,75.2,77.5,1.77485,2,2
" AR","Greene County",75.6,68.8111111111111,79.5555555555556,1.93945555555556,9,9
" GA","Greene County",76.24,72.98,78.22,2.14708,5,5
" IA","Greene County",78.425,76.9,79.025,1.760125,4,4
" IL","Greene County",76.92,69.66,80.94,1.53098,5,5
" IN","Greene County",76.5333333333333,69.0666666666667,78.2444444444444,1.83357777777778,9,9
" MO","Greene County",77.0568965517241,71.1672413793103,79.9396551724138,1.68366896551724,58,58
" MS","Greene County",73.05,56.9,75.1,1.08005,2,2
" NC","Greene County",77.075,71.725,77.925,1.236875,4,4
" NY","Greene County",80.3928571428571,78,84.0928571428571,2.01985714285714,14,14
" OH","Greene County",78.3,73.9882352941176,81.3823529411765,1.57958235294118,34,34
" PA","Greene County",77.8333333333333,75.2111111111111,79.0333333333333,1.41365555555556,9,9
" TN","Greene County",74.9153846153846,65.6846153846154,76.5230769230769,1.45620769230769,13,13
" VA","Greene County",80.5,78.8333333333333,85.5333333333333,2.26556666666667,3,3
" AZ","Greenlee County",82.7,80.65,89.55,3.0906,2,2
" VA","Greensville County",72.25,56.9,75.1,1.2675,2,2
" KY","Greenup County",75.9,65.3714285714286,76.7142857142857,1.49431428571429,7,7
" SC","Greenville County",77.543119266055,71.9954128440367,81.2155963302752,1.87142018348624,109,109
" KS","Greenwood County",76.1,69.9,77.3666666666667,2.0804,3,3
" SC","Greenwood County",77.8857142857143,75.7,79.9071428571429,1.73994285714286,14,14
" OK","Greer County",78.6,69.3,86.3,1.8763,2,2
" TX","Gregg County",75.5166666666667,67.4958333333333,76.9875,1.67305833333333,24,24
" SD","Gregory County",76.6,67.25,77.3,1.71395,2,2
" MS","Grenada County",73.28,64.22,76.06,1.92048,5,5
" ND","Griggs County",80,79.6,81.6,1.4284,1,1
" TX","Grimes County",78.75,73.95,83.425,1.87055,4,4
" IA","Grundy County",80.725,79.625,85.05,1.227825,4,4
" IL","Grundy County",78.4,77.48,79.53,1.50062,10,10
" MO","Grundy County",78.175,73.95,83.425,2.188375,4,4
" TN","Grundy County",74.05,66.05,76.3,1.4031,4,4
" NM","Guadalupe County",84,81.7,97.5,3.3692,1,1
" TX","Guadalupe County",79.048275862069,77.448275862069,81.4448275862069,1.98351034482759,29,29
" OH","Guernsey County",76.29,70.87,77.79,1.53822,10,10
" NC","Guilford County",78.1770642201835,73.0119266055046,82.1302752293578,1.88258165137615,109,109
" FL","Gulf County",76.5,75.2,77.5,1.3495,3,3
" CO","Gunnison County",80.6666666666667,78.9333333333333,80.9,1.58863333333333,3,3
" IA","Guthrie County",80.4333333333333,79.6333333333333,86.2,1.62823333333333,3,3
" GA","Gwinnett County",79.040206185567,77.0443298969072,82.2030927835052,2.00855979381443,97,97
" SD","Haakon County",81.9,81.7,97.5,1.2639,1,1
" GA","Habersham County",78.275,77.2,79.275,1.6216625,8,8
" AK","Haines Borough",82.6,81.7,97.5,2.0412,1,1
" AL","Hale County",75.4833333333333,66.85,76.9666666666667,2.09263333333333,6,6
" TX","Hale County",77.8222222222222,75.1444444444444,82.1222222222222,1.67734444444444,9,9
" NC","Halifax County",75.4181818181818,69.3454545454545,77.3727272727273,1.83295454545455,11,11
" VA","Halifax County",75.9222222222222,71.4,77.1888888888889,1.7293,9,9
" GA","Hall County",78.1117647058824,75.4764705882353,80.1764705882353,1.66912647058824,34,34
" NE","Hall County",79.4928571428571,77.5071428571429,82.6714285714286,1.7116,14,14
" TX","Hall County",75.7,75.2,77.5,1.2774,1,1
" TN","Hamblen County",74.4333333333333,63.2,76.0666666666667,1.45898333333333,12,12
" FL","Hamilton County",75.1,63.8,76.5666666666667,2.084,3,3
" IA","Hamilton County",80.2,78.34,83.12,1.68022,5,5
" IL","Hamilton County",77.4666666666667,71.2666666666667,83.3666666666667,1.9859,3,3
" IN","Hamilton County",81.05,79.0361111111111,86.0833333333333,1.93330555555556,36,36
" KS","Hamilton County",78.2,77.6,79.5,1.6768,1,1
" NE","Hamilton County",80.3666666666667,79.6333333333333,86.2,1.93613333333333,3,3
" NY","Hamilton County",79.25,78.6,80.55,1.43185,4,4
" OH","Hamilton County",76.135960591133,68.8669950738916,79.564039408867,1.85902610837438,203,203
" TN","Hamilton County",76.2810810810811,70.7797297297297,79.0337837837838,1.72871891891892,74,74
" TX","Hamilton County",78.5666666666667,72.0666666666667,84.0333333333333,2.1661,3,3
" SD","Hamlin County",81.7,79.65,88.5,1.71795,2,2
" MA","Hampden County",78.6108910891089,75.7128712871287,81.6,1.72425346534653,101,101
" MA","Hampshire County",81.6206896551724,79.7275862068965,87.9448275862069,1.71658965517241,29,29
" WV","Hampshire County",78.14,70.06,81.36,1.9589,5,5
" SC","Hampton County",75.72,68.36,76.94,1.67386,5,5
" VA","Hampton city",75.5655172413793,66.8275862068966,77.7172413793103,1.67948275862069,29,29
" GA","Hancock County",77.25,76.4,78.5,2.32695,2,2
" IA","Hancock County",79.625,79.125,84.525,1.835475,4,4
" IL","Hancock County",81.5428571428571,80.2285714285714,90.0857142857143,2.26952857142857,7,7
" IN","Hancock County",77.76,73.59,80.23,1.37119,10,10
" KY","Hancock County",77.6,76.8,78.8333333333333,1.8761,3,3
" ME","Hancock County",79.85,76.3875,83.85,1.8843,16,16
" MS","Hancock County",76.2714285714286,68.0428571428571,77.0428571428571,1.67,7,7
" OH","Hancock County",78.6,76.1769230769231,81.6461538461539,1.48034615384615,13,13
" TN","Hancock County",72.65,56.9,75.1,1.53055,2,2
" WV","Hancock County",75.6375,66.6,76.8125,1.7696375,8,8
" SD","Hand County",81.25,80.65,89.55,2.64485,2,2
" VA","Hanover County",78.6636363636364,77.0454545454545,80.4227272727273,1.69088636363636,22,22
" TX","Hansford County",78.8,78.6,80.55,1.29635,2,2
" GA","Haralson County",73.22,60.56,75.58,1.28786,5,5
" FL","Hardee County",79.5333333333333,78.55,82.8666666666667,2.20555,6,6
" TN","Hardeman County",73.9833333333333,63.4,76.2333333333333,1.72213333333333,6,6
" TX","Hardeman County",77.4,75.2,77.5,1.5146,1,1
" IA","Hardin County",80.0333333333333,78.4833333333333,82.8833333333333,1.48101666666667,6,6
" IL","Hardin County",78,69.3,86.3,2.43645,2,2
" KY","Hardin County",76.4421052631579,71.7105263157895,78.0421052631579,1.77726315789474,19,19
" OH","Hardin County",77.6,72.2,78.8571428571428,1.6245,7,7
" TN","Hardin County",73.4333333333333,59.95,75.5,1.4559,6,6
" TX","Hardin County",76.1636363636364,67.9363636363636,77.3272727272727,1.66171818181818,11,11
" SD","Harding County",84.1,81.7,97.5,3.4432,1,1
" WV","Hardy County",78.5,77.6,79.5,2.05126666666667,3,3
" MD","Harford County",78.8117647058824,76.0882352941177,81.8725490196078,1.79842549019608,51,51
" KY","Harlan County",73.1090909090909,61.8909090909091,75.7545454545455,1.68342727272727,11,11
" NE","Harlan County",81.1,79.6,81.6,1.1147,1,1
" OK","Harmon County",79.1,77.6,79.5,1.7348,1,1
" NC","Harnett County",76.74,71.968,79.092,1.90636,25,25
" OR","Harney County",77.8,77.4,79.55,2.27855,2,2
" KS","Harper County",75.6333333333333,69.1,76.7,1.76816666666667,3,3
" OK","Harper County",83.35,80.65,89.55,2.47345,2,2
" GA","Harris County",80.975,80.65,89.55,1.985625,4,4
" TX","Harris County",77.9546875,74.0556818181818,80.8691761363636,2.07845142045455,704,704
" IA","Harrison County",77.16,72.84,81.02,1.63936,5,5
" IN","Harrison County",78.0666666666667,74.0166666666667,78.8,1.54516666666667,6,6
" KY","Harrison County",74.95,62.075,76.2,1.88215,4,4
" MO","Harrison County",77.1333333333333,71.3666666666667,78.7333333333333,1.6745,3,3
" MS","Harrison County",74.145,65.2575,76.625,1.8062025,40,40
" OH","Harrison County",77.36,70.54,81.76,1.8779,5,5
" TX","Harrison County",75.8666666666667,69.6666666666667,77.2083333333333,1.86431666666667,12,12
" WV","Harrison County",74.5545454545454,67.0545454545454,77.8590909090909,1.55568181818182,22,22
" VA","Harrisonburg city",79.825,79.075,84.5375,1.834575,8,8
" GA","Hart County",77.02,69.24,77.76,1.62074,5,5
" KY","Hart County",74.24,56.9,75.1,1.58626,5,5
" CT","Hartford County",79.4791469194313,77.0075829383886,83.8279620853081,1.83418104265403,211,211
" TX","Hartley County",83.5,81.7,97.5,1.392,1,1
" KS","Harvey County",79.7333333333333,78.2166666666667,82.5166666666667,1.44615,6,6
" KS","Haskell County",88.6,81.7,97.5,2.3369,1,1
" OK","Haskell County",79.1,69.3,86.3,2.051675,4,4
" TX","Haskell County",79.25,78.6,80.55,1.42475,2,2
" HI","Hawaii County",80.730303030303,79.2818181818182,85.8939393939394,1.80827272727273,33,33
" TN","Hawkins County",74.1916666666667,60.15,75.6666666666667,1.50399166666667,12,12
" NE","Hayes County",77.9,77.6,79.5,0.7564,1,1
" TX","Hays County",78.8428571428571,77.0047619047619,81.1285714285714,1.91714285714286,21,21
" NC","Haywood County",77.1071428571429,73.7571428571429,78.1642857142857,1.44928571428571,14,14
" TN","Haywood County",74.1666666666667,63.4,76.2333333333333,2.15808333333333,6,6
" GA","Heard County",75.1666666666667,69.1,76.7,1.5904,3,3
" TX","Hemphill County",80.2,79.6,81.6,1.672,1,1
" AR","Hempstead County",76.72,72.9,78.24,2.01332,5,5
" IL","Henderson County",80.4666666666667,79.6333333333333,86.2,1.58696666666667,3,3
" KY","Henderson County",74.9727272727273,64.3909090909091,76.7090909090909,1.61414545454545,11,11
" NC","Henderson County",79.35,77.0727272727273,84.3045454545454,1.77762272727273,22,22
" TN","Henderson County",73.2333333333333,63,75.9,1.61061666666667,6,6
" TX","Henderson County",75.4533333333333,67.14,76.78,1.61466,15,15
" IN","Hendricks County",79.5809523809524,77.847619047619,82.5666666666667,1.68935238095238,21,21
" FL","Hendry County",78.3166666666667,77.4666666666667,79.5333333333333,1.92931666666667,6,6
" MN","Hennepin County",80.3204379562044,77.1014598540146,85.7164233576642,2.02004744525547,274,274
" VA","Henrico County",78.6796610169492,75.7508474576271,82.0508474576271,1.71925423728814,59,59
" AL","Henry County",75.8166666666667,69.1,76.7,1.88141666666667,6,6
" GA","Henry County",77.5086956521739,74.5217391304348,79.2826086956522,1.82838695652174,23,23
" IA","Henry County",79.76,75.48,83.48,1.54696,5,5
" IL","Henry County",78.7538461538462,75.1076923076923,81.7769230769231,1.61733076923077,13,13
" IN","Henry County",76.6384615384615,70.0461538461538,79.3692307692308,1.87695384615385,13,13
" KY","Henry County",75.64,64.7,76.46,1.45208,5,5
" MO","Henry County",74.95,66.45,76.6333333333333,1.31645,6,6
" OH","Henry County",80.3,78.7,82.6857142857143,1.49677142857143,7,7
" TN","Henry County",73.3666666666667,60.9666666666667,75.6333333333333,1.70645555555556,9,9
" VA","Henry County",74.4285714285714,63.6071428571429,76.1,1.76837142857143,14,14
" NY","Herkimer County",79.5842105263158,78.6947368421053,83.6421052631579,1.69497894736842,19,19
" FL","Hernando County",76.175,70.52,77.4875,1.7450875,40,40
" NC","Hertford County",76.18,65.52,80.06,1.66434,5,5
" ND","Hettinger County",77,76.4,78.5,1.9898,2,2
" KY","Hickman County",74.7,56.9,75.1,0.6074,1,1
" TN","Hickman County",74.16,64.22,76.06,1.65574,5,5
" MO","Hickory County",82.2,80.3,86.9,2.30426666666667,3,3
" NM","Hidalgo County",79.75,69.3,86.3,2.35545,2,2
" TX","Hidalgo County",80.3477064220183,78.3559633027523,85.5293577981651,2.18515963302752,109,109
" OH","Highland County",75.1666666666667,65.3,76.3888888888889,1.5272,9,9
" VA","Highland County",77.6,77.6,79.5,2.4353,1,1
" FL","Highlands County",77.4260869565217,70.1565217391304,80.3217391304348,1.89505217391304,23,23
" MT","Hill County",77.9333333333333,77.1333333333333,79.1833333333333,1.79018333333333,6,6
" TX","Hill County",76.21,69.04,77.55,1.60586,10,10
" FL","Hillsborough County",77.5330827067669,73.2996240601504,80.2913533834586,2.04192556390977,266,266
" NH","Hillsborough County",79.059756097561,75.9719512195122,83.8853658536585,1.8155743902439,82,82
" MI","Hillsdale County",77.6333333333333,76.3333333333333,78.5166666666667,1.27988333333333,12,12
" MS","Hinds County",75.1333333333333,66.335,78.1883333333333,2.037,60,60
" CO","Hinsdale County",81.4,79.6,81.6,1.2955,1,1
" NE","Hitchcock County",78.8,77.6,79.5,1.3734,1,1
" OH","Hocking County",77.2428571428571,71.5857142857143,80.2428571428571,1.89555714285714,7,7
" TX","Hockley County",76.8571428571429,73.6142857142857,78.0142857142857,1.75058571428571,7,7
" KS","Hodgeman County",81.8,81.7,97.5,2.1306,1,1
" NC","Hoke County",76.65,71.525,77.65,2.0469875,8,8
" FL","Holmes County",74.5,61.475,75.7,1.486775,4,4
" MS","Holmes County",73.62,64.22,76.06,1.67556,5,5
" OH","Holmes County",83,80.075,92.5,2.3940375,8,8
" MO","Holt County",76.8,70.7,78.0333333333333,1.66523333333333,3,3
" NE","Holt County",79.425,78,80.05,1.3733,4,4
" HI","Honolulu County",81.2941176470588,78.9196078431373,88.35,1.96558529411765,204,204
" TX","Hood County",77.47,71.49,81.18,1.58836,10,10
" OR","Hood River County",81.3,80.65,89.55,1.656775,4,4
" AK","Hoonah-Angoon Census Area",79.3,77.6,79.5,1.146,1,1
" VA","Hopewell city",72.7,63,75.9,1.50568333333333,6,6
" KY","Hopkins County",73.9166666666667,61.675,75.8666666666667,1.53398333333333,12,12
" TX","Hopkins County",76.6555555555556,72.4666666666667,78.0777777777778,1.5849,9,9
" SC","Horry County",77.034328358209,71.044776119403,78.7955223880597,1.90692835820896,67,67
" AR","Hot Spring County",73.4142857142857,64.7428571428571,76.1285714285714,1.36958571428571,7,7
" WY","Hot Springs County",76.5,75.2,77.5,1.4123,1,1
" MI","Houghton County",78.76,74.2,82.24,1.39983,10,10
" AL","Houston County",75.9681818181818,70.9545454545455,77.4863636363636,1.35732272727273,22,22
" GA","Houston County",77.1227272727273,72.5,78.8727272727273,1.92085,22,22
" MN","Houston County",82.88,80.86,91.14,1.58462,5,5
" TN","Houston County",74.1666666666667,63,75.9,1.59846666666667,3,3
" TX","Houston County",77.1571428571429,70.1428571428571,85.0428571428571,1.74214285714286,7,7
" AR","Howard County",74.5333333333333,63,75.9,1.2921,3,3
" IA","Howard County",78.5666666666667,77.4666666666667,79.5333333333333,1.09823333333333,3,3
" IN","Howard County",75.985,68.43,78.435,1.60679,20,20
" MD","Howard County",81.7074074074074,80.3037037037037,88.4351851851852,2.11056111111111,54,54
" MO","Howard County",78.5,77.6,79.5,1.30246666666667,3,3
" NE","Howard County",83.95,79.65,88.5,2.3829,2,2
" TX","Howard County",73.76,64.22,76.06,1.8077,10,10
" MO","Howell County",75.6375,67.2,77.3125,1.6484125,8,8
" MN","Hubbard County",82.1714285714286,79.8857142857143,89.8,1.83784285714286,7,7
" NJ","Hudson County",79.7940397350993,77.2509933774834,84.3019867549669,2.10953377483444,151,151
" TX","Hudspeth County",77.2,75.2,77.5,1.0644,1,1
" CO","Huerfano County",81.4,79.6,81.6,2.0088,1,1
" OK","Hughes County",73.42,61.44,76.4,1.54272,5,5
" SD","Hughes County",79.85,74.45,83.95,2.0718,4,4
" CA","Humboldt County",78.2,75.6241379310345,81.2689655172414,1.63390344827586,29,29
" IA","Humboldt County",81.15,79.55,88.525,2.156375,4,4
" NV","Humboldt County",77.9,71.2666666666667,83.3666666666667,2.51743333333333,3,3
" MS","Humphreys County",77.0666666666667,71.3666666666667,78.7333333333333,2.52466666666667,3,3
" TN","Humphreys County",75.14,67.88,76.54,1.35792,5,5
" TX","Hunt County",76.0210526315789,70.2842105263158,77.4842105263158,1.68411578947368,19,19
" NJ","Hunterdon County",82.604,79.624,89.44,1.940164,25,25
" PA","Huntingdon County",79.9583333333333,77.5166666666667,86.65,1.79365,12,12
" IN","Huntington County",77.5777777777778,71.0666666666667,80.0555555555556,1.38466666666667,9,9
" MI","Huron County",77.86,76.36,78.51,1.30791,10,10
" OH","Huron County",77.1307692307692,71.1461538461539,79.2307692307692,1.57796153846154,13,13
" SD","Hutchinson County",80.5333333333333,79.5333333333333,90.8333333333333,1.8249,3,3
" TX","Hutchinson County",74.6,66.85,76.9666666666667,1.49215,6,6
" NC","Hyde County",78.7,77.6,79.5,1.6003,1,1
" SD","Hyde County",80.8,79.6,81.6,2.2063,1,1
" LA","Iberia Parish",75.1142857142857,67.8428571428571,76.9071428571429,1.52944285714286,14,14
" LA","Iberville Parish",74.0285714285714,65.0857142857143,76.4142857142857,1.51025714285714,7,7
" IA","Ida County",79.3,78.2666666666667,80.2,1.41286666666667,3,3
" ID","Idaho County",79.825,78.025,83.5,1.9132,4,4
" CA","Imperial County",80.0241379310345,77.6758620689655,84.6068965517241,2.08568965517241,29,29
" AR","Independence County",76.5571428571429,68.3285714285714,77.3428571428571,1.51757142857143,7,7
" FL","Indian River County",79.6777777777778,78.5851851851852,83.6740740740741,1.97893703703704,27,27
" PA","Indiana County",78.82,77.725,80.42,1.51131,20,20
" MI","Ingham County",77.9459016393443,72.6672131147541,81.4393442622951,1.73587868852459,61,61
" CA","Inyo County",80.7666666666667,79.65,88.5,1.78268333333333,6,6
" MI","Ionia County",78.5333333333333,76.1166666666667,80.6583333333333,1.51459166666667,12,12
" MI","Iosco County",76.05,70.925,77.15,1.868475,8,8
" IA","Iowa County",79.85,78.525,84.025,1.400625,4,4
" WI","Iowa County",80.7,79.5833333333333,88.5166666666667,1.44911666666667,6,6
" NC","Iredell County",76.965,72.4,79.1625,1.888965,40,40
" TX","Irion County",79.2,77.6,79.5,1.2104,1,1
" MI","Iron County",81.36,79.16,86.72,2.03498,5,5
" MO","Iron County",75.4,64.4666666666667,77.2666666666667,1.91763333333333,3,3
" UT","Iron County",79.1857142857143,77.8285714285714,79.8142857142857,1.6571,7,7
" WI","Iron County",80.1333333333333,78.8333333333333,85.5333333333333,2.54726666666667,3,3
" IL","Iroquois County",77.7666666666667,73.1777777777778,78.7666666666667,1.51162222222222,9,9
" GA","Irwin County",76.2,75.2,77.5,1.9122,2,2
" MI","Isabella County",78.4307692307692,76.1,79.3384615384615,1.50405384615385,13,13
" MN","Isanti County",80.9125,76.7875,84.2375,1.725725,8,8
" WA","Island County",81.4368421052632,78.5157894736842,87.9157894736842,2.26945789473684,19,19
" VA","Isle of Wight County",77.45,74.3625,78.4625,1.3916625,8,8
" MS","Issaquena County",72.2,56.9,75.1,1.4165,1,1
" MN","Itasca County",79.8909090909091,76.7545454545455,82.7727272727273,1.68009090909091,11,11
" MS","Itawamba County",74.96,64.22,76.06,1.54812,5,5
" AR","Izard County",78.45,77.425,83,1.880525,4,4
" TX","Jack County",76.8,71.2666666666667,83.3666666666667,2.2879,3,3
" AL","Jackson County",73.5727272727273,58.5636363636364,75.3181818181818,1.38127272727273,11,11
" AR","Jackson County",74.42,64.7,76.46,1.44472,5,5
" CO","Jackson County",78.7,77.6,79.5,1.1642,1,1
" FL","Jackson County",74.7272727272727,65.4363636363636,76.3727272727273,1.34683636363636,11,11
" GA","Jackson County",75.8545454545455,67.3181818181818,76.7727272727273,1.34503636363636,11,11
" IA","Jackson County",78.6833333333333,75.05,84.45,1.35766666666667,6,6
" IL","Jackson County",76.45,70.6333333333333,78.05,1.7182,12,12
" IN","Jackson County",76.05,68.8,77.35,1.48679,10,10
" KS","Jackson County",79.4333333333333,78.1333333333333,80.2333333333333,1.4106,3,3
" KY","Jackson County",72.6666666666667,56.9,75.1,1.69136666666667,3,3
" MI","Jackson County",77.1189189189189,72.4756756756757,79.572972972973,1.431,37,37
" MN","Jackson County",84.75,81.7,97.5,2.036975,4,4
" MO","Jackson County",75.7732954545454,68.5142045454545,78.9278409090909,1.92123238636364,176,176
" MS","Jackson County",75.1208333333333,67.2125,76.7333333333333,1.7061625,24,24
" NC","Jackson County",78.3,74.9111111111111,80.3555555555556,1.82272222222222,9,9
" OH","Jackson County",73.4857142857143,56.9,75.1,1.4424,7,7
" OK","Jackson County",75.8625,69.7875,77.8625,1.6476375,8,8
" OR","Jackson County",78.34,74.6325,81.55,1.59149,40,40
" SD","Jackson County",80.2,78.45,87.5,3.4987,2,2
" TN","Jackson County",72.35,61.475,75.7,1.668525,4,4
" TX","Jackson County",78.7333333333333,77.4666666666667,79.5333333333333,1.4648,3,3
" WI","Jackson County",79.76,75.5,86.24,1.59378,5,5
" WV","Jackson County",78.0166666666667,77.0833333333333,81.5,2.15011666666667,6,6
" LA","Jackson Parish",75.28,67.88,76.54,1.33616,5,5
" VA","James City County",81.1363636363636,77.9272727272727,85.1545454545455,1.57938181818182,11,11
" GA","Jasper County",75.3666666666667,69.1,76.7,1.77053333333333,3,3
" IA","Jasper County",79.0444444444445,75.6333333333333,82.5777777777778,1.66568888888889,9,9
" IL","Jasper County",78.6333333333333,78.1666666666667,84.8333333333333,1.54986666666667,3,3
" IN","Jasper County",77.1625,76.4,78.5,1.792425,8,8
" MO","Jasper County",75.7,67.9181818181818,77.3318181818182,1.40010454545455,22,22
" MS","Jasper County",74.575,66.05,76.3,1.62885,4,4
" SC","Jasper County",75.85,71.225,77.4,1.6706,4,4
" TX","Jasper County",75.2375,61.775,75.95,1.5388125,8,8
" IN","Jay County",76.4714285714286,68.9714285714286,79.9,1.77885714285714,7,7
" GA","Jeff Davis County",73.6,56.9,75.1,1.42103333333333,3,3
" TX","Jeff Davis County",82.2,81.7,97.5,1.3648,1,1
" AL","Jefferson County",74.1636942675159,64.4968152866242,77.5471337579618,1.80076050955414,157,157
" AR","Jefferson County",73.2173913043478,60.3782608695652,75.7826086956522,1.80210434782609,23,23
" CO","Jefferson County",79.9404958677686,77.3710743801653,85.4057851239669,1.91678760330579,121,121
" FL","Jefferson County",76.5,76,78.1666666666667,1.19066666666667,3,3
" GA","Jefferson County",75.4,63,75.9,1.393,3,3
" IA","Jefferson County",80.3,78.1666666666667,84.8333333333333,1.8331,3,3
" ID","Jefferson County",80.725,79.625,85.05,1.718325,4,4
" IL","Jefferson County",75.9818181818182,69.7818181818182,77.7363636363636,1.63715454545455,11,11
" IN","Jefferson County",75.5714285714286,69.9714285714286,76.8142857142857,1.53825714285714,7,7
" KS","Jefferson County",77.85,76.9,79.025,1.4104,4,4
" KY","Jefferson County",76.0615384615385,69.3928571428571,79.9291208791209,1.77851758241758,182,182
" MO","Jefferson County",76.4682926829268,71.090243902439,77.5439024390244,1.52084634146341,41,41
" MS","Jefferson County",76.15,66.05,76.3,2.53245,2,2
" MT","Jefferson County",79.8,78.9333333333333,80.9,2.23813333333333,3,3
" NE","Jefferson County",76.3333333333333,70.5666666666667,78.0666666666667,1.52383333333333,3,3
" NY","Jefferson County",80.0590909090909,77.0681818181818,86.1909090909091,1.67014545454545,22,22
" OH","Jefferson County",74.1739130434783,65.2565217391304,76.495652173913,1.7217652173913,23,23
" OK","Jefferson County",75.9333333333333,69.9,77.3666666666667,1.69546666666667,3,3
" OR","Jefferson County",78,77.4833333333333,81.8333333333333,1.546,6,6
" PA","Jefferson County",77.7461538461538,73.9615384615385,79.6,1.36156153846154,13,13
" TN","Jefferson County",75.525,68.3375,76.6,1.1599375,8,8
" TX","Jefferson County",74.9569230769231,66.1184615384615,77.32,1.85124153846154,65,65
" WA","Jefferson County",81.3714285714286,79.9285714285714,87.8142857142857,1.84764285714286,7,7
" WI","Jefferson County",80.4526315789474,77.9631578947368,83.7315789473684,1.98020526315789,19,19
" WV","Jefferson County",77.9333333333333,73.9066666666667,81.9666666666667,1.90577333333333,15,15
" MS","Jefferson Davis County",74.4666666666667,63,75.9,1.89066666666667,3,3
" LA","Jefferson Davis Parish",74.7571428571429,65.4285714285714,76.7,1.44627142857143,7,7
" LA","Jefferson Parish",76.3135593220339,69.6271186440678,78.6838983050847,1.88590593220339,118,118
" GA","Jenkins County",73.75,56.9,75.1,1.4829,2,2
" IN","Jennings County",77.6666666666667,71.3166666666667,81.05,2.2865,6,6
" SD","Jerauld County",80.5,79.6,81.6,1.5174,1,1
" ID","Jerome County",78.46,77.04,79.12,1.3838,5,5
" IL","Jersey County",77.0833333333333,73.75,78.4333333333333,1.33195,6,6
" KY","Jessamine County",76.9625,69.7375,77.875,1.55275,8,8
" KS","Jewell County",79.9,79.6,81.6,1.6298,1,1
" TX","Jim Hogg County",76.1,67.25,77.3,2.06015,2,2
" TX","Jim Wells County",76.6285714285714,71.2428571428571,79.9571428571429,1.72545714285714,7,7
" IL","Jo Daviess County",80.1,78.74,83.54,1.32334,5,5
" AR","Johnson County",77.3166666666667,73.2833333333333,78.1166666666667,1.46485,6,6
" GA","Johnson County",76.2,69.9,77.3666666666667,1.8937,3,3
" IA","Johnson County",82.1421052631579,79.7157894736842,88.9842105263158,2.42369473684211,19,19
" IL","Johnson County",77.4333333333333,76.8,78.8333333333333,1.33113333333333,3,3
" IN","Johnson County",77.6857142857143,73.5666666666667,79.3428571428571,1.59504285714286,21,21
" KS","Johnson County",80.7181034482759,78.8913793103448,85.9534482758621,1.92465172413793,116,116
" KY","Johnson County",74.05,63,75.9,1.85063333333333,6,6
" MO","Johnson County",77.7,72.6375,80.4,1.6617875,8,8
" NE","Johnson County",78.7,77.4,79.55,1.62715,2,2
" TN","Johnson County",73.72,60.56,75.58,1.74038,5,5
" TX","Johnson County",76.9851851851852,74.3518518518518,78.2851851851852,1.52168518518519,27,27
" WY","Johnson County",83.9,81.7,97.5,2.3803,2,2
" NC","Johnston County",77.1625,73.4875,78.8583333333333,1.66445,24,24
" OK","Johnston County",78.7333333333333,72.0666666666667,84.0333333333333,1.86606666666667,3,3
" GA","Jones County",75.1333333333333,63.8,76.5666666666667,1.68668333333333,6,6
" IA","Jones County",80.84,78.74,83.54,1.78062,5,5
" MS","Jones County",75.2692307692308,66.2384615384615,76.9846153846154,1.55168461538462,13,13
" NC","Jones County",77.1,70.5666666666667,78.0666666666667,1.9977,3,3
" TX","Jones County",73.45,61.475,75.7,1.73215,4,4
" OR","Josephine County",76.85625,74.80625,77.975,1.63853125,16,16
" UT","Juab County",79.05,77.6,79.5,1.23745,2,2
" MT","Judith Basin County",82.7,81.7,97.5,2.8264,1,1
" AK","Juneau City and Borough",81.1666666666667,76.8666666666667,88.4666666666667,2.3977,6,6
" WI","Juneau County",78.7285714285714,78.1285714285714,82.0857142857143,1.54485714285714,7,7
" PA","Juniata County",79.38,78.34,83.12,1.42406,5,5
" MI","Kalamazoo County",78.9269230769231,76.0346153846154,83.1269230769231,1.56674038461538,52,52
" MI","Kalkaska County",76.74,75.68,77.9,1.47152,5,5
" MN","Kanabec County",80.225,79.025,84.55,1.477275,4,4
" WV","Kanawha County",75.034693877551,66.5367346938775,77.4673469387755,1.58746326530612,49,49
" MN","Kandiyohi County",81.425,79.575,87.3666666666667,1.49769166666667,12,12
" IL","Kane County",80.26125,78.84125,85.2,1.97559,80,80
" UT","Kane County",82.1,79.65,88.5,2.1154,2,2
" IL","Kankakee County",77.4896551724138,71.1793103448276,80.6965517241379,1.98526551724138,29,29
" TX","Karnes County",79.275,78.45,87.5,2.0445,4,4
" HI","Kauai County",84.4666666666667,80.8333333333333,92.025,2.03526666666667,12,12
" TX","Kaufman County",76.4375,72.475,78.55,1.58906875,16,16
" OK","Kay County",74.8363636363636,67.1,76.5909090909091,1.28868181818182,11,11
" NE","Kearney County",78.3,77.4,79.55,1.2203,2,2
" KS","Kearny County",78.4,77.6,79.5,1.2876,1,1
" NE","Keith County",77.0666666666667,69.9,77.3666666666667,2.06703333333333,3,3
" MS","Kemper County",75.85,68.25,78.35,1.3594,2,2
" AK","Kenai Peninsula Borough",80.1666666666667,79.2333333333333,85.8666666666667,1.88955,12,12
" IL","Kendall County",79.9,79.02,83.73,1.60787,10,10
" TX","Kendall County",81.1333333333333,79.9666666666667,86.55,1.85998333333333,6,6
" ME","Kennebec County",77.8214285714286,73.4607142857143,80.4285714285714,1.90853214285714,28,28
" WI","Kenosha County",77.5935483870968,73.1709677419355,80.6483870967742,1.90225806451613,31,31
" DE","Kent County",76.8,72.6137931034483,78.048275862069,1.61810689655172,29,29
" MD","Kent County",78.86,74.66,79.88,1.55722,5,5
" MI","Kent County",79.6682926829268,77.3325203252032,84.8284552845528,1.87826910569106,123,123
" RI","Kent County",78.8702702702703,76.9513513513513,82.0891891891892,1.58173783783784,37,37
" KY","Kenton County",75.1926829268293,68.7146341463415,78.8463414634146,1.85644634146341,41,41
" IA","Keokuk County",79.775,79.1,81.075,1.81655,4,4
" CA","Kern County",76.8313432835821,72.0791044776119,78.6694029850746,1.83411791044776,134,134
" TX","Kerr County",78.44,77.45,80.92,1.66421,10,10
" SC","Kershaw County",75.38,68.1733333333333,76.8133333333333,1.74025333333333,15,15
" AK","Ketchikan Gateway Borough",79.85,78.5,80.575,1.594175,4,4
" WI","Kewaunee County",81.3333333333333,79.6333333333333,86.2,1.45896666666667,3,3
" MI","Keweenaw County",82.7,81.7,97.5,1.7952,1,1
" ND","Kidder County",84.6,81.7,97.5,2.5429,1,1
" NE","Kimball County",77.3,75.2,77.5,1.1196,1,1
" TX","Kimble County",81.7,79.65,88.5,2.48005,2,2
" WA","King County",81.2018518518519,79.0822751322751,87.4058201058201,1.93037804232804,378,378
" VA","King George County",78.86,74.2,82.24,1.82502,5,5
" VA","King William County",75.925,70.625,76.9,1.57955,4,4
" VA","King and Queen County",78.5,69.3,86.3,1.7598,2,2
" OK","Kingfisher County",80.7,74.475,87.4,1.745525,4,4
" KS","Kingman County",78.7666666666667,77.4666666666667,79.5333333333333,1.73833333333333,3,3
" CA","Kings County",78.425,77.5458333333333,81.35,1.82390833333333,24,24
" NY","Kings County",80.0612359550562,77.5227528089888,85.3547752808989,2.17750238764045,712,712
" SD","Kingsbury County",79.35,78.6,80.55,1.4174,2,2
" CO","Kiowa County",78.2,77.6,79.5,0.8861,1,1
" KS","Kiowa County",80.8,79.6,81.6,1.5408,1,1
" OK","Kiowa County",72.2,63,75.9,1.65626666666667,3,3
" CO","Kit Carson County",80.0333333333333,78.9333333333333,80.9,1.75666666666667,3,3
" WA","Kitsap County",79.3808510638298,76.4851063829787,83.4893617021277,1.71202127659574,47,47
" WA","Kittitas County",80.7375,79.075,84.5375,1.908925,8,8
" MN","Kittson County",79.95,78.6,80.55,1.3962,2,2
" OR","Klamath County",77.63,71.925,80.9,2.001,20,20
" TX","Kleberg County",76.58,72.02,77.42,1.21196,5,5
" WA","Klickitat County",82.7333333333333,79.6333333333333,86.2,1.94656666666667,3,3
" KY","Knott County",73.84,60.56,75.58,1.54436,5,5
" IL","Knox County",76.2733333333333,70.0066666666667,77.5133333333333,1.50180666666667,15,15
" IN","Knox County",75.64,68.6,77.14,1.41056,10,10
" KY","Knox County",73.475,62.025,76.2125,2.1951,8,8
" ME","Knox County",78.85,77.75,79.7875,1.539975,8,8
" MO","Knox County",77.35,76.4,78.5,1.3433,2,2
" NE","Knox County",79.6333333333333,78.9333333333333,80.9,1.40066666666667,3,3
" OH","Knox County",77.175,73.6583333333333,79.6083333333333,1.508825,12,12
" TN","Knox County",76.047,68.85,78.245,1.772272,100,100
" TX","Knox County",77.05,76.4,78.5,1.52515,2,2
" AK","Kodiak Island Borough",80.4,78.9333333333333,80.9,2.59076666666667,3,3
" MN","Koochiching County",78.75,77.4,79.55,1.788075,4,4
" ID","Kootenai County",79.4,77.6565217391304,82.8304347826087,1.64283913043478,23,23
" IN","Kosciusko County",77.9473684210526,76.3736842105263,80.7578947368421,1.6593,19,19
" IA","Kossuth County",79.75,78.55,82.8666666666667,1.65186666666667,6,6
" WI","La Crosse County",79.2631578947368,73.6263157894737,82.8,2.04167368421053,19,19
" AZ","La Paz County",76.7285714285714,71.9285714285714,80.5285714285714,1.75547142857143,7,7
" CO","La Plata County",81.72,80.22,90.52,1.82232,10,10
" IL","La Salle County",77.3535714285714,74.2821428571429,80.1642857142857,1.46724285714286,28,28
" TX","La Salle County",79.2,77.6,79.5,1.7253,1,1
" LA","La Salle Parish",77.8,77.4666666666667,79.5333333333333,1.54846666666667,3,3
" IN","LaGrange County",79.2125,78.0125,81.775,1.7116125,8,8
" ND","LaMoure County",80.35,79.6,81.6,1.7064,2,2
" IN","LaPorte County",75.5535714285714,67.425,78.0285714285714,1.73371071428571,28,28
" KS","Labette County",75.15,66.8625,78.8,1.8046875,8,8
" MN","Lac qui Parle County",79.1666666666667,78.9666666666667,85.5,1.14936666666667,3,3
" PA","Lackawanna County",76.6649122807018,71.0052631578947,78.8982456140351,1.71658596491228,57,57
" MO","Laclede County",75.7166666666667,69.5,77.0333333333333,1.532,6,6
" AR","Lafayette County",73.55,66.05,76.3,1.018,2,2
" FL","Lafayette County",77.2,75.2,77.5,1.617,1,1
" MO","Lafayette County",77.0571428571429,73.6142857142857,78.0142857142857,1.38181428571429,7,7
" MS","Lafayette County",77.8777777777778,75.1333333333333,80.5888888888889,2.35596666666667,9,9
" WI","Lafayette County",82.46,80.88,93.9,1.96314,5,5
" LA","Lafayette Parish",77.7702702702703,74.3216216216216,80.9162162162162,1.78665945945946,37,37
" LA","Lafourche Parish",75.5571428571429,68.8,77.0619047619048,1.73705714285714,21,21
" CA","Lake County",74.8214285714286,67.3142857142857,78.4571428571429,1.76097142857143,14,14
" CO","Lake County",78.6,77.6,79.5,2.1789,1,1
" FL","Lake County",77.7647058823529,74.6764705882353,80.5941176470588,1.84677058823529,51,51
" IL","Lake County",80.1797202797203,78.1846153846154,84.9398601398601,1.82378601398601,143,143
" IN","Lake County",75.1725663716814,67.312389380531,77.7398230088496,1.75137079646018,113,113
" MI","Lake County",78.35,72.925,78.925,1.694475,4,4
" MN","Lake County",79.7,78.1666666666667,84.8333333333333,1.48326666666667,3,3
" MT","Lake County",79.9375,78.525,84.025,1.9292125,8,8
" OH","Lake County",78.0071428571429,75.4946428571428,80.0196428571429,1.5892,56,56
" OR","Lake County",79.15,78.6,80.55,1.75325,2,2
" SD","Lake County",83.5333333333333,80.3333333333333,91.5,2.48523333333333,3,3
" TN","Lake County",73.5,66.05,76.3,1.354,2,2
" AK","Lake and Peninsula Borough",77,75.2,77.5,0.8609,1,1
" MN","Lake of the Woods County",83.35,81.7,97.5,2.7872,2,2
" AL","Lamar County",74.8666666666667,63,75.9,1.7614,3,3
" GA","Lamar County",74.5,63,75.9,1.17003333333333,3,3
" MS","Lamar County",76.3125,71.7375,79.65,1.4775125,8,8
" TX","Lamar County",74.3916666666667,68.6833333333333,78.675,1.58168333333333,12,12
" TX","Lamb County",77.08,69.24,77.76,1.33182,5,5
" VT","Lamoille County",80.6428571428571,79.3428571428571,85.2428571428571,1.6824,7,7
" TX","Lampasas County",78.475,73.425,79.45,1.99265,4,4
" NE","Lancaster County",79.2661538461538,75.8523076923077,84.1723076923077,1.98499076923077,65,65
" PA","Lancaster County",79.8418367346939,77.2489795918367,85.0979591836735,1.68166632653061,98,98
" SC","Lancaster County",75.4615384615385,66.3461538461538,79.2846153846154,1.60542307692308,13,13
" VA","Lancaster County",78.4,77.4666666666667,79.5333333333333,1.57016666666667,3,3
" NV","Lander County",79.8,79.6,81.6,1.663,1,1
" KS","Lane County",79.8,79.6,81.6,1.5592,1,1
" OR","Lane County",78.7645569620253,75.8746835443038,81.8291139240506,1.72556835443038,79,79
" WI","Langlade County",79.76,74.28,82.22,2.30098,5,5
" GA","Lanier County",76.75,75.2,77.5,2.51405,2,2
" MI","Lapeer County",77.9909090909091,76.15,78.9545454545455,1.4774,22,22
" WY","Laramie County",80.4411764705882,78.8529411764706,84.9352941176471,2.23092352941176,17,17
" CO","Larimer County",80.5459016393443,78.9147540983607,85.0409836065574,2.00785573770492,61,61
" KY","Larue County",74.675,66.05,76.3,1.408975,4,4
" CO","Las Animas County",78.6166666666667,75.45,84.7833333333333,2.2442,6,6
" CA","Lassen County",76.425,69.75,79.6,1.702125,8,8
" ID","Latah County",80.3,79.3285714285714,83.2714285714286,1.66804285714286,7,7
" OK","Latimer County",76.5666666666667,65.1666666666667,82.5666666666667,1.55256666666667,3,3
" AL","Lauderdale County",74.6545454545455,67.4090909090909,76.8681818181818,1.4937,22,22
" MS","Lauderdale County",74.4333333333333,66.5611111111111,76.75,1.82123888888889,18,18
" TN","Lauderdale County",74.0625,66.05,76.3,2.3544125,8,8
" KY","Laurel County",75.0909090909091,65.6545454545455,76.5545454545454,1.6941,11,11
" GA","Laurens County",73.6916666666667,63,75.9,1.68283333333333,12,12
" SC","Laurens County",75.4533333333333,64.8333333333333,76.6,1.77616,15,15
" TX","Lavaca County",78.9833333333333,75.1666666666667,82.1166666666667,1.75636666666667,6,6
" AL","Lawrence County",73.7428571428571,62.1285714285714,75.7857142857143,1.75334285714286,7,7
" AR","Lawrence County",76.95,71.2666666666667,83.3666666666667,1.71541666666667,6,6
" IL","Lawrence County",72.38,64.7,76.46,1.58442,5,5
" IN","Lawrence County",74.78,67.41,77.52,1.50702,10,10
" KY","Lawrence County",73.26,60.56,75.58,1.61472,5,5
" MO","Lawrence County",76.5571428571428,68.3857142857143,77.3285714285714,1.2742,7,7
" MS","Lawrence County",73.6333333333333,63,75.9,1.46246666666667,3,3
" OH","Lawrence County",74.225,64.90625,76.15,1.55815,16,16
" PA","Lawrence County",76.9892857142857,72.2464285714286,81.4071428571429,1.79476428571429,28,28
" SD","Lawrence County",79.26,78.74,83.54,1.50222,5,5
" TN","Lawrence County",74.9636363636364,66.8818181818182,76.4090909090909,1.58766363636364,11,11
" OK","Le Flore County",74.4166666666667,63.6,76.4,1.4142,12,12
" MN","Le Sueur County",81.35,79.9666666666667,86.55,1.54893333333333,6,6
" NM","Lea County",76.94375,72.1375,80.0375,2.11043125,16,16
" MS","Leake County",73.94,64.22,76.06,1.49108,5,5
" KS","Leavenworth County",77.3357142857143,74.6785714285714,80.0357142857143,1.71655714285714,14,14
" PA","Lebanon County",78.9483870967742,75.2709677419355,82.1096774193548,1.59155806451613,31,31
" AL","Lee County",77.5478260869565,73.7739130434783,81.0826086956522,2.01023043478261,23,23
" AR","Lee County",73.475,62.075,76.2,1.900175,4,4
" FL","Lee County",78.6875,75.0713235294118,81.6426470588235,2.04829044117647,136,136
" GA","Lee County",77.75,76.3,78.525,1.6596,4,4
" IA","Lee County",76.9272727272727,70.3727272727273,79.5545454545454,1.66873636363636,11,11
" IL","Lee County",78,75.4444444444444,80.8,1.56873333333333,9,9
" KY","Lee County",72.6666666666667,56.9,75.1,1.5308,3,3
" MS","Lee County",77.3722222222222,74.1222222222222,81.2222222222222,1.94014444444444,18,18
" NC","Lee County",75.9461538461538,71.8692307692308,77.7230769230769,1.56479230769231,13,13
" SC","Lee County",73.2833333333333,56.9,75.1,1.43126666666667,6,6
" TX","Lee County",78.3,77.5,79.525,1.55355,4,4
" VA","Lee County",77,73.2833333333333,78.1166666666667,1.83816666666667,6,6
" MI","Leelanau County",82.68,80.86,91.14,1.45838,5,5
" MS","Leflore County",72.6875,56.9,75.1,1.6002,8,8
" PA","Lehigh County",79.35,77.7256756756757,83.7783783783784,1.66628108108108,74,74
" ID","Lemhi County",79.1333333333333,73.4333333333333,90.0333333333333,2.96653333333333,3,3
" MI","Lenawee County",77.9478260869565,74.195652173913,79.6260869565217,1.50368260869565,23,23
" NC","Lenoir County",74.2857142857143,62.1285714285714,75.7857142857143,1.72752142857143,14,14
" FL","Leon County",77.5754385964912,72.4070175438597,80.9175438596491,1.96961228070175,57,57
" TX","Leon County",81.9333333333333,79.6333333333333,86.2,2.20536666666667,3,3
" KY","Leslie County",74.0333333333333,56.9,75.1,2.2249,3,3
" KY","Letcher County",72.8714285714286,56.9,75.1,1.56684285714286,7,7
" FL","Levy County",74.925,68.3375,76.6,1.7022625,8,8
" ID","Lewis County",81.85,80.65,89.55,1.98075,2,2
" KY","Lewis County",75.725,66.65,76.8,1.7919,4,4
" MO","Lewis County",77.075,71.725,77.925,1.585525,4,4
" NY","Lewis County",84.7428571428571,81.1,92.9571428571429,2.49267142857143,7,7
" TN","Lewis County",75.75,66.05,76.3,1.26645,2,2
" WA","Lewis County",78.315,73.685,79.645,1.81373,20,20
" WV","Lewis County",74.28,64.22,76.06,1.47066,5,5
" MT","Lewis and Clark County",79.2785714285714,77.2285714285714,83.3571428571429,1.85863571428571,14,14
" SC","Lexington County",77.7394366197183,72.2394366197183,80.0070422535211,2.0714,71,71
" VA","Lexington city",78.6,77.6,79.5,1.0552,1,1
" FL","Liberty County",75.85,67.25,77.3,1.09725,2,2
" GA","Liberty County",75.97,72.02,77.42,1.96756,10,10
" MT","Liberty County",77.9,77.6,79.5,0.666,1,1
" TX","Liberty County",76.1076923076923,69.1846153846154,78.5846153846154,1.63817692307692,13,13
" OH","Licking County",77.0290322580645,72.6612903225806,79.2967741935484,1.46396451612903,31,31
" AL","Limestone County",75.98125,69.3375,77.4875,1.5689,16,16
" TX","Limestone County",76.3,67.7125,79.5625,2.1673625,8,8
" AR","Lincoln County",76.025,67.675,81.3,2.3286,4,4
" CO","Lincoln County",80.8,79.65,88.5,1.7958,2,2
" GA","Lincoln County",76.35,67.25,77.3,1.9906,2,2
" ID","Lincoln County",79.1,77.6,79.5,0.5113,1,1
" KS","Lincoln County",80.3,79.6,81.6,1.3373,1,1
" KY","Lincoln County",73.26,64.22,76.06,1.65252,5,5
" ME","Lincoln County",79.0142857142857,78.1285714285714,82.0857142857143,1.56307142857143,7,7
" MN","Lincoln County",81.3,79.6,81.6,1.3724,2,2
" MO","Lincoln County",76.6285714285714,70.6,77.4,1.29778571428571,7,7
" MS","Lincoln County",73.2666666666667,63,75.9,1.3656,6,6
" MT","Lincoln County",78.82,74.14,85.02,1.97566,5,5
" NC","Lincoln County",77.2722222222222,70.7111111111111,79.7111111111111,1.71635555555556,18,18
" NE","Lincoln County",79.7125,76.5,85.7125,1.9333375,8,8
" NM","Lincoln County",81.675,80.675,93,2.31235,4,4
" NV","Lincoln County",78.85,78.45,87.5,2.7503,2,2
" OK","Lincoln County",76.6714285714286,75.5428571428571,77.7857142857143,1.24091428571429,7,7
" OR","Lincoln County",77.9117647058823,75.8882352941176,78.9058823529412,1.93317058823529,17,17
" SD","Lincoln County",80.75,79.3875,86.5125,1.84365,8,8
" TN","Lincoln County",75.4111111111111,69.1,76.7,1.45476666666667,9,9
" WA","Lincoln County",81.05,80.15,89.025,1.732525,4,4
" WI","Lincoln County",78.2888888888889,74.3111111111111,83,2.04455555555556,9,9
" WV","Lincoln County",72.58,60.56,75.58,1.88016,5,5
" WY","Lincoln County",80.55,79.65,88.5,1.897725,4,4
" LA","Lincoln Parish",77.3,71.8222222222222,80.7333333333333,1.72976666666667,9,9
" IA","Linn County",79.3295454545455,76.0772727272727,84.0590909090909,1.78006136363636,44,44
" KS","Linn County",78.2,76.4,78.5,1.3083,2,2
" MO","Linn County",76.54,69.32,77.74,1.28922,5,5
" OR","Linn County",77.8857142857143,72.2190476190476,78.852380952381,1.45460952380952,21,21
" TX","Lipscomb County",81.25,79.65,88.5,1.53955,2,2
" CT","Litchfield County",80.0891304347826,77.3086956521739,83.7239130434783,1.80642826086957,46,46
" AR","Little River County",75.6,66.65,76.8,1.6878,4,4
" TX","Live Oak County",78.65,73.95,83.425,2.010375,4,4
" IL","Livingston County",77.33,75.21,78.88,1.59576,10,10
" KY","Livingston County",75,66.05,76.3,1.20625,2,2
" MI","Livingston County",79.3385964912281,76.7701754385965,82.6157894736842,1.90215789473684,57,57
" MO","Livingston County",77.875,72.85,82.4,1.7884,4,4
" NY","Livingston County",81.1615384615385,80.1,87.3923076923077,1.65560769230769,13,13
" LA","Livingston Parish",76.04,68.36,76.94,1.62389333333333,15,15
" TX","Llano County",78.84,77.86,82.72,2.06684,5,5
" AR","Logan County",75.8833333333333,69.9,77.3666666666667,1.68418333333333,6,6
" CO","Logan County",78.1833333333333,76.8,78.8333333333333,1.49515,6,6
" IL","Logan County",77.175,72.0375,79.9,1.503625,8,8
" KS","Logan County",79.8,79.6,81.6,1.4751,1,1
" KY","Logan County",75.1666666666667,69.1,76.7,1.40461666666667,6,6
" ND","Logan County",79.3,77.6,79.5,1.7951,1,1
" NE","Logan County",77.6,77.6,79.5,0.8046,1,1
" OH","Logan County",76.9181818181818,72.0636363636364,78.5090909090909,1.5767,11,11
" OK","Logan County",77.9875,73.1375,80.925,1.9330625,8,8
" WV","Logan County",75.8333333333333,73.3555555555556,79.0111111111111,2.26868888888889,9,9
" GA","Long County",76.45,75.2,77.5,1.49865,2,2
" AR","Lonoke County",75,63.6133333333333,76.44,1.77384,15,15
" OH","Lorain County",76.8666666666667,71.0246376811594,79.2434782608696,1.58693188405797,69,69
" NM","Los Alamos County",83.1666666666667,81.7,97.5,1.64243333333333,3,3
" CA","Los Angeles County",80.5616400911162,78.5082460136674,86.106013667426,2.06529138952164,2195,2195
" TN","Loudon County",76.11,67.38,78.91,1.66618,10,10
" VA","Loudoun County",81.8622222222222,80.4022222222222,90.0622222222222,2.34988444444444,45,45
" IA","Louisa County",80.7,78.8333333333333,85.5333333333333,1.9168,3,3
" VA","Louisa County",77.5666666666667,77.0666666666667,79.2,1.39196666666667,6,6
" OK","Love County",76.1,71.3666666666667,78.7333333333333,1.25816666666667,3,3
" AL","Lowndes County",73.7,61.475,75.7,1.9185,4,4
" GA","Lowndes County",75.692,69.08,77.592,1.881552,25,25
" MS","Lowndes County",76.0615384615385,67.9538461538462,77.4923076923077,1.63746923076923,13,13
" TX","Lubbock County",76.9327586206897,70.2741379310345,79.6086206896552,1.80819827586207,58,58
" IA","Lucas County",77.3,71.825,77.9,1.609525,4,4
" OH","Lucas County",75.1235772357724,68.5056910569106,78.1040650406504,1.86205365853659,123,123
" MI","Luce County",81.5,80.65,89.55,1.68055,2,2
" GA","Lumpkin County",77.4,76.3,78.525,1.733675,4,4
" NM","Luna County",76.7666666666667,73.35,78.1,1.58928333333333,6,6
" VA","Lunenburg County",76,69.9,77.3666666666667,1.59316666666667,3,3
" PA","Luzerne County",76.5282828282828,70.4606060606061,78.3282828282828,1.7002101010101,99,99
" PA","Lycoming County",79.0703703703704,76.4703703703704,82.3074074074074,1.56636296296296,27,27
" SD","Lyman County",82.35,69.3,86.3,2.7148,2,2
" VA","Lynchburg city",76.3266666666667,68.4333333333333,79.86,1.37739333333333,15,15
" TX","Lynn County",78.6666666666667,78.2666666666667,80.2,1.87183333333333,3,3
" IA","Lyon County",81.0666666666667,80.3333333333333,91.5,1.2292,3,3
" KS","Lyon County",78.0875,77.5,79.525,2.0149,8,8
" KY","Lyon County",77.1,76.4,78.5,1.7802,2,2
" MN","Lyon County",80.0285714285714,78.9857142857143,82.9857142857143,1.34385714285714,7,7
" NV","Lyon County",78.0375,73.15,82.65,1.8784625,8,8
" MI","Mackinac County",81.94,80.06,90.3,2.10202,5,5
" MI","Macomb County",77.1196078431373,72.1862745098039,79.7426470588235,1.70651666666667,204,204
" AL","Macon County",73.0727272727273,60.4454545454545,75.7181818181818,2.28716363636364,11,11
" GA","Macon County",76.9,65.1666666666667,82.5666666666667,1.77896666666667,3,3
" IL","Macon County",76.3823529411765,69.5529411764706,79.0705882352941,1.79545,34,34
" MO","Macon County",77.32,72.9,78.24,1.5732,5,5
" NC","Macon County",78.0444444444445,76.6777777777778,80.4,1.67703333333333,9,9
" TN","Macon County",74,61.475,75.7,1.20085,4,4
" IL","Macoupin County",77.4166666666667,74.8416666666667,78.3083333333333,1.31016666666667,12,12
" CA","Madera County",77.9045454545455,75.5045454545455,79.6636363636364,1.68693636363636,22,22
" AL","Madison County",76.7985294117647,70.7352941176471,80.1132352941176,1.75302941176471,68,68
" AR","Madison County",75.5,66.65,76.8,1.2405,4,4
" FL","Madison County",76.14,72.5,77.82,2.03784,5,5
" GA","Madison County",75.3,66.45,76.6333333333333,1.44733333333333,6,6
" IA","Madison County",80.2,79.5333333333333,90.8333333333333,1.68636666666667,3,3
" ID","Madison County",79.1666666666667,74.7666666666667,81.7833333333333,1.75706666666667,6,6
" IL","Madison County",76.435,70.29,78.25,1.58488833333333,60,60
" IN","Madison County",75.2305555555556,68.0055555555556,78.05,1.60789444444444,36,36
" KY","Madison County",76.1411764705882,70.5,77.3882352941176,1.70920588235294,17,17
" MO","Madison County",74.15,56.9,75.1,1.35035,2,2
" MS","Madison County",78.79,74.415,81.755,2.105045,20,20
" MT","Madison County",84.1333333333333,81,92.2,2.5983,3,3
" NC","Madison County",78.6666666666667,77.4166666666667,81.85,1.80891666666667,6,6
" NE","Madison County",79.6666666666667,76.3444444444444,83.2666666666667,1.77298888888889,9,9
" NY","Madison County",81.9,79.6166666666667,83.9,1.4764,6,6
" OH","Madison County",76.5909090909091,69.9363636363636,79.1909090909091,2.02534545454545,11,11
" TN","Madison County",74.98,67.14,77.552,1.783108,25,25
" TX","Madison County",74.9333333333333,63.8,76.5666666666667,1.74243333333333,3,3
" VA","Madison County",78.2,77.4,79.55,1.3127,2,2
" LA","Madison Parish",71.4,56.9,75.1,1.88936,5,5
" KY","Magoffin County",72.7666666666667,56.9,75.1,1.42213333333333,3,3
" IA","Mahaska County",78.2285714285714,74.8714285714286,79.1857142857143,1.37507142857143,7,7
" MN","Mahnomen County",77.2,76.4,78.5,2.2002,2,2
" OH","Mahoning County",75.2088235294118,67.9544117647059,77.8,1.78862647058824,68,68
" OK","Major County",76.8666666666667,71.3666666666667,78.7333333333333,1.46003333333333,3,3
" OR","Malheur County",77.7714285714286,74.5857142857143,78.8857142857143,1.34604285714286,7,7
" VA","Manassas Park city",80.35,79.6,81.6,2.0871,2,2
" VA","Manassas city",80.3,79.2833333333333,83.55,1.94353333333333,6,6
" FL","Manatee County",78.9972972972973,74.1472972972973,83.6216216216216,1.95051351351351,74,74
" MI","Manistee County",77.775,70.55,80.375,1.445325,8,8
" WI","Manitowoc County",79.625,74.3125,85.55,2.01414375,16,16
" WI","Marathon County",80.4111111111111,77.9814814814815,87.8555555555556,1.77895185185185,27,27
" AL","Marengo County",75.2,66.45,76.6333333333333,1.55731666666667,6,6
" AZ","Maricopa County",78.5891820580475,75.8606860158311,81.6633245382586,2.06776306068602,758,758
" MO","Maries County",79.2,77.3666666666667,84.1666666666667,1.90046666666667,3,3
" CA","Marin County",83.3882352941176,80.7901960784314,92.2686274509804,2.04486078431373,51,51
" WI","Marinette County",79.1363636363636,76.1727272727273,82.2090909090909,2.15349090909091,11,11
" AL","Marion County",74.3571428571429,62.1285714285714,75.7857142857143,1.48012857142857,7,7
" AR","Marion County",75.475,62.075,76.2,1.44985,4,4
" FL","Marion County",75.4481481481481,67.1166666666667,77.237037037037,1.59992407407407,54,54
" GA","Marion County",76.45,75.2,77.5,1.74985,2,2
" IA","Marion County",78.675,75.725,81.475,1.3618,8,8
" IL","Marion County",75.625,65.6333333333333,78.275,1.60035833333333,12,12
" IN","Marion County",75.0143540669856,67.0023923444976,78.1282296650718,1.90413253588517,209,209
" KS","Marion County",78.1,77,79,1.1432,4,4
" KY","Marion County",76.2666666666667,72.55,77.4333333333333,1.89745,6,6
" MO","Marion County",76.775,72.0375,79.9,1.623025,8,8
" MS","Marion County",71.65,59.95,75.5,1.67835,6,6
" OH","Marion County",75.0294117647059,66.8529411764706,77.4235294117647,1.57794705882353,17,17
" OR","Marion County",79.3087719298246,77.0052631578947,83.3157894736842,1.72195438596491,57,57
" SC","Marion County",73.75,61.775,75.95,1.92155,8,8
" TN","Marion County",74.3666666666667,66.05,76.3,1.69953333333333,6,6
" TX","Marion County",72.5333333333333,63,75.9,1.98566666666667,3,3
" WV","Marion County",76.4,72.1176470588235,78.0058823529412,1.6182,17,17
" CA","Mariposa County",78.4,77.52,79.52,1.85396,5,5
" SC","Marlboro County",73.7285714285714,62.7571428571429,76.3714285714286,1.57781428571429,7,7
" MI","Marquette County",78.95,76.6681818181818,83.3045454545454,1.85059090909091,22,22
" WI","Marquette County",78.8,77.44,79.54,1.5531,5,5
" AL","Marshall County",74.8333333333333,61.2333333333333,75.8555555555556,1.39011111111111,18,18
" IA","Marshall County",79.04,74.64,82.65,1.77043,10,10
" IL","Marshall County",76.72,68.84,77.34,1.5546,5,5
" IN","Marshall County",78.9416666666667,76.65,81.175,1.66424166666667,12,12
" KS","Marshall County",78.975,77.4,79.55,1.830825,4,4
" KY","Marshall County",75.75,66.45,76.6333333333333,1.4015,6,6
" MN","Marshall County",85.35,81.175,93.525,2.51005,4,4
" MS","Marshall County",74.02,60.56,75.58,1.5309,5,5
" OK","Marshall County",77.825,72.325,78.425,1.662325,4,4
" TN","Marshall County",75.32,71.54,77.02,1.2784,5,5
" WV","Marshall County",75.1777777777778,69.6333333333333,77.1444444444444,1.48421111111111,9,9
" FL","Martin County",81.6064516129032,79.6032258064516,91.0483870967742,1.93043225806452,31,31
" IN","Martin County",78.3666666666667,76.8,78.8333333333333,1.68083333333333,3,3
" KY","Martin County",74.65,56.9,75.1,1.2905,2,2
" MN","Martin County",81.3,79.5833333333333,88.5166666666667,1.85193333333333,6,6
" NC","Martin County",77.08,69.64,78.18,1.5199,5,5
" TX","Martin County",84.2,79.65,88.5,2.84935,2,2
" VA","Martinsville city",73.75,63.1,80.7,1.9621,4,4
" IL","Mason County",75.95,69.1,76.7,1.66881666666667,6,6
" KY","Mason County",75.24,72.02,77.42,1.62276,5,5
" MI","Mason County",77.9625,75.425,81.225,1.31305,8,8
" TX","Mason County",83.2,80.65,89.55,1.8567,2,2
" WA","Mason County",77.5583333333333,75.7166666666667,80.325,1.72215833333333,12,12
" WV","Mason County",76.9666666666667,70.5833333333333,80.3666666666667,1.89918333333333,6,6
" IL","Massac County",74.775,62.075,76.2,1.347725,4,4
" TX","Matagorda County",76.36,72.22,77.63,1.80946,10,10
" AK","Matanuska-Susitna Borough",78.9869565217391,76.7434782608696,80.7260869565217,2.05544782608696,23,23
" VA","Mathews County",82,79.65,88.5,1.6902,2,2
" HI","Maui County",80.8818181818182,79.2151515151515,86.669696969697,1.95648484848485,33,33
" TN","Maury County",76.6294117647059,69.9235294117647,78.5470588235294,1.64206470588235,17,17
" TX","Maverick County",78.4888888888889,75.4777777777778,79.2555555555556,1.58945555555556,9,9
" OK","Mayes County",76.1,66.0222222222222,78.6111111111111,1.4782,9,9
" OK","McClain County",76.35,69.9,77.3666666666667,1.48911666666667,6,6
" MT","McCone County",81.8,81.7,97.5,2.0384,1,1
" SD","McCook County",77.35,76.4,78.5,1.34405,2,2
" SC","McCormick County",77.45,76.4,78.5,1.42805,2,2
" KY","McCracken County",74.8470588235294,65.5235294117647,77.8529411764706,1.58858823529412,17,17
" KY","McCreary County",72.9666666666667,63,75.9,1.56683333333333,3,3
" TX","McCulloch County",78.4666666666667,72.0666666666667,84.0333333333333,1.49863333333333,3,3
" OK","McCurtain County",75.65,67.4125,79.3125,1.7219875,8,8
" MO","McDonald County",76.775,75.8,78,1.4997,4,4
" IL","McDonough County",78.5555555555556,75.6333333333333,82.5777777777778,1.7898,9,9
" NC","McDowell County",76.64,70.91,77.78,1.76583,10,10
" WV","McDowell County",75.6125,62.5875,78.45,1.9705875,8,8
" GA","McDuffie County",74.04,60.56,75.58,1.48254,5,5
" IL","McHenry County",79.5490196078431,78.4333333333333,82.9039215686275,1.61943921568627,51,51
" ND","McHenry County",79.2,78.6,80.55,1.65125,2,2
" GA","McIntosh County",77.3666666666667,71.3666666666667,78.7333333333333,2.13523333333333,3,3
" ND","McIntosh County",80.3,79.6,81.6,0.9571,1,1
" OK","McIntosh County",69.7166666666667,63,75.9,0.93345,6,6
" PA","McKean County",77.05,70.4666666666667,77.875,1.398025,12,12
" ND","McKenzie County",81.5,80.3,86.9,2.3933,3,3
" NM","McKinley County",76.075,67.76875,76.95625,1.35555625,16,16
" IL","McLean County",78.5939393939394,75.1757575757576,82.6121212121212,1.79950909090909,33,33
" KY","McLean County",79.4666666666667,78.2666666666667,80.2,1.73656666666667,3,3
" ND","McLean County",79.35,78.6,80.55,1.2853,2,2
" TX","McLennan County",76.7955555555556,69.9244444444444,79.6266666666667,1.67153333333333,45,45
" MN","McLeod County",82.1857142857143,80.2142857142857,88.1142857142857,1.61284285714286,7,7
" TN","McMinn County",74.8222222222222,63,75.9,1.47777777777778,9,9
" TN","McNairy County",73.6571428571429,59.5142857142857,75.4428571428571,1.45127142857143,7,7
" KS","McPherson County",78.9714285714286,77.8428571428571,81.7857142857143,1.45191428571429,7,7
" SD","McPherson County",80.4,79.6,81.6,2.4527,1,1
" KS","Meade County",80.7,79.6,81.6,1.78245,2,2
" KY","Meade County",74.15,66.05,76.3,1.83481666666667,6,6
" SD","Meade County",81,80.075,92.5,1.948225,4,4
" MT","Meagher County",75.8,75.2,77.5,1.7427,1,1
" NC","Mecklenburg County",78.5163265306122,74.7076530612245,82.1668367346939,2.12020102040816,196,196
" VA","Mecklenburg County",76.375,68.9375,77.1,1.9145875,8,8
" MI","Mecosta County",77.8,72.9555555555555,78.5333333333333,1.48117777777778,9,9
" OH","Medina County",79.4888888888889,78.0388888888889,82.4166666666667,1.63316944444444,36,36
" TX","Medina County",79.7,78.7875,86.0125,1.709875,8,8
" MN","Meeker County",80.6666666666667,79.3,85.85,1.2021,6,6
" OH","Meigs County",76.75,73.35,78.1,1.731,6,6
" TN","Meigs County",72.7333333333333,56.9,75.1,1.40883333333333,3,3
" SD","Mellette County",77.2,75.2,77.5,1.9316,1,1
" IL","Menard County",78.9333333333333,78.2666666666667,80.2,1.30546666666667,3,3
" TX","Menard County",86.4,81.7,97.5,2.8172,1,1
" CA","Mendocino County",79.235,75.24,83.15,1.885755,20,20
" KY","Menifee County",75.15,66.05,76.3,1.8054,2,2
" MI","Menominee County",82.1714285714286,79.8857142857143,89.8,1.86345714285714,7,7
" WI","Menominee County",81.5,79.6,81.6,2.6517,1,1
" CA","Merced County",78.2895833333333,75.7229166666667,81.1875,1.8259375,48,48
" IL","Mercer County",78.975,77.925,83.525,1.396925,4,4
" KY","Mercer County",76.68,72.42,77.84,1.4564,5,5
" MO","Mercer County",76.35,67.25,77.3,1.25195,2,2
" ND","Mercer County",82.5333333333333,80.3333333333333,91.5,2.2486,3,3
" NJ","Mercer County",78.8602739726027,74.2684931506849,83.6246575342466,1.79998082191781,73,73
" OH","Mercer County",78.9333333333333,77.7,81.3,1.50798888888889,9,9
" PA","Mercer County",77.2678571428571,72.6571428571429,79.2071428571429,1.51465714285714,28,28
" WV","Mercer County",73.46875,65.35625,76.525,1.4155125,16,16
" GA","Meriwether County",74.125,61.475,75.7,1.44225,4,4
" NE","Merrick County",78.8,78.1333333333333,80.2333333333333,1.89036666666667,3,3
" NH","Merrimack County",79.5028571428571,76.8142857142857,82.5828571428571,1.84099714285714,35,35
" CO","Mesa County",78.4185185185185,74.4666666666667,82.0333333333333,1.66037037037037,27,27
" KY","Metcalfe County",74.7333333333333,56.9,75.1,1.41456666666667,3,3
" IN","Miami County",76.33,69.42,80.74,1.67509,10,10
" KS","Miami County",79.7,75.7571428571429,84.0285714285714,2.13514285714286,7,7
" OH","Miami County",77.6714285714286,74.5476190476191,78.8952380952381,1.39563333333333,21,21
" FL","Miami-Dade County",80.5551362683438,77.6238993710692,87.0941299790356,2.00431509433962,477,477
" CT","Middlesex County",80.7411764705882,78.9852941176471,87.1647058823529,1.86794705882353,34,34
" MA","Middlesex County",81.7023026315789,79.6917763157895,88.2256578947368,1.80792631578947,304,304
" NJ","Middlesex County",80.7018292682927,79.0731707317073,85.4810975609756,1.92689085365854,164,164
" VA","Middlesex County",77.95,72.925,78.925,1.53245,4,4
" MI","Midland County",79.8421052631579,77.6631578947368,82.6684210526316,1.76646842105263,19,19
" TX","Midland County",78.1230769230769,75.4538461538462,80.9269230769231,1.69751923076923,26,26
" PA","Mifflin County",78.5916666666667,73.7833333333333,83.25,1.70606666666667,12,12
" TX","Milam County",77.5857142857143,72.2142857142857,80.8285714285714,1.94808571428571,7,7
" UT","Millard County",82.5,80.3333333333333,91.5,1.94413333333333,3,3
" MN","Mille Lacs County",77.4285714285714,74.4857142857143,80.8857142857143,1.47164285714286,7,7
" AR","Miller County",73.2272727272727,62.1090909090909,75.9363636363636,1.65118181818182,11,11
" GA","Miller County",76.2333333333333,70.5666666666667,78.0666666666667,2.07236666666667,3,3
" MO","Miller County",76.5,72.9,78.24,1.61282,5,5
" IA","Mills County",76.275,71.225,77.4,1.576325,4,4
" TX","Mills County",80.8,79.65,88.5,1.9228,2,2
" WI","Milwaukee County",76.7435555555556,70.7426666666667,79.4364444444444,2.15807511111111,225,225
" SD","Miner County",79.4,77.6,79.5,1.373,1,1
" MT","Mineral County",77.85,76.4,78.5,1.6957,2,2
" NV","Mineral County",80.3,79.65,88.5,2.6966,2,2
" WV","Mineral County",76.6714285714286,73.8428571428571,78.3285714285714,1.52207142857143,7,7
" WV","Mingo County",73.2571428571429,65.3714285714286,76.7142857142857,1.74307142857143,7,7
" ID","Minidoka County",79.32,78.34,83.12,1.71064,5,5
" SD","Minnehaha County",79.225,74.335,83.0925,2.128685,40,40
" MI","Missaukee County",78.1,77,79,1.17685,4,4
" AR","Mississippi County",74.3583333333333,64.1,76.925,1.953075,12,12
" MO","Mississippi County",75.65,67.25,77.3,1.855925,4,4
" MT","Missoula County",79.1388888888889,76.9055555555556,81.4,1.73968888888889,18,18
" GA","Mitchell County",75.2,64.7,76.46,1.70852,5,5
" IA","Mitchell County",81.1,81,92.2,1.26443333333333,3,3
" KS","Mitchell County",77.9,76.4,78.5,1.34505,2,2
" NC","Mitchell County",77.4333333333333,71.3666666666667,78.7333333333333,1.18523333333333,3,3
" TX","Mitchell County",79.1,78.45,87.5,1.78495,2,2
" AL","Mobile County",74.1596153846154,65.3317307692308,76.8509615384615,1.78316153846154,104,104
" CA","Modoc County",79.8,73.95,83.425,2.515275,4,4
" CO","Moffat County",77.925,77.5,79.525,1.58695,4,4
" AZ","Mohave County",75.0972972972973,67.4648648648649,77.3756756756757,1.72892432432432,37,37
" MO","Moniteau County",77.85,72.85,82.4,1.51525,4,4
" NJ","Monmouth County",79.8462686567164,77.8231343283582,84.8171641791045,1.68946119402985,134,134
" CA","Mono County",80.95,79.6,81.6,2.1692,2,2
" IA","Monona County",75.6,70.625,76.9,1.692075,4,4
" WV","Monongalia County",77.6947368421053,74.0210526315789,79.3368421052632,1.57258421052632,19,19
" AL","Monroe County",75.0428571428571,62.1285714285714,75.7857142857143,1.99264285714286,7,7
" AR","Monroe County",76.3,76,78.1666666666667,2.00066666666667,3,3
" FL","Monroe County",79.424,78.076,81.768,2.19558,25,25
" GA","Monroe County",77.04,72.9,78.24,1.46546,5,5
" IA","Monroe County",76.4666666666667,69.9,77.3666666666667,1.8886,3,3
" IL","Monroe County",79.9666666666667,78.5666666666667,85.1666666666667,1.58283333333333,6,6
" IN","Monroe County",78.8434782608696,74.1,83.2565217391304,1.90080434782609,23,23
" KY","Monroe County",72.2,56.9,75.1,1.399525,4,4
" MI","Monroe County",77.1026315789474,73.0447368421053,78.9184210526316,1.64703157894737,38,38
" MO","Monroe County",80.6333333333333,79.6333333333333,86.2,1.59196666666667,3,3
" MS","Monroe County",75.8111111111111,72.1222222222222,79.4111111111111,1.85243333333333,9,9
" NY","Monroe County",79.3011363636364,75.2494318181818,84.5284090909091,1.97032784090909,176,176
" OH","Monroe County",77.675,77,79,1.13185,4,4
" PA","Monroe County",79.5933333333333,77.9333333333333,83.71,1.93637333333333,30,30
" TN","Monroe County",75.0571428571429,65.4285714285714,76.7,1.581,7,7
" WI","Monroe County",79.1333333333333,76.3222222222222,86.3444444444444,1.37245555555556,9,9
" WV","Monroe County",81,77.3666666666667,84.1666666666667,2.26453333333333,3,3
" TX","Montague County",75.24,65.1,76.88,1.80608,5,5
" MI","Montcalm County",78.6846153846154,77.6923076923077,79.6769230769231,1.27819230769231,13,13
" CA","Monterey County",80.8418604651163,79.046511627907,86.8906976744186,2.1012523255814,86,86
" CO","Montezuma County",80.8285714285714,78.6571428571429,84.6714285714286,2.20501428571429,7,7
" AL","Montgomery County",74.5203703703704,65.2333333333333,77.3814814814815,1.92065,54,54
" AR","Montgomery County",77,70.5666666666667,78.0666666666667,1.9013,3,3
" GA","Montgomery County",77.3333333333333,70.5666666666667,78.0666666666667,2.0494,3,3
" IA","Montgomery County",77.925,72.85,82.4,1.45555,4,4
" IL","Montgomery County",76.0375,69.2375,77.35,1.760925,8,8
" IN","Montgomery County",78.4444444444444,73.4111111111111,80.5333333333333,1.53625555555556,9,9
" KS","Montgomery County",75.7230769230769,67.9384615384615,79.6230769230769,1.85883076923077,13,13
" KY","Montgomery County",76.15,70.2333333333333,77.7166666666667,1.59201666666667,6,6
" MD","Montgomery County",83.013,80.6505,91.5545,2.1607305,200,200
" MO","Montgomery County",76.475,67.15,77.325,1.886675,4,4
" MS","Montgomery County",73.0333333333333,63,75.9,1.76066666666667,3,3
" NC","Montgomery County",76.1,70.1833333333333,80.0333333333333,1.89878333333333,6,6
" NY","Montgomery County",79.3266666666667,75.22,84.12,1.88205333333333,15,15
" OH","Montgomery County",75.3486111111111,67.3402777777778,79.2222222222222,1.82210625,144,144
" PA","Montgomery County",80.2466019417476,78.1961165048544,85.4233009708738,1.75147330097087,206,206
" TN","Montgomery County",75.5208333333333,68.2583333333333,77.0875,1.84285416666667,24,24
" TX","Montgomery County",78.0298245614035,73.8333333333333,81.4754385964912,1.64642456140351,57,57
" VA","Montgomery County",78.0454545454545,75.4636363636364,78.9272727272727,1.75772727272727,11,11
" MI","Montmorency County",76.56,72.02,77.42,2.0414,5,5
" PA","Montour County",79.375,78.6,80.55,1.523075,4,4
" CO","Montrose County",79.38,78.1,82.92,1.87749,10,10
" SD","Moody County",77.2,67.25,77.3,1.7303,2,2
" NC","Moore County",80.76875,77.91875,86.11875,1.9341,16,16
" TN","Moore County",78.2,77.4,79.55,1.7174,2,2
" TX","Moore County",78.55,77.425,83,1.663675,4,4
" NM","Mora County",77.7,77.6,79.5,1.215,1,1
" LA","Morehouse Parish",71.6875,59.1875,75.4,1.8547875,8,8
" AL","Morgan County",75.65,68.3384615384615,77.7961538461538,1.77308461538462,26,26
" CO","Morgan County",79.7125,78.8125,82.55,2.34275,8,8
" GA","Morgan County",76.66,75.68,77.9,1.96276,5,5
" IL","Morgan County",77.64,74.03,80.64,1.62219,10,10
" IN","Morgan County",76.2692307692308,70.2769230769231,77.3846153846154,1.40947692307692,13,13
" KY","Morgan County",73.98,60.56,75.58,1.78522,5,5
" MO","Morgan County",75.36,61.44,76.4,1.69072,5,5
" OH","Morgan County",76.575,75.2,77.5,1.3836,4,4
" TN","Morgan County",73.975,62.075,76.2,1.593825,4,4
" UT","Morgan County",78.4,77.4,79.55,1.7138,2,2
" WV","Morgan County",76.375,75.2,77.5,1.2966,4,4
" NE","Morrill County",78.5,77.6,79.5,1.0628,1,1
" KS","Morris County",78.35,77.6,79.5,1.53575,2,2
" NJ","Morris County",82.0295918367347,80.25,90.3010204081633,1.72968571428571,98,98
" TX","Morris County",77.7333333333333,77.4666666666667,79.5333333333333,1.92863333333333,3,3
" MN","Morrison County",81.975,77.5625,88.475,1.8053875,8,8
" OH","Morrow County",77.0666666666667,73.35,78.1,1.51678333333333,6,6
" OR","Morrow County",80.5,79.65,88.5,1.4991,2,2
" KS","Morton County",85.3,81.7,97.5,1.5643,1,1
" ND","Morton County",80.8,78.76,86.3,1.95726,5,5
" TX","Motley County",75.7,75.2,77.5,0.7912,1,1
" IL","Moultrie County",77.65,76.4,78.5,0.95915,4,4
" ND","Mountrail County",74.1,64.4666666666667,77.2666666666667,1.90893333333333,3,3
" MN","Mower County",80.7272727272727,79.6454545454545,87.8727272727273,1.45134545454545,11,11
" KY","Muhlenberg County",74.2222222222222,67.0666666666667,76.4333333333333,1.53262222222222,9,9
" OR","Multnomah County",78.8727848101266,76.0658227848101,81.853164556962,1.85975126582278,158,158
" GA","Murray County",74.6625,61.475,75.7,1.6990625,8,8
" MN","Murray County",81.4,78.9666666666667,85.5,2.00983333333333,3,3
" OK","Murray County",76.9,65.1666666666667,82.5666666666667,1.99796666666667,3,3
" IA","Muscatine County",80.15,78.52,86.1,2.07167,10,10
" GA","Muscogee County",74.4958333333333,64.3604166666667,77.41875,1.91587708333333,48,48
" MI","Muskegon County",76.9571428571429,70.3952380952381,79.1785714285714,1.55095476190476,42,42
" OH","Muskingum County",76.0789473684211,67.8421052631579,78.2684210526316,1.50854210526316,19,19
" OK","Muskogee County",73.5375,65.48125,76.65625,1.4442,16,16
" MT","Musselshell County",77.85,68.25,78.35,2.2469,2,2
" TX","Nacogdoches County",75.9272727272727,69.9636363636364,77.9272727272727,1.68911818181818,11,11
" NE","Nance County",76.7,75.2,77.5,1.1206,1,1
" MA","Nantucket County",81.85,80.125,85.575,1.818525,4,4
" CA","Napa County",81.3333333333333,79.7944444444444,90.2888888888889,1.8784,36,36
" NC","Nash County",76.3722222222222,73.3277777777778,78.1055555555556,1.50342222222222,18,18
" FL","Nassau County",78.2166666666667,75.75,80.3166666666667,1.57661666666667,12,12
" NY","Nassau County",82.3661710037175,80.4230483271376,90.5486988847584,1.64055018587361,269,269
" LA","Natchitoches Parish",76.175,71.525,77.65,1.9208125,8,8
" WY","Natrona County",79.5294117647059,76.8176470588235,84.7764705882353,2.23308823529412,17,17
" AZ","Navajo County",76.6586206896552,68.7241379310345,78.4413793103448,1.6505,29,29
" TX","Navarro County",77.47,74.97,78.68,1.50544,10,10
" KY","Nelson County",75.8444444444444,69.1,76.7,1.49671111111111,9,9
" ND","Nelson County",77.6,77.6,79.5,1.2921,1,1
" VA","Nelson County",77.7666666666667,72.0666666666667,84.0333333333333,1.8456,3,3
" KS","Nemaha County",79.4333333333333,78.9666666666667,85.5,1.1152,3,3
" NE","Nemaha County",77.4,76.4,78.5,0.81355,2,2
" KS","Neosho County",76.88,69.32,77.74,1.45852,5,5
" MS","Neshoba County",72.6857142857143,62.1285714285714,75.7857142857143,1.3808,7,7
" KS","Ness County",78.45,77.6,79.5,1.2937,2,2
" AR","Nevada County",74.3333333333333,63,75.9,1.6737,3,3
" CA","Nevada County",80.0473684210526,79.0368421052632,84.6947368421053,1.8839,19,19
" DE","New Castle County",77.7707317073171,73.4837398373984,81.1056910569106,1.91782682926829,123,123
" NC","New Hanover County",77.8378378378378,74.0837837837838,80.6945945945946,1.76885675675676,37,37
" CT","New Haven County",79.2877777777778,76.8011111111111,83.7972222222222,1.70956833333333,180,180
" VA","New Kent County",77.7666666666667,76.6666666666667,78.8666666666667,1.47603333333333,3,3
" CT","New London County",79.5790322580645,77.5403225806452,84.8532258064516,1.74668709677419,62,62
" MO","New Madrid County",76.96,70.12,78.58,1.77334,5,5
" NY","New York County",81.9350210970464,79.0493670886076,89.031223628692,2.16541561181435,237,237
" MI","Newaygo County",78.0545454545455,75.6090909090909,79.1272727272727,1.26522727272727,11,11
" SC","Newberry County",77.3875,72.55,82.15,1.9917,8,8
" RI","Newport County",80.515,79.135,86.035,1.74934,20,20
" VA","Newport News city",76.2052631578947,69.928947368421,79.05,1.94337894736842,38,38
" AR","Newton County",82.2,69.3,86.3,2.36535,2,2
" GA","Newton County",75.7615384615385,68.9,77.1923076923077,1.54189230769231,13,13
" IN","Newton County",76.55,67.15,77.325,1.643875,4,4
" MO","Newton County",76.3333333333333,71.1916666666667,77.4083333333333,1.4533,12,12
" MS","Newton County",73.56,60.56,75.58,1.40086,5,5
" TX","Newton County",76.825,72.25,81.9,2.409075,4,4
" ID","Nez Perce County",78.2333333333333,75.4444444444444,80.8,1.64546666666667,9,9
" NY","Niagara County",77.1362068965517,72.75,79.9068965517241,1.80187068965517,58,58
" KY","Nicholas County",73.25,56.9,75.1,1.418,2,2
" WV","Nicholas County",74,62.1285714285714,75.7857142857143,1.89177142857143,7,7
" MN","Nicollet County",81.6,79.2857142857143,85.2571428571429,1.77222857142857,7,7
" WY","Niobrara County",77.9,77.6,79.5,1.0001,1,1
" IN","Noble County",77.9,75.21,78.88,1.69992,10,10
" OH","Noble County",78.5,72.0333333333333,79.4333333333333,1.75286666666667,3,3
" OK","Noble County",75.9,70.625,76.9,1.624475,4,4
" MN","Nobles County",82.0833333333333,79.9833333333333,88.85,1.63863333333333,6,6
" MO","Nodaway County",77.46,72.9,78.24,1.44578,5,5
" TX","Nolan County",75.64,65.1,76.88,1.9223,5,5
" AK","Nome Census Area",82.2,80.65,89.55,1.923,2,2
" MA","Norfolk County",81.46328125,79.68671875,87.640625,1.67067578125,128,128
" VA","Norfolk city",75.2348484848485,67.8333333333333,78.1121212121212,1.91154848484848,66,66
" MN","Norman County",78.1666666666667,77.6,79.5,1.4684,3,3
" AK","North Slope Borough",78.55,77.4,79.55,2.43825,2,2
" NC","Northampton County",76.96,72.5,77.82,1.6699,5,5
" PA","Northampton County",79.680303030303,77.7378787878788,84.7166666666667,1.70651666666667,66,66
" VA","Northampton County",82.0333333333333,80.3,86.9,2.0288,3,3
" PA","Northumberland County",77.0333333333333,73.1791666666667,79.7625,1.4166625,24,24
" VA","Northumberland County",78.6,77.4666666666667,79.5333333333333,1.52066666666667,3,3
" AK","Northwest Arctic Borough",77.5,68.25,78.35,1.15045,2,2
" KS","Norton County",80.4,79.6,81.6,1.4457,1,1
" VA","Norton city",72.7,56.9,75.1,1.1987,1,1
" VA","Nottoway County",76.1666666666667,69.9,77.3666666666667,1.33006666666667,3,3
" OK","Nowata County",75.35,71.725,77.925,1.20285,4,4
" MS","Noxubee County",76.9,71.3666666666667,78.7333333333333,1.96256666666667,3,3
" NE","Nuckolls County",78,68.25,78.35,2.64755,2,2
" TX","Nueces County",77.3027397260274,72.5328767123288,79.1520547945206,1.78964931506849,73,73
" NV","Nye County",75,65.8333333333333,76.8333333333333,1.75647777777778,9,9
" IA","O'Brien County",78.7,77.6,79.5,1.58235,4,4
" MI","Oakland County",78.9632716049383,75.7327160493827,83.1320987654321,1.80668209876543,324,324
" TN","Obion County",75.1,67.3333333333333,76.6555555555556,1.39251111111111,9,9
" NJ","Ocean County",78.4174311926605,76.0238532110092,80.5550458715596,1.71461467889908,109,109
" MI","Oceana County",79.2333333333333,78.2166666666667,82.5166666666667,1.45285,6,6
" TX","Ochiltree County",78.4,69.3,86.3,1.7639,2,2
" GA","Oconee County",80.8333333333333,79.6166666666667,83.9,1.74273333333333,6,6
" SC","Oconee County",76.05,68.1857142857143,77.1928571428571,1.50910714285714,14,14
" WI","Oconto County",78.95,77.88,79.95,1.65952,10,10
" MI","Ogemaw County",75.9714285714286,71,77.6714285714286,1.49961428571429,7,7
" IL","Ogle County",79.3636363636364,78.2,82.8090909090909,1.65043636363636,11,11
" GA","Oglethorpe County",76.2,70.625,76.9,1.7234,4,4
" IN","Ohio County",78.35,77.4,79.55,2.1557,2,2
" KY","Ohio County",75.0333333333333,63,75.9,1.73155,6,6
" WV","Ohio County",75.6055555555556,70.3666666666667,77.8277777777778,1.84371111111111,18,18
" FL","Okaloosa County",78.0157894736842,75.5052631578947,80.7447368421053,1.70791842105263,38,38
" WA","Okanogan County",80.52,79,86.5,2.14461,10,10
" FL","Okeechobee County",77.0555555555556,72.4666666666667,78.0777777777778,1.93134444444444,9,9
" OK","Okfuskee County",77.4,73.95,83.425,1.9189,4,4
" OK","Oklahoma County",75.366976744186,67.6506976744186,78.3609302325581,1.88601906976744,215,215
" OK","Okmulgee County",73.79,64.66,76.47,1.4662,10,10
" MS","Oktibbeha County",77.5625,75.2125,79.225,1.9493125,8,8
" KY","Oldham County",79.8083333333333,78.525,84.025,2.10375833333333,12,12
" TX","Oldham County",79,77.6,79.5,1.0632,1,1
" ND","Oliver County",84.3,81.7,97.5,3.1753,1,1
" MN","Olmsted County",81.3,78.5363636363636,87.8060606060606,1.95006060606061,33,33
" ID","Oneida County",81.1,79.6,81.6,1.2833,1,1
" NY","Oneida County",78.7578125,74.8484375,83.1359375,1.9442484375,64,64
" WI","Oneida County",78.6583333333333,76.4833333333333,81,1.86919166666667,12,12
" NY","Onondaga County",79.4015384615385,75.7138461538461,84.9176923076923,1.91843846153846,130,130
" NC","Onslow County",77.008,72.728,78.628,1.987296,25,25
" NY","Ontario County",80.244,76.304,87.528,1.869408,25,25
" MI","Ontonagon County",80.6333333333333,79.6333333333333,86.2,1.94853333333333,3,3
" CA","Orange County",81.6575925925926,80.1157407407407,88.7838888888889,1.91560481481481,540,540
" FL","Orange County",78.4359788359788,74.7571428571429,81.5,1.9762873015873,189,189
" IN","Orange County",77.0166666666667,72.95,77.7666666666667,1.60076666666667,6,6
" NC","Orange County",79.85,77.7318181818182,82.9636363636364,1.62674545454545,22,22
" NY","Orange County",80.2186666666667,77.756,85.2573333333333,1.99943333333333,75,75
" TX","Orange County",74.47,64.58,76.36,1.577845,20,20
" VA","Orange County",78.46,74.2,82.24,1.45398,5,5
" VT","Orange County",82.27,80.66,90.93,1.96888,10,10
" SC","Orangeburg County",74.3333333333333,62.3611111111111,76.1055555555556,1.75262222222222,18,18
" MO","Oregon County",75.1,63,75.9,0.893533333333333,3,3
" NY","Orleans County",78.26,75.66,80.67,1.50452,10,10
" VT","Orleans County",80.42,76.89,86.07,1.90201,10,10
" LA","Orleans Parish",75.2585034013605,68.0034013605442,78.7809523809524,2.33460816326531,147,147
" KS","Osage County",78,76.56,78.72,1.49174,5,5
" MO","Osage County",78.825,77.925,83.525,1.758475,4,4
" OK","Osage County",77.6,73.8818181818182,80.1818181818182,1.7431,11,11
" KS","Osborne County",76.8,75.2,77.5,1.2188,1,1
" FL","Osceola County",79.1323529411765,75.3882352941176,82.6382352941176,2.07611176470588,34,34
" IA","Osceola County",82.1,79.65,88.5,2.07575,2,2
" MI","Osceola County",78.3,76.8,78.8333333333333,1.23165,6,6
" MI","Oscoda County",76.5,72.5,77.82,2.08836,5,5
" NY","Oswego County",79.6571428571429,77.625,83.2285714285714,1.74848571428571,28,28
" CO","Otero County",76.9428571428572,68.6285714285714,79.6142857142857,2.02718571428571,7,7
" NM","Otero County",77.4307692307692,73.5461538461538,81.4307692307692,2.06502307692308,13,13
" NE","Otoe County",78.8,77.52,79.52,1.44516,5,5
" MI","Otsego County",78.4666666666667,74.75,79.4833333333333,1.45256666666667,6,6
" NY","Otsego County",81.0733333333333,79.8666666666667,89.2533333333333,1.74305333333333,15,15
" KS","Ottawa County",77.25,76.4,78.5,1.0197,2,2
" MI","Ottawa County",80.9705882352941,79.6588235294118,86.5156862745098,1.74241568627451,51,51
" OH","Ottawa County",78.6,77.69,81.12,1.37445,10,10
" OK","Ottawa County",74.0111111111111,63.2666666666667,76.1222222222222,1.24804444444444,9,9
" MN","Otter Tail County",80.9764705882353,78.5294117647059,85.5235294117647,1.56664117647059,17,17
" AR","Ouachita County",75.45,67.5166666666667,77.6666666666667,1.7753,6,6
" LA","Ouachita Parish",74.5307692307692,66.2538461538462,77.7564102564102,1.96299743589744,39,39
" CO","Ouray County",83.2,81.7,97.5,2.3893,1,1
" WI","Outagamie County",78.9828571428571,75.6285714285714,83.5171428571429,1.91119714285714,35,35
" TN","Overton County",73.5285714285714,62.1285714285714,75.7857142857143,1.57342857142857,7,7
" IN","Owen County",76.94,75.68,77.9,1.7016,5,5
" KY","Owen County",75.3666666666667,69.1,76.7,1.6674,3,3
" KY","Owsley County",71.9,66.05,76.3,1.7828,2,2
" ID","Owyhee County",80.7666666666667,78.8333333333333,85.5333333333333,2.5635,3,3
" ME","Oxford County",78.925,76.825,82.5,2.0484,12,12
" MO","Ozark County",81.15,78.45,87.5,2.0492,2,2
" WI","Ozaukee County",81.2470588235294,80.0941176470588,88.5941176470588,1.92095294117647,17,17
" WA","Pacific County",77.5,71.8714285714286,80.5428571428571,1.64544285714286,7,7
" IA","Page County",78.8833333333333,78.1,84.85,1.88728333333333,6,6
" VA","Page County",76.18,72.02,77.42,1.28674,5,5
" FL","Palm Beach County",80.3543554006969,76.8442508710801,86.0337979094077,2.07634425087108,287,287
" IA","Palo Alto County",78.4,78,80.05,1.596875,4,4
" TX","Palo Pinto County",76.4,66.0222222222222,78.6111111111111,1.7865,9,9
" NC","Pamlico County",79.575,74.475,87.4,1.929125,4,4
" MS","Panola County",73.2666666666667,59.95,75.5,1.55463333333333,6,6
" TX","Panola County",76.2666666666667,72.55,77.4333333333333,1.5006,6,6
" CO","Park County",80.45,79.6,81.6,1.96295,2,2
" MT","Park County",78.5,73.78,79.06,1.70384,5,5
" WY","Park County",81.68,81.28,94.32,1.70868,5,5
" IN","Parke County",78.425,77,79,1.42975,4,4
" TX","Parker County",77.4052631578947,72.1842105263158,79.9263157894737,1.62491052631579,19,19
" TX","Parmer County",79.3,78.6,80.55,1.1975,2,2
" FL","Pasco County",76.3212389380531,69.7,79.1469026548672,2.05425575221239,113,113
" NC","Pasquotank County",76.1888888888889,69.9,77.3666666666667,1.6632,9,9
" NJ","Passaic County",79.2684210526316,77.0631578947368,83.6442105263158,1.86524631578947,95,95
" VA","Patrick County",74.925,66.05,76.3,1.54185,4,4
" GA","Paulding County",77.19375,74.1875,78.34375,1.97035,16,16
" OH","Paulding County",77.64,76.16,78.3,1.22606,5,5
" KS","Pawnee County",77.15,76.4,78.5,1.9728,2,2
" NE","Pawnee County",80.1,79.6,81.6,1.3219,1,1
" OK","Pawnee County",76.38,69.72,78.16,1.87794,5,5
" ID","Payette County",79,78,80.05,1.486925,4,4
" OK","Payne County",77.0066666666667,73.04,79.3,1.93366,15,15
" GA","Peach County",75.54,64.7,76.46,1.92516,5,5
" MS","Pearl River County",74.5,63.5333333333333,76.3444444444444,1.49144444444444,9,9
" TX","Pecos County",77.8,76.4,78.5,1.47655,4,4
" ND","Pembina County",81.18,79.62,84.36,2.34934,5,5
" MO","Pemiscot County",72.85,66.05,76.3,1.92683333333333,6,6
" WA","Pend Oreille County",79.24,74.62,85.42,2.87076,5,5
" NC","Pender County",77.2384615384615,72.4,79.2538461538462,2.15606923076923,13,13
" KY","Pendleton County",75.0333333333333,69.1,76.7,1.4618,3,3
" WV","Pendleton County",80.5,73.4333333333333,90.0333333333333,1.99536666666667,3,3
" MN","Pennington County",80.02,78.76,86.3,1.89166,5,5
" SD","Pennington County",79.3136363636364,75.2954545454545,83.3681818181818,1.93847272727273,22,22
" ME","Penobscot County",77.1314285714286,72.5742857142857,78.74,1.92303714285714,35,35
" IL","Peoria County",76.6833333333333,71.0520833333333,79.9270833333333,1.82717083333333,48,48
" WI","Pepin County",81.5,80.65,89.55,1.4908,2,2
" NE","Perkins County",82.9,81.7,97.5,1.3304,1,1
" SD","Perkins County",78.2,77.6,79.5,1.5378,1,1
" NC","Perquimans County",77,76,78.1666666666667,1.6668,3,3
" AL","Perry County",73.9,66.05,76.3,1.7883,2,2
" AR","Perry County",75.8333333333333,69.9,77.3666666666667,1.64896666666667,3,3
" IL","Perry County",77.2833333333333,73.9666666666667,81.1166666666667,1.57206666666667,6,6
" IN","Perry County",75.96,65.1,76.88,1.3932,5,5
" KY","Perry County",71.9375,61.475,75.7,1.87985,8,8
" MO","Perry County",81.38,76.32,89.84,2.45968,5,5
" MS","Perry County",74.1666666666667,63,75.9,1.78673333333333,3,3
" OH","Perry County",77.2,73.75,78.4333333333333,1.30328333333333,6,6
" PA","Perry County",77.17,76.4,78.5,1.17428,10,10
" TN","Perry County",75.55,67.25,77.3,1.6921,2,2
" NV","Pershing County",79.6,79.6,81.6,1.237,1,1
" NC","Person County",76.4,70.9428571428571,77.6857142857143,1.81531428571429,7,7
" AK","Petersburg Census Area",84.6,81.7,97.5,2.0496,1,1
" VA","Petersburg city",72.2818181818182,58.5636363636364,75.3181818181818,1.83431818181818,11,11
" MO","Pettis County",77.8090909090909,73.8636363636364,82.7,1.6955,11,11
" MO","Phelps County",77.03,73.38,78.64,1.61759,10,10
" NE","Phelps County",80.0666666666667,78.1666666666667,84.8333333333333,1.6206,3,3
" PA","Philadelphia County",75.3797183098592,67.4701408450704,78.1112676056338,1.89683690140845,355,355
" AR","Phillips County",72.3833333333333,61.0333333333333,78.8333333333333,1.73265,6,6
" CO","Phillips County",80.1,79.6,81.6,1.7526,2,2
" KS","Phillips County",76.7666666666667,76,78.1666666666667,1.3851,3,3
" MT","Phillips County",78.6,77.6,79.5,1.0227,1,1
" IL","Piatt County",79.575,79.125,84.525,1.346025,4,4
" OH","Pickaway County",75.6,69.6666666666667,77.2083333333333,1.46633333333333,12,12
" AL","Pickens County",74.32,60.56,75.58,1.5406,5,5
" GA","Pickens County",77.2666666666667,70.9666666666667,78.4,1.78003333333333,6,6
" SC","Pickens County",75.5347826086957,67.8521739130435,76.9826086956522,1.56343913043478,23,23
" TN","Pickett County",76.5,75.2,77.5,1.3452,1,1
" GA","Pierce County",75.05,66.05,76.3,1.405175,4,4
" ND","Pierce County",78.05,77.6,79.5,2.00885,2,2
" NE","Pierce County",80.25,79.6,81.6,1.09065,2,2
" WA","Pierce County",78.51,75.784375,81.43875,1.828546875,160,160
" WI","Pierce County",81.0142857142857,79.6285714285714,85.5428571428571,1.57455714285714,7,7
" AL","Pike County",75.4285714285714,65.6714285714286,78.9857142857143,1.79898571428571,7,7
" AR","Pike County",74.8,56.9,75.1,1.3217,3,3
" GA","Pike County",77.175,68.25,78.35,1.6988,4,4
" IL","Pike County",79.28,78.34,83.12,1.56062,5,5
" IN","Pike County",80.925,80.075,92.5,2.8709,4,4
" KY","Pike County",72.678947368421,59.9157894736842,75.5842105263158,1.90884736842105,19,19
" MO","Pike County",76.4,69.18,80.54,1.4028,5,5
" MS","Pike County",73.05,59.1875,75.4,1.448175,8,8
" OH","Pike County",73.65,63,75.9,1.5979,6,6
" PA","Pike County",80.48,79.74,86.3466666666667,2.06000666666667,15,15
" AZ","Pima County",78.3059090909091,74.3072727272727,81.8168181818182,1.94695318181818,220,220
" AZ","Pinal County",78.6032258064516,75.558064516129,81.8854838709677,2.2643935483871,62,62
" MN","Pine County",79.6875,78.8625,82.5375,1.521825,8,8
" FL","Pinellas County",77.6485981308411,73.2051401869159,80.3742990654206,1.80516121495327,214,214
" MN","Pipestone County",80.06,78.68,86.32,1.74956,5,5
" ME","Piscataquis County",76.6,72.02,77.42,1.77622,5,5
" CO","Pitkin County",82.425,81.7,97.5,2.6316,4,4
" NC","Pitt County",77.7137931034483,72.5413793103448,81.4034482758621,2.09635862068966,29,29
" OK","Pittsburg County",75.8916666666667,67.525,78.8166666666667,1.62213333333333,12,12
" VA","Pittsylvania County",75.88125,73.0625,77.325,1.43635,16,16
" UT","Piute County",77.4,75.2,77.5,0.856,1,1
" CA","Placer County",80.3185714285714,79.0457142857143,85.02,1.84420428571429,70,70
" LA","Plaquemines Parish",74.3166666666667,66.45,76.6333333333333,2.1628,6,6
" MO","Platte County",79.6235294117647,77.9117647058823,84.1,1.62812352941176,17,17
" NE","Platte County",81.1857142857143,79.5857142857143,87.5285714285714,1.59755714285714,7,7
" WY","Platte County",78.95,77.6,79.5,1.36825,2,2
" WV","Pleasants County",76.25,75.2,77.5,1.2538,2,2
" CA","Plumas County",77.9833333333333,74.0166666666667,78.8,1.75546666666667,6,6
" IA","Plymouth County",80.75,79.2833333333333,83.55,1.49486666666667,6,6
" MA","Plymouth County",79.9548387096774,78.0225806451613,85.0548387096774,1.77920967741935,93,93
" IA","Pocahontas County",77.6,76,78.1666666666667,1.30323333333333,3,3
" WV","Pocahontas County",75.2333333333333,63.8,76.5666666666667,1.92623333333333,3,3
" AR","Poinsett County",72.4571428571429,59.8571428571429,75.7285714285714,1.56701428571429,7,7
" LA","Pointe Coupee Parish",76.9333333333333,74.0166666666667,78.8,1.98075,6,6
" AR","Polk County",75.8,66.7833333333333,76.9833333333333,1.60963333333333,6,6
" FL","Polk County",77.2666666666667,71.4904761904762,80.1959183673469,1.96490340136054,147,147
" GA","Polk County",73.7285714285714,62.4714285714286,76.0714285714286,1.35671428571429,7,7
" IA","Polk County",78.4326086956522,74.0913043478261,82.0282608695652,1.8116902173913,92,92
" MN","Polk County",78.39,75.66,80.67,1.68033,10,10
" MO","Polk County",77.85,76.9,79.025,1.398275,4,4
" NC","Polk County",79.4857142857143,75.8,82.0428571428571,2.1203,7,7
" NE","Polk County",79.85,78.6,80.55,1.26635,2,2
" OR","Polk County",79.2636363636364,75.3181818181818,83.9909090909091,1.58127272727273,11,11
" TN","Polk County",74.22,64.22,76.06,1.97916,5,5
" TX","Polk County",74.2222222222222,60.9666666666667,75.6333333333333,1.48626666666667,9,9
" WI","Polk County",78.66,76.29,79.91,1.57311,10,10
" MT","Pondera County",78.7,77.4,79.55,1.11975,2,2
" MS","Pontotoc County",77.78,73.32,81.42,1.83778,5,5
" OK","Pontotoc County",75.28,69.66,80.94,1.76931,10,10
" AR","Pope County",76.4636363636364,72.7090909090909,77.8,1.48044545454545,11,11
" IL","Pope County",78.5,69.3,86.3,2.5265,2,2
" MN","Pope County",82.45,80.15,89.025,1.969725,4,4
" VA","Poquoson city",79.5,78.1333333333333,80.2333333333333,1.54413333333333,3,3
" OH","Portage County",77.669696969697,74.9,79.3545454545455,1.50486363636364,33,33
" WI","Portage County",81.5818181818182,79.7636363636364,89.3363636363636,2.04049090909091,11,11
" IN","Porter County",77.6607142857143,75.0285714285714,79.3321428571429,1.58258928571429,28,28
" VA","Portsmouth city",73.0730769230769,63.6807692307692,76.3192307692308,1.94192692307692,26,26
" IN","Posey County",77.8857142857143,71.9142857142857,78.5571428571428,1.5328,7,7
" KS","Pottawatomie County",79.825,78.6,80.55,1.3622,4,4
" OK","Pottawatomie County",74.00625,62.89375,76.10625,1.30638125,16,16
" IA","Pottawattamie County",78.5733333333333,74.0533333333333,82.1033333333333,1.99846333333333,30,30
" PA","Potter County",79.72,78.74,83.54,1.40702,5,5
" SD","Potter County",80.2,79.6,81.6,1.4638,1,1
" TX","Potter County",74.7548387096774,66.8612903225806,76.7967741935484,1.75372903225806,31,31
" MT","Powder River County",77.9,77.6,79.5,0.7198,1,1
" KY","Powell County",70.75,56.9,75.1,1.07035,2,2
" MT","Powell County",77.95,76.4,78.5,1.105,2,2
" ID","Power County",79.9,79.65,88.5,2.05255,2,2
" IA","Poweshiek County",79.04,75.08,83.06,1.50654,5,5
" VA","Powhatan County",79.35,79.1,81.075,1.58925,4,4
" AR","Prairie County",78.1666666666667,77.4666666666667,79.5333333333333,1.807,3,3
" MT","Prairie County",77.9,77.6,79.5,1.0127,1,1
" KS","Pratt County",76.6,69.9,77.3666666666667,1.5924,3,3
" OH","Preble County",76.5333333333333,70.2083333333333,78.875,1.62058333333333,12,12
" MS","Prentiss County",76.46,70.12,78.58,2.1235,5,5
" TX","Presidio County",78.85,77.4,79.55,1.35105,2,2
" MI","Presque Isle County",77.8166666666667,74.3166666666667,83.7666666666667,1.66361666666667,6,6
" WV","Preston County",77.0625,70.0375,78.125,1.46345,8,8
" WI","Price County",78.78,70.96,84.94,2.17052,5,5
" VA","Prince Edward County",74.7333333333333,69.1,76.7,0.922233333333333,3,3
" VA","Prince George County",79.64,78.74,83.54,2.15948,5,5
" MD","Prince George's County",79.609,77.614,83.904,2.146199,200,200
" VA","Prince William County",80.1285714285714,79.0085714285714,83.0171428571429,2.29924,70,70
" AK","Prince of Wales-Hyder Census Area",77.8666666666667,76.8,78.8333333333333,1.2539,3,3
" RI","Providence County",78.5285714285714,75.8263157894737,81.1398496240601,1.7419954887218,133,133
" CO","Prowers County",78.86,75.02,85.84,2.2632,5,5
" CO","Pueblo County",76.3607843137255,69.6450980392157,78.8529411764706,1.95702941176471,51,51
" AR","Pulaski County",75.6352272727273,67.4886363636364,78.5670454545455,1.8776125,88,88
" GA","Pulaski County",74.7333333333333,63.8,76.5666666666667,1.4766,3,3
" IL","Pulaski County",75.2,75.2,77.5,1.30995,2,2
" IN","Pulaski County",77.05,72.325,78.425,1.825875,4,4
" KY","Pulaski County",74.7846153846154,64.1230769230769,76.1769230769231,1.51789230769231,13,13
" MO","Pulaski County",75.0166666666667,66.45,76.6333333333333,1.96175,6,6
" VA","Pulaski County",75.4375,68.8875,77.1125,1.4104625,8,8
" OK","Pushmataha County",78.4666666666667,65.1666666666667,82.5666666666667,1.60693333333333,3,3
" FL","Putnam County",74.51875,65.20625,76.4,1.70448125,16,16
" GA","Putnam County",75.7666666666667,69.9,77.3666666666667,1.36633333333333,3,3
" IL","Putnam County",81.8,80.65,89.55,1.7638,2,2
" IN","Putnam County",77.7571428571429,76.7571428571429,80.9428571428571,1.62318571428571,7,7
" MO","Putnam County",83.3,81.7,97.5,2.6127,1,1
" NY","Putnam County",81.8529411764706,80.7176470588235,90.8294117647059,1.79277058823529,17,17
" OH","Putnam County",80.5714285714286,79.0428571428571,82.9714285714286,1.22332857142857,7,7
" TN","Putnam County",75.8615384615385,68.7153846153846,77.0384615384615,1.56053846153846,13,13
" WV","Putnam County",77.76,74.98,80.06,1.44133,10,10
" NM","Quay County",75.9,65.1666666666667,82.5666666666667,2.07406666666667,3,3
" MD","Queen Anne's County",79.1727272727273,77.8636363636364,81.1636363636364,1.92288181818182,11,11
" NY","Queens County",81.4837096774194,79.6135483870968,88.4172580645161,2.22199080645161,620,620
" GA","Quitman County",77.7,77.6,79.5,3.3338,1,1
" MS","Quitman County",72.1,63,75.9,1.82516666666667,3,3
" GA","Rabun County",78.76,77.46,82.3,2.164,5,5
" WI","Racine County",78.0243243243243,75.1405405405405,81.2513513513513,1.84664054054054,37,37
" VA","Radford city",76.5,75.2,77.5,0.7698,1,1
" TX","Rains County",80.45,79.65,88.5,1.95295,2,2
" WV","Raleigh County",75.3235294117647,67.8176470588235,78.2529411764706,1.77998235294118,17,17
" MO","Ralls County",78.2,76.8,78.8333333333333,1.71,3,3
" MN","Ramsey County",79.5338461538462,75.7853846153846,84.6607692307692,1.94774076923077,130,130
" ND","Ramsey County",78.1666666666667,76.8,78.8333333333333,0.958166666666667,3,3
" TX","Randall County",78.1375,75.3333333333333,79.9875,1.6000875,24,24
" AL","Randolph County",74.45,60.35,75.8333333333333,1.38936666666667,6,6
" AR","Randolph County",75.25,70.625,76.9,1.419,4,4
" GA","Randolph County",75.15,67.25,77.3,1.93005,2,2
" IL","Randolph County",78.2222222222222,77.2555555555556,80.8333333333333,1.60582222222222,9,9
" IN","Randolph County",78.4,75.4142857142857,83.7428571428571,1.8683,7,7
" MO","Randolph County",75.5666666666667,67.1833333333333,77.3166666666667,1.38348333333333,6,6
" NC","Randolph County",76.4642857142857,71.3821428571429,77.5464285714286,1.66520357142857,28,28
" WV","Randolph County",79.6333333333333,78.5,85.1833333333333,1.35658333333333,6,6
" MS","Rankin County",77.7166666666667,73.4416666666667,79.4458333333333,1.78025,24,24
" ND","Ransom County",77.8,71.3666666666667,78.7333333333333,2.29113333333333,3,3
" LA","Rapides Parish",74.8933333333333,66.2,76.8966666666667,1.73271333333333,30,30
" VA","Rappahannock County",79.65,78.6,80.55,1.28945,2,2
" MT","Ravalli County",80.17,78.54,83.33,1.95137,10,10
" KS","Rawlins County",80.9,79.6,81.6,1.6192,1,1
" MO","Ray County",77.225,72.325,78.425,1.569,4,4
" TX","Reagan County",77.5,75.2,77.5,2.6007,1,1
" TX","Real County",78.3,77.6,79.5,0.8872,1,1
" MN","Red Lake County",80.8,79.65,88.5,1.8719,2,2
" TX","Red River County",75.9,71.225,77.4,1.64785,4,4
" LA","Red River Parish",74.3,66.05,76.3,1.26905,2,2
" NE","Red Willow County",79.5,78.2666666666667,80.2,1.38276666666667,3,3
" MN","Redwood County",80.6833333333333,78.5666666666667,85.1666666666667,1.64058333333333,6,6
" TX","Reeves County",77.22,76.56,78.72,1.82222,5,5
" TX","Refugio County",76.75,68.25,78.35,1.27465,2,2
" KS","Reno County",76.8058823529412,71.7823529411765,80.2235294117647,1.79949411764706,17,17
" NY","Rensselaer County",79.0512195121951,76.1487804878049,82.8512195121951,1.83749756097561,41,41
" MN","Renville County",78.6166666666667,77.8,79.8833333333333,1.25408333333333,6,6
" ND","Renville County",78.1,77.6,79.5,1.4652,1,1
" KS","Republic County",78.9,73.4333333333333,90.0333333333333,2.3789,3,3
" MO","Reynolds County",78.2,76.4,78.5,1.8192,2,2
" TN","Rhea County",74.7833333333333,63.4,76.2333333333333,1.7862,6,6
" KS","Rice County",76.6333333333333,69.9,77.3666666666667,1.24246666666667,3,3
" MN","Rice County",81.3230769230769,79.9538461538462,88.2923076923077,1.83783846153846,13,13
" UT","Rich County",79,77.6,79.5,0.7799,1,1
" NE","Richardson County",79.5666666666667,77.3666666666667,84.1666666666667,2.08343333333333,3,3
" IL","Richland County",77.84,73.72,81.84,1.58722,5,5
" MT","Richland County",78.15,77,79,1.4555,4,4
" ND","Richland County",81.0833333333333,79.9166666666667,88.8666666666667,2.32581666666667,6,6
" OH","Richland County",75.3724137931034,69.2931034482759,77.4965517241379,1.49193793103448,29,29
" SC","Richland County",76.7835616438356,70.0287671232877,79.958904109589,2.03853424657534,73,73
" WI","Richland County",80.8,79.16,86.72,1.68658,5,5
" LA","Richland Parish",74.4833333333333,66.45,76.6333333333333,1.62893333333333,6,6
" GA","Richmond County",73.7146341463415,63.5390243902439,76.2658536585366,1.884,41,41
" NC","Richmond County",74.3888888888889,63.2666666666667,76.1222222222222,1.39805555555556,9,9
" NY","Richmond County",79.5892156862745,77.3107843137255,83.9941176470588,1.90667843137255,102,102
" VA","Richmond County",78.2,77.4,79.55,1.58045,2,2
" VA","Richmond city",75.28,67.2490909090909,79.3036363636364,2.03973636363636,55,55
" KS","Riley County",80.8888888888889,79.1111111111111,87.2888888888889,1.89514444444444,9,9
" IA","Ringgold County",75.7,67.25,77.3,1.15455,2,2
" NM","Rio Arriba County",79.25,78.3,80.3,1.5682,8,8
" CO","Rio Blanco County",78.95,77.6,79.5,1.3879,2,2
" CO","Rio Grande County",78.9333333333333,65.1666666666667,82.5666666666667,1.858,3,3
" IN","Ripley County",78.2166666666667,77.4166666666667,81.85,1.38145,6,6
" MO","Ripley County",71.875,56.9,75.1,0.99925,4,4
" WV","Ritchie County",76.7,75.2,77.5,1.36863333333333,3,3
" CA","Riverside County",79.0438679245283,76.1778301886792,82.7084905660377,1.96703325471698,424,424
" TN","Roane County",74.54,64.66,76.47,1.50008,10,10
" WV","Roane County",74.975,66.65,76.8,1.355225,4,4
" VA","Roanoke County",79.2529411764706,76.3058823529412,81.8529411764706,1.644,17,17
" VA","Roanoke city",74.8,64.1590909090909,77.1590909090909,1.55673181818182,22,22
" SD","Roberts County",77.625,73.45,82.9,1.589675,4,4
" TX","Roberts County",78.6,77.6,79.5,2.3542,1,1
" KY","Robertson County",72.5,56.9,75.1,1.5793,1,1
" TN","Robertson County",75.25,66.7071428571429,76.8785714285714,1.63569285714286,14,14
" TX","Robertson County",78.775,72.85,82.4,2.204475,4,4
" NC","Robeson County",74.3333333333333,62.02,75.94,1.70037333333333,30,30
" MN","Rock County",78.7333333333333,78.2666666666667,80.2,1.02126666666667,3,3
" NE","Rock County",77,75.2,77.5,1.8982,1,1
" WI","Rock County",77.94375,73.9625,79.884375,1.89678125,32,32
" IL","Rock Island County",78.0205128205128,75.074358974359,81.3641025641026,1.85353846153846,39,39
" VA","Rockbridge County",80.225,79.1,81.075,1.54255,4,4
" KY","Rockcastle County",72.9,56.9,75.1,1.462025,4,4
" GA","Rockdale County",77.6733333333333,76.6133333333333,78.7066666666667,1.93494,15,15
" NC","Rockingham County",75.8047619047619,69.7523809523809,77.9380952380952,1.57580476190476,21,21
" NH","Rockingham County",80.5873015873016,79.0492063492063,85.6857142857143,1.96079365079365,63,63
" VA","Rockingham County",79.7789473684211,77.9684210526316,84.4578947368421,1.62770526315789,19,19
" NY","Rockland County",82.3125,79.8359375,91.1953125,1.961271875,64,64
" TX","Rockwall County",78.9909090909091,77.8272727272727,81.1727272727273,1.61277272727273,11,11
" OK","Roger Mills County",82.4,81.7,97.5,1.8384,1,1
" OK","Rogers County",76.4714285714286,69.8678571428571,78.2285714285714,1.66818928571429,28,28
" ND","Rolette County",74.9,66.65,76.8,1.836075,4,4
" KS","Rooks County",78,77.6,79.5,1.6581,2,2
" MT","Roosevelt County",75.8,65.1666666666667,82.5666666666667,1.27613333333333,3,3
" NM","Roosevelt County",78.3,77.04,79.12,1.8395,5,5
" MI","Roscommon County",76.3125,71.7375,79.65,1.7204375,8,8
" MN","Roseau County",82.32,79.64,87.12,2.14742,5,5
" MT","Rosebud County",79.525,72.85,82.4,2.37595,4,4
" OH","Ross County",74.75625,65.33125,76.53125,1.56171875,16,16
" CO","Routt County",81.7625,80.6625,91.275,2.5932125,8,8
" KY","Rowan County",75.275,66.05,76.3,1.4144,4,4
" NC","Rowan County",74.9758620689655,65.4344827586207,76.451724137931,1.43475517241379,29,29
" TX","Runnels County",78.575,73.35,82.925,2.140775,4,4
" IN","Rush County",77.74,70.54,81.76,1.81326,5,5
" KS","Rush County",79.65,78.6,80.55,2.17975,2,2
" TX","Rusk County",76.2153846153846,72.9384615384615,77.5923076923077,1.46673076923077,13,13
" WI","Rusk County",82.125,80.125,85.575,1.8946,4,4
" AL","Russell County",72.8,61.3076923076923,75.8076923076923,1.59168461538462,13,13
" KS","Russell County",79.7,78.45,87.5,1.4364,2,2
" KY","Russell County",74.3,60.56,75.58,1.47532,5,5
" VA","Russell County",76.1714285714286,68.0428571428571,77.0428571428571,1.98628571428571,7,7
" NC","Rutherford County",75.3166666666667,66.6166666666667,76.8083333333333,1.471775,12,12
" TN","Rutherford County",77.3581395348837,73.4139534883721,79.8093023255814,1.97701860465116,43,43
" VT","Rutland County",80.13,77.24,84.99,1.931015,20,20
" TX","Sabine County",75.8,63.8,76.5666666666667,1.6742,3,3
" LA","Sabine Parish",75.0714285714286,62.8142857142857,76.3571428571428,1.57638571428571,7,7
" IA","Sac County",79.65,77.425,83,1.8287,4,4
" CA","Sacramento County",78.7153333333333,75.9956666666667,81.754,1.876946,300,300
" ME","Sagadahoc County",79.8857142857143,76.0428571428571,84.3285714285714,1.71337142857143,7,7
" MI","Saginaw County",76.4089285714286,70.6160714285714,79.6642857142857,1.866925,56,56
" CO","Saguache County",82.6,79.65,88.5,2.3139,2,2
" NJ","Salem County",76.975,71.8208333333333,79.7375,1.90417916666667,24,24
" VA","Salem city",76.56,73.46,78.62,1.37024,5,5
" AR","Saline County",76.68,71.11,77.99,1.66339,20,20
" IL","Saline County",74.1444444444444,65.5666666666667,76.6111111111111,1.59638888888889,9,9
" KS","Saline County",78.0333333333333,73.0333333333333,80.2666666666667,1.672,12,12
" MO","Saline County",77.5625,74.3125,78.475,1.9192625,8,8
" NE","Saline County",77.425,72.325,78.425,1.504825,4,4
" UT","Salt Lake County",78.8758974358974,75.971282051282,82.2374358974359,1.88946512820513,195,195
" SC","Saluda County",78.2,70.54,81.76,2.41424,5,5
" NC","Sampson County",75.6,67.5,76.9636363636364,1.47194545454545,11,11
" TX","San Augustine County",74.1333333333333,65.1666666666667,82.5666666666667,2.27326666666667,3,3
" CA","San Benito County",82.4,80.5818181818182,92.5909090909091,2.06103636363636,11,11
" CA","San Bernardino County",78.1744318181818,74.2806818181818,80.9892045454545,1.97620198863636,352,352
" CA","San Diego County",80.763339070568,78.8592082616179,86.6413080895009,1.95956437177281,581,581
" CA","San Francisco County",81.7863636363636,78.9301136363636,89.30625,2.06261931818182,176,176
" TX","San Jacinto County",74.6,66.05,76.3,1.366675,4,4
" CA","San Joaquin County",77.4702898550725,73.8586956521739,80.4731884057971,1.88338333333333,138,138
" NM","San Juan County",78.3909090909091,73.2727272727273,80.8818181818182,1.84329696969697,33,33
" UT","San Juan County",76.875,67.25,77.3,1.21395,4,4
" WA","San Juan County",84.35,80.675,93,1.625425,4,4
" CA","San Luis Obispo County",80.2558139534884,78.3418604651163,85.2860465116279,1.65563488372093,43,43
" CA","San Mateo County",82.7394736842105,80.5842105263158,90.9361842105263,1.87260197368421,152,152
" CO","San Miguel County",80.4,79.6,81.6,2.1492,1,1
" NM","San Miguel County",77.7714285714286,71.5857142857143,80.2428571428571,2.09652857142857,7,7
" TX","San Patricio County",77.10625,69.76875,78.73125,1.90468125,16,16
" TX","San Saba County",79.55,78.45,87.5,1.6027,2,2
" SD","Sanborn County",79.2,77.6,79.5,1.3607,1,1
" MT","Sanders County",79.5666666666667,78.9333333333333,80.9,1.5492,3,3
" NM","Sandoval County",79.3076923076923,77.4961538461538,82.2846153846154,1.70650384615385,26,26
" OH","Sandusky County",77.5733333333333,74.56,80.6533333333333,1.56236,15,15
" IL","Sangamon County",76.9490196078431,71.8019607843137,79.6764705882353,1.76357254901961,51,51
" MI","Sanilac County",78.7333333333333,77.5,79.525,1.36054166666667,12,12
" UT","Sanpete County",79.6,78.74,83.54,1.2885,5,5
" CA","Santa Barbara County",81.34375,79.5775,88.1725,1.83711875,80,80
" CA","Santa Clara County",82.653125,80.6803977272727,91.2607954545455,2.04178096590909,352,352
" AZ","Santa Cruz County",81.5,79.8333333333333,89.5111111111111,2.01732222222222,9,9
" CA","Santa Cruz County",81.4106382978723,79.5276595744681,88.0340425531915,1.94914255319149,47,47
" NM","Santa Fe County",80.4911111111111,77.8666666666667,87.4422222222222,2.23570444444444,45,45
" FL","Santa Rosa County",77.2458333333333,72.4,79.6666666666667,1.83826666666667,24,24
" FL","Sarasota County",80.2901234567901,78.2728395061728,84.6259259259259,1.87368641975309,81,81
" NY","Saratoga County",81.6916666666667,79.7520833333333,87.7729166666667,1.98601666666667,48,48
" ND","Sargent County",81.7,80.65,89.55,2.3936,2,2
" NE","Sarpy County",80.1894736842105,78.8973684210526,84.1605263157895,2.31247105263158,38,38
" WI","Sauk County",80.2,77.5153846153846,85.0384615384615,1.77503076923077,13,13
" NE","Saunders County",79.9,78.68,86.32,1.71776,5,5
" WI","Sawyer County",77.5,74.0166666666667,78.8,1.90478333333333,6,6
" NY","Schenectady County",78.8418604651163,74.9953488372093,82.5744186046512,1.74955581395349,43,43
" TX","Schleicher County",85.3,81.7,97.5,2.5192,1,1
" GA","Schley County",77.1,76.4,78.5,2.4482,2,2
" NY","Schoharie County",81.9142857142857,80.2142857142857,88.1142857142857,1.6857,7,7
" MI","Schoolcraft County",79.6,78.1333333333333,80.2333333333333,1.3269,3,3
" IL","Schuyler County",79.0333333333333,71.2666666666667,83.3666666666667,2.04723333333333,3,3
" MO","Schuyler County",78.1,77.6,79.5,1.5744,2,2
" NY","Schuyler County",81.14,79.16,86.72,1.81222,5,5
" PA","Schuylkill County",76.2923076923077,69.7153846153846,78.6974358974359,1.57273846153846,39,39
" OH","Scioto County",73.57,64.34,76.16,1.782235,20,20
" MO","Scotland County",73.55,67.25,77.3,1.20675,2,2
" NC","Scotland County",75.5857142857143,70.3142857142857,77.1,1.65278571428571,7,7
" AR","Scott County",75.8,69.9,77.3666666666667,2.12613333333333,3,3
" IA","Scott County",78.368085106383,73.6808510638298,82.7468085106383,1.90904042553191,47,47
" IL","Scott County",79.7,79.6,81.6,1.6101,2,2
" IN","Scott County",73.48,68.84,77.34,1.96838,5,5
" KS","Scott County",78.5,77.6,79.5,0.9006,1,1
" KY","Scott County",77.7727272727273,72.2545454545455,79.9545454545455,2.13363636363636,11,11
" MN","Scott County",80.8095238095238,79.4952380952381,85.4523809523809,1.72512857142857,21,21
" MO","Scott County",77.2,71.0777777777778,81.5888888888889,1.83505555555556,9,9
" MS","Scott County",74.1166666666667,63,75.9,1.84951666666667,6,6
" TN","Scott County",72.2,56.9,75.1,1.66596,5,5
" VA","Scott County",75.1833333333333,69.1,76.7,1.38831666666667,6,6
" NE","Scotts Bluff County",78.9,77.4636363636364,80.7909090909091,1.73802727272727,11,11
" GA","Screven County",75.18,68.36,76.94,1.76248,5,5
" TX","Scurry County",76.3,71.225,77.4,1.663575,4,4
" AR","Searcy County",75.6,63,75.9,1.5501,3,3
" AR","Sebastian County",75.7,68.5076923076923,77.9538461538462,1.57625769230769,26,26
" CO","Sedgwick County",76.1,75.2,77.5,1.5101,1,1
" KS","Sedgwick County",76.9776859504132,70.2173553719008,80.8140495867769,1.85679008264463,121,121
" FL","Seminole County",79.7898734177215,76.8632911392405,83.6417721518987,2.10183037974684,79,79
" GA","Seminole County",73.7,56.9,75.1,2.159,3,3
" OK","Seminole County",75.9444444444444,66.7444444444444,80.8333333333333,1.79031111111111,9,9
" NY","Seneca County",80.65,79.6,87.13,1.67239,10,10
" OH","Seneca County",78.3714285714286,74.9785714285714,82.3071428571428,1.55163571428571,14,14
" TN","Sequatchie County",76.0666666666667,75.2,77.5,1.4819,3,3
" OK","Sequoyah County",75.3333333333333,66.0222222222222,78.6111111111111,1.49344444444444,9,9
" AR","Sevier County",75.275,66.05,76.3,1.669925,4,4
" TN","Sevier County",75.8235294117647,69.5470588235294,78.1823529411765,1.62795882352941,17,17
" UT","Sevier County",78.96,77.46,82.3,1.50166,5,5
" KS","Seward County",79.675,78.025,83.5,1.98755,4,4
" NE","Seward County",79.075,78,80.05,1.224575,4,4
" TX","Shackelford County",80.3,79.6,81.6,1.3717,1,1
" MO","Shannon County",76.85,76.4,78.5,1.22195,2,2
" MS","Sharkey County",73.45,66.05,76.3,1.7676,2,2
" AR","Sharp County",74.9,61.475,75.7,1.7197,4,4
" CA","Shasta County",76.7744680851064,70.4191489361702,78.2744680851064,1.73413829787234,47,47
" WI","Shawano County",79.49,76.44,84.28,1.61152,10,10
" KS","Shawnee County",77.5116279069767,71.4604651162791,80.693023255814,1.76330465116279,43,43
" WI","Sheboygan County",78.892,75.744,82.516,1.827504,25,25
" AL","Shelby County",78.3555555555556,74.3244444444444,81.0955555555555,1.97000666666667,45,45
" IA","Shelby County",79.05,78.1,80.025,1.39325,4,4
" IL","Shelby County",80.1833333333333,75.05,84.45,1.53253333333333,6,6
" IN","Shelby County",77.6444444444444,73.1444444444444,80.3111111111111,1.70087777777778,9,9
" KY","Shelby County",78.3111111111111,73.3666666666667,80.5444444444444,1.6892,9,9
" MO","Shelby County",75.9666666666667,69.9,77.3666666666667,1.63753333333333,3,3
" OH","Shelby County",78.75,74.4,82.45,1.59917,10,10
" TN","Shelby County",74.7948453608247,66.5731958762887,78.4381443298969,1.90725412371134,194,194
" TX","Shelby County",75.1833333333333,66.85,76.9666666666667,1.63871666666667,6,6
" VA","Shenandoah County",78.6666666666667,77.7333333333333,79.7555555555556,1.42054444444444,9,9
" MN","Sherburne County",80.7363636363636,77.9454545454545,87.6636363636364,1.94738181818182,11,11
" KS","Sheridan County",77.9,77.6,79.5,0.84795,2,2
" MT","Sheridan County",77.4,68.25,78.35,1.12205,2,2
" ND","Sheridan County",77.6,77.6,79.5,0.6546,1,1
" NE","Sheridan County",80.1,78.45,87.5,1.85765,2,2
" WY","Sheridan County",79.7166666666667,78.2,80.2166666666667,1.66916666666667,6,6
" KS","Sherman County",78.6,77.4,79.55,1.28745,2,2
" NE","Sherman County",77.3,75.2,77.5,1.2735,1,1
" OR","Sherman County",81.7,81.7,97.5,1.965,1,1
" TX","Sherman County",87.3,81.7,97.5,2.6131,1,1
" MI","Shiawassee County",77.3647058823529,73.3352941176471,78.2647058823529,1.45189411764706,17,17
" ID","Shoshone County",80.9666666666667,72.0666666666667,84.0333333333333,2.2182,3,3
" MN","Sibley County",80.825,78.625,84,1.343975,4,4
" CA","Sierra County",84.9,81.7,97.5,3.3168,1,1
" NM","Sierra County",75.525,67.15,77.325,1.789075,4,4
" MT","Silver Bow County",75.7,68.9375,77.1,1.3740875,8,8
" KY","Simpson County",75.6,70.625,76.9,1.50875,4,4
" MS","Simpson County",73.9,62.075,76.2,1.532025,4,4
" IA","Sioux County",82.1714285714286,81.1142857142857,94.9285714285714,1.78905714285714,7,7
" ND","Sioux County",71.45,56.9,75.1,2.2716,2,2
" NE","Sioux County",86.6,81.7,97.5,3.7458,1,1
" CA","Siskiyou County",78.875,75.4166666666667,84.7916666666667,2.00615,12,12
" AK","Sitka City and Borough",79,77.6,79.5,1.31,2,2
" WA","Skagit County",79.7214285714286,77.8571428571429,83.9428571428571,1.69014285714286,28,28
" AK","Skagway Municipality",80.8,79.6,81.6,1.7952,1,1
" WA","Skamania County",80.4,79.625,85.05,2.16805,4,4
" KS","Smith County",77.65,77.4,79.55,1.79335,2,2
" MS","Smith County",79.2,77.4666666666667,79.5333333333333,1.62016666666667,3,3
" TN","Smith County",73.94,60.56,75.58,1.31048,5,5
" TX","Smith County",77.3425,71.435,79.055,1.67333,40,40
" VA","Smyth County",74.45,63.7625,76,1.4357125,8,8
" WA","Snohomish County",79.591095890411,76.8164383561644,83.6,1.86597123287671,146,146
" PA","Snyder County",81.1714285714286,79.2857142857143,85.2571428571429,1.43251428571429,7,7
" NM","Socorro County",77.35,72.325,78.425,1.800175,4,4
" CA","Solano County",78.8011235955056,76.3820224719101,82.3640449438202,1.91336292134831,89,89
" MD","Somerset County",74.8666666666667,66.05,76.3,1.64498333333333,6,6
" ME","Somerset County",76.6714285714286,70.8,77.5357142857143,1.99988571428571,14,14
" NJ","Somerset County",81.7907692307692,80.28,89.5015384615385,1.84828615384615,65,65
" PA","Somerset County",78.0571428571428,74.8380952380952,79.852380952381,1.54081904761905,21,21
" TX","Somervell County",78.65,69.3,86.3,2.2606,2,2
" CA","Sonoma County",80.5905263157895,78.8589473684211,85.5663157894737,1.76747473684211,95,95
" VA","Southampton County",76.9666666666667,75.2,77.5,1.34093333333333,3,3
" AK","Southeast Fairbanks Census Area",77.85,76.4,78.5,1.03915,2,2
" GA","Spalding County",73.5583333333333,60.15,75.6666666666667,1.52745,12,12
" SC","Spartanburg County",76.2417910447761,69.3731343283582,78.1373134328358,1.86983134328358,67,67
" IN","Spencer County",80.74,79.24,86.7,2.05826,5,5
" KY","Spencer County",76.8,75.8,78,1.76575,4,4
" SD","Spink County",81.2333333333333,79.5333333333333,90.8333333333333,2.3577,3,3
" WA","Spokane County",77.7233009708738,72.9058252427184,80.4902912621359,1.68894951456311,103,103
" VA","Spotsylvania County",78.6214285714286,77.5214285714286,80.6,1.94789642857143,28,28
" LA","St. Bernard Parish",74.5928571428571,63.6071428571429,76.1,2.02742857142857,14,14
" MO","St. Charles County",79.9337662337662,77.325974025974,84.7415584415584,1.95433896103896,77,77
" LA","St. Charles Parish",76.8583333333333,73.6833333333333,78.45,1.88975833333333,12,12
" AL","St. Clair County",74.7083333333333,63.4,76.2333333333333,1.44050833333333,12,12
" IL","St. Clair County",75.8535714285714,69.9982142857143,78.5821428571429,1.82405357142857,56,56
" MI","St. Clair County",76.1765957446809,70.6851063829787,77.6021276595745,1.72193404255319,47,47
" MO","St. Clair County",77.9,72.0666666666667,84.0333333333333,1.86273333333333,3,3
" WI","St. Croix County",79.6923076923077,78.4692307692308,81.5461538461538,1.65095384615385,13,13
" AR","St. Francis County",75.2166666666667,69.1,76.7,1.47376666666667,6,6
" MO","St. Francois County",74.1,63.5545454545455,75.9727272727273,1.42688181818182,11,11
" LA","St. Helena Parish",74.75,66.05,76.3,1.61625,2,2
" LA","St. James Parish",76.5142857142857,65.7142857142857,77,1.9149,7,7
" LA","St. John the Baptist Parish",74.9909090909091,67.5,76.9636363636364,2.00654545454545,11,11
" FL","St. Johns County",80.3424242424242,77.4818181818182,85.1333333333333,1.98974545454545,33,33
" IN","St. Joseph County",76.4571428571429,70.35,79.77,1.83854714285714,70,70
" MI","St. Joseph County",76.6294117647059,72.2588235294118,78.1235294117647,1.51663529411765,17,17
" LA","St. Landry Parish",74.6736842105263,66.2,76.7631578947368,1.73063157894737,19,19
" NY","St. Lawrence County",81.08,78.52,86.152,2.01188,25,25
" MN","St. Louis County",78.2466666666667,74.9683333333333,82.2233333333333,1.80630666666667,60,60
" MO","St. Louis County",78.6240837696335,74.2921465968586,83.3293193717277,1.68810994764398,191,191
" MO","St. Louis city",73.3948453608247,63.8845360824742,76.5845360824742,2.11869072164948,97,97
" FL","St. Lucie County",77.7279069767442,73.3744186046512,82.0697674418605,1.84463488372093,43,43
" LA","St. Martin Parish",75.4636363636364,68.7636363636364,76.8090909090909,1.5814,11,11
" LA","St. Mary Parish",74.00625,64.1875,76.38125,1.636025,16,16
" MD","St. Mary's County",80.75,79.5875,86.7875,2.0918875,16,16
" LA","St. Tammany Parish",77.5921052631579,75.0789473684211,79.5763157894737,1.50576052631579,38,38
" KS","Stafford County",76.4,75.2,77.5,1.47115,2,2
" VA","Stafford County",79.5,77.692,81.448,1.890628,25,25
" CA","Stanislaus County",77.621978021978,73.8252747252747,79.4912087912088,1.69805054945055,91,91
" SD","Stanley County",80.9,79.6,81.6,2.5751,1,1
" NC","Stanly County",76.7538461538462,72.1846153846154,79.1076923076923,1.40720769230769,13,13
" KS","Stanton County",87.9,81.7,97.5,3.0617,1,1
" NE","Stanton County",79.15,78.6,80.55,0.97405,2,2
" IL","Stark County",80.65,79.65,88.5,1.93505,2,2
" ND","Stark County",80.725,79.5875,86.7875,1.96,8,8
" OH","Stark County",76.9141176470588,71.135294117647,79.2952941176471,1.44087529411765,85,85
" IN","Starke County",73.9142857142857,62.1285714285714,75.7857142857143,1.66435714285714,7,7
" TX","Starr County",77.3923076923077,76.0692307692308,79.3461538461538,1.70547692307692,13,13
" VA","Staunton city",76,70.3,77.7,1.42605,6,6
" MO","Ste. Genevieve County",77.375,75.8,78,1.453875,4,4
" MN","Stearns County",81.9222222222222,79.9814814814815,89.6666666666667,1.8514037037037,27,27
" MN","Steele County",82.6125,77.825,90.4625,1.8532125,8,8
" ND","Steele County",84.5,81.7,97.5,2.4364,1,1
" GA","Stephens County",73.74,64.7,76.46,1.51248,5,5
" OK","Stephens County",75.1909090909091,69.1636363636364,77.1818181818182,1.17228181818182,11,11
" TX","Stephens County",76.6333333333333,71.2666666666667,83.3666666666667,2.0336,3,3
" IL","Stephenson County",79.8846153846154,74.5384615384615,83.4461538461538,1.87159230769231,13,13
" TX","Sterling County",84,81.7,97.5,3.0035,1,1
" IN","Steuben County",78.5625,75.475,81.2125,1.8018625,8,8
" NY","Steuben County",79.7862068965517,77.9379310344828,82.9034482758621,1.67838620689655,29,29
" KS","Stevens County",79.75,79.6,81.6,2.00205,2,2
" MN","Stevens County",83.6666666666667,80.3333333333333,91.5,1.87256666666667,3,3
" WA","Stevens County",77.625,75.4083333333333,78.8166666666667,1.44249166666667,12,12
" GA","Stewart County",76.75,76.4,78.5,1.7412,2,2
" TN","Stewart County",74.5666666666667,63,75.9,1.20726666666667,3,3
" MT","Stillwater County",79.7666666666667,78.9666666666667,85.5,1.71256666666667,3,3
" MO","Stoddard County",75.35,68.6375,76.85,1.3576625,8,8
" NC","Stokes County",77.2333333333333,74.2333333333333,78.1222222222222,1.58743333333333,9,9
" AR","Stone County",73.5666666666667,56.9,75.1,2.0464,3,3
" MO","Stone County",77.65,74.0166666666667,78.8,1.71351666666667,6,6
" MS","Stone County",74.1,63,75.9,1.64776666666667,3,3
" TX","Stonewall County",76.7,75.2,77.5,1.9087,1,1
" NV","Storey County",80.6,79.6,81.6,1.755,1,1
" IA","Story County",81.0923076923077,79.2384615384615,86.6076923076923,1.91666923076923,13,13
" NH","Strafford County",79.5136363636364,78.3318181818182,83.5227272727273,1.73690454545455,22,22
" ND","Stutsman County",78.6166666666667,75.1666666666667,82.1166666666667,1.89091666666667,6,6
" WY","Sublette County",81.95,79.65,88.5,2.00675,2,2
" MA","Suffolk County",79.6293413173653,77.7155688622754,83.2389221556886,2.16164371257485,167,167
" NY","Suffolk County",80.6804560260586,79.2723127035831,85.6970684039088,1.76990358306189,307,307
" VA","Suffolk city",76.2269230769231,68.7653846153846,77.6576923076923,2.01301538461538,26,26
" IN","Sullivan County",77.92,73.8,81.82,1.88418,5,5
" MO","Sullivan County",77.2333333333333,71.3666666666667,78.7333333333333,1.9211,3,3
" NH","Sullivan County",80,76.68,84.48,1.95789,10,10
" NY","Sullivan County",79.995652173913,78.1869565217391,84.4652173913043,2.00885217391304,23,23
" PA","Sullivan County",76.95,75.2,77.5,1.008,2,2
" TN","Sullivan County",75.3513513513514,67.1216216216216,77.4135135135135,1.38058648648649,37,37
" SD","Sully County",79.4,77.6,79.5,0.7761,1,1
" WV","Summers County",72.85,67.15,77.325,1.69845,4,4
" CO","Summit County",82.05,81.7,97.5,3.446,2,2
" OH","Summit County",76.4356589147287,70.4829457364341,79.2527131782946,1.65085426356589,129,129
" UT","Summit County",81.5714285714286,80.5142857142857,90.3857142857143,2.36181428571429,7,7
" KS","Sumner County",76.9833333333333,72.8833333333333,77.7833333333333,1.34038333333333,6,6
" TN","Sumner County",77.0971428571429,72.8171428571429,79.3714285714286,1.94816571428571,35,35
" AL","Sumter County",75.875,67.25,77.3,2.4039,4,4
" FL","Sumter County",76.0583333333333,70.6333333333333,78.05,2.16863333333333,12,12
" GA","Sumter County",75.9,68.9375,77.1,1.9997375,8,8
" SC","Sumter County",75.2666666666667,66.8,77.9666666666667,1.77664761904762,21,21
" MS","Sunflower County",73.6,63.1,76.6571428571429,1.91944285714286,7,7
" NC","Surry County",76.59,73.475,78.055,1.58312,20,20
" VA","Surry County",76.55,75.2,77.5,1.3627,2,2
" PA","Susquehanna County",79.2636363636364,76.3818181818182,81.1363636363636,1.62907272727273,11,11
" DE","Sussex County",78.4826086956522,76.4826086956522,81.7108695652174,1.69370217391304,46,46
" NJ","Sussex County",79.6921052631579,77.3763157894737,83.5578947368421,1.88048421052632,38,38
" VA","Sussex County",71,56.9,75.1,1.81115,4,4
" CA","Sutter County",78.635,75,82.95,1.90677,20,20
" TX","Sutton County",79.6,79.6,81.6,1.3193,1,1
" FL","Suwannee County",75.7428571428571,70.3142857142857,77.1,1.48597142857143,7,7
" NC","Swain County",75.525,66.05,76.3,1.65505,4,4
" MT","Sweet Grass County",79.8,79.6,81.6,1.1268,1,1
" WY","Sweetwater County",79.1777777777778,78.2666666666667,80.2,2.38577777777778,9,9
" MN","Swift County",83.675,80.15,89.025,2.10695,4,4
" TX","Swisher County",80.6,79.5333333333333,90.8333333333333,1.74923333333333,3,3
" IN","Switzerland County",75.4,69.9,77.3666666666667,1.40206666666667,3,3
" GA","Talbot County",74.7,56.9,75.1,1.83355,2,2
" MD","Talbot County",80.17,78.75,84.92,1.72209,10,10
" GA","Taliaferro County",75.6,75.2,77.5,1.8698,1,1
" AL","Talladega County",72.7227272727273,58.6727272727273,75.4090909090909,1.75935909090909,22,22
" MS","Tallahatchie County",70.85,61.475,75.7,2.037325,4,4
" AL","Tallapoosa County",74.71,63.07,76.43,1.76321,10,10
" IA","Tama County",79.6666666666667,78.1666666666667,84.8333333333333,1.50783333333333,6,6
" MO","Taney County",77.03,72.7,78.03,1.43493,10,10
" LA","Tangipahoa Parish",74.695,65.7,77.38,1.698785,20,20
" NM","Taos County",81.4166666666667,79.9666666666667,86.55,1.62643333333333,6,6
" TX","Tarrant County",77.5433962264151,73.4962264150943,79.9418238993711,1.92489465408805,318,318
" MS","Tate County",75.5,68.76,77.36,1.46288,5,5
" GA","Tattnall County",74.5,64.22,76.06,1.29244,5,5
" FL","Taylor County",76.075,71.225,77.4,1.911525,4,4
" GA","Taylor County",74.5333333333333,56.9,75.1,1.99516666666667,3,3
" IA","Taylor County",78.8333333333333,77.4666666666667,79.5333333333333,1.30456666666667,3,3
" KY","Taylor County",75.94,67.88,76.54,1.8716,5,5
" TX","Taylor County",75.3,66.3032258064516,77.6870967741935,1.67024516129032,31,31
" WI","Taylor County",83.86,81.28,94.32,2.10038,5,5
" WV","Taylor County",76.2,71.225,77.4,1.260675,4,4
" IL","Tazewell County",78.6833333333333,74.9733333333333,82.9133333333333,1.55037666666667,30,30
" VA","Tazewell County",73.34,62.39,75.82,1.601,10,10
" CA","Tehama County",77.2909090909091,75.2090909090909,78.7545454545455,1.4676,11,11
" GA","Telfair County",78.7,72.7333333333333,84.7333333333333,2.0314,3,3
" CO","Teller County",80.38,79.24,86.7,2.52334,5,5
" LA","Tensas Parish",80.25,79.65,88.5,2.7159,2,2
" LA","Terrebonne Parish",74.655,64.46,76.26,1.827785,20,20
" GA","Terrell County",74.175,66.05,76.3,1.753075,4,4
" TX","Terrell County",79.6,79.6,81.6,1.6017,1,1
" TX","Terry County",76.2,64.4666666666667,77.2666666666667,1.35973333333333,3,3
" ID","Teton County",85.4,81.7,97.5,2.2267,1,1
" MT","Teton County",83.8,80.3333333333333,91.5,2.35733333333333,3,3
" WY","Teton County",81.95,80.075,92.5,2.033175,4,4
" MO","Texas County",76.475,75.2,77.5,1.13255,4,4
" OK","Texas County",79.14,78.32,80.36,1.246,5,5
" NE","Thayer County",78.85,77.6,79.5,1.53775,2,2
" GA","Thomas County",75.3272727272727,69.1636363636364,77.1818181818182,1.58306363636364,11,11
" KS","Thomas County",81.75,79.65,88.5,2.2221,2,2
" TX","Throckmorton County",78.4,77.6,79.5,2.4637,1,1
" NE","Thurston County",81.7,79.65,88.5,2.111,2,2
" WA","Thurston County",79.7708333333333,77.9,84.6291666666667,1.78788541666667,48,48
" GA","Tift County",75.9222222222222,71.4,77.1888888888889,1.61364444444444,9,9
" OR","Tillamook County",78.325,75.725,81.475,2.0133,8,8
" OK","Tillman County",75.1,68.36,76.94,1.44,5,5
" NY","Tioga County",80.55,79.16,86.72,1.69724,10,10
" PA","Tioga County",78.57,77.48,79.53,1.13745,10,10
" MS","Tippah County",73.55,62.075,76.2,1.5658,4,4
" IN","Tippecanoe County",78.4741935483871,73.3290322580645,83.0903225806452,1.91443225806452,31,31
" IN","Tipton County",77.95,77,79,1.714875,4,4
" TN","Tipton County",74.9166666666667,65.2666666666667,77.9333333333333,1.76965,12,12
" MS","Tishomingo County",73.4333333333333,63,75.9,1.90873333333333,3,3
" TX","Titus County",76.5375,72.075,78.1625,1.8163375,8,8
" KY","Todd County",76.675,71.725,77.925,2.084075,4,4
" MN","Todd County",81.5125,79.9,88.7625,1.58645,8,8
" SD","Todd County",74.7,66.05,76.3,1.76365,2,2
" CT","Tolland County",81.025,79.7541666666667,86.9625,1.628025,24,24
" TX","Tom Green County",77.2565217391304,72.395652173913,79.2434782608696,1.656,23,23
" NY","Tompkins County",81.3117647058824,78.5058823529412,88.7823529411765,1.85651176470588,17,17
" UT","Tooele County",77.8375,74.575,80.4625,1.5462,8,8
" MT","Toole County",78.35,77.6,79.5,1.2574,2,2
" GA","Toombs County",74.3666666666667,63,75.9,1.53001666666667,6,6
" NM","Torrance County",81.325,79.625,85.05,2.18575,4,4
" ND","Towner County",79.4,77.6,79.5,1.643,1,1
" GA","Towns County",79.6333333333333,78.1666666666667,84.8333333333333,1.7515,3,3
" ND","Traill County",78.125,76.9,79.025,2.034275,4,4
" NC","Transylvania County",79.8857142857143,78.6428571428571,82.7,1.64037142857143,7,7
" MN","Traverse County",78,76.4,78.5,1.71185,2,2
" TX","Travis County",79.7708791208791,77.417032967033,84.0846153846154,2.12794505494506,182,182
" KS","Trego County",76,75.2,77.5,1.3013,1,1
" WI","Trempealeau County",80.825,79.325,84.8,1.6305375,8,8
" GA","Treutlen County",76.6,75.2,77.5,2.0282,2,2
" KY","Trigg County",76.1,75.2,77.5,1.38815,2,2
" KY","Trimble County",75.05,66.05,76.3,1.57855,2,2
" CA","Trinity County",80.9,78.625,84,1.82235,4,4
" TX","Trinity County",77.14,65.52,80.06,1.76394,5,5
" SD","Tripp County",80.55,78.45,87.5,1.8512,2,2
" GA","Troup County",75.9142857142857,70.6285714285714,77.3928571428571,1.55963571428571,14,14
" TN","Trousdale County",72.25,56.9,75.1,1.32955,2,2
" OH","Trumbull County",75.6581818181818,69.0836363636364,78.1127272727273,1.69551636363636,55,55
" WV","Tucker County",77.6,76.6666666666667,78.8666666666667,2.06706666666667,3,3
" CA","Tulare County",77.9883116883117,74.251948051948,80.6402597402597,1.79528701298701,77,77
" OK","Tulsa County",76.0732142857143,69.1625,78.85,1.71771488095238,168,168
" MS","Tunica County",72.75,56.9,75.1,1.6025,2,2
" CA","Tuolumne County",79.4666666666667,76.3888888888889,83.2555555555556,1.67131111111111,9,9
" GA","Turner County",74.9,66.05,76.3,1.6224,2,2
" SD","Turner County",80.1,79.6,81.6,1.1064,2,2
" AL","Tuscaloosa County",75.0214285714286,65.9261904761905,77.5238095238095,1.75220952380952,42,42
" OH","Tuscarawas County",78.3142857142857,73.2857142857143,82.4571428571429,1.5315619047619,21,21
" MI","Tuscola County",78.2153846153846,75.7384615384615,80.0923076923077,1.34784615384615,13,13
" GA","Twiggs County",74.55,66.05,76.3,1.3316,2,2
" ID","Twin Falls County",77.3538461538461,75.3692307692308,79.7846153846154,1.58196923076923,13,13
" TX","Tyler County",77.12,69.32,77.74,1.9296,5,5
" WV","Tyler County",78.0666666666667,71.2666666666667,83.3666666666667,1.96716666666667,3,3
" NC","Tyrrell County",80.2,79.6,81.6,2.0559,1,1
" WY","Uinta County",77.7,76,78.1666666666667,1.0737,3,3
" UT","Uintah County",78.6,77.1333333333333,79.1833333333333,1.4145,6,6
" NY","Ulster County",80.2170731707317,78.3951219512195,85.1634146341463,1.85453658536585,41,41
" OR","Umatilla County",78.9714285714286,76.7928571428571,81.9214285714286,1.5831,14,14
" TN","Unicoi County",75.15,66.05,76.3,1.26635,4,4
" AR","Union County",74.11,66.73,76.91,1.49136,10,10
" FL","Union County",73.4333333333333,69.9,77.3666666666667,1.56036666666667,3,3
" GA","Union County",77.675,77,79,1.752075,4,4
" IA","Union County",77.975,76.825,82.5,1.5389,4,4
" IL","Union County",76.74,73.32,81.42,1.62236,5,5
" IN","Union County",77.95,77.6,79.5,1.51985,2,2
" KY","Union County",75.75,67.75,77.825,1.905475,4,4
" MS","Union County",76.0166666666667,67.1833333333333,77.3166666666667,2.01538333333333,6,6
" NC","Union County",78.3470588235294,75.7558823529412,80.0823529411765,1.71761470588235,34,34
" NJ","Union County",80.1537735849057,77.9103773584906,85.4075471698113,1.7929858490566,106,106
" NM","Union County",78.5,77.6,79.5,1.1984,1,1
" OH","Union County",78.2777777777778,77.4444444444444,82.6111111111111,1.78602222222222,9,9
" OR","Union County",78.4125,75.425,81.225,1.793725,8,8
" PA","Union County",80.5571428571428,79.0428571428571,82.9714285714286,1.35837142857143,7,7
" SC","Union County",73.4888888888889,63,75.9,1.71068888888889,9,9
" SD","Union County",80.6666666666667,79.6333333333333,86.2,1.4529,3,3
" TN","Union County",73.35,56.9,75.1,1.3551,4,4
" LA","Union Parish",73.6833333333333,56.9,75.1,1.49848333333333,6,6
" TX","Upshur County",75.9857142857143,70.3142857142857,77.1,1.41717142857143,7,7
" WV","Upshur County",76.28,69.64,78.18,1.68816,5,5
" GA","Upson County",73.0714285714286,62.1285714285714,75.7857142857143,1.58357142857143,7,7
" TX","Upton County",80.25,79.65,88.5,2.0679,2,2
" UT","Utah County",79.9491071428571,78.0276785714286,83.9625,2.08017321428571,112,112
" TX","Uvalde County",78.68,77.46,82.3,1.67368,5,5
" TX","Val Verde County",78.9444444444444,75.8888888888889,81.2666666666667,1.94434444444444,9,9
" AK","Valdez-Cordova Census Area",80.9666666666667,79.6333333333333,86.2,2.36256666666667,3,3
" NM","Valencia County",77.6176470588235,74.9588235294118,79.6941176470588,1.74044705882353,17,17
" ID","Valley County",81.5,79.6333333333333,86.2,1.80686666666667,3,3
" MT","Valley County",76.8,70.7,78.0333333333333,1.28286666666667,3,3
" NE","Valley County",79.7,78.6,80.55,1.7541,2,2
" AR","Van Buren County",77.06,69.72,78.16,1.67898,5,5
" IA","Van Buren County",79.1,78.6,80.55,1.2536,2,2
" MI","Van Buren County",78.3133333333333,77.2,79.2533333333333,1.41550666666667,15,15
" TN","Van Buren County",73.4,56.9,75.1,1.79995,2,2
" OH","Van Wert County",77.1111111111111,72.6111111111111,79.8666666666667,1.59401111111111,9,9
" TX","Van Zandt County",77.81,73.35,80.03,1.4024,10,10
" NC","Vance County",74.21,68.8,77.35,1.90169,10,10
" IN","Vanderburgh County",75.3869565217391,68.4086956521739,78.7239130434783,1.76555217391304,46,46
" PA","Venango County",77.275,72.5,78.54375,1.51675625,16,16
" CA","Ventura County",81.0198757763975,79.3819875776397,86.6503105590062,1.93224844720497,161,161
" IL","Vermilion County",75.1083333333333,66.1416666666667,77.5375,1.54563333333333,24,24
" LA","Vermilion Parish",76.45,70.4666666666667,77.875,1.4724,12,12
" IN","Vermillion County",77.42,73.32,81.42,1.7093,5,5
" MO","Vernon County",75.9333333333333,67.5166666666667,77.6666666666667,1.7996,6,6
" WI","Vernon County",81.0285714285714,77.2571428571429,87.4857142857143,1.54404285714286,7,7
" LA","Vernon Parish",76.575,76.05,78.2625,1.4681,8,8
" TX","Victoria County",77.4681818181818,73.4090909090909,79.7090909090909,1.73361818181818,22,22
" IN","Vigo County",74.7464285714286,66.0678571428571,76.7892857142857,1.72952857142857,28,28
" WI","Vilas County",79.02,77.94,82.7,1.9739,5,5
" OH","Vinton County",75.1666666666667,63,75.9,1.53963333333333,3,3
" VA","Virginia Beach city",78.4647058823529,75.7329411764706,80.8047058823529,1.88707058823529,85,85
" FL","Volusia County",77.0390476190476,72.3838095238095,79.6428571428571,1.79009333333333,105,105
" IL","Wabash County",78.725,72.85,82.4,1.917275,4,4
" IN","Wabash County",76.5625,72.075,78.1625,1.601675,8,8
" MN","Wabasha County",82.25,79.9833333333333,88.85,1.5216,6,6
" KS","Wabaunsee County",79.2,77.4,79.55,1.2801,2,2
" MN","Wadena County",77.8666666666667,71.3666666666667,78.7333333333333,1.1435,3,3
" OK","Wagoner County",76.02,69.48,77.96,1.86099,20,20
" WA","Wahkiakum County",78.4,77.6,79.5,1.4745,1,1
" NC","Wake County",80.250641025641,78.0025641025641,84.7576923076923,2.11461217948718,156,156
" FL","Wakulla County",76.55,71.225,77.4,1.718375,4,4
" ME","Waldo County",78.8875,77.8,79.775,1.494225,8,8
" AL","Walker County",71.4388888888889,56.9,75.1,1.46327222222222,18,18
" GA","Walker County",75.4153846153846,66.3692307692308,78.2153846153846,1.6053,13,13
" TX","Walker County",77.425,67.9625,79.825,1.7195125,8,8
" WA","Walla Walla County",80.0272727272727,76.9363636363636,82.9636363636364,1.47835454545455,11,11
" KS","Wallace County",81.6,79.6,81.6,1.7679,1,1
" TX","Waller County",80.1,79.22,83.94,1.57172,5,5
" OR","Wallowa County",78.9,78.2666666666667,80.2,1.81586666666667,3,3
" ND","Walsh County",78.2333333333333,77.1333333333333,79.1833333333333,1.78641666666667,6,6
" MS","Walthall County",73.1,56.9,75.1,1.49076666666667,3,3
" FL","Walton County",78.1363636363636,72.1909090909091,81.2272727272727,2.21319090909091,11,11
" GA","Walton County",76.5533333333333,70.1733333333333,78.5666666666667,1.51686666666667,15,15
" SD","Walworth County",78.55,69.3,86.3,1.57745,2,2
" WI","Walworth County",79.0105263157895,77.4315789473684,82.4526315789474,1.70497894736842,19,19
" IA","Wapello County",77.3090909090909,70.9727272727273,82.6272727272727,1.87480909090909,11,11
" ND","Ward County",78.9909090909091,74.9090909090909,82.3636363636364,1.78014545454545,11,11
" TX","Ward County",77.5666666666667,71.3666666666667,78.7333333333333,1.76813333333333,3,3
" GA","Ware County",72.6666666666667,61.2333333333333,75.8555555555556,1.57065555555556,9,9
" GA","Warren County",71.8,56.9,75.1,1.1655,2,2
" IA","Warren County",79.7166666666667,76.8333333333333,83.65,1.764375,12,12
" IL","Warren County",79.2,78.34,83.12,1.56278,5,5
" IN","Warren County",80.85,80.65,89.55,1.4053,2,2
" KY","Warren County",76.575,70.83,77.8,1.701885,20,20
" MO","Warren County",79.08,77.86,82.72,1.66226,5,5
" MS","Warren County",74.2166666666667,64.525,76.1,1.88969166666667,12,12
" NC","Warren County",76.12,68.84,77.34,1.35496,5,5
" NJ","Warren County",79.95,77.8727272727273,85.05,1.66413636363636,22,22
" NY","Warren County",79.6611111111111,76.8555555555556,83.7166666666667,1.92838888888889,18,18
" OH","Warren County",78.984375,74.371875,83.375,1.771184375,32,32
" PA","Warren County",78.5307692307692,75.1153846153846,82.8384615384615,1.59495384615385,13,13
" TN","Warren County",73.5666666666667,63,75.9,1.4979,9,9
" VA","Warren County",76.6,71.775,77.9125,1.6775375,8,8
" IN","Warrick County",79.3363636363636,76.7909090909091,82.7636363636364,1.63931818181818,11,11
" UT","Wasatch County",79.525,74.475,87.4,1.589675,4,4
" OR","Wasco County",77.8875,74.8375,82.45,1.735275,8,8
" MN","Waseca County",81.1,79.64,87.12,1.52526,5,5
" WY","Washakie County",80.6,80.3,86.9,2.52386666666667,3,3
" WI","Washburn County",77.22,72.5,77.82,1.92214,5,5
" AL","Washington County",74.875,66.05,76.3,1.726725,4,4
" AR","Washington County",77.92,75.7066666666667,79.8233333333333,1.61231666666667,30,30
" CO","Washington County",80.15,79.6,81.6,1.4091,2,2
" FL","Washington County",74.0833333333333,63.4,76.2333333333333,1.51901666666667,6,6
" GA","Washington County",77.34,72.98,78.22,1.60048,5,5
" IA","Washington County",79.9,79.56,87.14,1.30934,5,5
" ID","Washington County",78.5333333333333,77.4666666666667,79.5333333333333,1.39766666666667,3,3
" IL","Washington County",78.725,76.9,79.025,1.727375,4,4
" IN","Washington County",74.9833333333333,66.45,76.6333333333333,1.48593333333333,6,6
" KS","Washington County",80.45,79.6,81.6,1.3798,2,2
" KY","Washington County",76.7666666666667,75.2,77.5,1.4946,3,3
" MD","Washington County",76.1551724137931,70.4758620689655,78.0689655172414,1.53973793103448,29,29
" ME","Washington County",76.35,70.2666666666667,77.7083333333333,1.79911666666667,12,12
" MN","Washington County",81.8479166666667,79.6979166666667,88.3625,2.14676458333333,48,48
" MO","Washington County",74.24,56.9,75.1,1.25776,5,5
" MS","Washington County",72.2684210526316,61.9684210526316,75.9421052631579,1.92986315789474,19,19
" NC","Washington County",77.2666666666667,76,78.1666666666667,1.77813333333333,3,3
" NE","Washington County",81.3,79.14,83.96,1.8596,5,5
" NY","Washington County",81.4352941176471,79.5882352941177,86.4823529411765,1.99348823529412,17,17
" OH","Washington County",76.725,71.65,77.78125,1.447725,16,16
" OK","Washington County",76.5923076923077,70.9615384615385,79.0769230769231,1.58413846153846,13,13
" OR","Washington County",81.2010101010101,79.569696969697,86.8878787878788,1.97343636363636,99,99
" PA","Washington County",76.9859649122807,71.9666666666667,78.7824561403509,1.58618596491228,57,57
" RI","Washington County",80.64,79.524,86.492,1.6435,25,25
" TN","Washington County",75.7363636363636,70.4181818181818,78.2863636363636,1.58485909090909,22,22
" TX","Washington County",78.6,77.4666666666667,79.5333333333333,1.3237,6,6
" UT","Washington County",81.0571428571429,80.1904761904762,90.0952380952381,1.72993333333333,21,21
" VA","Washington County",76.9923076923077,73.5846153846154,78.2307692307692,1.53096153846154,13,13
" VT","Washington County",81.1588235294118,79.3411764705882,87.8647058823529,1.8732,17,17
" WI","Washington County",79.8615384615385,78.7115384615385,83.3807692307692,1.92024615384615,26,26
" LA","Washington Parish",73.21,62.87,76.22,1.51795,10,10
" OK","Washita County",79.975,74.475,87.4,1.7829,4,4
" NV","Washoe County",78.1946808510638,74.2712765957447,81.9117021276596,1.95010957446809,94,94
" MI","Washtenaw County",79.58875,76.2625,85.16625,1.8786525,80,80
" NC","Watauga County",80.25,79.6125,83.325,1.7915,8,8
" MN","Watonwan County",81.7666666666667,80.3333333333333,91.5,1.45243333333333,3,3
" WI","Waukesha County",80.8297297297297,78.8824324324324,87.8837837837838,1.96964594594595,74,74
" WI","Waupaca County",77.8833333333333,73.2333333333333,80.4333333333333,1.60650833333333,12,12
" WI","Waushara County",79.4833333333333,78.4833333333333,82.8833333333333,1.7978,6,6
" GA","Wayne County",74.5833333333333,63.4,76.2333333333333,1.29511666666667,6,6
" IA","Wayne County",78.6,77.4666666666667,79.5333333333333,1.5828,3,3
" IL","Wayne County",78.66,74.62,85.42,1.44646,5,5
" IN","Wayne County",76.0823529411765,69.2529411764706,79.5764705882353,1.62029411764706,17,17
" KY","Wayne County",76.26,68.76,77.36,2.0018,5,5
" MI","Wayne County",74.4629496402878,65.5492805755396,77.7678057553957,1.95826384892086,556,556
" MO","Wayne County",75.1,62.575,76.725,1.3972,4,4
" MS","Wayne County",74.625,66.65,76.8,1.957975,4,4
" NC","Wayne County",75.5375,68.2,78.2541666666667,1.879275,24,24
" NE","Wayne County",81.65,80.65,89.55,1.3187,2,2
" NY","Wayne County",80.1142857142857,78.8809523809524,84.2047619047619,1.79661904761905,21,21
" OH","Wayne County",78.5612903225806,76.0322580645161,80.9741935483871,1.63784838709677,31,31
" PA","Wayne County",77.7333333333333,75.6083333333333,78.9833333333333,1.49101666666667,12,12
" TN","Wayne County",74.125,61.475,75.7,1.328475,4,4
" UT","Wayne County",89.3,81.7,97.5,2.6795,1,1
" WV","Wayne County",75.6636363636364,65.8363636363636,76.7454545454545,1.62887272727273,11,11
" VA","Waynesboro city",75.2,69.24,77.76,1.60696,5,5
" TN","Weakley County",76.1,72.22,77.63,1.8391,10,10
" TX","Webb County",78.6296296296296,76.0944444444444,81.1518518518518,2.36456296296296,54,54
" UT","Weber County",77.554,72.86,80.462,1.74098,50,50
" GA","Webster County",77.55,69.3,86.3,2.48235,2,2
" IA","Webster County",76.5083333333333,68.5416666666667,77.3416666666667,1.47566666666667,12,12
" KY","Webster County",74.8,66.05,76.3,1.37945,4,4
" MO","Webster County",76.9,72.025,78.175,1.56785,8,8
" MS","Webster County",75.1,69.1,76.7,1.24713333333333,3,3
" NE","Webster County",77.35,76.4,78.5,1.71275,2,2
" WV","Webster County",76.0333333333333,63.8,76.5666666666667,2.0071,3,3
" LA","Webster Parish",75.0818181818182,64.7636363636364,78.3454545454545,2.03201818181818,11,11
" CO","Weld County",79.2966666666667,76.4316666666667,83.0866666666667,2.28574,60,60
" IN","Wells County",80.2428571428571,76.1,84.3142857142857,2.04264285714286,7,7
" ND","Wells County",78.75,69.3,86.3,2.03,2,2
" LA","West Baton Rouge Parish",76.62,68.84,77.34,1.74414,5,5
" LA","West Carroll Parish",75.4666666666667,63.8,76.5666666666667,1.1834,3,3
" LA","West Feliciana Parish",77.15,68.25,78.35,1.66405,2,2
" NY","Westchester County",82.36875,79.9923076923077,90.5346153846154,1.95846826923077,208,208
" PA","Westmoreland County",77.9551020408163,74.4785714285714,80.4112244897959,1.61859591836735,98,98
" VA","Westmoreland County",76.8666666666667,70.5666666666667,78.0666666666667,1.6989,3,3
" WY","Weston County",78.8,77.6,79.5,1.3395,2,2
" WV","Wetzel County",75.78,72.9,78.24,1.6936,5,5
" MI","Wexford County",77.0875,74.0625,78.2125,1.5658125,8,8
" TX","Wharton County",77.6,75.3636363636364,80.2090909090909,1.97555454545455,11,11
" WA","Whatcom County",80.5387096774194,78.2838709677419,85.7709677419355,1.75850967741935,31,31
" MT","Wheatland County",80.8,79.6,81.6,1.8735,1,1
" GA","Wheeler County",77.3,68.25,78.35,1.91025,2,2
" NE","Wheeler County",77.6,77.6,79.5,0.7623,1,1
" OR","Wheeler County",78.2,77.6,79.5,1.3554,1,1
" TX","Wheeler County",77,68.25,78.35,1.6614,2,2
" AR","White County",75.6,67.975,76.8333333333333,1.27444166666667,12,12
" GA","White County",78.28,77.44,79.54,1.6894,5,5
" IL","White County",75.06,71.54,77.02,1.55506,5,5
" IN","White County",78.625,75.6875,83.2125,1.9128625,8,8
" TN","White County",73.65,59.95,75.5,1.33708333333333,6,6
" NV","White Pine County",78.8666666666667,72.0333333333333,79.4333333333333,1.75946666666667,3,3
" IL","Whiteside County",78.1333333333333,75.1722222222222,79.8111111111111,1.66202222222222,18,18
" GA","Whitfield County",77.5944444444444,74.7777777777778,80.2444444444444,1.67704444444444,18,18
" IN","Whitley County",80.6285714285714,78.9857142857143,82.9857142857143,1.92054285714286,7,7
" KY","Whitley County",71.6714285714286,59.5142857142857,75.4428571428571,1.59188571428571,7,7
" WA","Whitman County",80.8285714285714,79.5428571428571,89.5142857142857,1.48222857142857,7,7
" MT","Wibaux County",77.9,77.6,79.5,0.9397,1,1
" KS","Wichita County",78.1,77.6,79.5,1.9696,1,1
" TX","Wichita County",74.4636363636364,65.6848484848485,77.4636363636364,1.86304848484848,33,33
" MD","Wicomico County",76.9421052631579,71.9421052631579,78.2578947368421,1.70010526315789,19,19
" TX","Wilbarger County",75.6333333333333,69.9,77.3666666666667,1.65523333333333,3,3
" AL","Wilcox County",74.25,56.9,75.1,1.89495,2,2
" GA","Wilcox County",73.275,56.9,75.1,1.7181,4,4
" GA","Wilkes County",75.55,70.625,76.9,1.581975,4,4
" NC","Wilkes County",76.4769230769231,67.4384615384615,78.0846153846154,1.70832307692308,13,13
" MN","Wilkin County",80.4,78.45,87.5,1.60165,2,2
" GA","Wilkinson County",74.2,63,75.9,1.46173333333333,3,3
" MS","Wilkinson County",74.4,66.05,76.3,1.57585,2,2
" IL","Will County",78.5021428571429,75.3764285714286,81.1721428571429,1.97281714285714,140,140
" TX","Willacy County",78.75,77.425,83,1.227325,4,4
" ND","Williams County",78.3142857142857,72.5,81.1285714285714,1.86048571428571,7,7
" OH","Williams County",79.3555555555556,76.8333333333333,83.7222222222222,1.50894444444444,9,9
" SC","Williamsburg County",73.18,62.63,76.02,1.94849,10,10
" VA","Williamsburg city",78.2,77.4666666666667,79.5333333333333,1.23823333333333,3,3
" IL","Williamson County",76.5133333333333,70.92,79.2466666666667,1.45146666666667,15,15
" TN","Williamson County",81.23125,79.984375,88.471875,1.83404375,32,32
" TX","Williamson County",79.3525641025641,76.7307692307692,82.1410256410256,2.02244487179487,78,78
" KS","Wilson County",74.8,66.65,76.8,1.782275,4,4
" NC","Wilson County",77.2833333333333,70.8055555555556,80.6,1.8912,18,18
" TN","Wilson County",76.9631578947368,74.6052631578947,79.1473684210526,1.59255263157895,19,19
" TX","Wilson County",79.86,79.02,83.73,1.99649,10,10
" VA","Winchester city",77.96,70.48,84.54,1.5137,5,5
" CT","Windham County",79.3652173913043,77.5913043478261,83.3347826086956,1.68940869565217,23,23
" VT","Windham County",80.4529411764706,77.8705882352941,84.9235294117647,1.80919411764706,17,17
" VT","Windsor County",82.29375,80.26875,91.75,1.9502625,16,16
" TX","Winkler County",75.5666666666667,63.8,76.5666666666667,1.7653,3,3
" LA","Winn Parish",73.95,66.05,76.3,1.555325,4,4
" IA","Winnebago County",80.6333333333333,79.6333333333333,86.2,1.4822,3,3
" IL","Winnebago County",76.3066666666667,69.368,79.376,1.88371066666667,75,75
" WI","Winnebago County",78.8405405405405,76.1594594594595,81,1.93726486486486,37,37
" IA","Winneshiek County",82.04,80.86,91.14,1.3679,5,5
" MN","Winona County",80.9111111111111,79.3666666666667,85.9777777777778,1.45158888888889,9,9
" AL","Winston County",74.9833333333333,63.7333333333333,76.5833333333333,1.60803333333333,6,6
" MS","Winston County",75.5,69.24,77.76,2.07852,5,5
" WV","Wirt County",77.45,76.4,78.5,2.3645,2,2
" TX","Wise County",78.42,77.45,80.92,1.76808,10,10
" VA","Wise County",74.0272727272727,61.8909090909091,75.7545454545455,1.4912,11,11
" KY","Wolfe County",75.45,66.05,76.3,1.6069,2,2
" OH","Wood County",78.848,77.06,81.984,1.554072,25,25
" TX","Wood County",76,71.9333333333333,77.6333333333333,1.57291111111111,9,9
" WI","Wood County",79.5266666666667,76.1466666666667,84.0066666666667,1.89194,15,15
" WV","Wood County",75.3346153846154,67.35,78.5384615384615,1.91617692307692,26,26
" IA","Woodbury County",77.468,70.648,81.284,1.842416,25,25
" IL","Woodford County",79.4333333333333,78.6777777777778,82.2111111111111,1.54074444444444,9,9
" KY","Woodford County",77.3125,72.325,78.425,1.9498,8,8
" AR","Woodruff County",78.6,69.3,86.3,2.0392,2,2
" OK","Woods County",76.7333333333333,75.2,77.5,1.31763333333333,3,3
" KS","Woodson County",73.5,56.9,75.1,2.0052,2,2
" OK","Woodward County",75.56,68.36,76.94,1.46518,5,5
" MA","Worcester County",79.7355421686747,77.1102409638554,83.905421686747,1.74216746987952,166,166
" MD","Worcester County",77.9071428571429,74.6785714285714,80.0357142857143,1.80731428571429,14,14
" GA","Worth County",74.3,64.7,76.46,1.47832,5,5
" IA","Worth County",78.8,78.2666666666667,80.2,1.35133333333333,3,3
" MO","Worth County",77,75.2,77.5,1.7776,1,1
" AK","Wrangell City and Borough",78.7,77.6,79.5,0.9151,1,1
" IA","Wright County",79.14,78.32,80.36,1.79658,5,5
" MN","Wright County",81.23125,79.89375,87.9,1.50090625,16,16
" MO","Wright County",75.175,66.65,76.8,1.51295,4,4
" OH","Wyandot County",80.7333333333333,75.7833333333333,85.1333333333333,1.89445,6,6
" KS","Wyandotte County",75.1654545454546,67.54,77.5036363636364,2.13872363636364,55,55
" NY","Wyoming County",79.3727272727273,78.4454545454545,81.7272727272727,1.44616363636364,11,11
" PA","Wyoming County",79.3857142857143,75.7,84.0428571428571,1.51992857142857,7,7
" WV","Wyoming County",72.75,63,75.9,1.64313333333333,6,6
" VA","Wythe County",76.0333333333333,69.5,77.0333333333333,1.31223333333333,6,6
" NC","Yadkin County",76.1857142857143,70.6571428571429,77.3857142857143,1.5899,7,7
" WA","Yakima County",78.2886363636364,73.7568181818182,81.6659090909091,1.81795227272727,44,44
" MS","Yalobusha County",73.2666666666667,56.9,75.1,1.63306666666667,3,3
" OR","Yamhill County",79.6117647058824,78.7235294117647,83.1882352941176,1.66698823529412,17,17
" NC","Yancey County",76.68,72.02,77.42,1.31904,5,5
" SD","Yankton County",79.58,78.34,83.12,1.52886,5,5
" NY","Yates County",80.58,79.56,87.14,1.42136,5,5
" AZ","Yavapai County",78.8157894736842,76.5184210526316,82.0184210526316,1.81588421052632,38,38
" MS","Yazoo County",73.5,69.1,76.7,1.71251666666667,6,6
" AR","Yell County",75.88,68.76,77.36,1.86674,5,5
" MN","Yellow Medicine County",80.825,79.05,88,1.73275,4,4
" MT","Yellowstone County",78.1290322580645,75.0677419354839,82.3548387096774,1.75951935483871,31,31
" TX","Yoakum County",78.5,77.4,79.55,1.4163,2,2
" CA","Yolo County",80.6142857142857,77.5714285714286,86.9142857142857,2.07042,35,35
" ME","York County",79.0727272727273,76.9969696969697,82.9484848484849,1.95584545454545,33,33
" NE","York County",79.5,78.025,83.5,1.510325,4,4
" PA","York County",78.3625,74.9420454545455,81.2852272727273,1.65509886363636,88,88
" SC","York County",77.1755555555556,71.5222222222222,80.7688888888889,1.88633555555556,45,45
" VA","York County",79.775,78.8666666666667,85.525,1.88559166666667,12,12
" TX","Young County",75.275,67.15,77.325,1.590775,4,4
" CA","Yuba County",75.9692307692308,70.6230769230769,78.7615384615385,1.38526923076923,13,13
" AK","Yukon-Koyukuk Census Area",76.275,66.65,76.8,1.74,4,4
" AZ","Yuma County",78.1152173913043,75.3326086956522,80.3413043478261,2.01249130434783,46,46
" CO","Yuma County",79.65,78.6,80.55,1.28285,2,2
" TX","Zapata County",78.7666666666667,77.4666666666667,79.5333333333333,1.86503333333333,3,3
" TX","Zavala County",77.575,75.8,78,1.820225,4,4
" SD","Ziebach County",75.2,75.2,77.5,0.6512,1,1
