"state_code","county_code","compound","YEAR","LOW_ESTIMATE","HIGH_ESTIMATE","county_name","state_name"
1,1,"2,4-D",2014,1698.6,1885.5,"Autauga County","AL"
1,1,"Glyphosate",2014,11146.6,11219.2,"Autauga County","AL"
1,1,"Paraquat",2014,123.3,267.9,"Autauga County","AL"
1,1,"Chlorpyrifos",2014,52,278.2,"Autauga County","AL"
1,101,"2,4-D",2014,3552.5,4009,"Montgomery County","AL"
1,101,"Glyphosate",2014,9479.9,9543.6,"Montgomery County","AL"
1,101,"Paraquat",2014,353.8,543.2,"Montgomery County","AL"
1,101,"Chlorpyrifos",2014,3.5,492.2,"Montgomery County","AL"
1,103,"Glyphosate",2014,16826,16926.2,"Morgan County","AL"
1,103,"2,4-D",2014,11568.7,11596.5,"Morgan County","AL"
1,103,"Paraquat",2014,456.5,666,"Morgan County","AL"
1,103,"Chlorpyrifos",2014,69.9,572.2,"Morgan County","AL"
1,105,"2,4-D",2014,2373.4,2592.6,"Perry County","AL"
1,105,"Glyphosate",2014,8015.4,8073.1,"Perry County","AL"
1,105,"Chlorpyrifos",2014,62.8,611.9,"Perry County","AL"
1,105,"Paraquat",2014,280.3,330.7,"Perry County","AL"
1,107,"Glyphosate",2014,3294,3294.5,"Pickens County","AL"
1,107,"2,4-D",2014,2779.5,3056,"Pickens County","AL"
1,107,"Chlorpyrifos",2014,5.8,191.5,"Pickens County","AL"
1,107,"Paraquat",2014,104.9,322.7,"Pickens County","AL"
1,109,"Glyphosate",2014,4717.8,4717.9,"Pike County","AL"
1,109,"Chlorpyrifos",2014,2,880.9,"Pike County","AL"
1,109,"2,4-D",2014,2765.4,3151.9,"Pike County","AL"
1,109,"Paraquat",2014,105.3,482.4,"Pike County","AL"
1,11,"Paraquat",2014,142.8,195.2,"Bullock County","AL"
1,11,"Glyphosate",2014,2192.3,2218.5,"Bullock County","AL"
1,11,"Chlorpyrifos",2014,77.1,216.7,"Bullock County","AL"
1,11,"2,4-D",2014,1318.9,1408.5,"Bullock County","AL"
1,111,"Glyphosate",2014,1036.3,1036.6,"Randolph County","AL"
1,111,"Chlorpyrifos",2014,0.4,59.5,"Randolph County","AL"
1,111,"2,4-D",2014,5766.1,5852,"Randolph County","AL"
1,111,"Paraquat",2014,0.4,174.1,"Randolph County","AL"
1,113,"Glyphosate",2014,5102.5,5103.3,"Russell County","AL"
1,113,"Chlorpyrifos",2014,5.3,723.5,"Russell County","AL"
1,113,"2,4-D",2014,1552.5,1784.6,"Russell County","AL"
1,113,"Paraquat",2014,171.2,391.9,"Russell County","AL"
1,115,"Glyphosate",2014,803.8,803.9,"St. Clair County","AL"
1,115,"Paraquat",2014,24.1,136.8,"St. Clair County","AL"
1,115,"Chlorpyrifos",2014,6.3,14.7,"St. Clair County","AL"
1,115,"2,4-D",2014,2893.9,2897.7,"St. Clair County","AL"
1,117,"Glyphosate",2014,2665,2665.1,"Shelby County","AL"
1,117,"Paraquat",2014,191.3,375.4,"Shelby County","AL"
1,117,"Chlorpyrifos",2014,0.6,106.5,"Shelby County","AL"
1,117,"2,4-D",2014,2337.8,2493.5,"Shelby County","AL"
1,119,"Glyphosate",2014,2581.3,2610.5,"Sumter County","AL"
1,119,"Chlorpyrifos",2014,6.4,137.3,"Sumter County","AL"
1,119,"2,4-D",2014,2247.7,2306.1,"Sumter County","AL"
1,119,"Paraquat",2014,279,312.2,"Sumter County","AL"
1,121,"Glyphosate",2014,10535.8,10535.8,"Talladega County","AL"
1,121,"Paraquat",2014,234,629.2,"Talladega County","AL"
1,121,"2,4-D",2014,3851.9,4759.4,"Talladega County","AL"
1,121,"Chlorpyrifos",2014,7.1,619.9,"Talladega County","AL"
1,123,"Glyphosate",2014,590.1,592.9,"Tallapoosa County","AL"
1,123,"2,4-D",2014,2437.4,2462.6,"Tallapoosa County","AL"
1,123,"Paraquat",2014,90.6,154.7,"Tallapoosa County","AL"
1,123,"Chlorpyrifos",2014,3.1,21.4,"Tallapoosa County","AL"
1,125,"Chlorpyrifos",2014,4.3,210.8,"Tuscaloosa County","AL"
1,125,"2,4-D",2014,2760.9,3069,"Tuscaloosa County","AL"
1,125,"Glyphosate",2014,3745.9,3746.3,"Tuscaloosa County","AL"
1,125,"Paraquat",2014,101.2,354.2,"Tuscaloosa County","AL"
1,127,"Glyphosate",2014,904.4,904.7,"Walker County","AL"
1,127,"Chlorpyrifos",2014,0.9,56.3,"Walker County","AL"
1,127,"2,4-D",2014,2164.4,2246.8,"Walker County","AL"
1,127,"Paraquat",2014,2.9,77.2,"Walker County","AL"
1,129,"Glyphosate",2014,6823,6933.9,"Washington County","AL"
1,129,"Chlorpyrifos",2014,254.5,299.5,"Washington County","AL"
1,129,"2,4-D",2014,1648,1784,"Washington County","AL"
1,129,"Paraquat",2014,119.7,187,"Washington County","AL"
1,13,"Paraquat",2014,183.5,273.8,"Butler County","AL"
1,13,"Glyphosate",2014,17699.7,17831,"Butler County","AL"
1,13,"Chlorpyrifos",2014,10.8,129.5,"Butler County","AL"
1,13,"2,4-D",2014,2798.2,2805,"Butler County","AL"
1,131,"Glyphosate",2014,11986.1,12201.5,"Wilcox County","AL"
1,131,"Chlorpyrifos",2014,8.7,83.2,"Wilcox County","AL"
1,131,"2,4-D",2014,3252.2,3257.8,"Wilcox County","AL"
1,131,"Paraquat",2014,106.4,221.3,"Wilcox County","AL"
1,133,"Glyphosate",2014,313.7,357.7,"Winston County","AL"
1,133,"2,4-D",2014,4521.1,4520.8,"Winston County","AL"
1,133,"Paraquat",2014,19.2,24.8,"Winston County","AL"
1,133,"Chlorpyrifos",2014,6.4,20.5,"Winston County","AL"
1,15,"Glyphosate",2014,8654.7,8654.8,"Calhoun County","AL"
1,15,"Paraquat",2014,652.7,820.9,"Calhoun County","AL"
1,15,"Chlorpyrifos",2014,11.3,181.8,"Calhoun County","AL"
1,15,"2,4-D",2014,3130.4,3335.5,"Calhoun County","AL"
1,17,"Paraquat",2014,0.5,133.7,"Chambers County","AL"
1,17,"Glyphosate",2014,427.3,428.2,"Chambers County","AL"
1,17,"Chlorpyrifos",2014,0,20.9,"Chambers County","AL"
1,17,"2,4-D",2014,4784.1,4813.8,"Chambers County","AL"
1,19,"Glyphosate",2014,42519.7,42519.8,"Cherokee County","AL"
1,19,"Paraquat",2014,3698,4349.7,"Cherokee County","AL"
1,19,"Chlorpyrifos",2014,31.9,590,"Cherokee County","AL"
1,19,"2,4-D",2014,4220.3,4977.2,"Cherokee County","AL"
1,21,"Glyphosate",2014,795.3,819.9,"Chilton County","AL"
1,21,"Paraquat",2014,359.9,495.4,"Chilton County","AL"
1,21,"Chlorpyrifos",2014,4.2,384,"Chilton County","AL"
1,21,"2,4-D",2014,3417.8,3476.7,"Chilton County","AL"
1,23,"Glyphosate",2014,2720.3,2800.8,"Choctaw County","AL"
1,23,"Paraquat",2014,10.5,56.2,"Choctaw County","AL"
1,23,"Chlorpyrifos",2014,0.4,15,"Choctaw County","AL"
1,23,"2,4-D",2014,1018,1018.7,"Choctaw County","AL"
1,25,"Glyphosate",2014,792.8,858.2,"Clarke County","AL"
1,25,"Chlorpyrifos",2014,0.2,11.1,"Clarke County","AL"
1,25,"Paraquat",2014,9.6,46.3,"Clarke County","AL"
1,25,"2,4-D",2014,820.9,821.9,"Clarke County","AL"
1,27,"Glyphosate",2014,115.5,116.2,"Clay County","AL"
1,27,"Chlorpyrifos",2014,1.3,5.6,"Clay County","AL"
1,27,"Paraquat",2014,1.6,93.5,"Clay County","AL"
1,27,"2,4-D",2014,4097.6,4102.1,"Clay County","AL"
1,29,"Chlorpyrifos",2014,3.9,28.1,"Cleburne County","AL"
1,29,"Glyphosate",2014,776,776.1,"Cleburne County","AL"
1,29,"Paraquat",2014,16.4,90.4,"Cleburne County","AL"
1,29,"2,4-D",2014,2286.9,2303.5,"Cleburne County","AL"
1,3,"Glyphosate",2014,115957.7,116239.7,"Baldwin County","AL"
1,3,"Chlorpyrifos",2014,1692.8,2981.5,"Baldwin County","AL"
1,3,"Paraquat",2014,1098.7,2397.8,"Baldwin County","AL"
1,3,"2,4-D",2014,7513.6,8472.4,"Baldwin County","AL"
1,31,"Chlorpyrifos",2014,15.4,2002.4,"Coffee County","AL"
1,31,"Paraquat",2014,414.7,1257,"Coffee County","AL"
1,31,"Glyphosate",2014,21831.2,21832,"Coffee County","AL"
1,31,"2,4-D",2014,3747.3,4577.8,"Coffee County","AL"
1,33,"Chlorpyrifos",2014,113.6,2213.8,"Colbert County","AL"
1,33,"Paraquat",2014,1125.3,2076.7,"Colbert County","AL"
1,33,"Glyphosate",2014,60857.8,60938.2,"Colbert County","AL"
1,33,"2,4-D",2014,13796.7,13851.8,"Colbert County","AL"
1,35,"2,4-D",2014,2148.5,2200.4,"Conecuh County","AL"
1,35,"Chlorpyrifos",2014,87.8,177.6,"Conecuh County","AL"
1,35,"Paraquat",2014,119.9,233.5,"Conecuh County","AL"
1,35,"Glyphosate",2014,16816.6,16949.8,"Conecuh County","AL"
1,37,"2,4-D",2014,1421.6,1422.9,"Coosa County","AL"
1,37,"Chlorpyrifos",2014,0.1,1,"Coosa County","AL"
1,37,"Paraquat",2014,0.7,32.4,"Coosa County","AL"
1,37,"Glyphosate",2014,34.4,34.4,"Coosa County","AL"
1,39,"2,4-D",2014,2676.7,3135.2,"Covington County","AL"
1,39,"Paraquat",2014,159.2,1137.1,"Covington County","AL"
1,39,"Chlorpyrifos",2014,13.7,1492.8,"Covington County","AL"
1,39,"Glyphosate",2014,19149.1,19150.2,"Covington County","AL"
1,41,"2,4-D",2014,2098.4,2325.7,"Crenshaw County","AL"
1,41,"Paraquat",2014,35.9,214.1,"Crenshaw County","AL"
1,41,"Chlorpyrifos",2014,3.2,368.1,"Crenshaw County","AL"
1,41,"Glyphosate",2014,2219.3,2220,"Crenshaw County","AL"
1,43,"2,4-D",2014,9638.8,10000.1,"Cullman County","AL"
1,43,"Chlorpyrifos",2014,29,341.5,"Cullman County","AL"
1,43,"Paraquat",2014,326.1,754.2,"Cullman County","AL"
1,43,"Glyphosate",2014,8084.5,8087.9,"Cullman County","AL"
1,45,"2,4-D",2014,1751.7,2173.3,"Dale County","AL"
1,45,"Chlorpyrifos",2014,11.1,1500.1,"Dale County","AL"
1,45,"Paraquat",2014,223.4,873.9,"Dale County","AL"
1,45,"Glyphosate",2014,17116.7,17116.7,"Dale County","AL"
1,47,"Chlorpyrifos",2014,105.4,689.9,"Dallas County","AL"
1,47,"Paraquat",2014,363.7,488.3,"Dallas County","AL"
1,47,"2,4-D",2014,3606.8,3850.6,"Dallas County","AL"
1,47,"Glyphosate",2014,21884.1,21995.8,"Dallas County","AL"
1,49,"Chlorpyrifos",2014,31.6,860.9,"DeKalb County","AL"
1,49,"Paraquat",2014,566.1,1171.3,"DeKalb County","AL"
1,49,"2,4-D",2014,11329.2,12051.3,"DeKalb County","AL"
1,49,"Glyphosate",2014,12201.2,12308,"DeKalb County","AL"
1,5,"Paraquat",2014,89.5,619.7,"Barbour County","AL"
1,5,"Glyphosate",2014,7994.1,7995.7,"Barbour County","AL"
1,5,"Chlorpyrifos",2014,7.6,717.7,"Barbour County","AL"
1,5,"2,4-D",2014,2613.6,2889.4,"Barbour County","AL"
1,51,"Chlorpyrifos",2014,30.1,362.5,"Elmore County","AL"
1,51,"Paraquat",2014,135,212.7,"Elmore County","AL"
1,51,"Glyphosate",2014,15376.9,15412.9,"Elmore County","AL"
1,51,"2,4-D",2014,1756,2010.5,"Elmore County","AL"
1,53,"2,4-D",2014,3896.1,4441.3,"Escambia County","AL"
1,53,"Chlorpyrifos",2014,986.4,1382,"Escambia County","AL"
1,53,"Paraquat",2014,599.3,974.2,"Escambia County","AL"
1,53,"Glyphosate",2014,66557.9,66702.9,"Escambia County","AL"
1,55,"Chlorpyrifos",2014,11,215.1,"Etowah County","AL"
1,55,"Glyphosate",2014,11262.6,11263.9,"Etowah County","AL"
1,55,"Paraquat",2014,908.4,1086.8,"Etowah County","AL"
1,55,"2,4-D",2014,4337.5,4493.8,"Etowah County","AL"
1,57,"Chlorpyrifos",2014,4.7,354.5,"Fayette County","AL"
1,57,"Glyphosate",2014,4042.7,4596.1,"Fayette County","AL"
1,57,"2,4-D",2014,2023.2,2327.5,"Fayette County","AL"
1,57,"Paraquat",2014,407.8,704.8,"Fayette County","AL"
1,59,"Paraquat",2014,108.8,237.2,"Franklin County","AL"
1,59,"Chlorpyrifos",2014,12.5,316.7,"Franklin County","AL"
1,59,"Glyphosate",2014,8320,8424.9,"Franklin County","AL"
1,59,"2,4-D",2014,11344.8,11347.9,"Franklin County","AL"
1,61,"Chlorpyrifos",2014,30.9,3947.9,"Geneva County","AL"
1,61,"Paraquat",2014,592.7,1689.4,"Geneva County","AL"
1,61,"Glyphosate",2014,31776,31780,"Geneva County","AL"
1,61,"2,4-D",2014,3392,4506.3,"Geneva County","AL"
1,63,"Paraquat",2014,102,147.3,"Greene County","AL"
1,63,"Chlorpyrifos",2014,1.5,160,"Greene County","AL"
1,63,"2,4-D",2014,1007.1,1114.1,"Greene County","AL"
1,63,"Glyphosate",2014,1891.4,1907.4,"Greene County","AL"
1,65,"Paraquat",2014,221.9,277.5,"Hale County","AL"
1,65,"Chlorpyrifos",2014,3.1,276.8,"Hale County","AL"
1,65,"2,4-D",2014,2225.6,2345.6,"Hale County","AL"
1,65,"Glyphosate",2014,4606.3,4629,"Hale County","AL"
1,67,"Paraquat",2014,423.3,1327.4,"Henry County","AL"
1,67,"2,4-D",2014,2631.4,3339.8,"Henry County","AL"
1,67,"Chlorpyrifos",2014,27,2584,"Henry County","AL"
1,67,"Glyphosate",2014,26653.4,26656.8,"Henry County","AL"
1,69,"Paraquat",2014,609.6,1811.2,"Houston County","AL"
1,69,"2,4-D",2014,3139.6,4025.2,"Houston County","AL"
1,69,"Chlorpyrifos",2014,25.7,4027.3,"Houston County","AL"
1,69,"Glyphosate",2014,36842.7,36842.9,"Houston County","AL"
1,7,"Glyphosate",2014,215.5,215.5,"Bibb County","AL"
1,7,"Paraquat",2014,0.2,33.8,"Bibb County","AL"
1,7,"Chlorpyrifos",2014,NA,12.8,"Bibb County","AL"
1,7,"2,4-D",2014,1259.2,1277.7,"Bibb County","AL"
1,71,"Paraquat",2014,1253.6,1966.3,"Jackson County","AL"
1,71,"2,4-D",2014,9396.4,10753.9,"Jackson County","AL"
1,71,"Chlorpyrifos",2014,10.7,1821.9,"Jackson County","AL"
1,71,"Glyphosate",2014,26977.1,26977.9,"Jackson County","AL"
1,73,"Paraquat",2014,19.3,62.6,"Jefferson County","AL"
1,73,"Glyphosate",2014,276.2,277.8,"Jefferson County","AL"
1,73,"Chlorpyrifos",2014,2.8,16.6,"Jefferson County","AL"
1,73,"2,4-D",2014,1240.7,1260.8,"Jefferson County","AL"
1,75,"Paraquat",2014,4.4,67.4,"Lamar County","AL"
1,75,"2,4-D",2014,2005.4,2058.7,"Lamar County","AL"
1,75,"Glyphosate",2014,609.5,609.8,"Lamar County","AL"
1,75,"Chlorpyrifos",2014,0.7,40.8,"Lamar County","AL"
1,77,"Paraquat",2014,2026.2,3089.7,"Lauderdale County","AL"
1,77,"2,4-D",2014,16960.6,17105.5,"Lauderdale County","AL"
1,77,"Glyphosate",2014,75703.3,75816.4,"Lauderdale County","AL"
1,77,"Chlorpyrifos",2014,260.7,2492,"Lauderdale County","AL"
1,79,"Paraquat",2014,1587.2,3011,"Lawrence County","AL"
1,79,"2,4-D",2014,19460.4,19580.4,"Lawrence County","AL"
1,79,"Chlorpyrifos",2014,210.1,3322.8,"Lawrence County","AL"
1,79,"Glyphosate",2014,88861.9,89082.7,"Lawrence County","AL"
1,81,"Paraquat",2014,106.9,329.6,"Lee County","AL"
1,81,"Chlorpyrifos",2014,3,157.5,"Lee County","AL"
1,81,"2,4-D",2014,2035.6,2126.8,"Lee County","AL"
1,81,"Glyphosate",2014,847.3,1203.3,"Lee County","AL"
1,83,"Paraquat",2014,2414,3944.9,"Limestone County","AL"
1,83,"Chlorpyrifos",2014,230.4,4043.2,"Limestone County","AL"
1,83,"Glyphosate",2014,121949.8,122052.6,"Limestone County","AL"
1,83,"2,4-D",2014,24011.2,24139.6,"Limestone County","AL"
1,85,"Chlorpyrifos",2014,37.3,394.3,"Lowndes County","AL"
1,85,"Glyphosate",2014,5016.2,5083,"Lowndes County","AL"
1,85,"Paraquat",2014,393.9,560.3,"Lowndes County","AL"
1,85,"2,4-D",2014,3522.6,3823.1,"Lowndes County","AL"
1,87,"Glyphosate",2014,8286.2,8348.3,"Macon County","AL"
1,87,"Chlorpyrifos",2014,16.8,204.1,"Macon County","AL"
1,87,"2,4-D",2014,1256.9,1345.1,"Macon County","AL"
1,87,"Paraquat",2014,97.4,241.6,"Macon County","AL"
1,89,"2,4-D",2014,16336.3,16525.5,"Madison County","AL"
1,89,"Glyphosate",2014,111547.9,111623.4,"Madison County","AL"
1,89,"Chlorpyrifos",2014,437.1,3637.2,"Madison County","AL"
1,89,"Paraquat",2014,2944.3,4306.3,"Madison County","AL"
1,9,"Glyphosate",2014,6540.7,6652.1,"Blount County","AL"
1,9,"Paraquat",2014,555.4,846.8,"Blount County","AL"
1,9,"Chlorpyrifos",2014,180,352.2,"Blount County","AL"
1,9,"2,4-D",2014,7590.5,7756.1,"Blount County","AL"
1,91,"2,4-D",2014,1978.5,2120.8,"Marengo County","AL"
1,91,"Paraquat",2014,203.1,241,"Marengo County","AL"
1,91,"Glyphosate",2014,4088.8,4106.2,"Marengo County","AL"
1,91,"Chlorpyrifos",2014,6,288.2,"Marengo County","AL"
1,93,"2,4-D",2014,6626.1,6630,"Marion County","AL"
1,93,"Paraquat",2014,76.8,122.6,"Marion County","AL"
1,93,"Glyphosate",2014,3403.7,3467.9,"Marion County","AL"
1,93,"Chlorpyrifos",2014,18.1,127.1,"Marion County","AL"
1,95,"2,4-D",2014,7997.8,8393.3,"Marshall County","AL"
1,95,"Chlorpyrifos",2014,10.8,396.5,"Marshall County","AL"
1,95,"Glyphosate",2014,5962.9,5963.4,"Marshall County","AL"
1,95,"Paraquat",2014,104.1,438,"Marshall County","AL"
1,97,"2,4-D",2014,3949.7,4265.3,"Mobile County","AL"
1,97,"Chlorpyrifos",2014,517.1,1044.8,"Mobile County","AL"
1,97,"Glyphosate",2014,41361.5,41527.8,"Mobile County","AL"
1,97,"Paraquat",2014,453.7,1089.3,"Mobile County","AL"
1,99,"2,4-D",2014,2408.8,2790.4,"Monroe County","AL"
1,99,"Paraquat",2014,285.5,533.3,"Monroe County","AL"
1,99,"Chlorpyrifos",2014,704.8,893.3,"Monroe County","AL"
1,99,"Glyphosate",2014,34015.1,34155.4,"Monroe County","AL"
10,1,"Glyphosate",2014,47194.1,47462,"Kent County","DE"
10,1,"Paraquat",2014,3925.3,4229.1,"Kent County","DE"
10,1,"2,4-D",2014,4879.7,7441.2,"Kent County","DE"
10,1,"Chlorpyrifos",2014,NA,2553.4,"Kent County","DE"
10,3,"Glyphosate",2014,15142.3,15283.5,"New Castle County","DE"
10,3,"Paraquat",2014,1821.8,1821.8,"New Castle County","DE"
10,3,"2,4-D",2014,1782,1782,"New Castle County","DE"
10,3,"Chlorpyrifos",2014,0.9,1717.1,"New Castle County","DE"
10,5,"Paraquat",2014,8860.3,8860.3,"Sussex County","DE"
10,5,"Chlorpyrifos",2014,NA,8341.6,"Sussex County","DE"
10,5,"2,4-D",2014,11773.9,19504.7,"Sussex County","DE"
10,5,"Glyphosate",2014,229097.3,229551.7,"Sussex County","DE"
12,1,"Glyphosate",2014,6155.8,6222.7,"Alachua County","FL"
12,1,"Paraquat",2014,305.2,840.5,"Alachua County","FL"
12,1,"Chlorpyrifos",2014,714.4,745.2,"Alachua County","FL"
12,1,"2,4-D",2014,3699.5,3980.3,"Alachua County","FL"
12,1,"Malathion",2014,31.4,31.4,"Alachua County","FL"
12,101,"2,4-D",2014,4173.6,4222.4,"Pasco County","FL"
12,101,"Glyphosate",2014,9525.5,9716.9,"Pasco County","FL"
12,101,"Malathion",2014,1020.3,1020.3,"Pasco County","FL"
12,101,"Paraquat",2014,534.1,579,"Pasco County","FL"
12,101,"Chlorpyrifos",2014,532.6,564.8,"Pasco County","FL"
12,103,"2,4-D",2014,21,21,"Pinellas County","FL"
12,103,"Malathion",2014,1.1,1.1,"Pinellas County","FL"
12,103,"Chlorpyrifos",2014,0.6,0.6,"Pinellas County","FL"
12,103,"Glyphosate",2014,10.7,10.7,"Pinellas County","FL"
12,103,"Paraquat",2014,0.6,0.6,"Pinellas County","FL"
12,105,"2,4-D",2014,13491.7,13708.1,"Polk County","FL"
12,105,"Malathion",2014,14342.1,14342.1,"Polk County","FL"
12,105,"Glyphosate",2014,128226.8,130177.8,"Polk County","FL"
12,105,"Paraquat",2014,7118.8,7332.8,"Polk County","FL"
12,105,"Chlorpyrifos",2014,7306,7310.5,"Polk County","FL"
12,107,"2,4-D",2014,1333,2129.6,"Putnam County","FL"
12,107,"Glyphosate",2014,1008.6,1012.9,"Putnam County","FL"
12,107,"Paraquat",2014,41.1,511.4,"Putnam County","FL"
12,107,"Chlorpyrifos",2014,37.1,47.3,"Putnam County","FL"
12,107,"Malathion",2014,55.1,55.1,"Putnam County","FL"
12,109,"Glyphosate",2014,1232.5,1641.2,"St. Johns County","FL"
12,109,"2,4-D",2014,203.1,3189.2,"St. Johns County","FL"
12,109,"Malathion",2014,6.1,6.1,"St. Johns County","FL"
12,109,"Chlorpyrifos",2014,25.3,94,"St. Johns County","FL"
12,109,"Paraquat",2014,28.9,1772.1,"St. Johns County","FL"
12,11,"2,4-D",2014,12,12,"Broward County","FL"
12,11,"Malathion",2014,0.7,0.7,"Broward County","FL"
12,11,"Glyphosate",2014,156.5,156.9,"Broward County","FL"
12,11,"Chlorpyrifos",2014,3.5,3.5,"Broward County","FL"
12,11,"Paraquat",2014,2.1,2.1,"Broward County","FL"
12,111,"2,4-D",2014,5616.9,5616.9,"St. Lucie County","FL"
12,111,"Paraquat",2014,4135.4,4135.4,"St. Lucie County","FL"
12,111,"Chlorpyrifos",2014,19604.8,19604.8,"St. Lucie County","FL"
12,111,"Malathion",2014,4554.5,4554.5,"St. Lucie County","FL"
12,111,"Glyphosate",2014,88161.2,88161.2,"St. Lucie County","FL"
12,113,"2,4-D",2014,4551.1,4551.1,"Santa Rosa County","FL"
12,113,"Malathion",2014,17.5,17.5,"Santa Rosa County","FL"
12,113,"Paraquat",2014,2307.6,2307.6,"Santa Rosa County","FL"
12,113,"Chlorpyrifos",2014,142.8,1359.1,"Santa Rosa County","FL"
12,113,"Glyphosate",2014,30576.8,30618.6,"Santa Rosa County","FL"
12,115,"Malathion",2014,75.4,75.4,"Sarasota County","FL"
12,115,"Chlorpyrifos",2014,180.7,180.7,"Sarasota County","FL"
12,115,"Glyphosate",2014,1868.6,1868.6,"Sarasota County","FL"
12,115,"2,4-D",2014,193.1,193.1,"Sarasota County","FL"
12,115,"Paraquat",2014,65.5,65.5,"Sarasota County","FL"
12,117,"Malathion",2014,102.2,102.2,"Seminole County","FL"
12,117,"Chlorpyrifos",2014,53.7,60.9,"Seminole County","FL"
12,117,"Paraquat",2014,55.9,64.2,"Seminole County","FL"
12,117,"2,4-D",2014,615.9,626.9,"Seminole County","FL"
12,117,"Glyphosate",2014,989.5,993.5,"Seminole County","FL"
12,119,"Glyphosate",2014,327.7,353.7,"Sumter County","FL"
12,119,"2,4-D",2014,4901.6,4903,"Sumter County","FL"
12,119,"Paraquat",2014,5.1,7.9,"Sumter County","FL"
12,119,"Malathion",2014,1.7,1.7,"Sumter County","FL"
12,119,"Chlorpyrifos",2014,9.4,16.3,"Sumter County","FL"
12,121,"Glyphosate",2014,12827.9,13908.6,"Suwannee County","FL"
12,121,"Paraquat",2014,1128.9,1450.2,"Suwannee County","FL"
12,121,"Malathion",2014,77.6,77.6,"Suwannee County","FL"
12,121,"2,4-D",2014,5751.2,5797.5,"Suwannee County","FL"
12,121,"Chlorpyrifos",2014,877.6,1257.7,"Suwannee County","FL"
12,123,"Glyphosate",2014,294.7,296.9,"Taylor County","FL"
12,123,"Malathion",2014,2.2,2.2,"Taylor County","FL"
12,123,"Paraquat",2014,5.6,5.6,"Taylor County","FL"
12,123,"Chlorpyrifos",2014,6.5,6.5,"Taylor County","FL"
12,123,"2,4-D",2014,1620,1620,"Taylor County","FL"
12,125,"Glyphosate",2014,462.1,527.2,"Union County","FL"
12,125,"Paraquat",2014,21.5,54.4,"Union County","FL"
12,125,"2,4-D",2014,977.4,1014.6,"Union County","FL"
12,125,"Chlorpyrifos",2014,22.5,29.8,"Union County","FL"
12,127,"Glyphosate",2014,2403.6,2408.6,"Volusia County","FL"
12,127,"Paraquat",2014,123.4,129.2,"Volusia County","FL"
12,127,"2,4-D",2014,2383.3,2404.4,"Volusia County","FL"
12,127,"Malathion",2014,242.1,242.1,"Volusia County","FL"
12,127,"Chlorpyrifos",2014,123.7,125.7,"Volusia County","FL"
12,129,"Malathion",2014,1,1,"Wakulla County","FL"
12,129,"Paraquat",2014,6.7,6.7,"Wakulla County","FL"
12,129,"Glyphosate",2014,45.4,126.2,"Wakulla County","FL"
12,129,"2,4-D",2014,1197,1197,"Wakulla County","FL"
12,129,"Chlorpyrifos",2014,7.9,7.9,"Wakulla County","FL"
12,13,"Glyphosate",2014,13982.8,14032.3,"Calhoun County","FL"
12,13,"2,4-D",2014,1895.3,1895.3,"Calhoun County","FL"
12,13,"Paraquat",2014,743.6,743.6,"Calhoun County","FL"
12,13,"Malathion",2014,2.9,2.9,"Calhoun County","FL"
12,13,"Chlorpyrifos",2014,24.6,249.8,"Calhoun County","FL"
12,131,"Glyphosate",2014,7339,7468.2,"Walton County","FL"
12,131,"Malathion",2014,48.4,48.4,"Walton County","FL"
12,131,"2,4-D",2014,2737,2737,"Walton County","FL"
12,131,"Chlorpyrifos",2014,391.2,724.6,"Walton County","FL"
12,131,"Paraquat",2014,850.8,850.8,"Walton County","FL"
12,133,"Malathion",2014,2.9,2.9,"Washington County","FL"
12,133,"Glyphosate",2014,7106.6,7163.1,"Washington County","FL"
12,133,"Chlorpyrifos",2014,24.1,275.8,"Washington County","FL"
12,133,"2,4-D",2014,1519.5,1519.5,"Washington County","FL"
12,133,"Paraquat",2014,535.6,535.6,"Washington County","FL"
12,15,"2,4-D",2014,2064.3,2064.3,"Charlotte County","FL"
12,15,"Paraquat",2014,1445.4,1445.4,"Charlotte County","FL"
12,15,"Chlorpyrifos",2014,2318.8,2318.8,"Charlotte County","FL"
12,15,"Glyphosate",2014,21939.6,21940.6,"Charlotte County","FL"
12,15,"Malathion",2014,1414.3,1414.3,"Charlotte County","FL"
12,17,"Chlorpyrifos",2014,11.8,12.6,"Citrus County","FL"
12,17,"2,4-D",2014,971.6,972.7,"Citrus County","FL"
12,17,"Glyphosate",2014,246.6,254.7,"Citrus County","FL"
12,17,"Malathion",2014,25,25,"Citrus County","FL"
12,17,"Paraquat",2014,10.5,10.9,"Citrus County","FL"
12,19,"2,4-D",2014,1135.7,1172.7,"Clay County","FL"
12,19,"Chlorpyrifos",2014,1.7,3.3,"Clay County","FL"
12,19,"Malathion",2014,1.5,1.5,"Clay County","FL"
12,19,"Glyphosate",2014,810.5,813.2,"Clay County","FL"
12,19,"Paraquat",2014,55.1,62.7,"Clay County","FL"
12,21,"Chlorpyrifos",2014,3529.7,3529.7,"Collier County","FL"
12,21,"2,4-D",2014,3127.3,3196.4,"Collier County","FL"
12,21,"Glyphosate",2014,34137.3,34154.1,"Collier County","FL"
12,21,"Malathion",2014,2266.8,2266.8,"Collier County","FL"
12,21,"Paraquat",2014,3608.3,3614.6,"Collier County","FL"
12,23,"Chlorpyrifos",2014,189.9,471.6,"Columbia County","FL"
12,23,"Glyphosate",2014,2796.5,3523,"Columbia County","FL"
12,23,"2,4-D",2014,4203.1,4211,"Columbia County","FL"
12,23,"Paraquat",2014,186.5,424.6,"Columbia County","FL"
12,23,"Malathion",2014,37.7,37.7,"Columbia County","FL"
12,27,"Chlorpyrifos",2014,9788,9788,"DeSoto County","FL"
12,27,"2,4-D",2014,7617.5,7618.2,"DeSoto County","FL"
12,27,"Malathion",2014,6938,6938,"DeSoto County","FL"
12,27,"Glyphosate",2014,84951.6,84951.6,"DeSoto County","FL"
12,27,"Paraquat",2014,5138.6,5138.6,"DeSoto County","FL"
12,29,"Chlorpyrifos",2014,9.9,32.9,"Dixie County","FL"
12,29,"2,4-D",2014,2055.2,2055.2,"Dixie County","FL"
12,29,"Malathion",2014,1.1,1.1,"Dixie County","FL"
12,29,"Glyphosate",2014,472.2,533,"Dixie County","FL"
12,29,"Paraquat",2014,9.7,29.2,"Dixie County","FL"
12,3,"Paraquat",2014,16.8,16.8,"Baker County","FL"
12,3,"Glyphosate",2014,308.5,310.6,"Baker County","FL"
12,3,"Malathion",2014,3,3,"Baker County","FL"
12,3,"Chlorpyrifos",2014,17.9,17.9,"Baker County","FL"
12,3,"2,4-D",2014,894.7,894.7,"Baker County","FL"
12,31,"Chlorpyrifos",2014,105.9,110.9,"Duval County","FL"
12,31,"2,4-D",2014,1190.7,1190.7,"Duval County","FL"
12,31,"Malathion",2014,20,20,"Duval County","FL"
12,31,"Glyphosate",2014,573,586,"Duval County","FL"
12,31,"Paraquat",2014,92,96.2,"Duval County","FL"
12,33,"Malathion",2014,6.9,6.9,"Escambia County","FL"
12,33,"Chlorpyrifos",2014,56.9,455.6,"Escambia County","FL"
12,33,"Glyphosate",2014,18115.3,18162.5,"Escambia County","FL"
12,33,"2,4-D",2014,2788.1,2788.1,"Escambia County","FL"
12,33,"Paraquat",2014,1157,1157,"Escambia County","FL"
12,35,"Paraquat",2014,1.4,156.2,"Flagler County","FL"
12,35,"2,4-D",2014,725.6,982.9,"Flagler County","FL"
12,35,"Chlorpyrifos",2014,0.4,20.7,"Flagler County","FL"
12,35,"Glyphosate",2014,105,113.6,"Flagler County","FL"
12,35,"Malathion",2014,0.8,0.8,"Flagler County","FL"
12,37,"Glyphosate",2014,NA,1.2,"Franklin County","FL"
12,37,"2,4-D",2014,17.4,17.4,"Franklin County","FL"
12,39,"Chlorpyrifos",2014,28.7,109.7,"Gadsden County","FL"
12,39,"Malathion",2014,3.5,3.5,"Gadsden County","FL"
12,39,"Paraquat",2014,210.8,210.8,"Gadsden County","FL"
12,39,"Glyphosate",2014,3187.6,3234.5,"Gadsden County","FL"
12,39,"2,4-D",2014,985.1,985.1,"Gadsden County","FL"
12,41,"Malathion",2014,33.4,33.4,"Gilchrist County","FL"
12,41,"Chlorpyrifos",2014,260.6,263.9,"Gilchrist County","FL"
12,41,"2,4-D",2014,1273.3,1552.8,"Gilchrist County","FL"
12,41,"Glyphosate",2014,4859.5,4935.5,"Gilchrist County","FL"
12,41,"Paraquat",2014,285.2,352.4,"Gilchrist County","FL"
12,43,"Malathion",2014,1382,1382,"Glades County","FL"
12,43,"2,4-D",2014,18222.4,18275.8,"Glades County","FL"
12,43,"Glyphosate",2014,26228.1,26228.1,"Glades County","FL"
12,43,"Chlorpyrifos",2014,2246.4,2246.4,"Glades County","FL"
12,43,"Paraquat",2014,1062.2,1126.8,"Glades County","FL"
12,45,"Glyphosate",2014,1.8,5.3,"Gulf County","FL"
12,45,"Paraquat",2014,0.4,0.4,"Gulf County","FL"
12,45,"Chlorpyrifos",2014,0.4,0.4,"Gulf County","FL"
12,45,"Malathion",2014,0.1,0.1,"Gulf County","FL"
12,45,"2,4-D",2014,52.3,52.3,"Gulf County","FL"
12,47,"Glyphosate",2014,4942.3,5904.3,"Hamilton County","FL"
12,47,"Paraquat",2014,365.1,680.7,"Hamilton County","FL"
12,47,"Chlorpyrifos",2014,294.5,667.9,"Hamilton County","FL"
12,47,"Malathion",2014,6,6,"Hamilton County","FL"
12,47,"2,4-D",2014,2083.8,2083.8,"Hamilton County","FL"
12,49,"Paraquat",2014,4689.7,4693.6,"Hardee County","FL"
12,49,"Glyphosate",2014,69763.1,69767.2,"Hardee County","FL"
12,49,"Malathion",2014,5315.3,5315.3,"Hardee County","FL"
12,49,"2,4-D",2014,6415.7,6457.8,"Hardee County","FL"
12,49,"Chlorpyrifos",2014,7275.4,7275.4,"Hardee County","FL"
12,5,"Paraquat",2014,5.1,5.1,"Bay County","FL"
12,5,"2,4-D",2014,179.4,179.4,"Bay County","FL"
12,5,"Glyphosate",2014,17.8,29.9,"Bay County","FL"
12,5,"Malathion",2014,1,1,"Bay County","FL"
12,5,"Chlorpyrifos",2014,7.9,7.9,"Bay County","FL"
12,51,"Glyphosate",2014,193263.1,193352.3,"Hendry County","FL"
12,51,"Malathion",2014,14181,14181,"Hendry County","FL"
12,51,"Paraquat",2014,11019.5,11019.5,"Hendry County","FL"
12,51,"Chlorpyrifos",2014,20966.5,20966.5,"Hendry County","FL"
12,51,"2,4-D",2014,60026.3,60026.3,"Hendry County","FL"
12,53,"Glyphosate",2014,1523.9,1526.6,"Hernando County","FL"
12,53,"Malathion",2014,162.4,162.4,"Hernando County","FL"
12,53,"Paraquat",2014,82.8,87.7,"Hernando County","FL"
12,53,"2,4-D",2014,1400.7,1406.9,"Hernando County","FL"
12,53,"Chlorpyrifos",2014,83.4,87.3,"Hernando County","FL"
12,55,"Glyphosate",2014,89012.3,89012.3,"Highlands County","FL"
12,55,"2,4-D",2014,7660,7755.7,"Highlands County","FL"
12,55,"Malathion",2014,6742.6,6742.6,"Highlands County","FL"
12,55,"Paraquat",2014,5213,5265.4,"Highlands County","FL"
12,55,"Chlorpyrifos",2014,9350.1,9350.1,"Highlands County","FL"
12,57,"Glyphosate",2014,26478,27270.3,"Hillsborough County","FL"
12,57,"2,4-D",2014,5084.6,5125.3,"Hillsborough County","FL"
12,57,"Chlorpyrifos",2014,815.8,823.1,"Hillsborough County","FL"
12,57,"Malathion",2014,1377,1377,"Hillsborough County","FL"
12,57,"Paraquat",2014,2425,3622.4,"Hillsborough County","FL"
12,59,"Glyphosate",2014,10107,10252.7,"Holmes County","FL"
12,59,"2,4-D",2014,3080,3080,"Holmes County","FL"
12,59,"Chlorpyrifos",2014,77.8,375.1,"Holmes County","FL"
12,59,"Paraquat",2014,804.5,804.5,"Holmes County","FL"
12,59,"Malathion",2014,9.6,9.6,"Holmes County","FL"
12,61,"Glyphosate",2014,77404.5,77420.9,"Indian River County","FL"
12,61,"Chlorpyrifos",2014,16939.4,16939.4,"Indian River County","FL"
12,61,"2,4-D",2014,5019.9,5019.9,"Indian River County","FL"
12,61,"Malathion",2014,4055.9,4055.9,"Indian River County","FL"
12,61,"Paraquat",2014,3670.8,3757.5,"Indian River County","FL"
12,63,"Chlorpyrifos",2014,158.3,1624.6,"Jackson County","FL"
12,63,"Glyphosate",2014,63227.2,63505.7,"Jackson County","FL"
12,63,"2,4-D",2014,9779.6,9779.6,"Jackson County","FL"
12,63,"Malathion",2014,19.1,19.1,"Jackson County","FL"
12,63,"Paraquat",2014,3639.1,3639.1,"Jackson County","FL"
12,65,"Chlorpyrifos",2014,447.4,542,"Jefferson County","FL"
12,65,"2,4-D",2014,2444.1,2444.1,"Jefferson County","FL"
12,65,"Malathion",2014,55.4,55.4,"Jefferson County","FL"
12,65,"Paraquat",2014,607.4,607.4,"Jefferson County","FL"
12,65,"Glyphosate",2014,4485.6,4621.5,"Jefferson County","FL"
12,67,"2,4-D",2014,4486.3,4487.3,"Lafayette County","FL"
12,67,"Paraquat",2014,427.8,480.7,"Lafayette County","FL"
12,67,"Glyphosate",2014,4674.6,4839,"Lafayette County","FL"
12,67,"Malathion",2014,1.3,1.3,"Lafayette County","FL"
12,67,"Chlorpyrifos",2014,253.3,315.9,"Lafayette County","FL"
12,69,"2,4-D",2014,3113.8,3164.2,"Lake County","FL"
12,69,"Glyphosate",2014,17663.5,18378.5,"Lake County","FL"
12,69,"Paraquat",2014,953.5,1028.7,"Lake County","FL"
12,69,"Malathion",2014,1962.3,1962.3,"Lake County","FL"
12,69,"Chlorpyrifos",2014,1049.3,1169.3,"Lake County","FL"
12,7,"2,4-D",2014,618.7,654.4,"Bradford County","FL"
12,7,"Paraquat",2014,26.8,34.7,"Bradford County","FL"
12,7,"Glyphosate",2014,515.4,522.6,"Bradford County","FL"
12,7,"Malathion",2014,4.7,4.7,"Bradford County","FL"
12,7,"Chlorpyrifos",2014,6.2,15.9,"Bradford County","FL"
12,71,"2,4-D",2014,1640.9,1640.9,"Lee County","FL"
12,71,"Chlorpyrifos",2014,1967.9,1967.9,"Lee County","FL"
12,71,"Paraquat",2014,1215.5,1239.1,"Lee County","FL"
12,71,"Malathion",2014,1278.5,1278.5,"Lee County","FL"
12,71,"Glyphosate",2014,17788.1,17792.7,"Lee County","FL"
12,73,"2,4-D",2014,904.5,904.5,"Leon County","FL"
12,73,"Malathion",2014,2.4,2.4,"Leon County","FL"
12,73,"Chlorpyrifos",2014,19.6,19.6,"Leon County","FL"
12,73,"Glyphosate",2014,119.2,179.9,"Leon County","FL"
12,73,"Paraquat",2014,20.3,20.3,"Leon County","FL"
12,75,"2,4-D",2014,2894.6,3094,"Levy County","FL"
12,75,"Chlorpyrifos",2014,559.9,561.5,"Levy County","FL"
12,75,"Glyphosate",2014,2897.3,3581.9,"Levy County","FL"
12,75,"Malathion",2014,58.2,58.2,"Levy County","FL"
12,75,"Paraquat",2014,236.1,350.4,"Levy County","FL"
12,77,"2,4-D",2014,225.1,225.1,"Liberty County","FL"
12,77,"Malathion",2014,0.1,0.1,"Liberty County","FL"
12,77,"Paraquat",2014,1,1,"Liberty County","FL"
12,77,"Glyphosate",2014,6.4,21.6,"Liberty County","FL"
12,77,"Chlorpyrifos",2014,1.1,1.1,"Liberty County","FL"
12,79,"Malathion",2014,8.5,8.5,"Madison County","FL"
12,79,"Glyphosate",2014,7311,8149.4,"Madison County","FL"
12,79,"2,4-D",2014,4490.8,4552.3,"Madison County","FL"
12,79,"Paraquat",2014,549.5,825.4,"Madison County","FL"
12,79,"Chlorpyrifos",2014,516.5,843,"Madison County","FL"
12,81,"2,4-D",2014,3035.1,3083.2,"Manatee County","FL"
12,81,"Paraquat",2014,6032.9,6068.4,"Manatee County","FL"
12,81,"Malathion",2014,2150.6,2150.6,"Manatee County","FL"
12,81,"Glyphosate",2014,32413.7,32430.2,"Manatee County","FL"
12,81,"Chlorpyrifos",2014,3261.7,3261.7,"Manatee County","FL"
12,83,"2,4-D",2014,6692.8,6702.5,"Marion County","FL"
12,83,"Paraquat",2014,225.9,264.1,"Marion County","FL"
12,83,"Glyphosate",2014,3845.6,3854.9,"Marion County","FL"
12,83,"Malathion",2014,256.5,256.5,"Marion County","FL"
12,83,"Chlorpyrifos",2014,375.9,383.2,"Marion County","FL"
12,85,"Malathion",2014,3165.7,3165.7,"Martin County","FL"
12,85,"2,4-D",2014,7716.4,7716.4,"Martin County","FL"
12,85,"Paraquat",2014,3077.4,3077.4,"Martin County","FL"
12,85,"Glyphosate",2014,44361.8,44363,"Martin County","FL"
12,85,"Chlorpyrifos",2014,4357.1,4357.1,"Martin County","FL"
12,86,"Paraquat",2014,818.7,878.1,"Miami-Dade County","FL"
12,86,"2,4-D",2014,558.6,573.8,"Miami-Dade County","FL"
12,86,"Malathion",2014,37,37,"Miami-Dade County","FL"
12,86,"Glyphosate",2014,7810.7,8064.3,"Miami-Dade County","FL"
12,86,"Chlorpyrifos",2014,2619.2,2619.2,"Miami-Dade County","FL"
12,87,"2,4-D",2014,0.2,0.2,"Monroe County","FL"
12,87,"Glyphosate",2014,1,1,"Monroe County","FL"
12,89,"Glyphosate",2014,256.6,257.6,"Nassau County","FL"
12,89,"Paraquat",2014,17.7,17.7,"Nassau County","FL"
12,89,"Malathion",2014,4.4,4.4,"Nassau County","FL"
12,89,"2,4-D",2014,1236.6,1236.8,"Nassau County","FL"
12,89,"Chlorpyrifos",2014,21.8,21.8,"Nassau County","FL"
12,9,"2,4-D",2014,658.8,682.7,"Brevard County","FL"
12,9,"Glyphosate",2014,4398.2,4398.2,"Brevard County","FL"
12,9,"Chlorpyrifos",2014,317.2,317.2,"Brevard County","FL"
12,9,"Paraquat",2014,497.6,515.1,"Brevard County","FL"
12,9,"Malathion",2014,159.5,159.5,"Brevard County","FL"
12,91,"2,4-D",2014,1418.3,1418.3,"Okaloosa County","FL"
12,91,"Glyphosate",2014,4928.4,4994.4,"Okaloosa County","FL"
12,91,"Paraquat",2014,449.6,449.6,"Okaloosa County","FL"
12,91,"Malathion",2014,18.6,18.6,"Okaloosa County","FL"
12,91,"Chlorpyrifos",2014,150.1,265,"Okaloosa County","FL"
12,93,"Malathion",2014,853.1,853.1,"Okeechobee County","FL"
12,93,"2,4-D",2014,1675.5,1691.2,"Okeechobee County","FL"
12,93,"Paraquat",2014,925.4,926.9,"Okeechobee County","FL"
12,93,"Glyphosate",2014,14896.2,14896.2,"Okeechobee County","FL"
12,93,"Chlorpyrifos",2014,1636.8,1636.8,"Okeechobee County","FL"
12,95,"Malathion",2014,951.7,951.7,"Orange County","FL"
12,95,"Glyphosate",2014,8998.3,9432.2,"Orange County","FL"
12,95,"2,4-D",2014,3923.4,3927.7,"Orange County","FL"
12,95,"Paraquat",2014,493.5,517.7,"Orange County","FL"
12,95,"Chlorpyrifos",2014,508.9,581.8,"Orange County","FL"
12,97,"2,4-D",2014,17358.5,17451.9,"Osceola County","FL"
12,97,"Malathion",2014,1073.2,1073.2,"Osceola County","FL"
12,97,"Glyphosate",2014,10549,10915.7,"Osceola County","FL"
12,97,"Paraquat",2014,550.3,630.1,"Osceola County","FL"
12,97,"Chlorpyrifos",2014,556.9,563.3,"Osceola County","FL"
12,99,"Glyphosate",2014,105038.3,105117.5,"Palm Beach County","FL"
12,99,"Malathion",2014,206,206,"Palm Beach County","FL"
12,99,"2,4-D",2014,202906.5,203193.4,"Palm Beach County","FL"
12,99,"Paraquat",2014,660.8,869.2,"Palm Beach County","FL"
12,99,"Chlorpyrifos",2014,12139.7,12139.7,"Palm Beach County","FL"
13,1,"Malathion",2014,NA,75.7,"Appling County","GA"
13,1,"Glyphosate",2014,35271.3,35463.6,"Appling County","GA"
13,1,"2,4-D",2014,2510.3,3243.9,"Appling County","GA"
13,1,"Chlorpyrifos",2014,2272.4,2980.7,"Appling County","GA"
13,1,"Paraquat",2014,3713,4307.1,"Appling County","GA"
13,101,"Chlorpyrifos",2014,164.4,221.4,"Echols County","GA"
13,101,"Paraquat",2014,273.6,273.7,"Echols County","GA"
13,101,"Glyphosate",2014,3156.3,3156.3,"Echols County","GA"
13,101,"2,4-D",2014,606.3,606.3,"Echols County","GA"
13,101,"Malathion",2014,9.2,9.2,"Echols County","GA"
13,103,"Chlorpyrifos",2014,1250.6,1254.1,"Effingham County","GA"
13,103,"Glyphosate",2014,9196.4,9199.4,"Effingham County","GA"
13,103,"Paraquat",2014,1077.1,1404.1,"Effingham County","GA"
13,103,"2,4-D",2014,1527.4,1815.2,"Effingham County","GA"
13,105,"Glyphosate",2014,499.3,761.2,"Elbert County","GA"
13,105,"Chlorpyrifos",2014,1.9,30,"Elbert County","GA"
13,105,"2,4-D",2014,3381.5,3538.3,"Elbert County","GA"
13,105,"Paraquat",2014,38.4,91.3,"Elbert County","GA"
13,107,"Chlorpyrifos",2014,2292.6,2301.1,"Emanuel County","GA"
13,107,"Glyphosate",2014,29954.8,29957.2,"Emanuel County","GA"
13,107,"Paraquat",2014,3387.1,4241.3,"Emanuel County","GA"
13,107,"2,4-D",2014,4438.4,4896.5,"Emanuel County","GA"
13,109,"Glyphosate",2014,4381,4430.7,"Evans County","GA"
13,109,"Chlorpyrifos",2014,474.9,564.1,"Evans County","GA"
13,109,"2,4-D",2014,207.2,408,"Evans County","GA"
13,109,"Malathion",2014,NA,27.2,"Evans County","GA"
13,109,"Paraquat",2014,321.9,520.3,"Evans County","GA"
13,11,"Glyphosate",2014,145.8,145.8,"Banks County","GA"
13,11,"Paraquat",2014,0.2,8.9,"Banks County","GA"
13,11,"2,4-D",2014,4018.2,4062.3,"Banks County","GA"
13,11,"Chlorpyrifos",2014,0.1,9.6,"Banks County","GA"
13,111,"Chlorpyrifos",2014,72.7,100.6,"Fannin County","GA"
13,111,"Glyphosate",2014,392.7,401.8,"Fannin County","GA"
13,111,"2,4-D",2014,1352.5,1393.3,"Fannin County","GA"
13,111,"Paraquat",2014,10.6,17.1,"Fannin County","GA"
13,113,"2,4-D",2014,380.6,380.7,"Fayette County","GA"
13,113,"Glyphosate",2014,1,13.4,"Fayette County","GA"
13,113,"Chlorpyrifos",2014,0,0,"Fayette County","GA"
13,113,"Malathion",2014,NA,0,"Fayette County","GA"
13,113,"Paraquat",2014,0.1,0.1,"Fayette County","GA"
13,115,"2,4-D",2014,4063.6,4486.2,"Floyd County","GA"
13,115,"Glyphosate",2014,7195,7238.6,"Floyd County","GA"
13,115,"Chlorpyrifos",2014,2.2,160.1,"Floyd County","GA"
13,115,"Paraquat",2014,6.7,273.7,"Floyd County","GA"
13,117,"2,4-D",2014,2380.3,2382.8,"Forsyth County","GA"
13,117,"Glyphosate",2014,17.7,34.6,"Forsyth County","GA"
13,117,"Chlorpyrifos",2014,1.4,3,"Forsyth County","GA"
13,117,"Paraquat",2014,4.2,4.5,"Forsyth County","GA"
13,119,"2,4-D",2014,5561.3,5650.6,"Franklin County","GA"
13,119,"Glyphosate",2014,1036.5,1036.7,"Franklin County","GA"
13,119,"Chlorpyrifos",2014,47.5,66.7,"Franklin County","GA"
13,119,"Paraquat",2014,62.1,79.7,"Franklin County","GA"
13,121,"2,4-D",2014,1445.1,1460.5,"Fulton County","GA"
13,121,"Glyphosate",2014,66.5,77,"Fulton County","GA"
13,121,"Chlorpyrifos",2014,0.8,10.2,"Fulton County","GA"
13,121,"Paraquat",2014,2.5,4.3,"Fulton County","GA"
13,123,"Paraquat",2014,14.8,20.7,"Gilmer County","GA"
13,123,"Glyphosate",2014,324.5,345.9,"Gilmer County","GA"
13,123,"2,4-D",2014,2639,2677.1,"Gilmer County","GA"
13,123,"Chlorpyrifos",2014,64,89.7,"Gilmer County","GA"
13,125,"2,4-D",2014,813.5,861.8,"Glascock County","GA"
13,125,"Paraquat",2014,163.1,264.8,"Glascock County","GA"
13,125,"Glyphosate",2014,2375.4,2375.8,"Glascock County","GA"
13,125,"Chlorpyrifos",2014,206.4,206.4,"Glascock County","GA"
13,127,"2,4-D",2014,5.2,16.2,"Glynn County","GA"
13,127,"Malathion",2014,NA,0.2,"Glynn County","GA"
13,127,"Glyphosate",2014,152.3,166,"Glynn County","GA"
13,127,"Paraquat",2014,2.1,8.7,"Glynn County","GA"
13,127,"Chlorpyrifos",2014,17.5,17.5,"Glynn County","GA"
13,129,"2,4-D",2014,4601.4,5392.6,"Gordon County","GA"
13,129,"Chlorpyrifos",2014,13.4,276.6,"Gordon County","GA"
13,129,"Paraquat",2014,9,249.2,"Gordon County","GA"
13,129,"Glyphosate",2014,7606.4,7660.5,"Gordon County","GA"
13,13,"Glyphosate",2014,32.7,56.7,"Barrow County","GA"
13,13,"Chlorpyrifos",2014,4.6,7.9,"Barrow County","GA"
13,13,"2,4-D",2014,3336.3,3341.7,"Barrow County","GA"
13,13,"Paraquat",2014,1.4,2.1,"Barrow County","GA"
13,131,"Paraquat",2014,1733.5,2490.5,"Grady County","GA"
13,131,"Malathion",2014,NA,79,"Grady County","GA"
13,131,"Chlorpyrifos",2014,3465.2,4012.4,"Grady County","GA"
13,131,"2,4-D",2014,670.1,1424.6,"Grady County","GA"
13,131,"Glyphosate",2014,28545.8,28765.8,"Grady County","GA"
13,133,"Chlorpyrifos",2014,0.5,17.1,"Greene County","GA"
13,133,"Malathion",2014,NA,0.4,"Greene County","GA"
13,133,"2,4-D",2014,1201.2,1201.2,"Greene County","GA"
13,133,"Glyphosate",2014,63.2,113.6,"Greene County","GA"
13,133,"Paraquat",2014,3.3,27.1,"Greene County","GA"
13,135,"Chlorpyrifos",2014,0,0,"Gwinnett County","GA"
13,135,"2,4-D",2014,1167.4,1167.4,"Gwinnett County","GA"
13,135,"Glyphosate",2014,4.6,12.9,"Gwinnett County","GA"
13,135,"Paraquat",2014,0,0,"Gwinnett County","GA"
13,137,"Chlorpyrifos",2014,5.6,59.9,"Habersham County","GA"
13,137,"2,4-D",2014,2450.2,2703,"Habersham County","GA"
13,137,"Glyphosate",2014,403.9,403.9,"Habersham County","GA"
13,137,"Paraquat",2014,3.5,53.3,"Habersham County","GA"
13,139,"Chlorpyrifos",2014,1.5,80.7,"Hall County","GA"
13,139,"2,4-D",2014,6583.4,6754.4,"Hall County","GA"
13,139,"Glyphosate",2014,3225.9,3272.7,"Hall County","GA"
13,139,"Paraquat",2014,0.3,41.3,"Hall County","GA"
13,141,"Malathion",2014,NA,9.8,"Hancock County","GA"
13,141,"Chlorpyrifos",2014,32.6,32.6,"Hancock County","GA"
13,141,"Paraquat",2014,92,92.5,"Hancock County","GA"
13,141,"2,4-D",2014,755,755,"Hancock County","GA"
13,141,"Glyphosate",2014,126.9,163,"Hancock County","GA"
13,143,"Chlorpyrifos",2014,4.7,6.8,"Haralson County","GA"
13,143,"Glyphosate",2014,55.1,91,"Haralson County","GA"
13,143,"Paraquat",2014,1.1,2.9,"Haralson County","GA"
13,143,"2,4-D",2014,1000.4,1002.6,"Haralson County","GA"
13,145,"Malathion",2014,NA,3.9,"Harris County","GA"
13,145,"Chlorpyrifos",2014,16.4,26.8,"Harris County","GA"
13,145,"Glyphosate",2014,489.9,565.8,"Harris County","GA"
13,145,"Paraquat",2014,26,42.3,"Harris County","GA"
13,145,"2,4-D",2014,820.9,861.8,"Harris County","GA"
13,147,"Glyphosate",2014,1732.1,1733.1,"Hart County","GA"
13,147,"Paraquat",2014,96.7,146.5,"Hart County","GA"
13,147,"Chlorpyrifos",2014,77.1,130.5,"Hart County","GA"
13,147,"2,4-D",2014,4114,4362.3,"Hart County","GA"
13,149,"Malathion",2014,NA,0,"Heard County","GA"
13,149,"Chlorpyrifos",2014,0,1.7,"Heard County","GA"
13,149,"Paraquat",2014,0.2,1.7,"Heard County","GA"
13,149,"Glyphosate",2014,41.3,73.6,"Heard County","GA"
13,149,"2,4-D",2014,989.2,991,"Heard County","GA"
13,15,"Glyphosate",2014,10186.4,10227.3,"Bartow County","GA"
13,15,"Chlorpyrifos",2014,2,128.9,"Bartow County","GA"
13,15,"Paraquat",2014,2,543.9,"Bartow County","GA"
13,15,"2,4-D",2014,4918,5236.8,"Bartow County","GA"
13,151,"Malathion",2014,NA,0,"Henry County","GA"
13,151,"Glyphosate",2014,434,459.4,"Henry County","GA"
13,151,"Paraquat",2014,3.7,3.8,"Henry County","GA"
13,151,"Chlorpyrifos",2014,18.5,18.6,"Henry County","GA"
13,151,"2,4-D",2014,767.3,821.3,"Henry County","GA"
13,153,"Malathion",2014,NA,55.4,"Houston County","GA"
13,153,"Glyphosate",2014,6369.8,7173.2,"Houston County","GA"
13,153,"Chlorpyrifos",2014,134.8,788.9,"Houston County","GA"
13,153,"Paraquat",2014,1940.4,2364,"Houston County","GA"
13,153,"2,4-D",2014,2232.2,2464.9,"Houston County","GA"
13,155,"Glyphosate",2014,50423.6,50713.6,"Irwin County","GA"
13,155,"Paraquat",2014,5301.2,5354.8,"Irwin County","GA"
13,155,"Malathion",2014,110.7,110.7,"Irwin County","GA"
13,155,"Chlorpyrifos",2014,4222.1,4760,"Irwin County","GA"
13,155,"2,4-D",2014,7363.2,7616.9,"Irwin County","GA"
13,157,"Glyphosate",2014,1211.4,1295.7,"Jackson County","GA"
13,157,"Paraquat",2014,8.6,18.2,"Jackson County","GA"
13,157,"Chlorpyrifos",2014,2,2.2,"Jackson County","GA"
13,157,"2,4-D",2014,11913.9,11951.3,"Jackson County","GA"
13,159,"Glyphosate",2014,31.3,160.6,"Jasper County","GA"
13,159,"Paraquat",2014,2.9,39,"Jasper County","GA"
13,159,"Malathion",2014,NA,0.2,"Jasper County","GA"
13,159,"Chlorpyrifos",2014,5.7,15,"Jasper County","GA"
13,159,"2,4-D",2014,1145.3,1145.3,"Jasper County","GA"
13,161,"Glyphosate",2014,24128.3,24793.5,"Jeff Davis County","GA"
13,161,"Chlorpyrifos",2014,1895.2,2059,"Jeff Davis County","GA"
13,161,"Malathion",2014,6,6,"Jeff Davis County","GA"
13,161,"Paraquat",2014,2380.9,2511.4,"Jeff Davis County","GA"
13,161,"2,4-D",2014,3612.6,4200,"Jeff Davis County","GA"
13,163,"Chlorpyrifos",2014,4111.8,4134,"Jefferson County","GA"
13,163,"Paraquat",2014,3381.7,4512,"Jefferson County","GA"
13,163,"Glyphosate",2014,34486.5,34489.1,"Jefferson County","GA"
13,163,"2,4-D",2014,6877.9,7961.6,"Jefferson County","GA"
13,165,"Paraquat",2014,3290.8,3845.2,"Jenkins County","GA"
13,165,"Chlorpyrifos",2014,2141.9,2152.2,"Jenkins County","GA"
13,165,"Glyphosate",2014,23733,23747.7,"Jenkins County","GA"
13,165,"2,4-D",2014,2280.6,2603,"Jenkins County","GA"
13,167,"Chlorpyrifos",2014,5.3,296.1,"Johnson County","GA"
13,167,"Glyphosate",2014,1115.9,1865.9,"Johnson County","GA"
13,167,"Paraquat",2014,297.3,541.1,"Johnson County","GA"
13,167,"Malathion",2014,NA,1,"Johnson County","GA"
13,167,"2,4-D",2014,1590.2,1881.5,"Johnson County","GA"
13,169,"Glyphosate",2014,22.2,50.1,"Jones County","GA"
13,169,"Malathion",2014,NA,1.3,"Jones County","GA"
13,169,"Chlorpyrifos",2014,1.2,1.2,"Jones County","GA"
13,169,"Paraquat",2014,10.6,10.6,"Jones County","GA"
13,169,"2,4-D",2014,699.4,699.4,"Jones County","GA"
13,17,"Glyphosate",2014,15572.6,15706.5,"Ben Hill County","GA"
13,17,"Malathion",2014,39,39,"Ben Hill County","GA"
13,17,"2,4-D",2014,2320.9,2417.1,"Ben Hill County","GA"
13,17,"Paraquat",2014,1816.3,1835.9,"Ben Hill County","GA"
13,17,"Chlorpyrifos",2014,1440.1,1623.2,"Ben Hill County","GA"
13,171,"Chlorpyrifos",2014,67.4,69.8,"Lamar County","GA"
13,171,"2,4-D",2014,1538.2,1723,"Lamar County","GA"
13,171,"Paraquat",2014,57.3,116.5,"Lamar County","GA"
13,171,"Malathion",2014,NA,7.5,"Lamar County","GA"
13,171,"Glyphosate",2014,1486.3,1933,"Lamar County","GA"
13,173,"2,4-D",2014,1630.2,1736,"Lanier County","GA"
13,173,"Chlorpyrifos",2014,1113.4,1195.6,"Lanier County","GA"
13,173,"Paraquat",2014,1183.5,1206.9,"Lanier County","GA"
13,173,"Glyphosate",2014,10511.5,10620.6,"Lanier County","GA"
13,173,"Malathion",2014,25,25,"Lanier County","GA"
13,175,"Paraquat",2014,1457.1,1963,"Laurens County","GA"
13,175,"2,4-D",2014,3133.2,4415.6,"Laurens County","GA"
13,175,"Malathion",2014,NA,17.3,"Laurens County","GA"
13,175,"Glyphosate",2014,6114.2,7686.2,"Laurens County","GA"
13,175,"Chlorpyrifos",2014,124.2,817.8,"Laurens County","GA"
13,177,"Paraquat",2014,2301.1,3168.7,"Lee County","GA"
13,177,"2,4-D",2014,250.6,1690.5,"Lee County","GA"
13,177,"Chlorpyrifos",2014,7436.4,7927.1,"Lee County","GA"
13,177,"Glyphosate",2014,15395.6,15611.9,"Lee County","GA"
13,177,"Malathion",2014,NA,213.6,"Lee County","GA"
13,179,"Malathion",2014,NA,1.5,"Liberty County","GA"
13,179,"Paraquat",2014,1.2,11.3,"Liberty County","GA"
13,179,"2,4-D",2014,5.4,14.3,"Liberty County","GA"
13,179,"Chlorpyrifos",2014,20.8,20.8,"Liberty County","GA"
13,179,"Glyphosate",2014,107.8,122,"Liberty County","GA"
13,181,"2,4-D",2014,1137.7,1137.7,"Lincoln County","GA"
13,181,"Glyphosate",2014,26.6,26.6,"Lincoln County","GA"
13,183,"Malathion",2014,NA,6,"Long County","GA"
13,183,"Chlorpyrifos",2014,153.5,153.5,"Long County","GA"
13,183,"Paraquat",2014,79,123.1,"Long County","GA"
13,183,"2,4-D",2014,24.5,79.4,"Long County","GA"
13,183,"Glyphosate",2014,1339,1369.3,"Long County","GA"
13,185,"Malathion",2014,73.6,73.6,"Lowndes County","GA"
13,185,"Chlorpyrifos",2014,1148.1,1373.2,"Lowndes County","GA"
13,185,"2,4-D",2014,2199.4,2528.7,"Lowndes County","GA"
13,185,"Paraquat",2014,1400.9,1449.1,"Lowndes County","GA"
13,185,"Glyphosate",2014,8423.3,8689.4,"Lowndes County","GA"
13,187,"Glyphosate",2014,81.2,97.5,"Lumpkin County","GA"
13,187,"Chlorpyrifos",2014,5.5,17.3,"Lumpkin County","GA"
13,187,"Paraquat",2014,1.4,3.7,"Lumpkin County","GA"
13,187,"2,4-D",2014,2232.1,2251.1,"Lumpkin County","GA"
13,189,"Paraquat",2014,5.1,30.3,"McDuffie County","GA"
13,189,"Chlorpyrifos",2014,16.2,17.9,"McDuffie County","GA"
13,189,"2,4-D",2014,1869.4,1871.9,"McDuffie County","GA"
13,189,"Glyphosate",2014,434.2,435.7,"McDuffie County","GA"
13,19,"Glyphosate",2014,43557.1,43757,"Berrien County","GA"
13,19,"2,4-D",2014,6844.3,7025.2,"Berrien County","GA"
13,19,"Paraquat",2014,4828.7,4862.3,"Berrien County","GA"
13,19,"Chlorpyrifos",2014,4180.6,4533.1,"Berrien County","GA"
13,19,"Malathion",2014,140.4,140.4,"Berrien County","GA"
13,191,"Chlorpyrifos",2014,0.8,0.8,"McIntosh County","GA"
13,191,"2,4-D",2014,39.5,39.7,"McIntosh County","GA"
13,191,"Glyphosate",2014,24.4,127.8,"McIntosh County","GA"
13,191,"Paraquat",2014,NA,0.5,"McIntosh County","GA"
13,191,"Malathion",2014,NA,0.1,"McIntosh County","GA"
13,193,"Glyphosate",2014,20195.6,21618.7,"Macon County","GA"
13,193,"2,4-D",2014,3185.7,4787,"Macon County","GA"
13,193,"Malathion",2014,NA,186.5,"Macon County","GA"
13,193,"Paraquat",2014,2133,2599.8,"Macon County","GA"
13,193,"Chlorpyrifos",2014,420.1,1095.3,"Macon County","GA"
13,195,"Glyphosate",2014,1051.7,1065.5,"Madison County","GA"
13,195,"Paraquat",2014,72,76.2,"Madison County","GA"
13,195,"2,4-D",2014,4301.3,4315.9,"Madison County","GA"
13,195,"Chlorpyrifos",2014,48.4,51.3,"Madison County","GA"
13,197,"Paraquat",2014,329.6,394.3,"Marion County","GA"
13,197,"Glyphosate",2014,2735.4,2885.4,"Marion County","GA"
13,197,"Malathion",2014,NA,33.4,"Marion County","GA"
13,197,"Chlorpyrifos",2014,103.4,289.9,"Marion County","GA"
13,197,"2,4-D",2014,931.1,1161.3,"Marion County","GA"
13,199,"Glyphosate",2014,565.6,737.1,"Meriwether County","GA"
13,199,"Paraquat",2014,4.2,30.3,"Meriwether County","GA"
13,199,"Malathion",2014,NA,0.3,"Meriwether County","GA"
13,199,"2,4-D",2014,2261.8,2307.7,"Meriwether County","GA"
13,199,"Chlorpyrifos",2014,13.5,26.7,"Meriwether County","GA"
13,201,"Glyphosate",2014,31682.9,31850.2,"Miller County","GA"
13,201,"Chlorpyrifos",2014,8397.1,9174.1,"Miller County","GA"
13,201,"Paraquat",2014,2517.9,3745.5,"Miller County","GA"
13,201,"2,4-D",2014,756.8,2457.2,"Miller County","GA"
13,201,"Malathion",2014,NA,127.1,"Miller County","GA"
13,205,"Glyphosate",2014,58986.4,60768.7,"Mitchell County","GA"
13,205,"Paraquat",2014,6901,8189.9,"Mitchell County","GA"
13,205,"Chlorpyrifos",2014,15976,16908.4,"Mitchell County","GA"
13,205,"2,4-D",2014,1268.9,2780.4,"Mitchell County","GA"
13,205,"Malathion",2014,NA,589.2,"Mitchell County","GA"
13,207,"Paraquat",2014,11.1,11.1,"Monroe County","GA"
13,207,"Glyphosate",2014,10.4,45.7,"Monroe County","GA"
13,207,"2,4-D",2014,879.6,879.6,"Monroe County","GA"
13,207,"Chlorpyrifos",2014,1.2,1.2,"Monroe County","GA"
13,207,"Malathion",2014,NA,1.4,"Monroe County","GA"
13,209,"Glyphosate",2014,3468.5,3900.7,"Montgomery County","GA"
13,209,"2,4-D",2014,1371.4,1601.1,"Montgomery County","GA"
13,209,"Malathion",2014,NA,21.8,"Montgomery County","GA"
13,209,"Chlorpyrifos",2014,49.4,489.8,"Montgomery County","GA"
13,209,"Paraquat",2014,1070,1228.9,"Montgomery County","GA"
13,21,"Glyphosate",2014,201.9,462.7,"Bibb County","GA"
13,21,"Chlorpyrifos",2014,15.3,56.4,"Bibb County","GA"
13,21,"Paraquat",2014,75.5,146.1,"Bibb County","GA"
13,21,"2,4-D",2014,660.4,756.9,"Bibb County","GA"
13,21,"Malathion",2014,NA,5.6,"Bibb County","GA"
13,211,"Glyphosate",2014,190.7,778.3,"Morgan County","GA"
13,211,"Malathion",2014,NA,1.1,"Morgan County","GA"
13,211,"2,4-D",2014,3007.5,3143.2,"Morgan County","GA"
13,211,"Paraquat",2014,56.2,173.8,"Morgan County","GA"
13,211,"Chlorpyrifos",2014,12.3,60,"Morgan County","GA"
13,213,"Glyphosate",2014,3797.6,3821.6,"Murray County","GA"
13,213,"2,4-D",2014,2002.1,2495.8,"Murray County","GA"
13,213,"Chlorpyrifos",2014,8,234.6,"Murray County","GA"
13,213,"Paraquat",2014,41.1,185.5,"Murray County","GA"
13,215,"2,4-D",2014,149.7,149.7,"Muscogee County","GA"
13,215,"Glyphosate",2014,NA,4.9,"Muscogee County","GA"
13,217,"2,4-D",2014,1061.5,1215.5,"Newton County","GA"
13,217,"Glyphosate",2014,219.7,465.2,"Newton County","GA"
13,217,"Malathion",2014,NA,1.1,"Newton County","GA"
13,217,"Chlorpyrifos",2014,1.7,54.3,"Newton County","GA"
13,217,"Paraquat",2014,54.1,87,"Newton County","GA"
13,219,"Glyphosate",2014,9502.7,9543.1,"Oconee County","GA"
13,219,"2,4-D",2014,6422.6,6455.6,"Oconee County","GA"
13,219,"Chlorpyrifos",2014,26.3,27.8,"Oconee County","GA"
13,219,"Paraquat",2014,68.7,78.3,"Oconee County","GA"
13,221,"2,4-D",2014,3926.3,3936.7,"Oglethorpe County","GA"
13,221,"Chlorpyrifos",2014,3.5,7.9,"Oglethorpe County","GA"
13,221,"Glyphosate",2014,677.6,685,"Oglethorpe County","GA"
13,221,"Paraquat",2014,76.5,93.8,"Oglethorpe County","GA"
13,223,"Glyphosate",2014,1.5,8.9,"Paulding County","GA"
13,223,"Chlorpyrifos",2014,NA,0,"Paulding County","GA"
13,223,"2,4-D",2014,609,609.1,"Paulding County","GA"
13,223,"Paraquat",2014,NA,15.3,"Paulding County","GA"
13,225,"Chlorpyrifos",2014,41.4,252.4,"Peach County","GA"
13,225,"Glyphosate",2014,1567.9,2622.9,"Peach County","GA"
13,225,"Malathion",2014,NA,22.4,"Peach County","GA"
13,225,"Paraquat",2014,461.6,765.3,"Peach County","GA"
13,225,"2,4-D",2014,1412.7,1663.8,"Peach County","GA"
13,227,"Glyphosate",2014,155.2,169.7,"Pickens County","GA"
13,227,"Chlorpyrifos",2014,1.8,25.6,"Pickens County","GA"
13,227,"Paraquat",2014,1.4,6,"Pickens County","GA"
13,227,"2,4-D",2014,1992.8,2031.3,"Pickens County","GA"
13,229,"Chlorpyrifos",2014,1305.7,1934,"Pierce County","GA"
13,229,"Glyphosate",2014,17168.4,17262.6,"Pierce County","GA"
13,229,"Paraquat",2014,1608,2112.2,"Pierce County","GA"
13,229,"2,4-D",2014,1064.4,1679.9,"Pierce County","GA"
13,229,"Malathion",2014,NA,54.9,"Pierce County","GA"
13,23,"Glyphosate",2014,6998.9,7982.4,"Bleckley County","GA"
13,23,"2,4-D",2014,1802.4,2675.3,"Bleckley County","GA"
13,23,"Chlorpyrifos",2014,24.1,989.3,"Bleckley County","GA"
13,23,"Malathion",2014,NA,5.6,"Bleckley County","GA"
13,23,"Paraquat",2014,1802.2,2216.3,"Bleckley County","GA"
13,231,"Chlorpyrifos",2014,6.5,10.6,"Pike County","GA"
13,231,"Glyphosate",2014,109.5,348.2,"Pike County","GA"
13,231,"2,4-D",2014,1466.1,1471,"Pike County","GA"
13,231,"Paraquat",2014,52.2,84.1,"Pike County","GA"
13,231,"Malathion",2014,NA,8.9,"Pike County","GA"
13,233,"Glyphosate",2014,2876.7,2903.4,"Polk County","GA"
13,233,"Chlorpyrifos",2014,8.1,85.1,"Polk County","GA"
13,233,"Paraquat",2014,39.1,253.1,"Polk County","GA"
13,233,"2,4-D",2014,2589.8,2767.8,"Polk County","GA"
13,235,"Chlorpyrifos",2014,193.7,1194.8,"Pulaski County","GA"
13,235,"Glyphosate",2014,11927.5,13310.9,"Pulaski County","GA"
13,235,"Paraquat",2014,3240.8,3899.6,"Pulaski County","GA"
13,235,"Malathion",2014,NA,71,"Pulaski County","GA"
13,235,"2,4-D",2014,3146.5,3523.7,"Pulaski County","GA"
13,237,"Glyphosate",2014,99.1,454.2,"Putnam County","GA"
13,237,"Chlorpyrifos",2014,1.4,38.1,"Putnam County","GA"
13,237,"Malathion",2014,NA,0.2,"Putnam County","GA"
13,237,"2,4-D",2014,1087.5,1088,"Putnam County","GA"
13,237,"Paraquat",2014,2.1,101.4,"Putnam County","GA"
13,239,"Chlorpyrifos",2014,147.2,147.2,"Quitman County","GA"
13,239,"Malathion",2014,NA,0.6,"Quitman County","GA"
13,239,"2,4-D",2014,21.6,21.6,"Quitman County","GA"
13,239,"Glyphosate",2014,690,690,"Quitman County","GA"
13,239,"Paraquat",2014,42.2,42.2,"Quitman County","GA"
13,241,"Chlorpyrifos",2014,17.7,22.6,"Rabun County","GA"
13,241,"Paraquat",2014,2.9,7.4,"Rabun County","GA"
13,241,"Glyphosate",2014,70.6,70.6,"Rabun County","GA"
13,241,"2,4-D",2014,393.2,416.3,"Rabun County","GA"
13,243,"Glyphosate",2014,16270.5,16924.5,"Randolph County","GA"
13,243,"Chlorpyrifos",2014,3225.5,3917.3,"Randolph County","GA"
13,243,"Paraquat",2014,842.2,1994.9,"Randolph County","GA"
13,243,"Malathion",2014,NA,31.6,"Randolph County","GA"
13,243,"2,4-D",2014,255.1,2137.3,"Randolph County","GA"
13,245,"Chlorpyrifos",2014,63.7,63.7,"Richmond County","GA"
13,245,"Paraquat",2014,12.5,51.3,"Richmond County","GA"
13,245,"2,4-D",2014,579.1,626.8,"Richmond County","GA"
13,245,"Glyphosate",2014,675.9,677.2,"Richmond County","GA"
13,247,"Chlorpyrifos",2014,5.4,7.1,"Rockdale County","GA"
13,247,"2,4-D",2014,212.4,212.4,"Rockdale County","GA"
13,247,"Paraquat",2014,12.8,15,"Rockdale County","GA"
13,247,"Malathion",2014,NA,1.5,"Rockdale County","GA"
13,247,"Glyphosate",2014,38.9,46.6,"Rockdale County","GA"
13,249,"Chlorpyrifos",2014,48.1,88,"Schley County","GA"
13,249,"2,4-D",2014,586.2,753.2,"Schley County","GA"
13,249,"Paraquat",2014,158.9,196.4,"Schley County","GA"
13,249,"Glyphosate",2014,1774.7,1938.4,"Schley County","GA"
13,249,"Malathion",2014,NA,15.3,"Schley County","GA"
13,25,"Glyphosate",2014,1510.3,1569.7,"Brantley County","GA"
13,25,"2,4-D",2014,41.6,117.4,"Brantley County","GA"
13,25,"Chlorpyrifos",2014,135.4,193.7,"Brantley County","GA"
13,25,"Paraquat",2014,115.6,166,"Brantley County","GA"
13,25,"Malathion",2014,NA,3.7,"Brantley County","GA"
13,251,"Chlorpyrifos",2014,3132,3154.1,"Screven County","GA"
13,251,"Glyphosate",2014,36395.8,36425.3,"Screven County","GA"
13,251,"Paraquat",2014,4241.8,5383.8,"Screven County","GA"
13,251,"2,4-D",2014,3856.2,4699.2,"Screven County","GA"
13,253,"Chlorpyrifos",2014,5595.4,6433.2,"Seminole County","GA"
13,253,"Glyphosate",2014,29396.7,29447.9,"Seminole County","GA"
13,253,"Paraquat",2014,1783.7,3017.6,"Seminole County","GA"
13,253,"2,4-D",2014,548.1,1978.6,"Seminole County","GA"
13,253,"Malathion",2014,NA,73.9,"Seminole County","GA"
13,255,"Paraquat",2014,2.5,28.7,"Spalding County","GA"
13,255,"Glyphosate",2014,209.4,418.5,"Spalding County","GA"
13,255,"Chlorpyrifos",2014,9.3,9.3,"Spalding County","GA"
13,255,"Malathion",2014,NA,0.1,"Spalding County","GA"
13,255,"2,4-D",2014,1000.4,1026.7,"Spalding County","GA"
13,257,"Paraquat",2014,7.1,8.7,"Stephens County","GA"
13,257,"Glyphosate",2014,97.9,97.9,"Stephens County","GA"
13,257,"Chlorpyrifos",2014,3.2,5,"Stephens County","GA"
13,257,"2,4-D",2014,1290.5,1298.7,"Stephens County","GA"
13,259,"Paraquat",2014,368.2,426.6,"Stewart County","GA"
13,259,"Glyphosate",2014,4024.6,4024.6,"Stewart County","GA"
13,259,"Chlorpyrifos",2014,2247.5,2269.5,"Stewart County","GA"
13,259,"2,4-D",2014,115.5,253.9,"Stewart County","GA"
13,259,"Malathion",2014,NA,5.7,"Stewart County","GA"
13,261,"Glyphosate",2014,32737.1,32890.5,"Sumter County","GA"
13,261,"Paraquat",2014,2348.9,3741.5,"Sumter County","GA"
13,261,"Chlorpyrifos",2014,5621.5,6392.3,"Sumter County","GA"
13,261,"2,4-D",2014,545.4,2878.3,"Sumter County","GA"
13,261,"Malathion",2014,NA,160.9,"Sumter County","GA"
13,263,"Paraquat",2014,19.1,22.9,"Talbot County","GA"
13,263,"Malathion",2014,NA,3.1,"Talbot County","GA"
13,263,"Chlorpyrifos",2014,3.4,7.8,"Talbot County","GA"
13,263,"Glyphosate",2014,107,136.2,"Talbot County","GA"
13,263,"2,4-D",2014,877.1,881.7,"Talbot County","GA"
13,265,"Malathion",2014,NA,0.1,"Taliaferro County","GA"
13,265,"Paraquat",2014,0.4,0.4,"Taliaferro County","GA"
13,265,"Glyphosate",2014,0.9,19.3,"Taliaferro County","GA"
13,265,"Chlorpyrifos",2014,0.1,0.1,"Taliaferro County","GA"
13,265,"2,4-D",2014,449.1,449.1,"Taliaferro County","GA"
13,267,"Chlorpyrifos",2014,3236.9,3678.8,"Tattnall County","GA"
13,267,"Paraquat",2014,1607,2214.4,"Tattnall County","GA"
13,267,"2,4-D",2014,739,1477.6,"Tattnall County","GA"
13,267,"Malathion",2014,NA,81.5,"Tattnall County","GA"
13,267,"Glyphosate",2014,20124.1,20407.5,"Tattnall County","GA"
13,269,"Chlorpyrifos",2014,218.9,351,"Taylor County","GA"
13,269,"Paraquat",2014,161.7,316,"Taylor County","GA"
13,269,"Malathion",2014,NA,2,"Taylor County","GA"
13,269,"2,4-D",2014,2001.8,2625.3,"Taylor County","GA"
13,269,"Glyphosate",2014,5744.7,6469.6,"Taylor County","GA"
13,27,"Chlorpyrifos",2014,4058.5,5137.1,"Brooks County","GA"
13,27,"Glyphosate",2014,57788.9,58455.9,"Brooks County","GA"
13,27,"2,4-D",2014,6783.6,7657.5,"Brooks County","GA"
13,27,"Malathion",2014,128.8,128.8,"Brooks County","GA"
13,27,"Paraquat",2014,6099.9,6204.4,"Brooks County","GA"
13,271,"Paraquat",2014,996.8,1014.1,"Telfair County","GA"
13,271,"Malathion",2014,19.8,19.8,"Telfair County","GA"
13,271,"Chlorpyrifos",2014,632.4,777.8,"Telfair County","GA"
13,271,"2,4-D",2014,2566.2,2676.4,"Telfair County","GA"
13,271,"Glyphosate",2014,10414.2,10509.6,"Telfair County","GA"
13,273,"2,4-D",2014,435.8,2165.7,"Terrell County","GA"
13,273,"Chlorpyrifos",2014,4156.8,4995.6,"Terrell County","GA"
13,273,"Paraquat",2014,1625.2,2927.2,"Terrell County","GA"
13,273,"Glyphosate",2014,26689.1,26945.9,"Terrell County","GA"
13,273,"Malathion",2014,NA,90.7,"Terrell County","GA"
13,275,"Paraquat",2014,2193,2677.7,"Thomas County","GA"
13,275,"Chlorpyrifos",2014,3828.7,4136.8,"Thomas County","GA"
13,275,"2,4-D",2014,791.1,1625.7,"Thomas County","GA"
13,275,"Malathion",2014,NA,112.4,"Thomas County","GA"
13,275,"Glyphosate",2014,32943,33292.9,"Thomas County","GA"
13,277,"Paraquat",2014,3372.2,3418.8,"Tift County","GA"
13,277,"2,4-D",2014,4769.9,5028.4,"Tift County","GA"
13,277,"Glyphosate",2014,30425,30835.5,"Tift County","GA"
13,277,"Chlorpyrifos",2014,2913.5,3151,"Tift County","GA"
13,277,"Malathion",2014,35.3,35.3,"Tift County","GA"
13,279,"Paraquat",2014,1097.6,1334.7,"Toombs County","GA"
13,279,"2,4-D",2014,1120.4,1526.2,"Toombs County","GA"
13,279,"Chlorpyrifos",2014,1782.2,2133.7,"Toombs County","GA"
13,279,"Malathion",2014,NA,23.7,"Toombs County","GA"
13,279,"Glyphosate",2014,13772.4,14081.2,"Toombs County","GA"
13,281,"Paraquat",2014,902,902,"Towns County","GA"
13,281,"2,4-D",2014,862.1,862.9,"Towns County","GA"
13,281,"Glyphosate",2014,408.4,414.5,"Towns County","GA"
13,281,"Chlorpyrifos",2014,NA,1.4,"Towns County","GA"
13,283,"Paraquat",2014,398.8,480.8,"Treutlen County","GA"
13,283,"Chlorpyrifos",2014,5.7,134.6,"Treutlen County","GA"
13,283,"Malathion",2014,NA,4.1,"Treutlen County","GA"
13,283,"Glyphosate",2014,1848.1,1941.7,"Treutlen County","GA"
13,283,"2,4-D",2014,792.6,826.3,"Treutlen County","GA"
13,285,"Paraquat",2014,0.6,0.9,"Troup County","GA"
13,285,"Glyphosate",2014,5.3,42.6,"Troup County","GA"
13,285,"2,4-D",2014,1133.7,1133.9,"Troup County","GA"
13,285,"Malathion",2014,NA,0.1,"Troup County","GA"
13,285,"Chlorpyrifos",2014,0.1,0.3,"Troup County","GA"
13,287,"2,4-D",2014,5127.7,5371.2,"Turner County","GA"
13,287,"Paraquat",2014,3866.4,3910.4,"Turner County","GA"
13,287,"Glyphosate",2014,33359.7,33636.1,"Turner County","GA"
13,287,"Chlorpyrifos",2014,3217.3,3460.7,"Turner County","GA"
13,287,"Malathion",2014,88.3,88.3,"Turner County","GA"
13,289,"2,4-D",2014,871.4,910.8,"Twiggs County","GA"
13,289,"Paraquat",2014,834.2,901.3,"Twiggs County","GA"
13,289,"Glyphosate",2014,3805.9,3962.8,"Twiggs County","GA"
13,289,"Chlorpyrifos",2014,11.3,134.8,"Twiggs County","GA"
13,289,"Malathion",2014,NA,8.5,"Twiggs County","GA"
13,29,"Chlorpyrifos",2014,67.5,115.8,"Bryan County","GA"
13,29,"Glyphosate",2014,1073,1090.7,"Bryan County","GA"
13,29,"Paraquat",2014,107.8,124.2,"Bryan County","GA"
13,29,"2,4-D",2014,33.9,70.4,"Bryan County","GA"
13,291,"Chlorpyrifos",2014,0.6,28.5,"Union County","GA"
13,291,"Glyphosate",2014,169.1,184.5,"Union County","GA"
13,291,"Paraquat",2014,0.3,5.7,"Union County","GA"
13,291,"2,4-D",2014,2084.1,2129.2,"Union County","GA"
13,293,"Glyphosate",2014,163.5,207.9,"Upson County","GA"
13,293,"Chlorpyrifos",2014,15.8,21.7,"Upson County","GA"
13,293,"Paraquat",2014,138.6,143.8,"Upson County","GA"
13,293,"2,4-D",2014,1353.9,1360,"Upson County","GA"
13,293,"Malathion",2014,NA,23.8,"Upson County","GA"
13,295,"2,4-D",2014,4297,4750,"Walker County","GA"
13,295,"Chlorpyrifos",2014,4.6,232.8,"Walker County","GA"
13,295,"Paraquat",2014,16.1,383.4,"Walker County","GA"
13,295,"Glyphosate",2014,3924.5,3972.4,"Walker County","GA"
13,297,"2,4-D",2014,5457.3,5626.8,"Walton County","GA"
13,297,"Chlorpyrifos",2014,1.8,3.3,"Walton County","GA"
13,297,"Paraquat",2014,10.7,53.4,"Walton County","GA"
13,297,"Glyphosate",2014,5361.8,5400.8,"Walton County","GA"
13,299,"Malathion",2014,NA,28.2,"Ware County","GA"
13,299,"Chlorpyrifos",2014,617.2,805.1,"Ware County","GA"
13,299,"2,4-D",2014,251.6,529.7,"Ware County","GA"
13,299,"Paraquat",2014,568.4,814.8,"Ware County","GA"
13,299,"Glyphosate",2014,6500,6590,"Ware County","GA"
13,3,"Malathion",2014,3.4,3.4,"Atkinson County","GA"
13,3,"2,4-D",2014,3140.6,3307,"Atkinson County","GA"
13,3,"Glyphosate",2014,21110.4,21317.1,"Atkinson County","GA"
13,3,"Paraquat",2014,2142.2,2182.4,"Atkinson County","GA"
13,3,"Chlorpyrifos",2014,1799.4,2020.6,"Atkinson County","GA"
13,301,"2,4-D",2014,1851.7,1869.1,"Warren County","GA"
13,301,"Paraquat",2014,418.2,522.9,"Warren County","GA"
13,301,"Chlorpyrifos",2014,99.3,111,"Warren County","GA"
13,301,"Glyphosate",2014,4172.4,4173.3,"Warren County","GA"
13,303,"Paraquat",2014,785.1,1481.4,"Washington County","GA"
13,303,"2,4-D",2014,2499.3,2912.7,"Washington County","GA"
13,303,"Chlorpyrifos",2014,134.1,576.8,"Washington County","GA"
13,303,"Glyphosate",2014,2154,3397.3,"Washington County","GA"
13,303,"Malathion",2014,NA,37.7,"Washington County","GA"
13,305,"Paraquat",2014,1570.7,1866.8,"Wayne County","GA"
13,305,"2,4-D",2014,946.8,1428.1,"Wayne County","GA"
13,305,"Glyphosate",2014,15319.4,15416.9,"Wayne County","GA"
13,305,"Malathion",2014,NA,27.1,"Wayne County","GA"
13,305,"Chlorpyrifos",2014,1028.6,1721.1,"Wayne County","GA"
13,307,"Paraquat",2014,743.6,848,"Webster County","GA"
13,307,"2,4-D",2014,240.1,461.4,"Webster County","GA"
13,307,"Chlorpyrifos",2014,2200.1,2249.3,"Webster County","GA"
13,307,"Glyphosate",2014,9323.3,9384.5,"Webster County","GA"
13,307,"Malathion",2014,NA,34.9,"Webster County","GA"
13,309,"2,4-D",2014,1048,1164.8,"Wheeler County","GA"
13,309,"Glyphosate",2014,2125.4,2614.8,"Wheeler County","GA"
13,309,"Malathion",2014,NA,16.4,"Wheeler County","GA"
13,309,"Paraquat",2014,534,752.8,"Wheeler County","GA"
13,309,"Chlorpyrifos",2014,26,223.1,"Wheeler County","GA"
13,31,"Chlorpyrifos",2014,5298.8,5298.8,"Bulloch County","GA"
13,31,"Glyphosate",2014,60292.3,60295.5,"Bulloch County","GA"
13,31,"Paraquat",2014,8262.9,9490.4,"Bulloch County","GA"
13,31,"2,4-D",2014,4996,5442.7,"Bulloch County","GA"
13,311,"2,4-D",2014,2812.8,2934.7,"White County","GA"
13,311,"Paraquat",2014,NA,17.6,"White County","GA"
13,311,"Glyphosate",2014,612.3,631.9,"White County","GA"
13,311,"Chlorpyrifos",2014,NA,80.4,"White County","GA"
13,313,"2,4-D",2014,2155.3,2215.9,"Whitfield County","GA"
13,313,"Glyphosate",2014,439.1,464.7,"Whitfield County","GA"
13,313,"Paraquat",2014,NA,73.2,"Whitfield County","GA"
13,313,"Chlorpyrifos",2014,NA,31.5,"Whitfield County","GA"
13,315,"Glyphosate",2014,29356.2,29764.4,"Wilcox County","GA"
13,315,"Paraquat",2014,3379.9,3433.3,"Wilcox County","GA"
13,315,"2,4-D",2014,4751.2,5088,"Wilcox County","GA"
13,315,"Chlorpyrifos",2014,2714.7,3008.6,"Wilcox County","GA"
13,315,"Malathion",2014,36.1,36.1,"Wilcox County","GA"
13,317,"Glyphosate",2014,214.4,241.3,"Wilkes County","GA"
13,317,"2,4-D",2014,4888.4,4967.1,"Wilkes County","GA"
13,317,"Chlorpyrifos",2014,9.1,34,"Wilkes County","GA"
13,317,"Paraquat",2014,25,96.3,"Wilkes County","GA"
13,319,"Glyphosate",2014,197.7,379.7,"Wilkinson County","GA"
13,319,"Chlorpyrifos",2014,10.3,53.3,"Wilkinson County","GA"
13,319,"2,4-D",2014,427.9,543.4,"Wilkinson County","GA"
13,319,"Malathion",2014,NA,3,"Wilkinson County","GA"
13,319,"Paraquat",2014,62.4,93.2,"Wilkinson County","GA"
13,321,"Glyphosate",2014,70214.7,71152.2,"Worth County","GA"
13,321,"2,4-D",2014,9545.7,10267.7,"Worth County","GA"
13,321,"Malathion",2014,50,50,"Worth County","GA"
13,321,"Chlorpyrifos",2014,6358.6,6909,"Worth County","GA"
13,321,"Paraquat",2014,7556.3,7705.7,"Worth County","GA"
13,33,"Glyphosate",2014,51232.8,51233.5,"Burke County","GA"
13,33,"Chlorpyrifos",2014,5370.4,5396,"Burke County","GA"
13,33,"2,4-D",2014,5935.7,7302.4,"Burke County","GA"
13,33,"Paraquat",2014,6121,7819.6,"Burke County","GA"
13,35,"2,4-D",2014,690.5,690.6,"Butts County","GA"
13,35,"Glyphosate",2014,92.7,180,"Butts County","GA"
13,35,"Malathion",2014,NA,2.9,"Butts County","GA"
13,35,"Chlorpyrifos",2014,2.6,2.7,"Butts County","GA"
13,35,"Paraquat",2014,23.4,32.8,"Butts County","GA"
13,37,"Malathion",2014,NA,76.2,"Calhoun County","GA"
13,37,"2,4-D",2014,276.7,1643.1,"Calhoun County","GA"
13,37,"Chlorpyrifos",2014,4890.9,5373.1,"Calhoun County","GA"
13,37,"Glyphosate",2014,14800.1,15167.6,"Calhoun County","GA"
13,37,"Paraquat",2014,1299.9,2118.3,"Calhoun County","GA"
13,39,"2,4-D",2014,17.4,18,"Camden County","GA"
13,39,"Malathion",2014,NA,0.1,"Camden County","GA"
13,39,"Chlorpyrifos",2014,1.4,1.4,"Camden County","GA"
13,39,"Paraquat",2014,NA,0.8,"Camden County","GA"
13,39,"Glyphosate",2014,8.5,54.1,"Camden County","GA"
13,43,"2,4-D",2014,2157.2,2297.7,"Candler County","GA"
13,43,"Glyphosate",2014,20233.5,20246.4,"Candler County","GA"
13,43,"Chlorpyrifos",2014,1075.4,1075.4,"Candler County","GA"
13,43,"Paraquat",2014,2201.2,2602.8,"Candler County","GA"
13,45,"Chlorpyrifos",2014,6.7,13,"Carroll County","GA"
13,45,"Paraquat",2014,10.5,16,"Carroll County","GA"
13,45,"2,4-D",2014,3792,3798.6,"Carroll County","GA"
13,45,"Malathion",2014,NA,1.6,"Carroll County","GA"
13,45,"Glyphosate",2014,163.9,290.2,"Carroll County","GA"
13,47,"2,4-D",2014,1268.6,1272,"Catoosa County","GA"
13,47,"Glyphosate",2014,16.4,31.5,"Catoosa County","GA"
13,47,"Paraquat",2014,12.3,45.3,"Catoosa County","GA"
13,47,"Chlorpyrifos",2014,2.5,4.9,"Catoosa County","GA"
13,49,"2,4-D",2014,24.1,48.2,"Charlton County","GA"
13,49,"Malathion",2014,NA,6.6,"Charlton County","GA"
13,49,"Paraquat",2014,20.9,59.5,"Charlton County","GA"
13,49,"Chlorpyrifos",2014,64.2,64.6,"Charlton County","GA"
13,49,"Glyphosate",2014,312.7,363.2,"Charlton County","GA"
13,5,"Glyphosate",2014,16734.8,16831.5,"Bacon County","GA"
13,5,"Malathion",2014,NA,19.8,"Bacon County","GA"
13,5,"Paraquat",2014,1935,2179.1,"Bacon County","GA"
13,5,"2,4-D",2014,997.7,1332.6,"Bacon County","GA"
13,5,"Chlorpyrifos",2014,897.5,1253.3,"Bacon County","GA"
13,51,"Glyphosate",2014,16,22,"Chatham County","GA"
13,51,"2,4-D",2014,3.1,5.7,"Chatham County","GA"
13,51,"Malathion",2014,NA,1,"Chatham County","GA"
13,51,"Paraquat",2014,NA,4.9,"Chatham County","GA"
13,51,"Chlorpyrifos",2014,8.4,8.4,"Chatham County","GA"
13,53,"Malathion",2014,NA,1.9,"Chattahoochee County","GA"
13,53,"2,4-D",2014,51,51,"Chattahoochee County","GA"
13,53,"Glyphosate",2014,1.7,3.9,"Chattahoochee County","GA"
13,53,"Paraquat",2014,11.9,11.9,"Chattahoochee County","GA"
13,53,"Chlorpyrifos",2014,2.3,2.3,"Chattahoochee County","GA"
13,55,"2,4-D",2014,2602.7,2843.5,"Chattooga County","GA"
13,55,"Glyphosate",2014,3081.2,3109.8,"Chattooga County","GA"
13,55,"Paraquat",2014,35,179,"Chattooga County","GA"
13,55,"Chlorpyrifos",2014,6.8,101.9,"Chattooga County","GA"
13,57,"2,4-D",2014,3177.4,3180.3,"Cherokee County","GA"
13,57,"Glyphosate",2014,12.1,34.6,"Cherokee County","GA"
13,57,"Paraquat",2014,2.1,2.5,"Cherokee County","GA"
13,57,"Chlorpyrifos",2014,0.2,2,"Cherokee County","GA"
13,59,"2,4-D",2014,769.6,769.9,"Clarke County","GA"
13,59,"Glyphosate",2014,20.8,26.3,"Clarke County","GA"
13,59,"Paraquat",2014,21.4,21.5,"Clarke County","GA"
13,59,"Chlorpyrifos",2014,0.2,0.2,"Clarke County","GA"
13,61,"2,4-D",2014,185.3,731.2,"Clay County","GA"
13,61,"Glyphosate",2014,10541.2,10550.6,"Clay County","GA"
13,61,"Chlorpyrifos",2014,1797.3,2046.1,"Clay County","GA"
13,61,"Malathion",2014,NA,38.2,"Clay County","GA"
13,61,"Paraquat",2014,685.4,1085.7,"Clay County","GA"
13,63,"2,4-D",2014,21.4,21.4,"Clayton County","GA"
13,63,"Glyphosate",2014,NA,0.7,"Clayton County","GA"
13,65,"Malathion",2014,2,2,"Clinch County","GA"
13,65,"Glyphosate",2014,339.7,339.7,"Clinch County","GA"
13,65,"Chlorpyrifos",2014,15.2,28.3,"Clinch County","GA"
13,65,"Paraquat",2014,32,32,"Clinch County","GA"
13,65,"2,4-D",2014,123.5,123.5,"Clinch County","GA"
13,67,"Chlorpyrifos",2014,0.9,0.9,"Cobb County","GA"
13,67,"Glyphosate",2014,6.6,11.9,"Cobb County","GA"
13,67,"2,4-D",2014,763.3,763.3,"Cobb County","GA"
13,67,"Paraquat",2014,8.8,8.8,"Cobb County","GA"
13,69,"Glyphosate",2014,48831.7,49173.3,"Coffee County","GA"
13,69,"Malathion",2014,120.3,120.3,"Coffee County","GA"
13,69,"Chlorpyrifos",2014,4774.1,5236.8,"Coffee County","GA"
13,69,"Paraquat",2014,5455.1,5521.4,"Coffee County","GA"
13,69,"2,4-D",2014,7885.8,8251.3,"Coffee County","GA"
13,7,"2,4-D",2014,429.1,1223.7,"Baker County","GA"
13,7,"Glyphosate",2014,19599.8,19726.6,"Baker County","GA"
13,7,"Paraquat",2014,1198.9,1917.4,"Baker County","GA"
13,7,"Malathion",2014,NA,16.1,"Baker County","GA"
13,7,"Chlorpyrifos",2014,5536.3,6044.8,"Baker County","GA"
13,71,"Malathion",2014,161.5,161.5,"Colquitt County","GA"
13,71,"Chlorpyrifos",2014,6202.7,6462.1,"Colquitt County","GA"
13,71,"Paraquat",2014,7166,7224.7,"Colquitt County","GA"
13,71,"Glyphosate",2014,66400.2,66833.8,"Colquitt County","GA"
13,71,"2,4-D",2014,9813.9,10105.7,"Colquitt County","GA"
13,73,"Chlorpyrifos",2014,9,9,"Columbia County","GA"
13,73,"Glyphosate",2014,198.7,199.1,"Columbia County","GA"
13,73,"Paraquat",2014,1.5,13.3,"Columbia County","GA"
13,73,"2,4-D",2014,594.4,595.5,"Columbia County","GA"
13,75,"Chlorpyrifos",2014,2552.2,2682.4,"Cook County","GA"
13,75,"Malathion",2014,63.1,63.1,"Cook County","GA"
13,75,"Glyphosate",2014,27154.7,27627.7,"Cook County","GA"
13,75,"2,4-D",2014,4038.8,4282.9,"Cook County","GA"
13,75,"Paraquat",2014,2971.7,3023.6,"Cook County","GA"
13,77,"Malathion",2014,NA,0.3,"Coweta County","GA"
13,77,"Chlorpyrifos",2014,15.9,27.2,"Coweta County","GA"
13,77,"Paraquat",2014,4.7,38.1,"Coweta County","GA"
13,77,"Glyphosate",2014,588.2,817.1,"Coweta County","GA"
13,77,"2,4-D",2014,2098.9,2151.1,"Coweta County","GA"
13,79,"Malathion",2014,NA,129,"Crawford County","GA"
13,79,"Paraquat",2014,1848,1929.2,"Crawford County","GA"
13,79,"2,4-D",2014,3574,3659.1,"Crawford County","GA"
13,79,"Glyphosate",2014,1218.8,1913.1,"Crawford County","GA"
13,79,"Chlorpyrifos",2014,1206.4,1318.2,"Crawford County","GA"
13,81,"2,4-D",2014,5307.2,5844.5,"Crisp County","GA"
13,81,"Glyphosate",2014,40724.7,41420.6,"Crisp County","GA"
13,81,"Paraquat",2014,5014.4,5094.7,"Crisp County","GA"
13,81,"Chlorpyrifos",2014,3543.2,4066.4,"Crisp County","GA"
13,81,"Malathion",2014,133.2,133.2,"Crisp County","GA"
13,83,"Glyphosate",2014,15.5,26.4,"Dade County","GA"
13,83,"Paraquat",2014,0,24,"Dade County","GA"
13,83,"2,4-D",2014,909.9,913.5,"Dade County","GA"
13,83,"Chlorpyrifos",2014,0,2.6,"Dade County","GA"
13,85,"Glyphosate",2014,141.9,153.9,"Dawson County","GA"
13,85,"Paraquat",2014,0,4.5,"Dawson County","GA"
13,85,"Chlorpyrifos",2014,0,23.4,"Dawson County","GA"
13,85,"2,4-D",2014,1698.2,1735.8,"Dawson County","GA"
13,87,"Glyphosate",2014,35542.7,40018.3,"Decatur County","GA"
13,87,"2,4-D",2014,859.7,2038.4,"Decatur County","GA"
13,87,"Chlorpyrifos",2014,8797.5,9570.1,"Decatur County","GA"
13,87,"Malathion",2014,NA,157.5,"Decatur County","GA"
13,87,"Paraquat",2014,2883.8,3970.6,"Decatur County","GA"
13,89,"Glyphosate",2014,0.2,0.5,"DeKalb County","GA"
13,89,"2,4-D",2014,40.7,40.7,"DeKalb County","GA"
13,9,"Paraquat",2014,22.9,24.9,"Baldwin County","GA"
13,9,"Glyphosate",2014,41.6,74.1,"Baldwin County","GA"
13,9,"Malathion",2014,NA,2.9,"Baldwin County","GA"
13,9,"Chlorpyrifos",2014,3.3,3.3,"Baldwin County","GA"
13,9,"2,4-D",2014,517.8,517.8,"Baldwin County","GA"
13,91,"Glyphosate",2014,7862.3,8451.1,"Dodge County","GA"
13,91,"Paraquat",2014,1715.4,2091.6,"Dodge County","GA"
13,91,"Chlorpyrifos",2014,40.5,671.4,"Dodge County","GA"
13,91,"2,4-D",2014,2255.6,2772.9,"Dodge County","GA"
13,91,"Malathion",2014,NA,6.9,"Dodge County","GA"
13,93,"Glyphosate",2014,73398.5,75035,"Dooly County","GA"
13,93,"Paraquat",2014,8088.2,8399.3,"Dooly County","GA"
13,93,"Chlorpyrifos",2014,6263.8,6981.3,"Dooly County","GA"
13,93,"Malathion",2014,155.5,155.5,"Dooly County","GA"
13,93,"2,4-D",2014,8537.6,10161,"Dooly County","GA"
13,95,"Glyphosate",2014,1923.2,1957,"Dougherty County","GA"
13,95,"Paraquat",2014,315.4,541.3,"Dougherty County","GA"
13,95,"Chlorpyrifos",2014,1196.8,1369.4,"Dougherty County","GA"
13,95,"Malathion",2014,NA,27.5,"Dougherty County","GA"
13,95,"2,4-D",2014,65.4,249.5,"Dougherty County","GA"
13,97,"Glyphosate",2014,620.2,628.6,"Douglas County","GA"
13,97,"2,4-D",2014,258.8,307.2,"Douglas County","GA"
13,97,"Malathion",2014,NA,0,"Douglas County","GA"
13,97,"Chlorpyrifos",2014,11.1,26.7,"Douglas County","GA"
13,97,"Paraquat",2014,2.2,15.7,"Douglas County","GA"
13,99,"Glyphosate",2014,37040.2,37202.3,"Early County","GA"
13,99,"Chlorpyrifos",2014,8392.7,9005,"Early County","GA"
13,99,"Paraquat",2014,2829.9,3872.3,"Early County","GA"
13,99,"Malathion",2014,NA,145.2,"Early County","GA"
13,99,"2,4-D",2014,888.6,2494.4,"Early County","GA"
16,1,"Glyphosate",2014,13575.4,13831.8,"Ada County","ID"
16,1,"Malathion",2014,0.6,29.1,"Ada County","ID"
16,1,"Chlorpyrifos",2014,398.1,406.1,"Ada County","ID"
16,1,"2,4-D",2014,628.7,904.3,"Ada County","ID"
16,1,"Paraquat",2014,6.8,219.7,"Ada County","ID"
16,11,"Glyphosate",2014,42994.7,43055.5,"Bingham County","ID"
16,11,"Chlorpyrifos",2014,5238.6,5428.6,"Bingham County","ID"
16,11,"Malathion",2014,617.1,617.1,"Bingham County","ID"
16,11,"Paraquat",2014,57.2,11487.5,"Bingham County","ID"
16,11,"2,4-D",2014,9344.9,9345.4,"Bingham County","ID"
16,13,"Chlorpyrifos",2014,1141.6,1141.3,"Blaine County","ID"
16,13,"Malathion",2014,NA,19,"Blaine County","ID"
16,13,"Glyphosate",2014,2817.5,3376.2,"Blaine County","ID"
16,13,"Paraquat",2014,0.2,220.1,"Blaine County","ID"
16,13,"2,4-D",2014,820.6,852.5,"Blaine County","ID"
16,15,"Glyphosate",2014,50.8,78,"Boise County","ID"
16,15,"Paraquat",2014,0,10.7,"Boise County","ID"
16,15,"Chlorpyrifos",2014,14.2,14.2,"Boise County","ID"
16,15,"2,4-D",2014,6.8,12.2,"Boise County","ID"
16,17,"Glyphosate",2014,569.1,590,"Bonner County","ID"
16,17,"Malathion",2014,0.7,58.6,"Bonner County","ID"
16,17,"Paraquat",2014,311.8,317,"Bonner County","ID"
16,17,"Chlorpyrifos",2014,20,42.2,"Bonner County","ID"
16,17,"2,4-D",2014,12.4,37.6,"Bonner County","ID"
16,19,"Glyphosate",2014,10233.7,10246.9,"Bonneville County","ID"
16,19,"Paraquat",2014,19.4,7200.4,"Bonneville County","ID"
16,19,"Chlorpyrifos",2014,520.4,543.1,"Bonneville County","ID"
16,19,"Malathion",2014,470.1,470.1,"Bonneville County","ID"
16,19,"2,4-D",2014,7672,7672.2,"Bonneville County","ID"
16,21,"Glyphosate",2014,2380.9,2391.4,"Boundary County","ID"
16,21,"Paraquat",2014,1534.3,1547.4,"Boundary County","ID"
16,21,"Chlorpyrifos",2014,3.7,143.6,"Boundary County","ID"
16,21,"Malathion",2014,0.5,315.6,"Boundary County","ID"
16,21,"2,4-D",2014,338,415.9,"Boundary County","ID"
16,23,"Paraquat",2014,0.6,6216.2,"Butte County","ID"
16,23,"Glyphosate",2014,3973.7,3973.7,"Butte County","ID"
16,23,"Chlorpyrifos",2014,438.6,441.2,"Butte County","ID"
16,23,"2,4-D",2014,1110.7,1110.7,"Butte County","ID"
16,23,"Malathion",2014,88.6,88.6,"Butte County","ID"
16,25,"Glyphosate",2014,4209.2,4837.7,"Camas County","ID"
16,25,"Chlorpyrifos",2014,2439,2439,"Camas County","ID"
16,25,"Paraquat",2014,0,516.2,"Camas County","ID"
16,25,"Malathion",2014,NA,32.5,"Camas County","ID"
16,25,"2,4-D",2014,836.3,903.9,"Camas County","ID"
16,27,"Glyphosate",2014,51658.3,53134.5,"Canyon County","ID"
16,27,"Paraquat",2014,404.8,794.3,"Canyon County","ID"
16,27,"Chlorpyrifos",2014,1770.1,1817.8,"Canyon County","ID"
16,27,"Malathion",2014,14.6,292.5,"Canyon County","ID"
16,27,"2,4-D",2014,3113.8,4023.6,"Canyon County","ID"
16,29,"Paraquat",2014,4.2,4277.2,"Caribou County","ID"
16,29,"Glyphosate",2014,7968.2,7968.2,"Caribou County","ID"
16,29,"Chlorpyrifos",2014,294.4,339.5,"Caribou County","ID"
16,29,"Malathion",2014,203.1,203.1,"Caribou County","ID"
16,29,"2,4-D",2014,6917.9,6917.9,"Caribou County","ID"
16,3,"Glyphosate",2014,305.9,369.9,"Adams County","ID"
16,3,"Malathion",2014,0.3,5.6,"Adams County","ID"
16,3,"Chlorpyrifos",2014,70.4,70.5,"Adams County","ID"
16,3,"2,4-D",2014,38.1,71.5,"Adams County","ID"
16,3,"Paraquat",2014,0.2,50.4,"Adams County","ID"
16,31,"Paraquat",2014,2.5,525.5,"Cassia County","ID"
16,31,"2,4-D",2014,7137.5,8113.7,"Cassia County","ID"
16,31,"Chlorpyrifos",2014,6154.3,6255.2,"Cassia County","ID"
16,31,"Glyphosate",2014,45107.3,48192.3,"Cassia County","ID"
16,31,"Malathion",2014,0.6,208,"Cassia County","ID"
16,33,"Chlorpyrifos",2014,248.4,255.4,"Clark County","ID"
16,33,"Paraquat",2014,1.7,3527,"Clark County","ID"
16,33,"Glyphosate",2014,2445.4,2445.4,"Clark County","ID"
16,33,"2,4-D",2014,880,880,"Clark County","ID"
16,33,"Malathion",2014,47.2,47.2,"Clark County","ID"
16,35,"Chlorpyrifos",2014,NA,28.2,"Clearwater County","ID"
16,35,"Paraquat",2014,195,210.8,"Clearwater County","ID"
16,35,"2,4-D",2014,190.9,239.4,"Clearwater County","ID"
16,35,"Malathion",2014,NA,83,"Clearwater County","ID"
16,35,"Glyphosate",2014,2217.6,2246.2,"Clearwater County","ID"
16,37,"Chlorpyrifos",2014,217.1,216.9,"Custer County","ID"
16,37,"Paraquat",2014,1.2,3064.8,"Custer County","ID"
16,37,"2,4-D",2014,367.2,367.4,"Custer County","ID"
16,37,"Glyphosate",2014,1841.9,1841.9,"Custer County","ID"
16,37,"Malathion",2014,32.3,32.3,"Custer County","ID"
16,39,"Chlorpyrifos",2014,760.3,781.7,"Elmore County","ID"
16,39,"Paraquat",2014,10.5,408.3,"Elmore County","ID"
16,39,"2,4-D",2014,1544.9,2272.7,"Elmore County","ID"
16,39,"Glyphosate",2014,20766.4,22701.6,"Elmore County","ID"
16,39,"Malathion",2014,4.7,65.3,"Elmore County","ID"
16,41,"Paraquat",2014,10.8,6439.1,"Franklin County","ID"
16,41,"Chlorpyrifos",2014,467.9,489,"Franklin County","ID"
16,41,"Malathion",2014,32,32,"Franklin County","ID"
16,41,"Glyphosate",2014,6483.3,6540.6,"Franklin County","ID"
16,41,"2,4-D",2014,1372.8,1373.7,"Franklin County","ID"
16,43,"Paraquat",2014,23.9,4452.1,"Fremont County","ID"
16,43,"Chlorpyrifos",2014,342.7,352.2,"Fremont County","ID"
16,43,"2,4-D",2014,5371.5,5374.4,"Fremont County","ID"
16,43,"Glyphosate",2014,6240.6,6240.6,"Fremont County","ID"
16,43,"Malathion",2014,365.6,365.6,"Fremont County","ID"
16,45,"Paraquat",2014,32.3,153.7,"Gem County","ID"
16,45,"Chlorpyrifos",2014,233,238.4,"Gem County","ID"
16,45,"2,4-D",2014,497.4,619.6,"Gem County","ID"
16,45,"Glyphosate",2014,5271.2,5667.6,"Gem County","ID"
16,45,"Malathion",2014,3.2,4.8,"Gem County","ID"
16,47,"Paraquat",2014,1.9,286,"Gooding County","ID"
16,47,"2,4-D",2014,631.2,1525.5,"Gooding County","ID"
16,47,"Chlorpyrifos",2014,1520.9,1525.9,"Gooding County","ID"
16,47,"Glyphosate",2014,22252,22506.8,"Gooding County","ID"
16,47,"Malathion",2014,0.2,22.5,"Gooding County","ID"
16,49,"Paraquat",2014,2883.7,3096.7,"Idaho County","ID"
16,49,"Chlorpyrifos",2014,50.6,380.8,"Idaho County","ID"
16,49,"2,4-D",2014,1959.4,2769.6,"Idaho County","ID"
16,49,"Glyphosate",2014,24262.7,24583.2,"Idaho County","ID"
16,49,"Malathion",2014,16.5,803.6,"Idaho County","ID"
16,5,"Glyphosate",2014,3936,3936,"Bannock County","ID"
16,5,"Malathion",2014,112.7,112.7,"Bannock County","ID"
16,5,"Chlorpyrifos",2014,249.9,289.8,"Bannock County","ID"
16,5,"2,4-D",2014,2847.1,2847.6,"Bannock County","ID"
16,5,"Paraquat",2014,11,3385,"Bannock County","ID"
16,51,"Paraquat",2014,24.4,14149.6,"Jefferson County","ID"
16,51,"2,4-D",2014,5224.8,5228.6,"Jefferson County","ID"
16,51,"Glyphosate",2014,13926.3,13926.3,"Jefferson County","ID"
16,51,"Chlorpyrifos",2014,1034,1042.8,"Jefferson County","ID"
16,51,"Malathion",2014,362.9,362.9,"Jefferson County","ID"
16,53,"Paraquat",2014,0.8,390.9,"Jerome County","ID"
16,53,"2,4-D",2014,2005.8,2383.1,"Jerome County","ID"
16,53,"Glyphosate",2014,27806.7,29111.8,"Jerome County","ID"
16,53,"Chlorpyrifos",2014,3603,3620.5,"Jerome County","ID"
16,53,"Malathion",2014,NA,46.8,"Jerome County","ID"
16,55,"Paraquat",2014,1516.1,1550.4,"Kootenai County","ID"
16,55,"2,4-D",2014,276.2,364.8,"Kootenai County","ID"
16,55,"Glyphosate",2014,4411.9,4436.8,"Kootenai County","ID"
16,55,"Chlorpyrifos",2014,15.9,148.2,"Kootenai County","ID"
16,55,"Malathion",2014,0.9,352,"Kootenai County","ID"
16,57,"2,4-D",2014,2098.7,2236.7,"Latah County","ID"
16,57,"Paraquat",2014,688.1,911.9,"Latah County","ID"
16,57,"Chlorpyrifos",2014,9.5,191.8,"Latah County","ID"
16,57,"Glyphosate",2014,21754.6,21802.2,"Latah County","ID"
16,57,"Malathion",2014,2.1,571.5,"Latah County","ID"
16,59,"Glyphosate",2014,2763.2,2763.6,"Lemhi County","ID"
16,59,"2,4-D",2014,419.3,420.3,"Lemhi County","ID"
16,59,"Paraquat",2014,3.9,4951.7,"Lemhi County","ID"
16,59,"Chlorpyrifos",2014,359.1,358.4,"Lemhi County","ID"
16,59,"Malathion",2014,12.9,12.9,"Lemhi County","ID"
16,61,"2,4-D",2014,1717.6,1959.4,"Lewis County","ID"
16,61,"Paraquat",2014,1228.5,1336.5,"Lewis County","ID"
16,61,"Chlorpyrifos",2014,3.2,232.5,"Lewis County","ID"
16,61,"Glyphosate",2014,12845.1,12884,"Lewis County","ID"
16,61,"Malathion",2014,0.2,404.4,"Lewis County","ID"
16,63,"Chlorpyrifos",2014,1532.6,1537.2,"Lincoln County","ID"
16,63,"2,4-D",2014,660.7,898.5,"Lincoln County","ID"
16,63,"Malathion",2014,NA,49.6,"Lincoln County","ID"
16,63,"Paraquat",2014,NA,233.5,"Lincoln County","ID"
16,63,"Glyphosate",2014,9631.5,9973.5,"Lincoln County","ID"
16,65,"2,4-D",2014,4762.5,4765,"Madison County","ID"
16,65,"Chlorpyrifos",2014,243.8,247.3,"Madison County","ID"
16,65,"Glyphosate",2014,4956.5,4956.5,"Madison County","ID"
16,65,"Paraquat",2014,17.6,3350.2,"Madison County","ID"
16,65,"Malathion",2014,574.2,574.2,"Madison County","ID"
16,67,"2,4-D",2014,4180.6,4377.2,"Minidoka County","ID"
16,67,"Chlorpyrifos",2014,6548.3,6579.8,"Minidoka County","ID"
16,67,"Glyphosate",2014,47741.1,50615.5,"Minidoka County","ID"
16,67,"Paraquat",2014,NA,377,"Minidoka County","ID"
16,67,"Malathion",2014,NA,178.5,"Minidoka County","ID"
16,69,"2,4-D",2014,1975.3,2275.1,"Nez Perce County","ID"
16,69,"Chlorpyrifos",2014,7.4,232.8,"Nez Perce County","ID"
16,69,"Glyphosate",2014,19955.2,20064.5,"Nez Perce County","ID"
16,69,"Paraquat",2014,1042.6,1253.9,"Nez Perce County","ID"
16,69,"Malathion",2014,0.2,380.4,"Nez Perce County","ID"
16,7,"Malathion",2014,83.6,83.6,"Bear Lake County","ID"
16,7,"Glyphosate",2014,3500.9,3500.9,"Bear Lake County","ID"
16,7,"2,4-D",2014,1107.1,1107.1,"Bear Lake County","ID"
16,7,"Paraquat",2014,0.5,5789.9,"Bear Lake County","ID"
16,7,"Chlorpyrifos",2014,407.9,411.1,"Bear Lake County","ID"
16,71,"2,4-D",2014,3086.3,3088.3,"Oneida County","ID"
16,71,"Glyphosate",2014,7570.2,7570.2,"Oneida County","ID"
16,71,"Malathion",2014,121.6,121.6,"Oneida County","ID"
16,71,"Paraquat",2014,6.1,7604.7,"Oneida County","ID"
16,71,"Chlorpyrifos",2014,534,571.9,"Oneida County","ID"
16,73,"2,4-D",2014,1558.7,2284.3,"Owyhee County","ID"
16,73,"Glyphosate",2014,31284.4,32206.4,"Owyhee County","ID"
16,73,"Chlorpyrifos",2014,892.3,913.6,"Owyhee County","ID"
16,73,"Malathion",2014,0.4,37.5,"Owyhee County","ID"
16,73,"Paraquat",2014,1.2,544.3,"Owyhee County","ID"
16,75,"2,4-D",2014,623.3,881.3,"Payette County","ID"
16,75,"Glyphosate",2014,13967.7,14320.5,"Payette County","ID"
16,75,"Malathion",2014,4.6,48.9,"Payette County","ID"
16,75,"Chlorpyrifos",2014,578.5,586.5,"Payette County","ID"
16,75,"Paraquat",2014,172.5,330,"Payette County","ID"
16,77,"2,4-D",2014,6937.8,6937.8,"Power County","ID"
16,77,"Glyphosate",2014,28328.7,28328.7,"Power County","ID"
16,77,"Chlorpyrifos",2014,3164.5,3297.3,"Power County","ID"
16,77,"Malathion",2014,296.4,296.4,"Power County","ID"
16,77,"Paraquat",2014,9.5,1704.5,"Power County","ID"
16,79,"Glyphosate",2014,9.7,10.3,"Shoshone County","ID"
16,79,"2,4-D",2014,0.1,0.9,"Shoshone County","ID"
16,79,"Malathion",2014,NA,7.4,"Shoshone County","ID"
16,79,"Chlorpyrifos",2014,NA,3.1,"Shoshone County","ID"
16,79,"Paraquat",2014,39.7,39.7,"Shoshone County","ID"
16,81,"Chlorpyrifos",2014,235.9,241,"Teton County","ID"
16,81,"Malathion",2014,57.9,57.9,"Teton County","ID"
16,81,"2,4-D",2014,2290.1,2290.1,"Teton County","ID"
16,81,"Glyphosate",2014,3514.1,3520.3,"Teton County","ID"
16,81,"Paraquat",2014,3.3,3336.5,"Teton County","ID"
16,83,"2,4-D",2014,3636.1,4525.5,"Twin Falls County","ID"
16,83,"Chlorpyrifos",2014,4208.6,4245.4,"Twin Falls County","ID"
16,83,"Glyphosate",2014,31341.1,33339.1,"Twin Falls County","ID"
16,83,"Malathion",2014,0.7,53.1,"Twin Falls County","ID"
16,83,"Paraquat",2014,3.4,781.2,"Twin Falls County","ID"
16,85,"2,4-D",2014,103.3,123.1,"Valley County","ID"
16,85,"Chlorpyrifos",2014,24.2,25.8,"Valley County","ID"
16,85,"Glyphosate",2014,86.3,200.7,"Valley County","ID"
16,85,"Paraquat",2014,0.2,20,"Valley County","ID"
16,87,"Glyphosate",2014,6648.4,7349.4,"Washington County","ID"
16,87,"2,4-D",2014,877.6,1136.1,"Washington County","ID"
16,87,"Malathion",2014,3.4,75.3,"Washington County","ID"
16,87,"Chlorpyrifos",2014,686.3,697,"Washington County","ID"
16,87,"Paraquat",2014,31,400.1,"Washington County","ID"
16,9,"Glyphosate",2014,8109.4,8122.8,"Benewah County","ID"
16,9,"Malathion",2014,0.1,117.5,"Benewah County","ID"
16,9,"Chlorpyrifos",2014,4.5,63.7,"Benewah County","ID"
16,9,"Paraquat",2014,50.4,132,"Benewah County","ID"
16,9,"2,4-D",2014,652.6,833.3,"Benewah County","ID"
17,1,"2,4-D",2014,8185.9,9273.3,"Adams County","IL"
17,1,"Chlorpyrifos",2014,1164.2,1708,"Adams County","IL"
17,1,"Glyphosate",2014,113231.8,113528.1,"Adams County","IL"
17,1,"Paraquat",2014,857.1,2082.2,"Adams County","IL"
17,101,"Glyphosate",2014,78662.4,78721.5,"Lawrence County","IL"
17,101,"Paraquat",2014,14,2824.8,"Lawrence County","IL"
17,101,"2,4-D",2014,8001.4,8069.5,"Lawrence County","IL"
17,101,"Chlorpyrifos",2014,1199.8,4216.8,"Lawrence County","IL"
17,103,"Glyphosate",2014,181563.5,181647.9,"Lee County","IL"
17,103,"2,4-D",2014,5223.8,5311.9,"Lee County","IL"
17,103,"Chlorpyrifos",2014,0.7,1673.6,"Lee County","IL"
17,103,"Paraquat",2014,20.1,1807.3,"Lee County","IL"
17,105,"Glyphosate",2014,273587.7,273732.6,"Livingston County","IL"
17,105,"Paraquat",2014,8.9,3430.8,"Livingston County","IL"
17,105,"2,4-D",2014,19596.1,20134,"Livingston County","IL"
17,105,"Chlorpyrifos",2014,2680.5,33409,"Livingston County","IL"
17,107,"Glyphosate",2014,181788.7,181796.8,"Logan County","IL"
17,107,"2,4-D",2014,30559.9,30571.8,"Logan County","IL"
17,107,"Paraquat",2014,30.6,2181.4,"Logan County","IL"
17,107,"Chlorpyrifos",2014,14.1,4532.8,"Logan County","IL"
17,109,"Glyphosate",2014,103361.7,103486.8,"McDonough County","IL"
17,109,"Paraquat",2014,786.8,1712.3,"McDonough County","IL"
17,109,"2,4-D",2014,7522.5,7927.4,"McDonough County","IL"
17,109,"Chlorpyrifos",2014,1069.2,1476.7,"McDonough County","IL"
17,11,"Paraquat",2014,4.6,1965,"Bureau County","IL"
17,11,"2,4-D",2014,6016.6,6032.7,"Bureau County","IL"
17,11,"Chlorpyrifos",2014,3.2,1802.4,"Bureau County","IL"
17,11,"Glyphosate",2014,207776,207891.4,"Bureau County","IL"
17,111,"Glyphosate",2014,64490.4,64987.7,"McHenry County","IL"
17,111,"Paraquat",2014,25.7,1169.1,"McHenry County","IL"
17,111,"Chlorpyrifos",2014,76.4,7205,"McHenry County","IL"
17,111,"2,4-D",2014,2332.1,3007.5,"McHenry County","IL"
17,113,"Chlorpyrifos",2014,7.2,8852.3,"McLean County","IL"
17,113,"Paraquat",2014,54.1,4116.9,"McLean County","IL"
17,113,"2,4-D",2014,59442.6,59448.7,"McLean County","IL"
17,113,"Glyphosate",2014,334521.9,334531.1,"McLean County","IL"
17,115,"Paraquat",2014,15.2,1837.3,"Macon County","IL"
17,115,"Chlorpyrifos",2014,2.8,3874.8,"Macon County","IL"
17,115,"2,4-D",2014,25990.8,25994.6,"Macon County","IL"
17,115,"Glyphosate",2014,152608.5,152612.7,"Macon County","IL"
17,117,"Paraquat",2014,1272.5,2472.6,"Macoupin County","IL"
17,117,"Chlorpyrifos",2014,15.6,4048.2,"Macoupin County","IL"
17,117,"Glyphosate",2014,125692.5,126665,"Macoupin County","IL"
17,117,"2,4-D",2014,9202,9304.5,"Macoupin County","IL"
17,119,"Chlorpyrifos",2014,30.3,2760.1,"Madison County","IL"
17,119,"2,4-D",2014,6052.8,6348.3,"Madison County","IL"
17,119,"Glyphosate",2014,87740.5,89892.6,"Madison County","IL"
17,119,"Paraquat",2014,996.1,2038.5,"Madison County","IL"
17,121,"Chlorpyrifos",2014,1187.5,4757,"Marion County","IL"
17,121,"2,4-D",2014,8677,9004.8,"Marion County","IL"
17,121,"Paraquat",2014,13.6,3053.5,"Marion County","IL"
17,121,"Glyphosate",2014,86437.6,86790.9,"Marion County","IL"
17,123,"Chlorpyrifos",2014,7.6,2598.2,"Marshall County","IL"
17,123,"2,4-D",2014,17435,17437.4,"Marshall County","IL"
17,123,"Glyphosate",2014,96678,96696.8,"Marshall County","IL"
17,123,"Paraquat",2014,20.7,1195.2,"Marshall County","IL"
17,125,"2,4-D",2014,19012.3,19097,"Mason County","IL"
17,125,"Chlorpyrifos",2014,13.1,2819,"Mason County","IL"
17,125,"Glyphosate",2014,115042.9,115046.4,"Mason County","IL"
17,125,"Paraquat",2014,58.1,1409,"Mason County","IL"
17,127,"2,4-D",2014,3660.9,3661.4,"Massac County","IL"
17,127,"Chlorpyrifos",2014,2.2,1783.2,"Massac County","IL"
17,127,"Glyphosate",2014,17788.3,18552.8,"Massac County","IL"
17,127,"Paraquat",2014,268.3,385.9,"Massac County","IL"
17,129,"Chlorpyrifos",2014,6.2,2002.5,"Menard County","IL"
17,129,"2,4-D",2014,13312.2,13313.5,"Menard County","IL"
17,129,"Paraquat",2014,33.5,945.3,"Menard County","IL"
17,129,"Glyphosate",2014,76235.4,76241.8,"Menard County","IL"
17,13,"Paraquat",2014,214.4,350.7,"Calhoun County","IL"
17,13,"Chlorpyrifos",2014,11.1,522.5,"Calhoun County","IL"
17,13,"2,4-D",2014,1230,1244.9,"Calhoun County","IL"
17,13,"Glyphosate",2014,14105.4,14373.2,"Calhoun County","IL"
17,131,"Chlorpyrifos",2014,0.4,1016.7,"Mercer County","IL"
17,131,"Glyphosate",2014,124489,124694.8,"Mercer County","IL"
17,131,"Paraquat",2014,0.2,1093.5,"Mercer County","IL"
17,131,"2,4-D",2014,3711.1,3706.8,"Mercer County","IL"
17,133,"Paraquat",2014,9435,9865.9,"Monroe County","IL"
17,133,"Chlorpyrifos",2014,4.8,2325.7,"Monroe County","IL"
17,133,"2,4-D",2014,12122.1,13188.6,"Monroe County","IL"
17,133,"Glyphosate",2014,89993.3,90197.4,"Monroe County","IL"
17,135,"Paraquat",2014,1236.7,2313.7,"Montgomery County","IL"
17,135,"Chlorpyrifos",2014,12.5,3640.4,"Montgomery County","IL"
17,135,"Glyphosate",2014,116648.4,117588.8,"Montgomery County","IL"
17,135,"2,4-D",2014,8135,8252.6,"Montgomery County","IL"
17,137,"Glyphosate",2014,90923.2,91309.3,"Morgan County","IL"
17,137,"Chlorpyrifos",2014,10.6,2923.9,"Morgan County","IL"
17,137,"2,4-D",2014,6630.6,6659.8,"Morgan County","IL"
17,137,"Paraquat",2014,917.9,1718.2,"Morgan County","IL"
17,139,"Glyphosate",2014,81018.2,81116.8,"Moultrie County","IL"
17,139,"Chlorpyrifos",2014,1375.8,4304.3,"Moultrie County","IL"
17,139,"Paraquat",2014,4.5,2813.2,"Moultrie County","IL"
17,139,"2,4-D",2014,8365.7,8442.6,"Moultrie County","IL"
17,141,"Glyphosate",2014,165458.4,165626,"Ogle County","IL"
17,141,"Chlorpyrifos",2014,5.6,1528.5,"Ogle County","IL"
17,141,"2,4-D",2014,4875.3,5014.5,"Ogle County","IL"
17,141,"Paraquat",2014,31.7,1642.5,"Ogle County","IL"
17,143,"Glyphosate",2014,106113.1,106130.5,"Peoria County","IL"
17,143,"Chlorpyrifos",2014,17.9,2864.5,"Peoria County","IL"
17,143,"2,4-D",2014,19237.7,19282.9,"Peoria County","IL"
17,143,"Paraquat",2014,50.4,1337.6,"Peoria County","IL"
17,145,"Glyphosate",2014,96524.3,96871,"Perry County","IL"
17,145,"Paraquat",2014,10158.4,10567.2,"Perry County","IL"
17,145,"Chlorpyrifos",2014,5.2,2622.6,"Perry County","IL"
17,145,"2,4-D",2014,13320,14394.3,"Perry County","IL"
17,147,"Glyphosate",2014,120980.9,120996.6,"Piatt County","IL"
17,147,"Chlorpyrifos",2014,1187,14729.6,"Piatt County","IL"
17,147,"Paraquat",2014,3.7,1499.3,"Piatt County","IL"
17,147,"2,4-D",2014,8662.8,8801.4,"Piatt County","IL"
17,149,"Glyphosate",2014,97204.7,98053.5,"Pike County","IL"
17,149,"Chlorpyrifos",2014,31.9,3310.4,"Pike County","IL"
17,149,"2,4-D",2014,7631.2,7696.6,"Pike County","IL"
17,149,"Paraquat",2014,929.2,1907.2,"Pike County","IL"
17,15,"Chlorpyrifos",2014,8.1,887.2,"Carroll County","IL"
17,15,"Paraquat",2014,4.8,923.7,"Carroll County","IL"
17,15,"2,4-D",2014,2727,2737.1,"Carroll County","IL"
17,15,"Glyphosate",2014,90823.6,90962.6,"Carroll County","IL"
17,151,"Glyphosate",2014,6232.4,6413.3,"Pope County","IL"
17,151,"2,4-D",2014,1217.6,1217.8,"Pope County","IL"
17,151,"Paraquat",2014,89.5,126.6,"Pope County","IL"
17,151,"Chlorpyrifos",2014,1.1,668.3,"Pope County","IL"
17,153,"Glyphosate",2014,38869.9,38982.5,"Pulaski County","IL"
17,153,"Paraquat",2014,4186,4270.8,"Pulaski County","IL"
17,153,"2,4-D",2014,5542.4,5786.7,"Pulaski County","IL"
17,153,"Chlorpyrifos",2014,NA,893.6,"Pulaski County","IL"
17,155,"2,4-D",2014,883.4,930.7,"Putnam County","IL"
17,155,"Glyphosate",2014,30175.9,30195,"Putnam County","IL"
17,155,"Paraquat",2014,11.5,289.4,"Putnam County","IL"
17,155,"Chlorpyrifos",2014,2.6,262.7,"Putnam County","IL"
17,157,"2,4-D",2014,17138.4,18441.8,"Randolph County","IL"
17,157,"Glyphosate",2014,124133.5,124464.1,"Randolph County","IL"
17,157,"Chlorpyrifos",2014,0.7,3182.1,"Randolph County","IL"
17,157,"Paraquat",2014,13107.8,13604.8,"Randolph County","IL"
17,159,"2,4-D",2014,8291,8368.1,"Richland County","IL"
17,159,"Glyphosate",2014,82504.5,82559.1,"Richland County","IL"
17,159,"Paraquat",2014,4.8,2884.8,"Richland County","IL"
17,159,"Chlorpyrifos",2014,1197.4,4475.9,"Richland County","IL"
17,161,"Paraquat",2014,1.8,487.9,"Rock Island County","IL"
17,161,"Chlorpyrifos",2014,1.8,466.7,"Rock Island County","IL"
17,161,"Glyphosate",2014,53615.6,53759,"Rock Island County","IL"
17,161,"2,4-D",2014,1629.4,1638.2,"Rock Island County","IL"
17,163,"2,4-D",2014,17582,18572.8,"St. Clair County","IL"
17,163,"Chlorpyrifos",2014,7.8,2885.3,"St. Clair County","IL"
17,163,"Glyphosate",2014,130091,130259,"St. Clair County","IL"
17,163,"Paraquat",2014,14062.2,14434.6,"St. Clair County","IL"
17,165,"2,4-D",2014,5441,5441,"Saline County","IL"
17,165,"Glyphosate",2014,28297.2,28874.1,"Saline County","IL"
17,165,"Paraquat",2014,423.2,510.2,"Saline County","IL"
17,165,"Chlorpyrifos",2014,NA,2906,"Saline County","IL"
17,167,"2,4-D",2014,9810.4,9829.4,"Sangamon County","IL"
17,167,"Paraquat",2014,1302.1,2519,"Sangamon County","IL"
17,167,"Chlorpyrifos",2014,2.6,4382,"Sangamon County","IL"
17,167,"Glyphosate",2014,134167.3,134527.5,"Sangamon County","IL"
17,169,"2,4-D",2014,3625.5,4005.6,"Schuyler County","IL"
17,169,"Chlorpyrifos",2014,507.5,751.7,"Schuyler County","IL"
17,169,"Paraquat",2014,373.4,846.7,"Schuyler County","IL"
17,169,"Glyphosate",2014,49765.1,49862.3,"Schuyler County","IL"
17,17,"Chlorpyrifos",2014,7.1,1804.8,"Cass County","IL"
17,17,"2,4-D",2014,4150.8,4167.2,"Cass County","IL"
17,17,"Paraquat",2014,482.8,1025.6,"Cass County","IL"
17,17,"Glyphosate",2014,53480.2,53723.5,"Cass County","IL"
17,171,"2,4-D",2014,2639.7,2658.4,"Scott County","IL"
17,171,"Chlorpyrifos",2014,4.7,1131.9,"Scott County","IL"
17,171,"Paraquat",2014,340.2,666.7,"Scott County","IL"
17,171,"Glyphosate",2014,34547.8,34795.8,"Scott County","IL"
17,173,"2,4-D",2014,17432.4,17727.3,"Shelby County","IL"
17,173,"Paraquat",2014,10.8,5953.8,"Shelby County","IL"
17,173,"Chlorpyrifos",2014,2848,8931.3,"Shelby County","IL"
17,173,"Glyphosate",2014,168358.6,168544.5,"Shelby County","IL"
17,175,"Chlorpyrifos",2014,7,2203.3,"Stark County","IL"
17,175,"2,4-D",2014,14569,14603.9,"Stark County","IL"
17,175,"Paraquat",2014,7.9,1032.6,"Stark County","IL"
17,175,"Glyphosate",2014,86272.8,86272.9,"Stark County","IL"
17,177,"Paraquat",2014,3.8,1300.7,"Stephenson County","IL"
17,177,"2,4-D",2014,4007.8,4026.1,"Stephenson County","IL"
17,177,"Glyphosate",2014,131151.1,131456.2,"Stephenson County","IL"
17,177,"Chlorpyrifos",2014,10,1233.1,"Stephenson County","IL"
17,179,"Paraquat",2014,41.3,1750.7,"Tazewell County","IL"
17,179,"2,4-D",2014,24952,25098.6,"Tazewell County","IL"
17,179,"Chlorpyrifos",2014,2.9,3737.4,"Tazewell County","IL"
17,179,"Glyphosate",2014,141513.9,141528.3,"Tazewell County","IL"
17,181,"Paraquat",2014,3081.3,3131.6,"Union County","IL"
17,181,"2,4-D",2014,4138.6,4470.1,"Union County","IL"
17,181,"Glyphosate",2014,28599.4,28917.4,"Union County","IL"
17,181,"Chlorpyrifos",2014,1.3,1112.4,"Union County","IL"
17,183,"Paraquat",2014,0.3,2593.5,"Vermilion County","IL"
17,183,"2,4-D",2014,14860,15619.6,"Vermilion County","IL"
17,183,"Chlorpyrifos",2014,1980.4,25501.6,"Vermilion County","IL"
17,183,"Glyphosate",2014,206658.8,206783.3,"Vermilion County","IL"
17,185,"Paraquat",2014,429.1,572.9,"Wabash County","IL"
17,185,"2,4-D",2014,5845.6,5845.6,"Wabash County","IL"
17,185,"Glyphosate",2014,28044.9,29037.4,"Wabash County","IL"
17,185,"Chlorpyrifos",2014,NA,2460.7,"Wabash County","IL"
17,187,"Paraquat",2014,822,1791.1,"Warren County","IL"
17,187,"Chlorpyrifos",2014,1117.4,1494.4,"Warren County","IL"
17,187,"2,4-D",2014,7733.2,8095.6,"Warren County","IL"
17,187,"Glyphosate",2014,107843.3,107921.4,"Warren County","IL"
17,189,"Paraquat",2014,18600.2,19494.1,"Washington County","IL"
17,189,"2,4-D",2014,23702.5,25644.6,"Washington County","IL"
17,189,"Glyphosate",2014,177665.8,177954.9,"Washington County","IL"
17,189,"Chlorpyrifos",2014,9.9,5077.7,"Washington County","IL"
17,19,"2,4-D",2014,17995.3,18681.1,"Champaign County","IL"
17,19,"Paraquat",2014,6.8,3120.8,"Champaign County","IL"
17,19,"Glyphosate",2014,251151.6,251274.6,"Champaign County","IL"
17,19,"Chlorpyrifos",2014,2445.2,30710.9,"Champaign County","IL"
17,191,"Paraquat",2014,1212.6,1778.3,"Wayne County","IL"
17,191,"2,4-D",2014,17510.3,17515.1,"Wayne County","IL"
17,191,"Glyphosate",2014,80825.6,84751.2,"Wayne County","IL"
17,191,"Chlorpyrifos",2014,9.8,7636.4,"Wayne County","IL"
17,193,"Paraquat",2014,936.4,1351.4,"White County","IL"
17,193,"2,4-D",2014,13590.8,13592.5,"White County","IL"
17,193,"Glyphosate",2014,62598.1,65464.1,"White County","IL"
17,193,"Chlorpyrifos",2014,24,6237.3,"White County","IL"
17,195,"2,4-D",2014,4608.3,4865.4,"Whiteside County","IL"
17,195,"Paraquat",2014,58.5,1645.6,"Whiteside County","IL"
17,195,"Glyphosate",2014,157675.4,157799.5,"Whiteside County","IL"
17,195,"Chlorpyrifos",2014,2.8,1512.4,"Whiteside County","IL"
17,197,"2,4-D",2014,3154,3711.4,"Will County","IL"
17,197,"Glyphosate",2014,89463.4,89733.3,"Will County","IL"
17,197,"Paraquat",2014,1.1,1420.2,"Will County","IL"
17,197,"Chlorpyrifos",2014,5.2,12563.4,"Will County","IL"
17,199,"Glyphosate",2014,32004.4,32288.7,"Williamson County","IL"
17,199,"2,4-D",2014,4619,4981.6,"Williamson County","IL"
17,199,"Paraquat",2014,3507.9,3553.3,"Williamson County","IL"
17,199,"Chlorpyrifos",2014,3.5,719.3,"Williamson County","IL"
17,201,"2,4-D",2014,1975.8,1982.5,"Winnebago County","IL"
17,201,"Glyphosate",2014,64383.3,64539.3,"Winnebago County","IL"
17,201,"Paraquat",2014,7.9,657.2,"Winnebago County","IL"
17,201,"Chlorpyrifos",2014,19.7,595.6,"Winnebago County","IL"
17,203,"2,4-D",2014,23800.7,23801.9,"Woodford County","IL"
17,203,"Glyphosate",2014,132840.7,132844.7,"Woodford County","IL"
17,203,"Chlorpyrifos",2014,2.8,3616.3,"Woodford County","IL"
17,203,"Paraquat",2014,25,1637.1,"Woodford County","IL"
17,21,"Chlorpyrifos",2014,4,4221.5,"Christian County","IL"
17,21,"Glyphosate",2014,134867.2,135093.6,"Christian County","IL"
17,21,"2,4-D",2014,9410.1,9436.4,"Christian County","IL"
17,21,"Paraquat",2014,1382.7,2514.2,"Christian County","IL"
17,23,"Chlorpyrifos",2014,1447,5017.7,"Clark County","IL"
17,23,"Paraquat",2014,15,3190.9,"Clark County","IL"
17,23,"Glyphosate",2014,93742.5,93930.7,"Clark County","IL"
17,23,"2,4-D",2014,9534,9709.1,"Clark County","IL"
17,25,"Chlorpyrifos",2014,1308,5091.3,"Clay County","IL"
17,25,"Paraquat",2014,5.8,3367.2,"Clay County","IL"
17,25,"2,4-D",2014,9429.9,9659.6,"Clay County","IL"
17,25,"Glyphosate",2014,93260.1,93458.7,"Clay County","IL"
17,27,"Chlorpyrifos",2014,6.7,4424.4,"Clinton County","IL"
17,27,"Glyphosate",2014,131315.9,131583,"Clinton County","IL"
17,27,"Paraquat",2014,14120.1,14586.4,"Clinton County","IL"
17,27,"2,4-D",2014,17378.9,18407.9,"Clinton County","IL"
17,29,"Chlorpyrifos",2014,1862.3,6170.8,"Coles County","IL"
17,29,"Paraquat",2014,1.4,3893.4,"Coles County","IL"
17,29,"Glyphosate",2014,115641.4,115717.6,"Coles County","IL"
17,29,"2,4-D",2014,11734.5,11883,"Coles County","IL"
17,3,"Chlorpyrifos",2014,2.1,559.7,"Alexander County","IL"
17,3,"Glyphosate",2014,31662.8,31731.5,"Alexander County","IL"
17,3,"2,4-D",2014,4684.2,4832.4,"Alexander County","IL"
17,3,"Paraquat",2014,3401.7,3450.4,"Alexander County","IL"
17,31,"Paraquat",2014,2.8,51.8,"Cook County","IL"
17,31,"Glyphosate",2014,3026.9,3077.3,"Cook County","IL"
17,31,"Chlorpyrifos",2014,9.6,393.2,"Cook County","IL"
17,31,"2,4-D",2014,111.5,155.4,"Cook County","IL"
17,33,"Chlorpyrifos",2014,1371.5,4649.8,"Crawford County","IL"
17,33,"Glyphosate",2014,87110.8,87287.9,"Crawford County","IL"
17,33,"Paraquat",2014,13.2,3040.4,"Crawford County","IL"
17,33,"2,4-D",2014,8917.9,9005.1,"Crawford County","IL"
17,35,"Paraquat",2014,4.1,2366.2,"Cumberland County","IL"
17,35,"Chlorpyrifos",2014,1108.5,3825.4,"Cumberland County","IL"
17,35,"Glyphosate",2014,70684.7,70749.8,"Cumberland County","IL"
17,35,"2,4-D",2014,7108.5,7205.1,"Cumberland County","IL"
17,37,"Paraquat",2014,7.2,2608.9,"DeKalb County","IL"
17,37,"Glyphosate",2014,149062.2,149312.9,"DeKalb County","IL"
17,37,"Chlorpyrifos",2014,22.5,14723.4,"DeKalb County","IL"
17,37,"2,4-D",2014,5243.7,5638.7,"DeKalb County","IL"
17,39,"Paraquat",2014,3.5,1346.7,"De Witt County","IL"
17,39,"2,4-D",2014,19669.9,19673.1,"De Witt County","IL"
17,39,"Chlorpyrifos",2014,4.2,2936.7,"De Witt County","IL"
17,39,"Glyphosate",2014,110425.9,110427.4,"De Witt County","IL"
17,41,"Glyphosate",2014,108698.1,108878,"Douglas County","IL"
17,41,"Paraquat",2014,2,3719.6,"Douglas County","IL"
17,41,"2,4-D",2014,11147,11250.1,"Douglas County","IL"
17,41,"Chlorpyrifos",2014,1808.7,5856.1,"Douglas County","IL"
17,43,"Glyphosate",2014,1733.9,1736.8,"DuPage County","IL"
17,43,"2,4-D",2014,62.5,92.4,"DuPage County","IL"
17,43,"Chlorpyrifos",2014,0.8,229.8,"DuPage County","IL"
17,43,"Paraquat",2014,0.3,25.7,"DuPage County","IL"
17,45,"Glyphosate",2014,159979.4,160071.4,"Edgar County","IL"
17,45,"Chlorpyrifos",2014,2616.3,8492.2,"Edgar County","IL"
17,45,"Paraquat",2014,1,5431.4,"Edgar County","IL"
17,45,"2,4-D",2014,16318.3,16597.5,"Edgar County","IL"
17,47,"Glyphosate",2014,25789.5,27184.3,"Edwards County","IL"
17,47,"Chlorpyrifos",2014,7.2,2445.4,"Edwards County","IL"
17,47,"2,4-D",2014,5593.5,5594.3,"Edwards County","IL"
17,47,"Paraquat",2014,396.2,601.2,"Edwards County","IL"
17,49,"Glyphosate",2014,92837.2,93097.7,"Effingham County","IL"
17,49,"Chlorpyrifos",2014,1391.7,5093.4,"Effingham County","IL"
17,49,"2,4-D",2014,9343.7,9699.2,"Effingham County","IL"
17,49,"Paraquat",2014,5.5,3145.2,"Effingham County","IL"
17,5,"2,4-D",2014,3973.9,4196.3,"Bond County","IL"
17,5,"Glyphosate",2014,58919.4,60510.1,"Bond County","IL"
17,5,"Chlorpyrifos",2014,11.6,1806.2,"Bond County","IL"
17,5,"Paraquat",2014,675.1,1410.8,"Bond County","IL"
17,51,"Glyphosate",2014,129591.1,129887,"Fayette County","IL"
17,51,"Chlorpyrifos",2014,1857.8,7089.2,"Fayette County","IL"
17,51,"2,4-D",2014,12856.8,13361.8,"Fayette County","IL"
17,51,"Paraquat",2014,13.2,4271.2,"Fayette County","IL"
17,53,"Chlorpyrifos",2014,1291.8,15787.7,"Ford County","IL"
17,53,"Glyphosate",2014,131074.9,131147.4,"Ford County","IL"
17,53,"2,4-D",2014,9340.8,9654,"Ford County","IL"
17,53,"Paraquat",2014,0.3,1683.5,"Ford County","IL"
17,55,"Glyphosate",2014,34777.6,37302.4,"Franklin County","IL"
17,55,"Chlorpyrifos",2014,1.8,3727.8,"Franklin County","IL"
17,55,"2,4-D",2014,7723.8,7724.2,"Franklin County","IL"
17,55,"Paraquat",2014,511.5,879.7,"Franklin County","IL"
17,57,"Glyphosate",2014,97130.1,97368.8,"Fulton County","IL"
17,57,"2,4-D",2014,7342.7,8230.7,"Fulton County","IL"
17,57,"Paraquat",2014,686.6,1644.9,"Fulton County","IL"
17,57,"Chlorpyrifos",2014,932.9,1384.2,"Fulton County","IL"
17,59,"2,4-D",2014,9125.7,9126.9,"Gallatin County","IL"
17,59,"Glyphosate",2014,45202.5,46260.5,"Gallatin County","IL"
17,59,"Chlorpyrifos",2014,5.8,3972.9,"Gallatin County","IL"
17,59,"Paraquat",2014,697,852.4,"Gallatin County","IL"
17,61,"2,4-D",2014,5703.1,5762.5,"Greene County","IL"
17,61,"Glyphosate",2014,77769.5,78426.7,"Greene County","IL"
17,61,"Chlorpyrifos",2014,5.2,2482.4,"Greene County","IL"
17,61,"Paraquat",2014,808.5,1519.5,"Greene County","IL"
17,63,"Glyphosate",2014,87192.3,87295.7,"Grundy County","IL"
17,63,"Chlorpyrifos",2014,8.9,11024.6,"Grundy County","IL"
17,63,"2,4-D",2014,3058.6,3274,"Grundy County","IL"
17,63,"Paraquat",2014,3.2,1349.5,"Grundy County","IL"
17,65,"Glyphosate",2014,49449.7,52665.3,"Hamilton County","IL"
17,65,"2,4-D",2014,10981.2,10982.5,"Hamilton County","IL"
17,65,"Chlorpyrifos",2014,6,5076,"Hamilton County","IL"
17,65,"Paraquat",2014,739.4,1204.3,"Hamilton County","IL"
17,67,"2,4-D",2014,9587.8,10223.4,"Hancock County","IL"
17,67,"Glyphosate",2014,129898.1,130046.8,"Hancock County","IL"
17,67,"Chlorpyrifos",2014,1272,1759.5,"Hancock County","IL"
17,67,"Paraquat",2014,937.8,2166.1,"Hancock County","IL"
17,69,"2,4-D",2014,354.8,354.8,"Hardin County","IL"
17,69,"Glyphosate",2014,1553.1,1584.9,"Hardin County","IL"
17,69,"Chlorpyrifos",2014,NA,255,"Hardin County","IL"
17,69,"Paraquat",2014,25.5,37.6,"Hardin County","IL"
17,7,"2,4-D",2014,1769,2061.5,"Boone County","IL"
17,7,"Chlorpyrifos",2014,24.9,5139.3,"Boone County","IL"
17,7,"Glyphosate",2014,49727.5,49862.7,"Boone County","IL"
17,7,"Paraquat",2014,8.7,877.4,"Boone County","IL"
17,71,"Glyphosate",2014,60282.3,60368.4,"Henderson County","IL"
17,71,"2,4-D",2014,4061.1,4433.4,"Henderson County","IL"
17,71,"Chlorpyrifos",2014,715.6,972.6,"Henderson County","IL"
17,71,"Paraquat",2014,527.7,1035.3,"Henderson County","IL"
17,73,"Glyphosate",2014,203564.6,203745.6,"Henry County","IL"
17,73,"2,4-D",2014,5984.6,5988.4,"Henry County","IL"
17,73,"Chlorpyrifos",2014,0.4,1651.1,"Henry County","IL"
17,73,"Paraquat",2014,0.8,1821.2,"Henry County","IL"
17,75,"Glyphosate",2014,290066,290259.4,"Iroquois County","IL"
17,75,"Chlorpyrifos",2014,3007.5,33329.7,"Iroquois County","IL"
17,75,"2,4-D",2014,20274.2,20969.9,"Iroquois County","IL"
17,75,"Paraquat",2014,0.8,3640.2,"Iroquois County","IL"
17,77,"Glyphosate",2014,90091,90463.1,"Jackson County","IL"
17,77,"2,4-D",2014,12839.6,13752.7,"Jackson County","IL"
17,77,"Paraquat",2014,9701.8,9967.7,"Jackson County","IL"
17,77,"Chlorpyrifos",2014,26.4,2174.2,"Jackson County","IL"
17,79,"Glyphosate",2014,108336.1,108440.3,"Jasper County","IL"
17,79,"2,4-D",2014,10777.6,10952,"Jasper County","IL"
17,79,"Chlorpyrifos",2014,1574.1,5872.4,"Jasper County","IL"
17,79,"Paraquat",2014,4.2,3579.8,"Jasper County","IL"
17,81,"Glyphosate",2014,43395.2,45797,"Jefferson County","IL"
17,81,"2,4-D",2014,9268.4,9273.2,"Jefferson County","IL"
17,81,"Paraquat",2014,638.9,994.6,"Jefferson County","IL"
17,81,"Chlorpyrifos",2014,5.6,4786.3,"Jefferson County","IL"
17,83,"Glyphosate",2014,41067.1,41473.3,"Jersey County","IL"
17,83,"2,4-D",2014,3110.2,3147.1,"Jersey County","IL"
17,83,"Paraquat",2014,407.2,817.5,"Jersey County","IL"
17,83,"Chlorpyrifos",2014,4.6,1359.3,"Jersey County","IL"
17,85,"Glyphosate",2014,72303.5,72806.6,"Jo Daviess County","IL"
17,85,"2,4-D",2014,2535.9,2545.2,"Jo Daviess County","IL"
17,85,"Paraquat",2014,4.7,712,"Jo Daviess County","IL"
17,85,"Chlorpyrifos",2014,8.8,742.7,"Jo Daviess County","IL"
17,87,"Paraquat",2014,2069.7,2114.8,"Johnson County","IL"
17,87,"2,4-D",2014,2771.8,3159.1,"Johnson County","IL"
17,87,"Chlorpyrifos",2014,0.7,392.1,"Johnson County","IL"
17,87,"Glyphosate",2014,18815.9,19181.5,"Johnson County","IL"
17,89,"Glyphosate",2014,58511.7,58924.4,"Kane County","IL"
17,89,"Paraquat",2014,5.3,989.4,"Kane County","IL"
17,89,"Chlorpyrifos",2014,19.6,6618.4,"Kane County","IL"
17,89,"2,4-D",2014,2087.5,2524.4,"Kane County","IL"
17,9,"Chlorpyrifos",2014,290.6,481.7,"Brown County","IL"
17,9,"2,4-D",2014,2125.7,2501.9,"Brown County","IL"
17,9,"Paraquat",2014,213.8,496.9,"Brown County","IL"
17,9,"Glyphosate",2014,28672,28772.7,"Brown County","IL"
17,91,"Glyphosate",2014,146464.9,146651.1,"Kankakee County","IL"
17,91,"2,4-D",2014,9847.1,10513,"Kankakee County","IL"
17,91,"Paraquat",2014,5.1,1937.7,"Kankakee County","IL"
17,91,"Chlorpyrifos",2014,1672.9,15253.6,"Kankakee County","IL"
17,93,"Chlorpyrifos",2014,5.1,6432.9,"Kendall County","IL"
17,93,"2,4-D",2014,2134.3,2266.8,"Kendall County","IL"
17,93,"Paraquat",2014,1.4,1022.2,"Kendall County","IL"
17,93,"Glyphosate",2014,60525.7,60599.6,"Kendall County","IL"
17,95,"Chlorpyrifos",2014,1155,1836.5,"Knox County","IL"
17,95,"Glyphosate",2014,114742.6,114856.9,"Knox County","IL"
17,95,"2,4-D",2014,8364.1,8889.9,"Knox County","IL"
17,95,"Paraquat",2014,851.5,1892.7,"Knox County","IL"
17,97,"Chlorpyrifos",2014,12.2,1067.5,"Lake County","IL"
17,97,"2,4-D",2014,295.4,581,"Lake County","IL"
17,97,"Glyphosate",2014,7390.1,7488.2,"Lake County","IL"
17,97,"Paraquat",2014,4.2,140.9,"Lake County","IL"
17,99,"Glyphosate",2014,236587.9,236924.6,"LaSalle County","IL"
17,99,"Paraquat",2014,8.4,3767.7,"LaSalle County","IL"
17,99,"2,4-D",2014,8272.4,9584,"LaSalle County","IL"
17,99,"Chlorpyrifos",2014,24.1,29332.9,"LaSalle County","IL"
18,1,"Glyphosate",2014,60903.2,61391.1,"Adams County","IN"
18,1,"2,4-D",2014,9117.1,9112.2,"Adams County","IN"
18,1,"Chlorpyrifos",2014,75.6,534.3,"Adams County","IN"
18,1,"Paraquat",2014,289.2,484.4,"Adams County","IN"
18,101,"Glyphosate",2014,16431.1,16467.3,"Martin County","IN"
18,101,"Paraquat",2014,3.8,262.6,"Martin County","IN"
18,101,"2,4-D",2014,1486.2,1487.2,"Martin County","IN"
18,101,"Chlorpyrifos",2014,588.2,861,"Martin County","IN"
18,103,"2,4-D",2014,2591,2973.8,"Miami County","IN"
18,103,"Paraquat",2014,352.3,352.3,"Miami County","IN"
18,103,"Glyphosate",2014,90189.2,90638,"Miami County","IN"
18,103,"Chlorpyrifos",2014,12.5,5681.5,"Miami County","IN"
18,105,"2,4-D",2014,734,739.7,"Monroe County","IN"
18,105,"Glyphosate",2014,5237.7,5295.7,"Monroe County","IN"
18,105,"Paraquat",2014,120.9,151.4,"Monroe County","IN"
18,105,"Chlorpyrifos",2014,2.5,409.6,"Monroe County","IN"
18,107,"Glyphosate",2014,138852.7,139022.9,"Montgomery County","IN"
18,107,"Chlorpyrifos",2014,4.1,10010.5,"Montgomery County","IN"
18,107,"2,4-D",2014,19838.2,19988.3,"Montgomery County","IN"
18,107,"Paraquat",2014,3.9,1427.5,"Montgomery County","IN"
18,109,"Glyphosate",2014,41097.7,41188.5,"Morgan County","IN"
18,109,"2,4-D",2014,7334.8,7561.3,"Morgan County","IN"
18,109,"Chlorpyrifos",2014,59.9,1103.9,"Morgan County","IN"
18,109,"Paraquat",2014,21.6,822.6,"Morgan County","IN"
18,11,"Chlorpyrifos",2014,1.1,2257.4,"Boone County","IN"
18,11,"Glyphosate",2014,91153.8,91270.6,"Boone County","IN"
18,11,"Paraquat",2014,1.2,1805.5,"Boone County","IN"
18,11,"2,4-D",2014,16254.6,16560.7,"Boone County","IN"
18,111,"Glyphosate",2014,130116.3,130230.6,"Newton County","IN"
18,111,"Paraquat",2014,2.4,465.3,"Newton County","IN"
18,111,"Chlorpyrifos",2014,7833.6,8836.1,"Newton County","IN"
18,111,"2,4-D",2014,41445,41849.9,"Newton County","IN"
18,113,"Glyphosate",2014,51158.4,51769.5,"Noble County","IN"
18,113,"Chlorpyrifos",2014,99.9,656.1,"Noble County","IN"
18,113,"2,4-D",2014,7352.3,7345.2,"Noble County","IN"
18,113,"Paraquat",2014,225,430.2,"Noble County","IN"
18,115,"Glyphosate",2014,4238.6,4263,"Ohio County","IN"
18,115,"Chlorpyrifos",2014,139.2,225.2,"Ohio County","IN"
18,115,"Paraquat",2014,161,176.3,"Ohio County","IN"
18,115,"Malathion",2014,0.5,0.5,"Ohio County","IN"
18,115,"2,4-D",2014,433,545.3,"Ohio County","IN"
18,117,"Glyphosate",2014,16463.8,16935.5,"Orange County","IN"
18,117,"Chlorpyrifos",2014,1.9,1143.8,"Orange County","IN"
18,117,"Paraquat",2014,503.1,617.1,"Orange County","IN"
18,117,"2,4-D",2014,2026.9,2177.9,"Orange County","IN"
18,119,"Chlorpyrifos",2014,1.7,1961.9,"Owen County","IN"
18,119,"Glyphosate",2014,25093.3,25214.2,"Owen County","IN"
18,119,"Paraquat",2014,13.6,287.7,"Owen County","IN"
18,119,"2,4-D",2014,3568.5,3893,"Owen County","IN"
18,121,"Paraquat",2014,22.2,750.6,"Parke County","IN"
18,121,"Glyphosate",2014,66220.4,66394.9,"Parke County","IN"
18,121,"Chlorpyrifos",2014,4.5,4665.8,"Parke County","IN"
18,121,"2,4-D",2014,9572.3,9850.2,"Parke County","IN"
18,123,"Glyphosate",2014,9974.1,10009.6,"Perry County","IN"
18,123,"Paraquat",2014,207,249.3,"Perry County","IN"
18,123,"Chlorpyrifos",2014,1.5,680.7,"Perry County","IN"
18,123,"2,4-D",2014,1231.7,1241.7,"Perry County","IN"
18,125,"Glyphosate",2014,38919.8,38934,"Pike County","IN"
18,125,"Chlorpyrifos",2014,1560.7,2079.4,"Pike County","IN"
18,125,"2,4-D",2014,3012,3012.1,"Pike County","IN"
18,125,"Paraquat",2014,NA,518.8,"Pike County","IN"
18,127,"Chlorpyrifos",2014,6091.4,6694.8,"Porter County","IN"
18,127,"Paraquat",2014,5,279.2,"Porter County","IN"
18,127,"Glyphosate",2014,83202.6,83343.1,"Porter County","IN"
18,127,"2,4-D",2014,25322,25481.1,"Porter County","IN"
18,129,"Chlorpyrifos",2014,3038.4,4410.3,"Posey County","IN"
18,129,"Paraquat",2014,10.3,1667.4,"Posey County","IN"
18,129,"Glyphosate",2014,91450.6,91469.4,"Posey County","IN"
18,129,"2,4-D",2014,8000.3,8002.9,"Posey County","IN"
18,13,"Chlorpyrifos",2014,0.3,79.5,"Brown County","IN"
18,13,"Paraquat",2014,39.4,45.1,"Brown County","IN"
18,13,"Glyphosate",2014,1085.2,1103,"Brown County","IN"
18,13,"2,4-D",2014,160.2,162.4,"Brown County","IN"
18,131,"Paraquat",2014,0.7,441.9,"Pulaski County","IN"
18,131,"Chlorpyrifos",2014,7392.2,8394.6,"Pulaski County","IN"
18,131,"2,4-D",2014,39477.6,39622.8,"Pulaski County","IN"
18,131,"Glyphosate",2014,123758,123876,"Pulaski County","IN"
18,133,"Chlorpyrifos",2014,2,6244,"Putnam County","IN"
18,133,"Paraquat",2014,3.8,880.3,"Putnam County","IN"
18,133,"Glyphosate",2014,84199.2,84445.2,"Putnam County","IN"
18,133,"2,4-D",2014,12018.8,12409.8,"Putnam County","IN"
18,135,"Chlorpyrifos",2014,369.3,2660.7,"Randolph County","IN"
18,135,"Paraquat",2014,8,4044.7,"Randolph County","IN"
18,135,"2,4-D",2014,20266.8,20286.8,"Randolph County","IN"
18,135,"Malathion",2014,1.1,1.1,"Randolph County","IN"
18,135,"Glyphosate",2014,127914.2,128184.4,"Randolph County","IN"
18,137,"Chlorpyrifos",2014,2501.4,3657.3,"Ripley County","IN"
18,137,"Paraquat",2014,2595.9,2691.5,"Ripley County","IN"
18,137,"Malathion",2014,6.1,6.1,"Ripley County","IN"
18,137,"2,4-D",2014,6991.5,7313.3,"Ripley County","IN"
18,137,"Glyphosate",2014,73267.1,73344.6,"Ripley County","IN"
18,139,"Chlorpyrifos",2014,16.9,2356.8,"Rush County","IN"
18,139,"Paraquat",2014,38.4,2050.1,"Rush County","IN"
18,139,"2,4-D",2014,17105.3,17485.6,"Rush County","IN"
18,139,"Glyphosate",2014,96309,96423.7,"Rush County","IN"
18,141,"Chlorpyrifos",2014,13.9,3529.1,"St. Joseph County","IN"
18,141,"2,4-D",2014,1642.1,1898.9,"St. Joseph County","IN"
18,141,"Glyphosate",2014,62721.5,63062.2,"St. Joseph County","IN"
18,141,"Paraquat",2014,303.2,303.2,"St. Joseph County","IN"
18,143,"Glyphosate",2014,24400.8,24412.1,"Scott County","IN"
18,143,"Malathion",2014,3.6,3.6,"Scott County","IN"
18,143,"2,4-D",2014,2016.8,2098.7,"Scott County","IN"
18,143,"Chlorpyrifos",2014,920.6,1217,"Scott County","IN"
18,143,"Paraquat",2014,697.8,715,"Scott County","IN"
18,145,"Glyphosate",2014,90152.1,90230.1,"Shelby County","IN"
18,145,"Chlorpyrifos",2014,14.3,2198.8,"Shelby County","IN"
18,145,"Paraquat",2014,37.3,1877.8,"Shelby County","IN"
18,145,"2,4-D",2014,16040.3,16493.4,"Shelby County","IN"
18,147,"Chlorpyrifos",2014,2354.8,3274.2,"Spencer County","IN"
18,147,"Glyphosate",2014,62468.7,62514.4,"Spencer County","IN"
18,147,"2,4-D",2014,4955.1,4960.9,"Spencer County","IN"
18,147,"Paraquat",2014,18.2,869.7,"Spencer County","IN"
18,149,"Glyphosate",2014,61834.6,61943.3,"Starke County","IN"
18,149,"Chlorpyrifos",2014,3518.8,4072.8,"Starke County","IN"
18,149,"2,4-D",2014,19920.5,20027,"Starke County","IN"
18,149,"Paraquat",2014,2.6,226.6,"Starke County","IN"
18,15,"Chlorpyrifos",2014,18.3,5576.9,"Carroll County","IN"
18,15,"Glyphosate",2014,96385.7,96586.7,"Carroll County","IN"
18,15,"Paraquat",2014,420.7,420.7,"Carroll County","IN"
18,15,"2,4-D",2014,2621.7,2872.1,"Carroll County","IN"
18,151,"Glyphosate",2014,31248.9,31570.3,"Steuben County","IN"
18,151,"Chlorpyrifos",2014,49,370.3,"Steuben County","IN"
18,151,"Paraquat",2014,128,263.3,"Steuben County","IN"
18,151,"2,4-D",2014,4755.1,4754.5,"Steuben County","IN"
18,153,"Chlorpyrifos",2014,2896.1,3906,"Sullivan County","IN"
18,153,"Glyphosate",2014,72920.1,72943,"Sullivan County","IN"
18,153,"Paraquat",2014,174.9,1121.6,"Sullivan County","IN"
18,153,"2,4-D",2014,5379.5,5381.9,"Sullivan County","IN"
18,155,"Glyphosate",2014,10201.1,10263.9,"Switzerland County","IN"
18,155,"Malathion",2014,1.5,1.5,"Switzerland County","IN"
18,155,"Chlorpyrifos",2014,374.1,592.3,"Switzerland County","IN"
18,155,"Paraquat",2014,370.3,393.5,"Switzerland County","IN"
18,155,"2,4-D",2014,999.2,1192.2,"Switzerland County","IN"
18,157,"Paraquat",2014,5.7,1222.7,"Tippecanoe County","IN"
18,157,"Glyphosate",2014,113410,113577.3,"Tippecanoe County","IN"
18,157,"Chlorpyrifos",2014,5.8,7959.7,"Tippecanoe County","IN"
18,157,"2,4-D",2014,16353.3,16507.1,"Tippecanoe County","IN"
18,159,"Paraquat",2014,NA,1263.4,"Tipton County","IN"
18,159,"Glyphosate",2014,65746.4,65765.4,"Tipton County","IN"
18,159,"2,4-D",2014,11776.9,11942.8,"Tipton County","IN"
18,159,"Chlorpyrifos",2014,0.6,1597.9,"Tipton County","IN"
18,161,"Glyphosate",2014,37818.3,37938.6,"Union County","IN"
18,161,"Paraquat",2014,NA,1319.1,"Union County","IN"
18,161,"2,4-D",2014,5758.8,5772.5,"Union County","IN"
18,161,"Chlorpyrifos",2014,122,791.2,"Union County","IN"
18,163,"Paraquat",2014,6.6,556.1,"Vanderburgh County","IN"
18,163,"Glyphosate",2014,30894.9,30906.5,"Vanderburgh County","IN"
18,163,"2,4-D",2014,2718.7,2719.3,"Vanderburgh County","IN"
18,163,"Chlorpyrifos",2014,1056.2,1515.4,"Vanderburgh County","IN"
18,165,"Glyphosate",2014,49995.5,50076,"Vermillion County","IN"
18,165,"Paraquat",2014,NA,582.3,"Vermillion County","IN"
18,165,"2,4-D",2014,7326,7516.5,"Vermillion County","IN"
18,165,"Chlorpyrifos",2014,0.4,3301.5,"Vermillion County","IN"
18,167,"Glyphosate",2014,61566.6,61631.8,"Vigo County","IN"
18,167,"Paraquat",2014,7.2,603.5,"Vigo County","IN"
18,167,"2,4-D",2014,8705.2,8786.8,"Vigo County","IN"
18,167,"Chlorpyrifos",2014,4.7,4594.7,"Vigo County","IN"
18,169,"Glyphosate",2014,96825.5,97190.9,"Wabash County","IN"
18,169,"Paraquat",2014,405.8,405.8,"Wabash County","IN"
18,169,"2,4-D",2014,2742.9,3099.7,"Wabash County","IN"
18,169,"Chlorpyrifos",2014,17,5846.6,"Wabash County","IN"
18,17,"Chlorpyrifos",2014,4.9,5903.6,"Cass County","IN"
18,17,"Glyphosate",2014,101172.8,101571.1,"Cass County","IN"
18,17,"2,4-D",2014,2731.7,2951.3,"Cass County","IN"
18,17,"Paraquat",2014,447,447,"Cass County","IN"
18,171,"Paraquat",2014,1,1061.9,"Warren County","IN"
18,171,"Glyphosate",2014,94770.3,94903,"Warren County","IN"
18,171,"2,4-D",2014,13771.5,13948.9,"Warren County","IN"
18,171,"Chlorpyrifos",2014,3.5,6469.2,"Warren County","IN"
18,173,"Paraquat",2014,12.5,608.9,"Warrick County","IN"
18,173,"Chlorpyrifos",2014,1580.4,2172.6,"Warrick County","IN"
18,173,"Glyphosate",2014,41059.5,41087.9,"Warrick County","IN"
18,173,"2,4-D",2014,3219.3,3219.3,"Warrick County","IN"
18,175,"Paraquat",2014,944.3,1094.4,"Washington County","IN"
18,175,"Chlorpyrifos",2014,4.6,2624.9,"Washington County","IN"
18,175,"Glyphosate",2014,37690.8,38005.4,"Washington County","IN"
18,175,"2,4-D",2014,4371.6,4456.7,"Washington County","IN"
18,177,"Paraquat",2014,42.1,2682.6,"Wayne County","IN"
18,177,"Chlorpyrifos",2014,255.8,1778.4,"Wayne County","IN"
18,177,"Glyphosate",2014,80471,80821.6,"Wayne County","IN"
18,177,"2,4-D",2014,12612.5,12646,"Wayne County","IN"
18,177,"Malathion",2014,16.3,16.3,"Wayne County","IN"
18,179,"Paraquat",2014,415.8,662.9,"Wells County","IN"
18,179,"Chlorpyrifos",2014,137.9,512.1,"Wells County","IN"
18,179,"Glyphosate",2014,79431,79628.2,"Wells County","IN"
18,179,"2,4-D",2014,11416.3,11414.8,"Wells County","IN"
18,181,"Paraquat",2014,13.9,635.5,"White County","IN"
18,181,"2,4-D",2014,55936.3,56192.4,"White County","IN"
18,181,"Chlorpyrifos",2014,11066,12422.1,"White County","IN"
18,181,"Glyphosate",2014,176987.7,177131.9,"White County","IN"
18,183,"Paraquat",2014,232.4,415.5,"Whitley County","IN"
18,183,"2,4-D",2014,7669.5,7668.1,"Whitley County","IN"
18,183,"Chlorpyrifos",2014,67.2,384.2,"Whitley County","IN"
18,183,"Glyphosate",2014,51085,51314.4,"Whitley County","IN"
18,19,"Malathion",2014,47,47,"Clark County","IN"
18,19,"Chlorpyrifos",2014,1389.8,1849.6,"Clark County","IN"
18,19,"Glyphosate",2014,37027,37096.8,"Clark County","IN"
18,19,"2,4-D",2014,2825.6,3175.7,"Clark County","IN"
18,19,"Paraquat",2014,963,1135.3,"Clark County","IN"
18,21,"Glyphosate",2014,75542.4,75697.3,"Clay County","IN"
18,21,"Chlorpyrifos",2014,9.3,5648.1,"Clay County","IN"
18,21,"2,4-D",2014,10762.2,10964.4,"Clay County","IN"
18,21,"Paraquat",2014,21.2,797.5,"Clay County","IN"
18,23,"Chlorpyrifos",2014,6.2,2439.7,"Clinton County","IN"
18,23,"2,4-D",2014,17401.7,17612.9,"Clinton County","IN"
18,23,"Glyphosate",2014,98086.4,98267.4,"Clinton County","IN"
18,23,"Paraquat",2014,36.1,2102.8,"Clinton County","IN"
18,25,"Chlorpyrifos",2014,0.4,97,"Crawford County","IN"
18,25,"Paraquat",2014,49.4,67.9,"Crawford County","IN"
18,25,"Glyphosate",2014,1355.3,1381.6,"Crawford County","IN"
18,25,"2,4-D",2014,308.4,313.8,"Crawford County","IN"
18,27,"Chlorpyrifos",2014,2338.3,3763.5,"Daviess County","IN"
18,27,"Paraquat",2014,103,1295.7,"Daviess County","IN"
18,27,"2,4-D",2014,5748.3,5751.7,"Daviess County","IN"
18,27,"Glyphosate",2014,77080.3,77169.3,"Daviess County","IN"
18,29,"Chlorpyrifos",2014,428,658.6,"Dearborn County","IN"
18,29,"Malathion",2014,1.7,1.7,"Dearborn County","IN"
18,29,"Paraquat",2014,454.1,488.9,"Dearborn County","IN"
18,29,"Glyphosate",2014,12519.1,12567.4,"Dearborn County","IN"
18,29,"2,4-D",2014,1217.7,1448.3,"Dearborn County","IN"
18,3,"Glyphosate",2014,84673.7,85358.1,"Allen County","IN"
18,3,"2,4-D",2014,12854.3,12860.7,"Allen County","IN"
18,3,"Chlorpyrifos",2014,132.5,776.5,"Allen County","IN"
18,3,"Paraquat",2014,421.2,671.7,"Allen County","IN"
18,31,"Chlorpyrifos",2014,11.1,1861.3,"Decatur County","IN"
18,31,"Paraquat",2014,4.3,1515.7,"Decatur County","IN"
18,31,"2,4-D",2014,13149.9,13628.2,"Decatur County","IN"
18,31,"Glyphosate",2014,74074.8,74215.1,"Decatur County","IN"
18,33,"Chlorpyrifos",2014,70.4,403.1,"DeKalb County","IN"
18,33,"Paraquat",2014,284.6,434.4,"DeKalb County","IN"
18,33,"2,4-D",2014,8237.8,8237.8,"DeKalb County","IN"
18,33,"Glyphosate",2014,52514,52832.8,"DeKalb County","IN"
18,35,"Paraquat",2014,20,2979,"Delaware County","IN"
18,35,"Chlorpyrifos",2014,274.6,1930.7,"Delaware County","IN"
18,35,"Malathion",2014,3.8,3.8,"Delaware County","IN"
18,35,"2,4-D",2014,14719.1,14732.7,"Delaware County","IN"
18,35,"Glyphosate",2014,94572.9,94689.1,"Delaware County","IN"
18,37,"Paraquat",2014,3.4,847.8,"Dubois County","IN"
18,37,"2,4-D",2014,4502,4506.8,"Dubois County","IN"
18,37,"Glyphosate",2014,54076,54118,"Dubois County","IN"
18,37,"Chlorpyrifos",2014,1780.6,2669.3,"Dubois County","IN"
18,39,"Paraquat",2014,271.2,271.2,"Elkhart County","IN"
18,39,"Chlorpyrifos",2014,48.8,3275.2,"Elkhart County","IN"
18,39,"2,4-D",2014,1442.9,1637.5,"Elkhart County","IN"
18,39,"Glyphosate",2014,52866.7,53636.4,"Elkhart County","IN"
18,41,"Malathion",2014,7.7,7.7,"Fayette County","IN"
18,41,"Chlorpyrifos",2014,140.9,892.6,"Fayette County","IN"
18,41,"Paraquat",2014,157,1644.5,"Fayette County","IN"
18,41,"Glyphosate",2014,42277.9,42432.2,"Fayette County","IN"
18,41,"2,4-D",2014,6675.5,6693.4,"Fayette County","IN"
18,43,"Paraquat",2014,82.3,98.5,"Floyd County","IN"
18,43,"Chlorpyrifos",2014,0.4,188.9,"Floyd County","IN"
18,43,"2,4-D",2014,332.7,346.4,"Floyd County","IN"
18,43,"Glyphosate",2014,2541.5,2602.6,"Floyd County","IN"
18,45,"Paraquat",2014,3.9,1091.3,"Fountain County","IN"
18,45,"Chlorpyrifos",2014,11,7519.6,"Fountain County","IN"
18,45,"Glyphosate",2014,105243.6,105373.9,"Fountain County","IN"
18,45,"2,4-D",2014,15054.8,15268,"Fountain County","IN"
18,47,"Paraquat",2014,2104,2173.3,"Franklin County","IN"
18,47,"2,4-D",2014,5331.9,5676.2,"Franklin County","IN"
18,47,"Glyphosate",2014,49045.8,49183.1,"Franklin County","IN"
18,47,"Chlorpyrifos",2014,1529.7,2565.5,"Franklin County","IN"
18,47,"Malathion",2014,28.5,28.5,"Franklin County","IN"
18,49,"2,4-D",2014,2290.8,2425.6,"Fulton County","IN"
18,49,"Paraquat",2014,408.7,408.7,"Fulton County","IN"
18,49,"Glyphosate",2014,86746.9,87081.8,"Fulton County","IN"
18,49,"Chlorpyrifos",2014,3.8,4877.2,"Fulton County","IN"
18,5,"Glyphosate",2014,61249.9,61318.9,"Bartholomew County","IN"
18,5,"2,4-D",2014,11206,12007.4,"Bartholomew County","IN"
18,5,"Paraquat",2014,270.5,1404.1,"Bartholomew County","IN"
18,5,"Chlorpyrifos",2014,5,1531.5,"Bartholomew County","IN"
18,51,"Glyphosate",2014,102525.3,102549.7,"Gibson County","IN"
18,51,"2,4-D",2014,8734.7,8737.7,"Gibson County","IN"
18,51,"Chlorpyrifos",2014,3444.3,4989.1,"Gibson County","IN"
18,51,"Paraquat",2014,260,1987,"Gibson County","IN"
18,53,"2,4-D",2014,16029.3,16300.4,"Grant County","IN"
18,53,"Paraquat",2014,NA,1487.8,"Grant County","IN"
18,53,"Glyphosate",2014,88357.6,88446,"Grant County","IN"
18,53,"Chlorpyrifos",2014,2.9,2267.5,"Grant County","IN"
18,55,"Paraquat",2014,3.6,698.8,"Greene County","IN"
18,55,"2,4-D",2014,4418.4,4419.9,"Greene County","IN"
18,55,"Glyphosate",2014,50908.7,50961.6,"Greene County","IN"
18,55,"Chlorpyrifos",2014,1931,2685.5,"Greene County","IN"
18,57,"2,4-D",2014,10086.6,10280.9,"Hamilton County","IN"
18,57,"Glyphosate",2014,55874.9,55936.1,"Hamilton County","IN"
18,57,"Chlorpyrifos",2014,9.3,1429.4,"Hamilton County","IN"
18,57,"Paraquat",2014,6.5,1000.4,"Hamilton County","IN"
18,59,"Paraquat",2014,5.7,1238.5,"Hancock County","IN"
18,59,"2,4-D",2014,11279.4,11502.8,"Hancock County","IN"
18,59,"Glyphosate",2014,63119.6,63235.7,"Hancock County","IN"
18,59,"Chlorpyrifos",2014,11.4,1610.4,"Hancock County","IN"
18,61,"2,4-D",2014,2567.9,2691.3,"Harrison County","IN"
18,61,"Paraquat",2014,557.6,683.6,"Harrison County","IN"
18,61,"Chlorpyrifos",2014,5.7,1548,"Harrison County","IN"
18,61,"Glyphosate",2014,21309.8,21737.6,"Harrison County","IN"
18,63,"Paraquat",2014,1.8,1349,"Hendricks County","IN"
18,63,"2,4-D",2014,11292.2,11611.8,"Hendricks County","IN"
18,63,"Glyphosate",2014,63803.4,63925.1,"Hendricks County","IN"
18,63,"Chlorpyrifos",2014,1.9,1576.6,"Hendricks County","IN"
18,65,"2,4-D",2014,14821.2,14845.1,"Henry County","IN"
18,65,"Malathion",2014,19.2,19.2,"Henry County","IN"
18,65,"Glyphosate",2014,95229.3,95564.6,"Henry County","IN"
18,65,"Paraquat",2014,8.1,3226.3,"Henry County","IN"
18,65,"Chlorpyrifos",2014,304.3,2036.6,"Henry County","IN"
18,67,"Glyphosate",2014,62497.4,62561.7,"Howard County","IN"
18,67,"Paraquat",2014,29.5,1252.2,"Howard County","IN"
18,67,"Chlorpyrifos",2014,20.1,1559.9,"Howard County","IN"
18,67,"2,4-D",2014,11191.9,11423.6,"Howard County","IN"
18,69,"Glyphosate",2014,69076,69251.8,"Huntington County","IN"
18,69,"Paraquat",2014,361.8,578.5,"Huntington County","IN"
18,69,"Chlorpyrifos",2014,124.2,434.1,"Huntington County","IN"
18,69,"2,4-D",2014,9985.1,9983.7,"Huntington County","IN"
18,7,"2,4-D",2014,50367.1,50505,"Benton County","IN"
18,7,"Glyphosate",2014,163428,163503.6,"Benton County","IN"
18,7,"Paraquat",2014,NA,550.4,"Benton County","IN"
18,7,"Chlorpyrifos",2014,11382.1,12486.7,"Benton County","IN"
18,71,"Glyphosate",2014,51387.4,52208.1,"Jackson County","IN"
18,71,"2,4-D",2014,5568.5,5839,"Jackson County","IN"
18,71,"Chlorpyrifos",2014,10.4,3549.2,"Jackson County","IN"
18,71,"Paraquat",2014,1290.2,1531.7,"Jackson County","IN"
18,73,"Chlorpyrifos",2014,10306,11815.9,"Jasper County","IN"
18,73,"Glyphosate",2014,184523.4,184625.3,"Jasper County","IN"
18,73,"2,4-D",2014,59680.8,59865.1,"Jasper County","IN"
18,73,"Paraquat",2014,12.2,685.1,"Jasper County","IN"
18,75,"Malathion",2014,17.1,17.1,"Jay County","IN"
18,75,"Chlorpyrifos",2014,298.2,2139.2,"Jay County","IN"
18,75,"Glyphosate",2014,101316.2,101631.3,"Jay County","IN"
18,75,"2,4-D",2014,16956.7,16968.7,"Jay County","IN"
18,75,"Paraquat",2014,416.5,3665.7,"Jay County","IN"
18,77,"Chlorpyrifos",2014,1631.9,2132.1,"Jefferson County","IN"
18,77,"Malathion",2014,5.9,5.9,"Jefferson County","IN"
18,77,"Glyphosate",2014,41653.8,41721.9,"Jefferson County","IN"
18,77,"2,4-D",2014,3211.6,3463.1,"Jefferson County","IN"
18,77,"Paraquat",2014,1061.5,1108.8,"Jefferson County","IN"
18,79,"Chlorpyrifos",2014,2071.3,3060.4,"Jennings County","IN"
18,79,"Malathion",2014,9.3,9.3,"Jennings County","IN"
18,79,"2,4-D",2014,5577.3,5797,"Jennings County","IN"
18,79,"Paraquat",2014,2061.7,2115.2,"Jennings County","IN"
18,79,"Glyphosate",2014,59594.1,59706.8,"Jennings County","IN"
18,81,"Chlorpyrifos",2014,8.4,1156.7,"Johnson County","IN"
18,81,"2,4-D",2014,8244.4,8549.4,"Johnson County","IN"
18,81,"Paraquat",2014,3.4,949.7,"Johnson County","IN"
18,81,"Glyphosate",2014,46449.3,46531,"Johnson County","IN"
18,83,"2,4-D",2014,9668,9675.1,"Knox County","IN"
18,83,"Chlorpyrifos",2014,4297.8,6147.8,"Knox County","IN"
18,83,"Paraquat",2014,1158.2,2951,"Knox County","IN"
18,83,"Glyphosate",2014,123179.3,123196.9,"Knox County","IN"
18,85,"2,4-D",2014,2756,3074.1,"Kosciusko County","IN"
18,85,"Glyphosate",2014,102972.4,103553,"Kosciusko County","IN"
18,85,"Paraquat",2014,472,472,"Kosciusko County","IN"
18,85,"Chlorpyrifos",2014,11.6,5970,"Kosciusko County","IN"
18,87,"Chlorpyrifos",2014,90.8,721.1,"LaGrange County","IN"
18,87,"2,4-D",2014,4921.6,4920,"LaGrange County","IN"
18,87,"Glyphosate",2014,33691.5,34860.9,"LaGrange County","IN"
18,87,"Paraquat",2014,137.8,282.8,"LaGrange County","IN"
18,89,"Chlorpyrifos",2014,5570.3,6105.8,"Lake County","IN"
18,89,"2,4-D",2014,23496.1,23734.5,"Lake County","IN"
18,89,"Glyphosate",2014,76914.6,77030,"Lake County","IN"
18,89,"Paraquat",2014,20.6,275.7,"Lake County","IN"
18,9,"2,4-D",2014,7700.3,7706.9,"Blackford County","IN"
18,9,"Glyphosate",2014,47405.3,47481.1,"Blackford County","IN"
18,9,"Malathion",2014,8.9,8.9,"Blackford County","IN"
18,9,"Chlorpyrifos",2014,124.5,1003.1,"Blackford County","IN"
18,9,"Paraquat",2014,2,1338.7,"Blackford County","IN"
18,91,"Chlorpyrifos",2014,8954.9,10241.7,"LaPorte County","IN"
18,91,"2,4-D",2014,46412.3,46864.1,"LaPorte County","IN"
18,91,"Glyphosate",2014,146254,146671.4,"LaPorte County","IN"
18,91,"Paraquat",2014,13.5,530.4,"LaPorte County","IN"
18,93,"Chlorpyrifos",2014,2.6,1237.4,"Lawrence County","IN"
18,93,"Paraquat",2014,411.6,510.3,"Lawrence County","IN"
18,93,"2,4-D",2014,2302.7,2341.6,"Lawrence County","IN"
18,93,"Glyphosate",2014,17016.2,17204.7,"Lawrence County","IN"
18,95,"Paraquat",2014,35,1776.3,"Madison County","IN"
18,95,"Chlorpyrifos",2014,6.9,2143.3,"Madison County","IN"
18,95,"Glyphosate",2014,87598,87663.3,"Madison County","IN"
18,95,"2,4-D",2014,15678.6,15823.8,"Madison County","IN"
18,97,"Paraquat",2014,0.9,159.5,"Marion County","IN"
18,97,"Glyphosate",2014,7751,7783.3,"Marion County","IN"
18,97,"2,4-D",2014,1388.8,1422.3,"Marion County","IN"
18,97,"Chlorpyrifos",2014,1.9,211.7,"Marion County","IN"
18,99,"Paraquat",2014,385.4,385.4,"Marshall County","IN"
18,99,"2,4-D",2014,2270.2,2492.6,"Marshall County","IN"
18,99,"Glyphosate",2014,84165.4,84699.9,"Marshall County","IN"
18,99,"Chlorpyrifos",2014,9.3,4944.6,"Marshall County","IN"
19,1,"2,4-D",2014,18541.2,18541.3,"Adair County","IA"
19,1,"Paraquat",2014,1.5,1765.3,"Adair County","IA"
19,1,"Glyphosate",2014,115919.5,116825.8,"Adair County","IA"
19,1,"Chlorpyrifos",2014,706.9,2015.8,"Adair County","IA"
19,101,"Paraquat",2014,12.3,907.8,"Jefferson County","IA"
19,101,"2,4-D",2014,5947.7,5949.5,"Jefferson County","IA"
19,101,"Chlorpyrifos",2014,671.8,859.2,"Jefferson County","IA"
19,101,"Glyphosate",2014,76785.2,76902.4,"Jefferson County","IA"
19,103,"Paraquat",2014,314.2,637.3,"Johnson County","IA"
19,103,"Glyphosate",2014,92690.2,92782,"Johnson County","IA"
19,103,"2,4-D",2014,4953.9,4957.6,"Johnson County","IA"
19,103,"Chlorpyrifos",2014,46.1,1066,"Johnson County","IA"
19,105,"Paraquat",2014,243.2,700.5,"Jones County","IA"
19,105,"Glyphosate",2014,95638.3,95695.2,"Jones County","IA"
19,105,"2,4-D",2014,4720.8,4720.8,"Jones County","IA"
19,105,"Chlorpyrifos",2014,29.6,1288.2,"Jones County","IA"
19,107,"Paraquat",2014,3.5,1383,"Keokuk County","IA"
19,107,"2,4-D",2014,9168.9,9169,"Keokuk County","IA"
19,107,"Glyphosate",2014,118480.3,118682.1,"Keokuk County","IA"
19,107,"Chlorpyrifos",2014,1069.3,1354.5,"Keokuk County","IA"
19,109,"Chlorpyrifos",2014,4407.6,4448.1,"Kossuth County","IA"
19,109,"Paraquat",2014,3.6,3994.5,"Kossuth County","IA"
19,109,"2,4-D",2014,5118.7,5124.5,"Kossuth County","IA"
19,109,"Glyphosate",2014,243185.3,243196.6,"Kossuth County","IA"
19,11,"2,4-D",2014,8200.6,8205.1,"Benton County","IA"
19,11,"Paraquat",2014,549.1,1123.9,"Benton County","IA"
19,11,"Chlorpyrifos",2014,35.3,1842.2,"Benton County","IA"
19,11,"Glyphosate",2014,163456.7,163527.9,"Benton County","IA"
19,111,"2,4-D",2014,6025.3,6025.3,"Lee County","IA"
19,111,"Paraquat",2014,34.2,932,"Lee County","IA"
19,111,"Chlorpyrifos",2014,705.2,890.8,"Lee County","IA"
19,111,"Glyphosate",2014,76976.4,77118.4,"Lee County","IA"
19,113,"Paraquat",2014,354.3,808.6,"Linn County","IA"
19,113,"Chlorpyrifos",2014,47.7,1398.8,"Linn County","IA"
19,113,"2,4-D",2014,5706.7,5710.3,"Linn County","IA"
19,113,"Glyphosate",2014,114135,114214.9,"Linn County","IA"
19,115,"Paraquat",2014,5.5,992.6,"Louisa County","IA"
19,115,"Chlorpyrifos",2014,735.4,936.9,"Louisa County","IA"
19,115,"2,4-D",2014,6499.9,6499.9,"Louisa County","IA"
19,115,"Glyphosate",2014,84856.4,84930.2,"Louisa County","IA"
19,117,"Paraquat",2014,0.4,636.5,"Lucas County","IA"
19,117,"Chlorpyrifos",2014,1.2,822,"Lucas County","IA"
19,117,"2,4-D",2014,3732.8,3732.8,"Lucas County","IA"
19,117,"Glyphosate",2014,36631.1,37680.2,"Lucas County","IA"
19,119,"Chlorpyrifos",2014,1619,1725.6,"Lyon County","IA"
19,119,"Paraquat",2014,NA,2297.1,"Lyon County","IA"
19,119,"2,4-D",2014,7536.9,7540.6,"Lyon County","IA"
19,119,"Glyphosate",2014,159185.4,160354.7,"Lyon County","IA"
19,121,"Paraquat",2014,1.5,1193.2,"Madison County","IA"
19,121,"2,4-D",2014,6112.6,6112.6,"Madison County","IA"
19,121,"Chlorpyrifos",2014,4.3,1216,"Madison County","IA"
19,121,"Glyphosate",2014,69958.5,71089.6,"Madison County","IA"
19,123,"Paraquat",2014,3.3,1471.9,"Mahaska County","IA"
19,123,"Chlorpyrifos",2014,1243.4,1524.2,"Mahaska County","IA"
19,123,"2,4-D",2014,9651.2,9654,"Mahaska County","IA"
19,123,"Glyphosate",2014,126579.3,126717.3,"Mahaska County","IA"
19,125,"Paraquat",2014,1.1,1273.9,"Marion County","IA"
19,125,"2,4-D",2014,5940.4,5940.5,"Marion County","IA"
19,125,"Glyphosate",2014,75385.4,76275,"Marion County","IA"
19,125,"Chlorpyrifos",2014,3.4,1234.1,"Marion County","IA"
19,127,"Paraquat",2014,2317.8,2339.1,"Marshall County","IA"
19,127,"2,4-D",2014,9859.2,9859.2,"Marshall County","IA"
19,127,"Chlorpyrifos",2014,1585.2,1601.6,"Marshall County","IA"
19,127,"Glyphosate",2014,139409.8,139824.5,"Marshall County","IA"
19,129,"2,4-D",2014,15411.3,15411.3,"Mills County","IA"
19,129,"Chlorpyrifos",2014,646.3,1205.5,"Mills County","IA"
19,129,"Paraquat",2014,0.8,1617.3,"Mills County","IA"
19,129,"Glyphosate",2014,106186.6,106340.2,"Mills County","IA"
19,13,"2,4-D",2014,1773.7,1778,"Black Hawk County","IA"
19,13,"Glyphosate",2014,111768.8,111986.6,"Black Hawk County","IA"
19,13,"Paraquat",2014,3.4,1270.5,"Black Hawk County","IA"
19,13,"Chlorpyrifos",2014,451.9,460.6,"Black Hawk County","IA"
19,131,"Paraquat",2014,3.8,1644.7,"Mitchell County","IA"
19,131,"Chlorpyrifos",2014,1880.2,1990.9,"Mitchell County","IA"
19,131,"2,4-D",2014,2879,2879.8,"Mitchell County","IA"
19,131,"Glyphosate",2014,107059.5,107093.7,"Mitchell County","IA"
19,133,"Chlorpyrifos",2014,175.2,445.5,"Monona County","IA"
19,133,"2,4-D",2014,10408.7,10408.7,"Monona County","IA"
19,133,"Paraquat",2014,2,2607.9,"Monona County","IA"
19,133,"Glyphosate",2014,166324.5,166560.8,"Monona County","IA"
19,135,"Chlorpyrifos",2014,1.2,752.8,"Monroe County","IA"
19,135,"Paraquat",2014,0.4,565.5,"Monroe County","IA"
19,135,"2,4-D",2014,3455,3455.1,"Monroe County","IA"
19,135,"Glyphosate",2014,32933.9,33902.1,"Monroe County","IA"
19,137,"2,4-D",2014,15269.9,15269.9,"Montgomery County","IA"
19,137,"Paraquat",2014,1.2,1559.6,"Montgomery County","IA"
19,137,"Chlorpyrifos",2014,624.5,1380.1,"Montgomery County","IA"
19,137,"Glyphosate",2014,102373.1,102744.9,"Montgomery County","IA"
19,139,"Glyphosate",2014,72324.4,72350.6,"Muscatine County","IA"
19,139,"2,4-D",2014,3736.7,3739.1,"Muscatine County","IA"
19,139,"Chlorpyrifos",2014,16,828.3,"Muscatine County","IA"
19,139,"Paraquat",2014,241.2,503.3,"Muscatine County","IA"
19,141,"Glyphosate",2014,164087.6,164728.2,"O'Brien County","IA"
19,141,"Paraquat",2014,NA,2453,"O'Brien County","IA"
19,141,"Chlorpyrifos",2014,1733.6,1771.9,"O'Brien County","IA"
19,141,"2,4-D",2014,6058.6,6072.8,"O'Brien County","IA"
19,143,"2,4-D",2014,3511.6,3511.6,"Osceola County","IA"
19,143,"Glyphosate",2014,120996.5,121255.5,"Osceola County","IA"
19,143,"Chlorpyrifos",2014,1265.1,1289.2,"Osceola County","IA"
19,143,"Paraquat",2014,NA,1783,"Osceola County","IA"
19,145,"2,4-D",2014,19198.5,19198.5,"Page County","IA"
19,145,"Glyphosate",2014,126234.3,126595.9,"Page County","IA"
19,145,"Chlorpyrifos",2014,785.4,1584.8,"Page County","IA"
19,145,"Paraquat",2014,NA,1951,"Page County","IA"
19,147,"2,4-D",2014,4557.9,4557.9,"Palo Alto County","IA"
19,147,"Chlorpyrifos",2014,1477,1524.1,"Palo Alto County","IA"
19,147,"Glyphosate",2014,151952.9,152410.8,"Palo Alto County","IA"
19,147,"Paraquat",2014,NA,2072.2,"Palo Alto County","IA"
19,149,"Glyphosate",2014,228823.9,230793.4,"Plymouth County","IA"
19,149,"2,4-D",2014,12468.6,12473.7,"Plymouth County","IA"
19,149,"Chlorpyrifos",2014,2442.4,2590.8,"Plymouth County","IA"
19,149,"Paraquat",2014,2.7,3476.2,"Plymouth County","IA"
19,15,"2,4-D",2014,8840,8838.5,"Boone County","IA"
19,15,"Paraquat",2014,1975.5,1991.8,"Boone County","IA"
19,15,"Chlorpyrifos",2014,1623.2,1642.2,"Boone County","IA"
19,15,"Glyphosate",2014,126269.3,126596.9,"Boone County","IA"
19,151,"2,4-D",2014,4370.8,4374.9,"Pocahontas County","IA"
19,151,"Chlorpyrifos",2014,1802.8,1824.3,"Pocahontas County","IA"
19,151,"Glyphosate",2014,172990.9,173193,"Pocahontas County","IA"
19,151,"Paraquat",2014,NA,2535,"Pocahontas County","IA"
19,153,"2,4-D",2014,5321.2,5319.8,"Polk County","IA"
19,153,"Chlorpyrifos",2014,864.9,873.6,"Polk County","IA"
19,153,"Paraquat",2014,1234.1,1246,"Polk County","IA"
19,153,"Glyphosate",2014,74421.1,74660.8,"Polk County","IA"
19,155,"2,4-D",2014,34331.6,34331.6,"Pottawattamie County","IA"
19,155,"Paraquat",2014,2.9,3478.8,"Pottawattamie County","IA"
19,155,"Glyphosate",2014,237626.7,237920.9,"Pottawattamie County","IA"
19,155,"Chlorpyrifos",2014,1355.9,2628.2,"Pottawattamie County","IA"
19,157,"Chlorpyrifos",2014,1477.6,1511.3,"Poweshiek County","IA"
19,157,"2,4-D",2014,9943.1,9943.1,"Poweshiek County","IA"
19,157,"Glyphosate",2014,129662.1,130366.7,"Poweshiek County","IA"
19,157,"Paraquat",2014,2155,2191.1,"Poweshiek County","IA"
19,159,"2,4-D",2014,5993.1,5993.1,"Ringgold County","IA"
19,159,"Glyphosate",2014,65143.7,66622,"Ringgold County","IA"
19,159,"Chlorpyrifos",2014,0.4,1327.3,"Ringgold County","IA"
19,159,"Paraquat",2014,0.1,1127,"Ringgold County","IA"
19,161,"2,4-D",2014,8997.9,9001.9,"Sac County","IA"
19,161,"Glyphosate",2014,152997.7,153198.4,"Sac County","IA"
19,161,"Chlorpyrifos",2014,158.8,413.6,"Sac County","IA"
19,161,"Paraquat",2014,2.1,2356.1,"Sac County","IA"
19,163,"Glyphosate",2014,80855.4,80880.8,"Scott County","IA"
19,163,"2,4-D",2014,3874.7,3874.9,"Scott County","IA"
19,163,"Chlorpyrifos",2014,15,961.7,"Scott County","IA"
19,163,"Paraquat",2014,252.5,568.5,"Scott County","IA"
19,165,"2,4-D",2014,9831.1,9831.2,"Shelby County","IA"
19,165,"Paraquat",2014,2.1,2496.1,"Shelby County","IA"
19,165,"Glyphosate",2014,163986.3,164245.3,"Shelby County","IA"
19,165,"Chlorpyrifos",2014,166.3,450.4,"Shelby County","IA"
19,167,"Glyphosate",2014,215081.6,216037.5,"Sioux County","IA"
19,167,"2,4-D",2014,7713.3,7717.3,"Sioux County","IA"
19,167,"Chlorpyrifos",2014,2117.4,2204.6,"Sioux County","IA"
19,167,"Paraquat",2014,2.7,2973,"Sioux County","IA"
19,169,"2,4-D",2014,9300.8,9292.7,"Story County","IA"
19,169,"Paraquat",2014,2194.9,2207.5,"Story County","IA"
19,169,"Glyphosate",2014,135125.9,135415,"Story County","IA"
19,169,"Chlorpyrifos",2014,1647.2,1662.2,"Story County","IA"
19,17,"2,4-D",2014,1483.8,1484.1,"Bremer County","IA"
19,17,"Paraquat",2014,0.5,1020.8,"Bremer County","IA"
19,17,"Chlorpyrifos",2014,354.2,377.7,"Bremer County","IA"
19,17,"Glyphosate",2014,91427.7,91633.2,"Bremer County","IA"
19,171,"2,4-D",2014,11397.6,11397.6,"Tama County","IA"
19,171,"Paraquat",2014,2563.5,2599.1,"Tama County","IA"
19,171,"Chlorpyrifos",2014,1718.2,1748.3,"Tama County","IA"
19,171,"Glyphosate",2014,153146.1,153835.4,"Tama County","IA"
19,173,"Chlorpyrifos",2014,620.1,1378.5,"Taylor County","IA"
19,173,"Paraquat",2014,1.9,1533.2,"Taylor County","IA"
19,173,"Glyphosate",2014,99514.3,99946.7,"Taylor County","IA"
19,173,"2,4-D",2014,15777.6,15777.6,"Taylor County","IA"
19,175,"Chlorpyrifos",2014,NA,1158.9,"Union County","IA"
19,175,"Paraquat",2014,NA,916.1,"Union County","IA"
19,175,"2,4-D",2014,4808.9,4808.9,"Union County","IA"
19,175,"Glyphosate",2014,53578.6,54821,"Union County","IA"
19,177,"Chlorpyrifos",2014,484.8,651.1,"Van Buren County","IA"
19,177,"Glyphosate",2014,54747.3,55024.5,"Van Buren County","IA"
19,177,"Paraquat",2014,15.7,658.9,"Van Buren County","IA"
19,177,"2,4-D",2014,4363.3,4363.3,"Van Buren County","IA"
19,179,"Chlorpyrifos",2014,540.2,702.3,"Wapello County","IA"
19,179,"Glyphosate",2014,60570.6,60759.8,"Wapello County","IA"
19,179,"Paraquat",2014,1.9,710.8,"Wapello County","IA"
19,179,"2,4-D",2014,4735.7,4737,"Wapello County","IA"
19,181,"Chlorpyrifos",2014,7.2,1227.9,"Warren County","IA"
19,181,"Glyphosate",2014,67223.6,68323,"Warren County","IA"
19,181,"Paraquat",2014,2.3,1146.1,"Warren County","IA"
19,181,"2,4-D",2014,5650.8,5651,"Warren County","IA"
19,183,"Glyphosate",2014,112126.3,112286.1,"Washington County","IA"
19,183,"Paraquat",2014,4.1,1305.1,"Washington County","IA"
19,183,"Chlorpyrifos",2014,1060.8,1324.1,"Washington County","IA"
19,183,"2,4-D",2014,8580.6,8580,"Washington County","IA"
19,185,"Paraquat",2014,0.7,1246.5,"Wayne County","IA"
19,185,"Chlorpyrifos",2014,2,1133.5,"Wayne County","IA"
19,185,"2,4-D",2014,6013.5,6013.5,"Wayne County","IA"
19,185,"Glyphosate",2014,70748.7,71844.8,"Wayne County","IA"
19,187,"Glyphosate",2014,177349,177565.5,"Webster County","IA"
19,187,"Chlorpyrifos",2014,2168.6,2175.5,"Webster County","IA"
19,187,"2,4-D",2014,11814.2,11814.2,"Webster County","IA"
19,187,"Paraquat",2014,2850.1,2861.1,"Webster County","IA"
19,189,"Chlorpyrifos",2014,1707.4,1740.4,"Winnebago County","IA"
19,189,"2,4-D",2014,1894.2,1895,"Winnebago County","IA"
19,189,"Glyphosate",2014,95906.3,95909.4,"Winnebago County","IA"
19,189,"Paraquat",2014,1.4,1514.2,"Winnebago County","IA"
19,19,"2,4-D",2014,1883.2,1888,"Buchanan County","IA"
19,19,"Paraquat",2014,2.7,1328.7,"Buchanan County","IA"
19,19,"Chlorpyrifos",2014,444.4,459.7,"Buchanan County","IA"
19,19,"Glyphosate",2014,124024.9,124267.9,"Buchanan County","IA"
19,191,"Chlorpyrifos",2014,370.1,436.9,"Winneshiek County","IA"
19,191,"2,4-D",2014,2470.5,2490.2,"Winneshiek County","IA"
19,191,"Glyphosate",2014,104030.7,104759.7,"Winneshiek County","IA"
19,191,"Paraquat",2014,3.6,1104.1,"Winneshiek County","IA"
19,193,"2,4-D",2014,13464.7,13464.7,"Woodbury County","IA"
19,193,"Chlorpyrifos",2014,201.9,566.6,"Woodbury County","IA"
19,193,"Glyphosate",2014,202466.3,202944.7,"Woodbury County","IA"
19,193,"Paraquat",2014,0.9,3124.4,"Woodbury County","IA"
19,195,"Chlorpyrifos",2014,1588.9,1652.5,"Worth County","IA"
19,195,"Glyphosate",2014,88511.7,88531.7,"Worth County","IA"
19,195,"Paraquat",2014,1.4,1425.9,"Worth County","IA"
19,195,"2,4-D",2014,1842.3,1843.1,"Worth County","IA"
19,197,"Chlorpyrifos",2014,2578.2,2601.7,"Wright County","IA"
19,197,"Paraquat",2014,2.1,2358.6,"Wright County","IA"
19,197,"Glyphosate",2014,141189.5,141196.1,"Wright County","IA"
19,197,"2,4-D",2014,2809.1,2810.4,"Wright County","IA"
19,21,"2,4-D",2014,5719.1,5725.5,"Buena Vista County","IA"
19,21,"Paraquat",2014,2.1,2469.5,"Buena Vista County","IA"
19,21,"Chlorpyrifos",2014,1751.8,1807.4,"Buena Vista County","IA"
19,21,"Glyphosate",2014,165890.5,166485.4,"Buena Vista County","IA"
19,23,"Chlorpyrifos",2014,2238.6,2352.4,"Butler County","IA"
19,23,"2,4-D",2014,3684.5,3683.7,"Butler County","IA"
19,23,"Glyphosate",2014,125303.3,125338.9,"Butler County","IA"
19,23,"Paraquat",2014,NA,2026.1,"Butler County","IA"
19,25,"Chlorpyrifos",2014,154.1,413.3,"Calhoun County","IA"
19,25,"2,4-D",2014,9422,9422.1,"Calhoun County","IA"
19,25,"Glyphosate",2014,160727.7,160821.3,"Calhoun County","IA"
19,25,"Paraquat",2014,NA,2410.5,"Calhoun County","IA"
19,27,"Chlorpyrifos",2014,132,427.5,"Carroll County","IA"
19,27,"Glyphosate",2014,155392.3,155628.7,"Carroll County","IA"
19,27,"Paraquat",2014,0.1,2184.1,"Carroll County","IA"
19,27,"2,4-D",2014,9602.6,9606.4,"Carroll County","IA"
19,29,"Chlorpyrifos",2014,843.8,2110,"Cass County","IA"
19,29,"Glyphosate",2014,141888.4,142600.8,"Cass County","IA"
19,29,"Paraquat",2014,1.5,2129.7,"Cass County","IA"
19,29,"2,4-D",2014,21237.2,21237.2,"Cass County","IA"
19,3,"2,4-D",2014,13242.6,13242.6,"Adams County","IA"
19,3,"Paraquat",2014,0.9,1209.9,"Adams County","IA"
19,3,"Chlorpyrifos",2014,479.2,1293.8,"Adams County","IA"
19,3,"Glyphosate",2014,80680,81226.5,"Adams County","IA"
19,31,"Chlorpyrifos",2014,21.4,1409.3,"Cedar County","IA"
19,31,"2,4-D",2014,6170.6,6168.4,"Cedar County","IA"
19,31,"Paraquat",2014,401.1,851.2,"Cedar County","IA"
19,31,"Glyphosate",2014,122845.3,122887.9,"Cedar County","IA"
19,33,"Chlorpyrifos",2014,2183.8,2223.5,"Cerro Gordo County","IA"
19,33,"Paraquat",2014,1.9,1921.4,"Cerro Gordo County","IA"
19,33,"2,4-D",2014,2844.4,2843.9,"Cerro Gordo County","IA"
19,33,"Glyphosate",2014,123924.8,123937.3,"Cerro Gordo County","IA"
19,35,"Chlorpyrifos",2014,1659.7,1725,"Cherokee County","IA"
19,35,"Paraquat",2014,1.9,2370.1,"Cherokee County","IA"
19,35,"2,4-D",2014,9543.6,9547.3,"Cherokee County","IA"
19,35,"Glyphosate",2014,154762.4,156271.5,"Cherokee County","IA"
19,37,"Chlorpyrifos",2014,421.5,439.2,"Chickasaw County","IA"
19,37,"Paraquat",2014,3.6,1213.8,"Chickasaw County","IA"
19,37,"Glyphosate",2014,109323.4,109581,"Chickasaw County","IA"
19,37,"2,4-D",2014,1779.6,1783.4,"Chickasaw County","IA"
19,39,"Paraquat",2014,0.5,702.9,"Clarke County","IA"
19,39,"Glyphosate",2014,40117.4,41234.9,"Clarke County","IA"
19,39,"2,4-D",2014,3874.5,3874.5,"Clarke County","IA"
19,39,"Chlorpyrifos",2014,1.4,907.4,"Clarke County","IA"
19,41,"Paraquat",2014,1.9,2305.2,"Clay County","IA"
19,41,"Chlorpyrifos",2014,1634.8,1691.3,"Clay County","IA"
19,41,"Glyphosate",2014,157099.3,157778.5,"Clay County","IA"
19,41,"2,4-D",2014,5831.2,5831.2,"Clay County","IA"
19,43,"Glyphosate",2014,91852.9,92769.6,"Clayton County","IA"
19,43,"Paraquat",2014,1.4,944.5,"Clayton County","IA"
19,43,"Chlorpyrifos",2014,302,374.9,"Clayton County","IA"
19,43,"2,4-D",2014,2617.8,2645.8,"Clayton County","IA"
19,45,"Chlorpyrifos",2014,41.1,1699.4,"Clinton County","IA"
19,45,"Glyphosate",2014,136142.6,136221.9,"Clinton County","IA"
19,45,"Paraquat",2014,398.4,969.1,"Clinton County","IA"
19,45,"2,4-D",2014,6535.5,6535.5,"Clinton County","IA"
19,47,"Paraquat",2014,2.6,2813.8,"Crawford County","IA"
19,47,"Chlorpyrifos",2014,184.7,536.3,"Crawford County","IA"
19,47,"Glyphosate",2014,186456.1,186927.1,"Crawford County","IA"
19,47,"2,4-D",2014,12291,12291.1,"Crawford County","IA"
19,49,"Paraquat",2014,1881.1,1906.2,"Dallas County","IA"
19,49,"Chlorpyrifos",2014,1423.8,1436.8,"Dallas County","IA"
19,49,"Glyphosate",2014,116825.6,117295.7,"Dallas County","IA"
19,49,"2,4-D",2014,8643.9,8643.9,"Dallas County","IA"
19,5,"Chlorpyrifos",2014,175.2,244.5,"Allamakee County","IA"
19,5,"Paraquat",2014,2.7,543.5,"Allamakee County","IA"
19,5,"2,4-D",2014,2909,2933,"Allamakee County","IA"
19,5,"Glyphosate",2014,53499.6,54847.5,"Allamakee County","IA"
19,51,"Paraquat",2014,12.2,670.2,"Davis County","IA"
19,51,"Chlorpyrifos",2014,458,611.7,"Davis County","IA"
19,51,"Glyphosate",2014,55489.7,55734.3,"Davis County","IA"
19,51,"2,4-D",2014,4546.2,4548.6,"Davis County","IA"
19,53,"Paraquat",2014,0.5,752.3,"Decatur County","IA"
19,53,"2,4-D",2014,4449.9,4449.9,"Decatur County","IA"
19,53,"Chlorpyrifos",2014,1.4,702.7,"Decatur County","IA"
19,53,"Glyphosate",2014,42310.9,43266.3,"Decatur County","IA"
19,55,"Glyphosate",2014,111872.3,112376.2,"Delaware County","IA"
19,55,"2,4-D",2014,2101.7,2106,"Delaware County","IA"
19,55,"Paraquat",2014,2.5,1115.6,"Delaware County","IA"
19,55,"Chlorpyrifos",2014,343.7,385.9,"Delaware County","IA"
19,57,"Paraquat",2014,9.7,850.1,"Des Moines County","IA"
19,57,"2,4-D",2014,5554.5,5554.6,"Des Moines County","IA"
19,57,"Chlorpyrifos",2014,631.5,807.4,"Des Moines County","IA"
19,57,"Glyphosate",2014,72188.6,72282.1,"Des Moines County","IA"
19,59,"Paraquat",2014,0.7,1421.6,"Dickinson County","IA"
19,59,"Chlorpyrifos",2014,1005.7,1073.1,"Dickinson County","IA"
19,59,"Glyphosate",2014,94655.8,95126.9,"Dickinson County","IA"
19,59,"2,4-D",2014,3550.4,3550.4,"Dickinson County","IA"
19,61,"Paraquat",2014,7.5,780.3,"Dubuque County","IA"
19,61,"Glyphosate",2014,79478.7,80314.2,"Dubuque County","IA"
19,61,"Chlorpyrifos",2014,249.2,325.7,"Dubuque County","IA"
19,61,"2,4-D",2014,2291.8,2317.2,"Dubuque County","IA"
19,63,"Chlorpyrifos",2014,1148.3,1187.8,"Emmet County","IA"
19,63,"2,4-D",2014,4075.6,4075.6,"Emmet County","IA"
19,63,"Paraquat",2014,NA,1622.7,"Emmet County","IA"
19,63,"Glyphosate",2014,111410.8,111881.9,"Emmet County","IA"
19,65,"Paraquat",2014,1.2,1559.8,"Fayette County","IA"
19,65,"2,4-D",2014,2721.2,2734.6,"Fayette County","IA"
19,65,"Chlorpyrifos",2014,535.8,584.2,"Fayette County","IA"
19,65,"Glyphosate",2014,141022.3,141593,"Fayette County","IA"
19,67,"Chlorpyrifos",2014,1975.7,2074.7,"Floyd County","IA"
19,67,"Glyphosate",2014,109669.4,109700.4,"Floyd County","IA"
19,67,"2,4-D",2014,2832.9,2832.8,"Floyd County","IA"
19,67,"Paraquat",2014,0.9,1794.1,"Floyd County","IA"
19,69,"Chlorpyrifos",2014,2451.3,2502,"Franklin County","IA"
19,69,"Glyphosate",2014,139097.7,139112.8,"Franklin County","IA"
19,69,"2,4-D",2014,3078.6,3079.8,"Franklin County","IA"
19,69,"Paraquat",2014,2.1,2155.4,"Franklin County","IA"
19,7,"Chlorpyrifos",2014,1.4,643.3,"Appanoose County","IA"
19,7,"2,4-D",2014,4139.7,4139.7,"Appanoose County","IA"
19,7,"Paraquat",2014,0.5,746.8,"Appanoose County","IA"
19,7,"Glyphosate",2014,42677.8,43409.5,"Appanoose County","IA"
19,71,"Chlorpyrifos",2014,768.2,1367.7,"Fremont County","IA"
19,71,"Glyphosate",2014,127398.5,127515.7,"Fremont County","IA"
19,71,"2,4-D",2014,18632,18632,"Fremont County","IA"
19,71,"Paraquat",2014,1.5,1927.6,"Fremont County","IA"
19,73,"2,4-D",2014,9343.2,9347,"Greene County","IA"
19,73,"Glyphosate",2014,151567,151752.3,"Greene County","IA"
19,73,"Chlorpyrifos",2014,149.3,408.4,"Greene County","IA"
19,73,"Paraquat",2014,2,2269.2,"Greene County","IA"
19,75,"Glyphosate",2014,141830.7,141985,"Grundy County","IA"
19,75,"2,4-D",2014,9357.1,9357.1,"Grundy County","IA"
19,75,"Chlorpyrifos",2014,1624.3,1630.1,"Grundy County","IA"
19,75,"Paraquat",2014,2349.9,2357.8,"Grundy County","IA"
19,77,"Chlorpyrifos",2014,109.1,329.3,"Guthrie County","IA"
19,77,"Glyphosate",2014,105163.6,105692.7,"Guthrie County","IA"
19,77,"2,4-D",2014,8004.6,8007.4,"Guthrie County","IA"
19,77,"Paraquat",2014,0.3,1688.6,"Guthrie County","IA"
19,79,"Glyphosate",2014,145364.4,145524.9,"Hamilton County","IA"
19,79,"Chlorpyrifos",2014,1901.2,1907.7,"Hamilton County","IA"
19,79,"2,4-D",2014,9680,9680,"Hamilton County","IA"
19,79,"Paraquat",2014,2248.1,2256.6,"Hamilton County","IA"
19,81,"Glyphosate",2014,132849.4,132870.1,"Hancock County","IA"
19,81,"2,4-D",2014,2513.8,2514.8,"Hancock County","IA"
19,81,"Chlorpyrifos",2014,2350.5,2416.5,"Hancock County","IA"
19,81,"Paraquat",2014,1.8,2070.8,"Hancock County","IA"
19,83,"Glyphosate",2014,134484.6,134821.1,"Hardin County","IA"
19,83,"Chlorpyrifos",2014,1800.4,1812.8,"Hardin County","IA"
19,83,"2,4-D",2014,9447.9,9447.9,"Hardin County","IA"
19,83,"Paraquat",2014,2059.2,2076.5,"Hardin County","IA"
19,85,"Glyphosate",2014,160360.6,160608.6,"Harrison County","IA"
19,85,"Chlorpyrifos",2014,161.1,440.1,"Harrison County","IA"
19,85,"2,4-D",2014,10669.1,10669.2,"Harrison County","IA"
19,85,"Paraquat",2014,3.5,2411.2,"Harrison County","IA"
19,87,"Glyphosate",2014,80790.1,80931.5,"Henry County","IA"
19,87,"2,4-D",2014,6226.9,6226.9,"Henry County","IA"
19,87,"Chlorpyrifos",2014,727.1,925.5,"Henry County","IA"
19,87,"Paraquat",2014,2.7,944.1,"Henry County","IA"
19,89,"2,4-D",2014,1669.7,1675,"Howard County","IA"
19,89,"Chlorpyrifos",2014,405.7,424,"Howard County","IA"
19,89,"Paraquat",2014,4.3,1152.1,"Howard County","IA"
19,89,"Glyphosate",2014,102448.7,102676.2,"Howard County","IA"
19,9,"Chlorpyrifos",2014,123.6,312.3,"Audubon County","IA"
19,9,"2,4-D",2014,6655.9,6658.8,"Audubon County","IA"
19,9,"Paraquat",2014,3.8,1726.1,"Audubon County","IA"
19,9,"Glyphosate",2014,109115.3,109353.5,"Audubon County","IA"
19,91,"2,4-D",2014,2114.2,2115.1,"Humboldt County","IA"
19,91,"Paraquat",2014,1.6,1774.2,"Humboldt County","IA"
19,91,"Glyphosate",2014,106980.5,106987.2,"Humboldt County","IA"
19,91,"Chlorpyrifos",2014,1947,1968.2,"Humboldt County","IA"
19,93,"2,4-D",2014,7346.2,7349.1,"Ida County","IA"
19,93,"Paraquat",2014,NA,1819.7,"Ida County","IA"
19,93,"Glyphosate",2014,117754,118022.4,"Ida County","IA"
19,93,"Chlorpyrifos",2014,117.6,329.3,"Ida County","IA"
19,95,"2,4-D",2014,5769.7,5764.9,"Iowa County","IA"
19,95,"Paraquat",2014,348.1,703.1,"Iowa County","IA"
19,95,"Glyphosate",2014,102627.7,102707.6,"Iowa County","IA"
19,95,"Chlorpyrifos",2014,36.8,1161,"Iowa County","IA"
19,97,"Paraquat",2014,181.1,530.3,"Jackson County","IA"
19,97,"2,4-D",2014,4601.3,4601,"Jackson County","IA"
19,97,"Glyphosate",2014,72213.6,72361,"Jackson County","IA"
19,97,"Chlorpyrifos",2014,69.4,1025.7,"Jackson County","IA"
19,99,"Paraquat",2014,2552.8,2589.9,"Jasper County","IA"
19,99,"Glyphosate",2014,154144.5,154868.9,"Jasper County","IA"
19,99,"2,4-D",2014,11552.3,11551.4,"Jasper County","IA"
19,99,"Chlorpyrifos",2014,1771.4,1805.1,"Jasper County","IA"
20,1,"Chlorpyrifos",2014,31.1,565,"Allen County","KS"
20,1,"Glyphosate",2014,64332.7,64446.2,"Allen County","KS"
20,1,"2,4-D",2014,2942.1,2987.3,"Allen County","KS"
20,1,"Malathion",2014,NA,167,"Allen County","KS"
20,1,"Paraquat",2014,36.6,296.2,"Allen County","KS"
20,101,"Paraquat",2014,985,1408.6,"Lane County","KS"
20,101,"2,4-D",2014,31471,31601.7,"Lane County","KS"
20,101,"Chlorpyrifos",2014,294,757.2,"Lane County","KS"
20,101,"Glyphosate",2014,103392,103436.9,"Lane County","KS"
20,101,"Malathion",2014,NA,841.5,"Lane County","KS"
20,103,"Paraquat",2014,NA,687.3,"Leavenworth County","KS"
20,103,"2,4-D",2014,7232.1,7237,"Leavenworth County","KS"
20,103,"Chlorpyrifos",2014,283,377.8,"Leavenworth County","KS"
20,103,"Glyphosate",2014,36503.2,36776.2,"Leavenworth County","KS"
20,105,"Paraquat",2014,30.9,2231.9,"Lincoln County","KS"
20,105,"Glyphosate",2014,67085.1,67238.3,"Lincoln County","KS"
20,105,"2,4-D",2014,17799.9,17799.9,"Lincoln County","KS"
20,105,"Chlorpyrifos",2014,367.6,891.8,"Lincoln County","KS"
20,105,"Malathion",2014,NA,839,"Lincoln County","KS"
20,107,"Glyphosate",2014,34556.5,34800.4,"Linn County","KS"
20,107,"Chlorpyrifos",2014,26.8,419,"Linn County","KS"
20,107,"2,4-D",2014,5377.2,5398.1,"Linn County","KS"
20,107,"Paraquat",2014,2677.9,2685.4,"Linn County","KS"
20,109,"Glyphosate",2014,147770.5,147876.4,"Logan County","KS"
20,109,"Paraquat",2014,856,1406.1,"Logan County","KS"
20,109,"Chlorpyrifos",2014,836.3,1431.7,"Logan County","KS"
20,109,"2,4-D",2014,35982.4,36269.7,"Logan County","KS"
20,109,"Malathion",2014,NA,1163.1,"Logan County","KS"
20,11,"2,4-D",2014,1787.6,1864.6,"Bourbon County","KS"
20,11,"Chlorpyrifos",2014,61.6,312.5,"Bourbon County","KS"
20,11,"Paraquat",2014,5.8,138.3,"Bourbon County","KS"
20,11,"Malathion",2014,NA,76.2,"Bourbon County","KS"
20,11,"Glyphosate",2014,33061.1,33271.3,"Bourbon County","KS"
20,111,"Glyphosate",2014,45975.4,47079.9,"Lyon County","KS"
20,111,"Chlorpyrifos",2014,262.9,876.9,"Lyon County","KS"
20,111,"2,4-D",2014,7634.2,7797.1,"Lyon County","KS"
20,111,"Paraquat",2014,3084,3128.8,"Lyon County","KS"
20,113,"Paraquat",2014,91.2,5000.8,"McPherson County","KS"
20,113,"Glyphosate",2014,144037.1,144159.4,"McPherson County","KS"
20,113,"2,4-D",2014,29424.2,29424.2,"McPherson County","KS"
20,113,"Chlorpyrifos",2014,390.5,1538.4,"McPherson County","KS"
20,113,"Malathion",2014,NA,1884.6,"McPherson County","KS"
20,115,"Glyphosate",2014,136432.4,136638.1,"Marion County","KS"
20,115,"2,4-D",2014,24950.4,24961.1,"Marion County","KS"
20,115,"Malathion",2014,NA,1224.4,"Marion County","KS"
20,115,"Chlorpyrifos",2014,1685.3,2689.5,"Marion County","KS"
20,115,"Paraquat",2014,60.9,4165.7,"Marion County","KS"
20,117,"Glyphosate",2014,191728.8,194924,"Marshall County","KS"
20,117,"2,4-D",2014,35412.4,35431.3,"Marshall County","KS"
20,117,"Chlorpyrifos",2014,1656.3,2171,"Marshall County","KS"
20,117,"Paraquat",2014,NA,3327.5,"Marshall County","KS"
20,119,"Malathion",2014,NA,622.9,"Meade County","KS"
20,119,"Glyphosate",2014,76583.2,76679,"Meade County","KS"
20,119,"2,4-D",2014,21305.5,21305.5,"Meade County","KS"
20,119,"Chlorpyrifos",2014,1697.3,1917.6,"Meade County","KS"
20,119,"Paraquat",2014,488.3,842.6,"Meade County","KS"
20,121,"Chlorpyrifos",2014,19.8,391.2,"Miami County","KS"
20,121,"Glyphosate",2014,29572.1,29848.1,"Miami County","KS"
20,121,"2,4-D",2014,4495.2,4537.9,"Miami County","KS"
20,121,"Paraquat",2014,2151.2,2165.4,"Miami County","KS"
20,123,"2,4-D",2014,27784.9,27784.9,"Mitchell County","KS"
20,123,"Glyphosate",2014,106352.6,106402.5,"Mitchell County","KS"
20,123,"Paraquat",2014,NA,3954.8,"Mitchell County","KS"
20,123,"Chlorpyrifos",2014,392.1,2601.2,"Mitchell County","KS"
20,125,"Glyphosate",2014,64279.9,64469.8,"Montgomery County","KS"
20,125,"Paraquat",2014,27.1,366,"Montgomery County","KS"
20,125,"2,4-D",2014,4042,4128.6,"Montgomery County","KS"
20,125,"Malathion",2014,NA,314.5,"Montgomery County","KS"
20,125,"Chlorpyrifos",2014,71,636.1,"Montgomery County","KS"
20,127,"Glyphosate",2014,31949.2,32635.7,"Morris County","KS"
20,127,"2,4-D",2014,5685.5,5720.6,"Morris County","KS"
20,127,"Chlorpyrifos",2014,197.9,905,"Morris County","KS"
20,127,"Paraquat",2014,1928.1,2025.8,"Morris County","KS"
20,129,"Malathion",2014,NA,701.1,"Morton County","KS"
20,129,"Chlorpyrifos",2014,448.7,712.2,"Morton County","KS"
20,129,"2,4-D",2014,21031,21031,"Morton County","KS"
20,129,"Paraquat",2014,833.7,1249,"Morton County","KS"
20,129,"Glyphosate",2014,58088.4,58112.9,"Morton County","KS"
20,13,"2,4-D",2014,29850.3,29880.8,"Brown County","KS"
20,13,"Chlorpyrifos",2014,1298.8,1640,"Brown County","KS"
20,13,"Paraquat",2014,NA,2606.4,"Brown County","KS"
20,13,"Glyphosate",2014,167016.5,167305,"Brown County","KS"
20,131,"Glyphosate",2014,167888.3,168803.2,"Nemaha County","KS"
20,131,"Paraquat",2014,NA,2662,"Nemaha County","KS"
20,131,"2,4-D",2014,31013.5,31023.8,"Nemaha County","KS"
20,131,"Chlorpyrifos",2014,1543.2,1909.4,"Nemaha County","KS"
20,133,"Glyphosate",2014,62354.2,62489.9,"Neosho County","KS"
20,133,"2,4-D",2014,3185.2,3328.8,"Neosho County","KS"
20,133,"Malathion",2014,NA,202.6,"Neosho County","KS"
20,133,"Paraquat",2014,41.6,307.1,"Neosho County","KS"
20,133,"Chlorpyrifos",2014,36.1,587.7,"Neosho County","KS"
20,135,"Chlorpyrifos",2014,48.8,709.4,"Ness County","KS"
20,135,"Glyphosate",2014,105965.2,106067.3,"Ness County","KS"
20,135,"2,4-D",2014,34628.6,34925.6,"Ness County","KS"
20,135,"Malathion",2014,NA,1047,"Ness County","KS"
20,135,"Paraquat",2014,1001.4,1494.5,"Ness County","KS"
20,137,"Chlorpyrifos",2014,866.6,1583.1,"Norton County","KS"
20,137,"Glyphosate",2014,80015.6,80105.5,"Norton County","KS"
20,137,"2,4-D",2014,15287,16984.3,"Norton County","KS"
20,137,"Paraquat",2014,812.4,3802,"Norton County","KS"
20,139,"Glyphosate",2014,49746.6,50781.8,"Osage County","KS"
20,139,"Chlorpyrifos",2014,55.4,763.3,"Osage County","KS"
20,139,"Paraquat",2014,3258.1,3303.2,"Osage County","KS"
20,139,"2,4-D",2014,7124.7,7344.1,"Osage County","KS"
20,141,"Glyphosate",2014,85157.8,85236.9,"Osborne County","KS"
20,141,"Paraquat",2014,NA,2684.7,"Osborne County","KS"
20,141,"Chlorpyrifos",2014,298,2591.3,"Osborne County","KS"
20,141,"2,4-D",2014,24851.9,24851.9,"Osborne County","KS"
20,143,"Chlorpyrifos",2014,734.1,2161.7,"Ottawa County","KS"
20,143,"Glyphosate",2014,90925.1,90993.7,"Ottawa County","KS"
20,143,"Paraquat",2014,NA,3478.3,"Ottawa County","KS"
20,143,"2,4-D",2014,20924.6,20924.6,"Ottawa County","KS"
20,145,"Glyphosate",2014,67066.8,67159.6,"Pawnee County","KS"
20,145,"Malathion",2014,1349.8,1349.8,"Pawnee County","KS"
20,145,"Chlorpyrifos",2014,2205.5,3151.4,"Pawnee County","KS"
20,145,"Paraquat",2014,776.3,1660.2,"Pawnee County","KS"
20,145,"2,4-D",2014,20845.4,20845.4,"Pawnee County","KS"
20,147,"Chlorpyrifos",2014,682.9,3063.3,"Phillips County","KS"
20,147,"Paraquat",2014,NA,2949,"Phillips County","KS"
20,147,"Glyphosate",2014,89710.3,89810.8,"Phillips County","KS"
20,147,"2,4-D",2014,25154.9,25154.9,"Phillips County","KS"
20,149,"Chlorpyrifos",2014,897,1036.4,"Pottawatomie County","KS"
20,149,"Glyphosate",2014,61561.9,62136.4,"Pottawatomie County","KS"
20,149,"Paraquat",2014,NA,1018.5,"Pottawatomie County","KS"
20,149,"2,4-D",2014,14405.9,14405.9,"Pottawatomie County","KS"
20,15,"2,4-D",2014,6587.4,6615.2,"Butler County","KS"
20,15,"Chlorpyrifos",2014,169.8,1300.4,"Butler County","KS"
20,15,"Malathion",2014,NA,453.2,"Butler County","KS"
20,15,"Glyphosate",2014,92482.7,93001,"Butler County","KS"
20,15,"Paraquat",2014,96,533.8,"Butler County","KS"
20,151,"Chlorpyrifos",2014,512.1,5368.9,"Pratt County","KS"
20,151,"Glyphosate",2014,64748.6,64876.6,"Pratt County","KS"
20,151,"Malathion",2014,1824,1824,"Pratt County","KS"
20,151,"Paraquat",2014,1208.8,1557.3,"Pratt County","KS"
20,151,"2,4-D",2014,15781.8,15781.8,"Pratt County","KS"
20,153,"Paraquat",2014,1673.1,4523.5,"Rawlins County","KS"
20,153,"Glyphosate",2014,116532.2,116881.7,"Rawlins County","KS"
20,153,"2,4-D",2014,27694.3,28679.2,"Rawlins County","KS"
20,153,"Chlorpyrifos",2014,949.5,2073,"Rawlins County","KS"
20,155,"Paraquat",2014,1520.4,2199,"Reno County","KS"
20,155,"Malathion",2014,2412.9,2412.9,"Reno County","KS"
20,155,"Glyphosate",2014,97003.7,97224,"Reno County","KS"
20,155,"Chlorpyrifos",2014,2429.2,3711.6,"Reno County","KS"
20,155,"2,4-D",2014,18693.9,18693.9,"Reno County","KS"
20,157,"Paraquat",2014,NA,7645.8,"Republic County","KS"
20,157,"Glyphosate",2014,163034.7,163072.8,"Republic County","KS"
20,157,"Chlorpyrifos",2014,868.9,2820.9,"Republic County","KS"
20,157,"2,4-D",2014,29176.6,29176.6,"Republic County","KS"
20,159,"Malathion",2014,NA,1506.1,"Rice County","KS"
20,159,"Glyphosate",2014,116255.5,116332.9,"Rice County","KS"
20,159,"Chlorpyrifos",2014,605.7,1510.2,"Rice County","KS"
20,159,"Paraquat",2014,36.1,3564.1,"Rice County","KS"
20,159,"2,4-D",2014,26952.1,26952.1,"Rice County","KS"
20,161,"Glyphosate",2014,42361.8,43621.1,"Riley County","KS"
20,161,"2,4-D",2014,9267.7,9274.7,"Riley County","KS"
20,161,"Paraquat",2014,NA,858.1,"Riley County","KS"
20,161,"Chlorpyrifos",2014,725.7,862.3,"Riley County","KS"
20,163,"Glyphosate",2014,86242.8,86348.5,"Rooks County","KS"
20,163,"Paraquat",2014,NA,2419.9,"Rooks County","KS"
20,163,"2,4-D",2014,26902.3,26902.3,"Rooks County","KS"
20,163,"Chlorpyrifos",2014,400.5,2604.2,"Rooks County","KS"
20,165,"Paraquat",2014,NA,1557.5,"Rush County","KS"
20,165,"Glyphosate",2014,63936.3,64046.3,"Rush County","KS"
20,165,"2,4-D",2014,22979.1,22979.1,"Rush County","KS"
20,165,"Malathion",2014,NA,931.2,"Rush County","KS"
20,165,"Chlorpyrifos",2014,376,850,"Rush County","KS"
20,167,"Glyphosate",2014,49115.4,49284.8,"Russell County","KS"
20,167,"Paraquat",2014,22.2,1299.9,"Russell County","KS"
20,167,"Chlorpyrifos",2014,198.7,595.4,"Russell County","KS"
20,167,"Malathion",2014,NA,671.7,"Russell County","KS"
20,167,"2,4-D",2014,16881.7,16881.7,"Russell County","KS"
20,169,"Glyphosate",2014,75256.5,75357,"Saline County","KS"
20,169,"2,4-D",2014,16941.3,16941.3,"Saline County","KS"
20,169,"Chlorpyrifos",2014,536.5,1125.4,"Saline County","KS"
20,169,"Malathion",2014,NA,1158.2,"Saline County","KS"
20,169,"Paraquat",2014,35.1,2882.2,"Saline County","KS"
20,17,"2,4-D",2014,2486.7,2497.9,"Chase County","KS"
20,17,"Chlorpyrifos",2014,149.5,308.2,"Chase County","KS"
20,17,"Paraquat",2014,914.9,927.3,"Chase County","KS"
20,17,"Glyphosate",2014,12446.9,12951.9,"Chase County","KS"
20,171,"Paraquat",2014,900.6,1487.2,"Scott County","KS"
20,171,"Chlorpyrifos",2014,534,1132.6,"Scott County","KS"
20,171,"Malathion",2014,NA,1188.9,"Scott County","KS"
20,171,"2,4-D",2014,36584.6,36687.5,"Scott County","KS"
20,171,"Glyphosate",2014,137727,137784.9,"Scott County","KS"
20,173,"Chlorpyrifos",2014,1544.6,2750.8,"Sedgwick County","KS"
20,173,"Paraquat",2014,1106.4,1700.1,"Sedgwick County","KS"
20,173,"Glyphosate",2014,89490.1,89577.2,"Sedgwick County","KS"
20,173,"Malathion",2014,1861.1,1861.1,"Sedgwick County","KS"
20,173,"2,4-D",2014,15529.4,15529.4,"Sedgwick County","KS"
20,175,"Chlorpyrifos",2014,1544.4,1742,"Seward County","KS"
20,175,"Glyphosate",2014,69147.4,69184.1,"Seward County","KS"
20,175,"Paraquat",2014,654.6,948.9,"Seward County","KS"
20,175,"Malathion",2014,NA,428.3,"Seward County","KS"
20,175,"2,4-D",2014,19159.5,19159.5,"Seward County","KS"
20,177,"2,4-D",2014,4112.1,4118.3,"Shawnee County","KS"
20,177,"Chlorpyrifos",2014,40.2,500.1,"Shawnee County","KS"
20,177,"Glyphosate",2014,31929.8,32078.5,"Shawnee County","KS"
20,177,"Paraquat",2014,1727.2,1735.7,"Shawnee County","KS"
20,179,"Glyphosate",2014,128200.9,128279.9,"Sheridan County","KS"
20,179,"Chlorpyrifos",2014,1777.4,2556.9,"Sheridan County","KS"
20,179,"2,4-D",2014,24765.1,26828.8,"Sheridan County","KS"
20,179,"Paraquat",2014,1334.5,6005.6,"Sheridan County","KS"
20,181,"Chlorpyrifos",2014,2812.5,3546.5,"Sherman County","KS"
20,181,"2,4-D",2014,30243.5,30891.6,"Sherman County","KS"
20,181,"Glyphosate",2014,124282.9,124434.2,"Sherman County","KS"
20,181,"Paraquat",2014,2665.4,6284.7,"Sherman County","KS"
20,183,"Chlorpyrifos",2014,486.4,3452.1,"Smith County","KS"
20,183,"2,4-D",2014,34556.2,34556.2,"Smith County","KS"
20,183,"Glyphosate",2014,141459.6,141523.8,"Smith County","KS"
20,183,"Paraquat",2014,NA,5340.8,"Smith County","KS"
20,185,"Chlorpyrifos",2014,1850.6,3666.9,"Stafford County","KS"
20,185,"2,4-D",2014,15174.1,15174.1,"Stafford County","KS"
20,185,"Malathion",2014,1457.1,1457.1,"Stafford County","KS"
20,185,"Paraquat",2014,897.8,1292.1,"Stafford County","KS"
20,185,"Glyphosate",2014,73909.9,74025.1,"Stafford County","KS"
20,187,"2,4-D",2014,27164.5,27164.5,"Stanton County","KS"
20,187,"Malathion",2014,NA,1060.7,"Stanton County","KS"
20,187,"Glyphosate",2014,79346.9,79359.4,"Stanton County","KS"
20,187,"Paraquat",2014,941.8,1545.2,"Stanton County","KS"
20,187,"Chlorpyrifos",2014,1060,1405.4,"Stanton County","KS"
20,189,"2,4-D",2014,26294.4,26294.4,"Stevens County","KS"
20,189,"Paraquat",2014,1069,1527.3,"Stevens County","KS"
20,189,"Malathion",2014,NA,589.1,"Stevens County","KS"
20,189,"Glyphosate",2014,104871.7,104911.2,"Stevens County","KS"
20,189,"Chlorpyrifos",2014,2444.2,2749.1,"Stevens County","KS"
20,19,"2,4-D",2014,1280,1283.4,"Chautauqua County","KS"
20,19,"Chlorpyrifos",2014,45.9,108.3,"Chautauqua County","KS"
20,19,"Glyphosate",2014,7044.3,7312.5,"Chautauqua County","KS"
20,19,"Malathion",2014,NA,60.4,"Chautauqua County","KS"
20,19,"Paraquat",2014,NA,52.7,"Chautauqua County","KS"
20,191,"Paraquat",2014,2356.7,3210.6,"Sumner County","KS"
20,191,"Malathion",2014,3601.1,3601.1,"Sumner County","KS"
20,191,"2,4-D",2014,25770.3,25770.3,"Sumner County","KS"
20,191,"Glyphosate",2014,117055.1,117181.2,"Sumner County","KS"
20,191,"Chlorpyrifos",2014,1400.4,5225.2,"Sumner County","KS"
20,193,"Paraquat",2014,2150.6,8371.3,"Thomas County","KS"
20,193,"Glyphosate",2014,157491.3,157599.5,"Thomas County","KS"
20,193,"Chlorpyrifos",2014,2347.1,3034.6,"Thomas County","KS"
20,193,"2,4-D",2014,32500.8,33934.9,"Thomas County","KS"
20,195,"Paraquat",2014,924.1,1288.3,"Trego County","KS"
20,195,"2,4-D",2014,27897.1,28112.2,"Trego County","KS"
20,195,"Malathion",2014,NA,683.3,"Trego County","KS"
20,195,"Chlorpyrifos",2014,183.7,905.5,"Trego County","KS"
20,195,"Glyphosate",2014,94390.6,94464.5,"Trego County","KS"
20,197,"2,4-D",2014,2890.8,2918.3,"Wabaunsee County","KS"
20,197,"Chlorpyrifos",2014,87.1,384.9,"Wabaunsee County","KS"
20,197,"Glyphosate",2014,20297.5,20784.8,"Wabaunsee County","KS"
20,197,"Paraquat",2014,1240.7,1254.9,"Wabaunsee County","KS"
20,199,"2,4-D",2014,38417.5,38577,"Wallace County","KS"
20,199,"Malathion",2014,NA,1087.6,"Wallace County","KS"
20,199,"Paraquat",2014,907.3,1427.6,"Wallace County","KS"
20,199,"Glyphosate",2014,146774.2,146885.4,"Wallace County","KS"
20,199,"Chlorpyrifos",2014,920.7,1383.5,"Wallace County","KS"
20,201,"2,4-D",2014,30821.7,30821.7,"Washington County","KS"
20,201,"Glyphosate",2014,167915,167981.9,"Washington County","KS"
20,201,"Paraquat",2014,NA,7626.9,"Washington County","KS"
20,201,"Chlorpyrifos",2014,454.2,2522.4,"Washington County","KS"
20,203,"Malathion",2014,NA,898.3,"Wichita County","KS"
20,203,"Paraquat",2014,929.7,1388.6,"Wichita County","KS"
20,203,"2,4-D",2014,36101.7,36218.9,"Wichita County","KS"
20,203,"Chlorpyrifos",2014,445.7,933.6,"Wichita County","KS"
20,203,"Glyphosate",2014,130745.5,130785.8,"Wichita County","KS"
20,205,"Malathion",2014,NA,294.1,"Wilson County","KS"
20,205,"2,4-D",2014,3984.2,4033.1,"Wilson County","KS"
20,205,"Paraquat",2014,31.9,366.4,"Wilson County","KS"
20,205,"Glyphosate",2014,71115.1,71228.4,"Wilson County","KS"
20,205,"Chlorpyrifos",2014,30.9,683.7,"Wilson County","KS"
20,207,"Paraquat",2014,137.6,337.8,"Woodson County","KS"
20,207,"Glyphosate",2014,38093.5,38259.2,"Woodson County","KS"
20,207,"Malathion",2014,NA,193.6,"Woodson County","KS"
20,207,"2,4-D",2014,2501.1,2774.6,"Woodson County","KS"
20,207,"Chlorpyrifos",2014,71.3,481,"Woodson County","KS"
20,209,"Paraquat",2014,NA,59,"Wyandotte County","KS"
20,209,"2,4-D",2014,627,627,"Wyandotte County","KS"
20,209,"Chlorpyrifos",2014,20.9,28.9,"Wyandotte County","KS"
20,209,"Glyphosate",2014,3322.8,3334.1,"Wyandotte County","KS"
20,21,"2,4-D",2014,5960.3,6051.9,"Cherokee County","KS"
20,21,"Paraquat",2014,40.5,608,"Cherokee County","KS"
20,21,"Malathion",2014,NA,508.2,"Cherokee County","KS"
20,21,"Chlorpyrifos",2014,93.4,980.3,"Cherokee County","KS"
20,21,"Glyphosate",2014,100305.1,100365.8,"Cherokee County","KS"
20,23,"Paraquat",2014,2132.5,4374.8,"Cheyenne County","KS"
20,23,"2,4-D",2014,24925.1,25725.6,"Cheyenne County","KS"
20,23,"Chlorpyrifos",2014,1155.8,1739.3,"Cheyenne County","KS"
20,23,"Glyphosate",2014,96063.5,96153.9,"Cheyenne County","KS"
20,25,"Paraquat",2014,430.4,679.1,"Clark County","KS"
20,25,"Chlorpyrifos",2014,222.3,379.2,"Clark County","KS"
20,25,"2,4-D",2014,9944,9944,"Clark County","KS"
20,25,"Malathion",2014,NA,437.2,"Clark County","KS"
20,25,"Glyphosate",2014,23841.1,23968.6,"Clark County","KS"
20,27,"Paraquat",2014,NA,5887,"Clay County","KS"
20,27,"2,4-D",2014,26371.8,26371.8,"Clay County","KS"
20,27,"Glyphosate",2014,137708.3,137753.7,"Clay County","KS"
20,27,"Chlorpyrifos",2014,281.4,1928.5,"Clay County","KS"
20,29,"Paraquat",2014,NA,4310.9,"Cloud County","KS"
20,29,"2,4-D",2014,23771.9,23771.9,"Cloud County","KS"
20,29,"Chlorpyrifos",2014,668.1,2668,"Cloud County","KS"
20,29,"Glyphosate",2014,107184.8,107225.5,"Cloud County","KS"
20,3,"Chlorpyrifos",2014,75.3,850.5,"Anderson County","KS"
20,3,"2,4-D",2014,7786.2,7947.4,"Anderson County","KS"
20,3,"Paraquat",2014,3356.3,3395,"Anderson County","KS"
20,3,"Glyphosate",2014,54022.6,54850.9,"Anderson County","KS"
20,31,"2,4-D",2014,8024.3,8050.6,"Coffey County","KS"
20,31,"Chlorpyrifos",2014,51.3,677,"Coffey County","KS"
20,31,"Paraquat",2014,3351.8,3376.2,"Coffey County","KS"
20,31,"Glyphosate",2014,47387,47680.4,"Coffey County","KS"
20,33,"Paraquat",2014,240.8,455,"Comanche County","KS"
20,33,"Glyphosate",2014,8526.8,8941,"Comanche County","KS"
20,33,"Malathion",2014,418.4,418.4,"Comanche County","KS"
20,33,"2,4-D",2014,4277,4277,"Comanche County","KS"
20,33,"Chlorpyrifos",2014,541.6,693.4,"Comanche County","KS"
20,35,"Malathion",2014,NA,767.7,"Cowley County","KS"
20,35,"Paraquat",2014,905.6,1522.7,"Cowley County","KS"
20,35,"Glyphosate",2014,71468.9,71916.7,"Cowley County","KS"
20,35,"2,4-D",2014,7660.4,8135,"Cowley County","KS"
20,35,"Chlorpyrifos",2014,265.5,11426.9,"Cowley County","KS"
20,37,"Paraquat",2014,51.8,416.6,"Crawford County","KS"
20,37,"Malathion",2014,NA,317.3,"Crawford County","KS"
20,37,"2,4-D",2014,4384.2,4449.1,"Crawford County","KS"
20,37,"Glyphosate",2014,79310,79451.2,"Crawford County","KS"
20,37,"Chlorpyrifos",2014,54.1,793.5,"Crawford County","KS"
20,39,"Glyphosate",2014,90672,90745.9,"Decatur County","KS"
20,39,"Paraquat",2014,1234.9,4446.8,"Decatur County","KS"
20,39,"2,4-D",2014,19772.6,20136.2,"Decatur County","KS"
20,39,"Chlorpyrifos",2014,1124.4,2043.3,"Decatur County","KS"
20,41,"Paraquat",2014,54.6,5040.8,"Dickinson County","KS"
20,41,"Malathion",2014,NA,1237,"Dickinson County","KS"
20,41,"2,4-D",2014,24256.9,24256.9,"Dickinson County","KS"
20,41,"Glyphosate",2014,128792.9,128926.4,"Dickinson County","KS"
20,41,"Chlorpyrifos",2014,942,1825.3,"Dickinson County","KS"
20,43,"Chlorpyrifos",2014,885.9,1066.7,"Doniphan County","KS"
20,43,"Glyphosate",2014,103583.2,103625.1,"Doniphan County","KS"
20,43,"Paraquat",2014,NA,1388.1,"Doniphan County","KS"
20,43,"2,4-D",2014,18765.3,18765.3,"Doniphan County","KS"
20,45,"Paraquat",2014,1633.5,1640,"Douglas County","KS"
20,45,"Glyphosate",2014,27422.7,27710.6,"Douglas County","KS"
20,45,"2,4-D",2014,3731.3,3780.3,"Douglas County","KS"
20,45,"Chlorpyrifos",2014,31.7,399,"Douglas County","KS"
20,47,"Glyphosate",2014,73016.5,73152.8,"Edwards County","KS"
20,47,"Malathion",2014,1151.7,1151.7,"Edwards County","KS"
20,47,"Chlorpyrifos",2014,907,1975.7,"Edwards County","KS"
20,47,"Paraquat",2014,685.9,1156.1,"Edwards County","KS"
20,47,"2,4-D",2014,15618,15618,"Edwards County","KS"
20,49,"Paraquat",2014,7.9,71.9,"Elk County","KS"
20,49,"Malathion",2014,NA,53,"Elk County","KS"
20,49,"Glyphosate",2014,11940.8,12187.2,"Elk County","KS"
20,49,"2,4-D",2014,1311.4,1328.6,"Elk County","KS"
20,49,"Chlorpyrifos",2014,25.1,113.1,"Elk County","KS"
20,5,"Chlorpyrifos",2014,707.5,911.6,"Atchison County","KS"
20,5,"2,4-D",2014,17518.1,17518.1,"Atchison County","KS"
20,5,"Paraquat",2014,NA,1529.9,"Atchison County","KS"
20,5,"Glyphosate",2014,95328.9,95579.1,"Atchison County","KS"
20,51,"Paraquat",2014,112.2,1397.5,"Ellis County","KS"
20,51,"Chlorpyrifos",2014,198.3,753.1,"Ellis County","KS"
20,51,"Glyphosate",2014,55920.1,56124,"Ellis County","KS"
20,51,"2,4-D",2014,21720.6,21720.6,"Ellis County","KS"
20,51,"Malathion",2014,NA,833.4,"Ellis County","KS"
20,53,"Glyphosate",2014,47295.7,47466.4,"Ellsworth County","KS"
20,53,"Paraquat",2014,30.4,1576.1,"Ellsworth County","KS"
20,53,"Chlorpyrifos",2014,213.6,599,"Ellsworth County","KS"
20,53,"Malathion",2014,NA,707.3,"Ellsworth County","KS"
20,53,"2,4-D",2014,14057.1,14057.1,"Ellsworth County","KS"
20,55,"Chlorpyrifos",2014,4385.5,5023.3,"Finney County","KS"
20,55,"Paraquat",2014,1889,2674.6,"Finney County","KS"
20,55,"Malathion",2014,NA,1380.8,"Finney County","KS"
20,55,"2,4-D",2014,44266.6,44266.6,"Finney County","KS"
20,55,"Glyphosate",2014,132649.2,132946.4,"Finney County","KS"
20,57,"Chlorpyrifos",2014,1483,2105.3,"Ford County","KS"
20,57,"Malathion",2014,NA,1586,"Ford County","KS"
20,57,"Paraquat",2014,1602.4,2516.4,"Ford County","KS"
20,57,"2,4-D",2014,36023.7,36023.7,"Ford County","KS"
20,57,"Glyphosate",2014,102919.2,102980.8,"Ford County","KS"
20,59,"Chlorpyrifos",2014,55.4,701.8,"Franklin County","KS"
20,59,"Paraquat",2014,3530.3,3565.6,"Franklin County","KS"
20,59,"2,4-D",2014,7224.2,7293.9,"Franklin County","KS"
20,59,"Glyphosate",2014,48581.5,49044.4,"Franklin County","KS"
20,61,"Chlorpyrifos",2014,144.1,431.5,"Geary County","KS"
20,61,"Glyphosate",2014,13267.6,13574.9,"Geary County","KS"
20,61,"2,4-D",2014,2153.8,2166.4,"Geary County","KS"
20,61,"Paraquat",2014,696.2,737.2,"Geary County","KS"
20,63,"Chlorpyrifos",2014,966.6,1563.6,"Gove County","KS"
20,63,"2,4-D",2014,39479.6,39718.6,"Gove County","KS"
20,63,"Paraquat",2014,853,1403.4,"Gove County","KS"
20,63,"Malathion",2014,NA,1006.1,"Gove County","KS"
20,63,"Glyphosate",2014,169481.1,169585.9,"Gove County","KS"
20,65,"Chlorpyrifos",2014,361.3,1075.3,"Graham County","KS"
20,65,"2,4-D",2014,23532.7,24374.4,"Graham County","KS"
20,65,"Paraquat",2014,1108.1,2516.7,"Graham County","KS"
20,65,"Glyphosate",2014,95600.7,95675.9,"Graham County","KS"
20,67,"Paraquat",2014,427.1,802.8,"Grant County","KS"
20,67,"Malathion",2014,NA,648.6,"Grant County","KS"
20,67,"2,4-D",2014,16127.1,16127.1,"Grant County","KS"
20,67,"Chlorpyrifos",2014,1020.7,1196.5,"Grant County","KS"
20,67,"Glyphosate",2014,51127.4,51151.2,"Grant County","KS"
20,69,"Chlorpyrifos",2014,2575.5,3105,"Gray County","KS"
20,69,"2,4-D",2014,33832,33832,"Gray County","KS"
20,69,"Paraquat",2014,1521.8,2173.2,"Gray County","KS"
20,69,"Malathion",2014,NA,1096.5,"Gray County","KS"
20,69,"Glyphosate",2014,105492.2,105541.7,"Gray County","KS"
20,7,"Chlorpyrifos",2014,801.1,1476.4,"Barber County","KS"
20,7,"Malathion",2014,1053.3,1053.3,"Barber County","KS"
20,7,"2,4-D",2014,6197.6,6197.6,"Barber County","KS"
20,7,"Paraquat",2014,641.6,769.5,"Barber County","KS"
20,7,"Glyphosate",2014,18541.6,19024.2,"Barber County","KS"
20,71,"2,4-D",2014,51196.4,51239.1,"Greeley County","KS"
20,71,"Chlorpyrifos",2014,501.8,1332.4,"Greeley County","KS"
20,71,"Paraquat",2014,1115.1,1988.7,"Greeley County","KS"
20,71,"Malathion",2014,NA,1890.1,"Greeley County","KS"
20,71,"Glyphosate",2014,171687.9,171702.6,"Greeley County","KS"
20,73,"2,4-D",2014,2576.3,2634.3,"Greenwood County","KS"
20,73,"Paraquat",2014,16.3,120.4,"Greenwood County","KS"
20,73,"Chlorpyrifos",2014,65.6,254.4,"Greenwood County","KS"
20,73,"Malathion",2014,NA,64.6,"Greenwood County","KS"
20,73,"Glyphosate",2014,24705.7,25271.2,"Greenwood County","KS"
20,75,"2,4-D",2014,26655.2,26655.2,"Hamilton County","KS"
20,75,"Malathion",2014,NA,1061.9,"Hamilton County","KS"
20,75,"Chlorpyrifos",2014,1047.2,1389.6,"Hamilton County","KS"
20,75,"Paraquat",2014,1004.5,1608.6,"Hamilton County","KS"
20,75,"Glyphosate",2014,69320.4,69399.7,"Hamilton County","KS"
20,77,"Paraquat",2014,1171.6,1389.8,"Harper County","KS"
20,77,"2,4-D",2014,10430.1,10430.1,"Harper County","KS"
20,77,"Malathion",2014,1898,1898,"Harper County","KS"
20,77,"Chlorpyrifos",2014,655.1,2249.6,"Harper County","KS"
20,77,"Glyphosate",2014,23126,23340,"Harper County","KS"
20,79,"Paraquat",2014,717.3,1120.8,"Harvey County","KS"
20,79,"Glyphosate",2014,95924.1,95962.6,"Harvey County","KS"
20,79,"2,4-D",2014,12824.4,12824.4,"Harvey County","KS"
20,79,"Malathion",2014,1158.2,1158.2,"Harvey County","KS"
20,79,"Chlorpyrifos",2014,426,2347.8,"Harvey County","KS"
20,81,"Paraquat",2014,876.8,1316.6,"Haskell County","KS"
20,81,"2,4-D",2014,23465.1,23465.1,"Haskell County","KS"
20,81,"Glyphosate",2014,81918.1,81959.3,"Haskell County","KS"
20,81,"Chlorpyrifos",2014,2196.3,2521.9,"Haskell County","KS"
20,81,"Malathion",2014,NA,722.4,"Haskell County","KS"
20,83,"2,4-D",2014,20271.7,20271.7,"Hodgeman County","KS"
20,83,"Paraquat",2014,732,1266.1,"Hodgeman County","KS"
20,83,"Chlorpyrifos",2014,566.1,858.1,"Hodgeman County","KS"
20,83,"Glyphosate",2014,54261.8,54344.8,"Hodgeman County","KS"
20,83,"Malathion",2014,NA,938.8,"Hodgeman County","KS"
20,85,"Chlorpyrifos",2014,488.1,640.1,"Jackson County","KS"
20,85,"2,4-D",2014,13303.6,13303.6,"Jackson County","KS"
20,85,"Paraquat",2014,NA,1064.2,"Jackson County","KS"
20,85,"Glyphosate",2014,61084.7,61740.2,"Jackson County","KS"
20,87,"Chlorpyrifos",2014,579.6,727.2,"Jefferson County","KS"
20,87,"2,4-D",2014,12867.8,12867.8,"Jefferson County","KS"
20,87,"Paraquat",2014,NA,1073.2,"Jefferson County","KS"
20,87,"Glyphosate",2014,65892,66318.2,"Jefferson County","KS"
20,89,"Paraquat",2014,NA,5700.6,"Jewell County","KS"
20,89,"2,4-D",2014,33075.1,33075.1,"Jewell County","KS"
20,89,"Chlorpyrifos",2014,697.1,3344.5,"Jewell County","KS"
20,89,"Glyphosate",2014,147762.2,147824.9,"Jewell County","KS"
20,9,"2,4-D",2014,33079.1,33079.1,"Barton County","KS"
20,9,"Chlorpyrifos",2014,1455.4,2392.2,"Barton County","KS"
20,9,"Malathion",2014,NA,1394.1,"Barton County","KS"
20,9,"Paraquat",2014,45.4,3409.9,"Barton County","KS"
20,9,"Glyphosate",2014,121812.6,121929.8,"Barton County","KS"
20,91,"2,4-D",2014,2268,2295.6,"Johnson County","KS"
20,91,"Chlorpyrifos",2014,13.5,209.1,"Johnson County","KS"
20,91,"Glyphosate",2014,15387.5,15539.5,"Johnson County","KS"
20,91,"Paraquat",2014,1058.3,1064.2,"Johnson County","KS"
20,93,"2,4-D",2014,30239.3,30239.3,"Kearny County","KS"
20,93,"Malathion",2014,NA,931.2,"Kearny County","KS"
20,93,"Chlorpyrifos",2014,2176.8,2586.2,"Kearny County","KS"
20,93,"Paraquat",2014,1321.9,1860,"Kearny County","KS"
20,93,"Glyphosate",2014,85288.8,85338.1,"Kearny County","KS"
20,95,"Chlorpyrifos",2014,636.9,1289.3,"Kingman County","KS"
20,95,"Malathion",2014,1993.9,1993.9,"Kingman County","KS"
20,95,"2,4-D",2014,10675.9,10675.9,"Kingman County","KS"
20,95,"Glyphosate",2014,28276.4,28532.3,"Kingman County","KS"
20,95,"Paraquat",2014,1140.4,1348.4,"Kingman County","KS"
20,97,"2,4-D",2014,10555.9,10555.9,"Kiowa County","KS"
20,97,"Malathion",2014,729.6,729.6,"Kiowa County","KS"
20,97,"Chlorpyrifos",2014,476.8,2008.4,"Kiowa County","KS"
20,97,"Paraquat",2014,458.6,779.2,"Kiowa County","KS"
20,97,"Glyphosate",2014,40193.8,40450.7,"Kiowa County","KS"
20,99,"Chlorpyrifos",2014,101.5,764.6,"Labette County","KS"
20,99,"2,4-D",2014,4479.6,4613.3,"Labette County","KS"
20,99,"Paraquat",2014,39.5,421.9,"Labette County","KS"
20,99,"Glyphosate",2014,75718.3,75919.4,"Labette County","KS"
20,99,"Malathion",2014,NA,339.4,"Labette County","KS"
21,1,"2,4-D",2014,4628.5,4628.5,"Adair County","KY"
21,1,"Paraquat",2014,53,383.4,"Adair County","KY"
21,1,"Chlorpyrifos",2014,1.4,822.8,"Adair County","KY"
21,1,"Glyphosate",2014,16628.5,16628.7,"Adair County","KY"
21,101,"2,4-D",2014,10391.3,10397,"Henderson County","KY"
21,101,"Glyphosate",2014,113429.2,113467.4,"Henderson County","KY"
21,101,"Chlorpyrifos",2014,39.1,4710.3,"Henderson County","KY"
21,101,"Paraquat",2014,850.1,1321.1,"Henderson County","KY"
21,103,"Malathion",2014,7.8,7.8,"Henry County","KY"
21,103,"Chlorpyrifos",2014,349.9,844.4,"Henry County","KY"
21,103,"2,4-D",2014,461.5,1609.2,"Henry County","KY"
21,103,"Glyphosate",2014,4996,5224.5,"Henry County","KY"
21,103,"Paraquat",2014,3,324.1,"Henry County","KY"
21,105,"2,4-D",2014,3225.5,3225.5,"Hickman County","KY"
21,105,"Chlorpyrifos",2014,345.3,1109.4,"Hickman County","KY"
21,105,"Paraquat",2014,69,694.4,"Hickman County","KY"
21,105,"Glyphosate",2014,57187.6,57204.2,"Hickman County","KY"
21,107,"2,4-D",2014,4555,4557.5,"Hopkins County","KY"
21,107,"Chlorpyrifos",2014,18.1,2237.5,"Hopkins County","KY"
21,107,"Glyphosate",2014,47135.4,47216.3,"Hopkins County","KY"
21,107,"Paraquat",2014,289.3,604.2,"Hopkins County","KY"
21,109,"2,4-D",2014,134.9,181.5,"Jackson County","KY"
21,109,"Chlorpyrifos",2014,5.2,115.8,"Jackson County","KY"
21,109,"Glyphosate",2014,147.2,197.7,"Jackson County","KY"
21,109,"Paraquat",2014,116.3,120.1,"Jackson County","KY"
21,11,"Glyphosate",2014,5756.7,5845.7,"Bath County","KY"
21,11,"2,4-D",2014,459.5,853.3,"Bath County","KY"
21,11,"Chlorpyrifos",2014,0.6,153.4,"Bath County","KY"
21,11,"Paraquat",2014,214.7,469.7,"Bath County","KY"
21,111,"2,4-D",2014,575.5,575.5,"Jefferson County","KY"
21,111,"Chlorpyrifos",2014,3.5,151.2,"Jefferson County","KY"
21,111,"Paraquat",2014,14.2,63,"Jefferson County","KY"
21,111,"Glyphosate",2014,3160.5,3160.6,"Jefferson County","KY"
21,113,"2,4-D",2014,270.1,430.6,"Jessamine County","KY"
21,113,"Paraquat",2014,80.1,244.3,"Jessamine County","KY"
21,113,"Chlorpyrifos",2014,2.8,73.7,"Jessamine County","KY"
21,113,"Glyphosate",2014,2238.7,2300.1,"Jessamine County","KY"
21,115,"2,4-D",2014,38.6,54.2,"Johnson County","KY"
21,115,"Paraquat",2014,33.5,34.8,"Johnson County","KY"
21,115,"Chlorpyrifos",2014,0.1,33.1,"Johnson County","KY"
21,115,"Glyphosate",2014,44,48.2,"Johnson County","KY"
21,117,"2,4-D",2014,157.1,209.4,"Kenton County","KY"
21,117,"Paraquat",2014,1.3,62.4,"Kenton County","KY"
21,117,"Malathion",2014,3.3,3.3,"Kenton County","KY"
21,117,"Chlorpyrifos",2014,28.7,45.9,"Kenton County","KY"
21,117,"Glyphosate",2014,114.2,154.7,"Kenton County","KY"
21,119,"Glyphosate",2014,6.3,6.3,"Knott County","KY"
21,119,"Paraquat",2014,10.9,10.9,"Knott County","KY"
21,119,"2,4-D",2014,12.6,12.6,"Knott County","KY"
21,121,"Paraquat",2014,35.9,42.4,"Knox County","KY"
21,121,"Chlorpyrifos",2014,0.1,121.2,"Knox County","KY"
21,121,"2,4-D",2014,43.4,101,"Knox County","KY"
21,121,"Glyphosate",2014,169,186.2,"Knox County","KY"
21,123,"Paraquat",2014,130.1,661.3,"Larue County","KY"
21,123,"2,4-D",2014,4412.7,4412.5,"Larue County","KY"
21,123,"Chlorpyrifos",2014,5.3,2154.9,"Larue County","KY"
21,123,"Glyphosate",2014,45439.4,45439.5,"Larue County","KY"
21,125,"Paraquat",2014,149.5,171.5,"Laurel County","KY"
21,125,"Glyphosate",2014,1233.6,1299.1,"Laurel County","KY"
21,125,"2,4-D",2014,204.8,297,"Laurel County","KY"
21,125,"Chlorpyrifos",2014,18.8,222.3,"Laurel County","KY"
21,127,"Paraquat",2014,65,68.9,"Lawrence County","KY"
21,127,"2,4-D",2014,79.5,85.4,"Lawrence County","KY"
21,127,"Glyphosate",2014,179.6,190.6,"Lawrence County","KY"
21,127,"Chlorpyrifos",2014,0.1,11.3,"Lawrence County","KY"
21,129,"Paraquat",2014,20.7,21.7,"Lee County","KY"
21,129,"Glyphosate",2014,66.8,73.9,"Lee County","KY"
21,129,"2,4-D",2014,25.4,31.3,"Lee County","KY"
21,129,"Chlorpyrifos",2014,NA,12.6,"Lee County","KY"
21,13,"Glyphosate",2014,16.6,17.7,"Bell County","KY"
21,13,"2,4-D",2014,19.9,20.9,"Bell County","KY"
21,13,"Chlorpyrifos",2014,19.4,21.6,"Bell County","KY"
21,13,"Paraquat",2014,14.9,15,"Bell County","KY"
21,131,"2,4-D",2014,2,2,"Leslie County","KY"
21,131,"Paraquat",2014,1.7,1.7,"Leslie County","KY"
21,131,"Glyphosate",2014,1,1,"Leslie County","KY"
21,133,"Paraquat",2014,2,2,"Letcher County","KY"
21,133,"Glyphosate",2014,1.6,1.7,"Letcher County","KY"
21,133,"2,4-D",2014,2.3,2.6,"Letcher County","KY"
21,133,"Chlorpyrifos",2014,NA,0.7,"Letcher County","KY"
21,135,"Paraquat",2014,100.3,243.6,"Lewis County","KY"
21,135,"Glyphosate",2014,11835.7,11932,"Lewis County","KY"
21,135,"2,4-D",2014,508.5,638.3,"Lewis County","KY"
21,135,"Chlorpyrifos",2014,2.8,286.4,"Lewis County","KY"
21,137,"Glyphosate",2014,17865.1,18124.4,"Lincoln County","KY"
21,137,"2,4-D",2014,491.5,1930.1,"Lincoln County","KY"
21,137,"Paraquat",2014,553.7,827.2,"Lincoln County","KY"
21,137,"Chlorpyrifos",2014,1,624.4,"Lincoln County","KY"
21,139,"Glyphosate",2014,20074.7,20136.2,"Livingston County","KY"
21,139,"Paraquat",2014,27.8,251.5,"Livingston County","KY"
21,139,"2,4-D",2014,1877.7,1886.7,"Livingston County","KY"
21,139,"Chlorpyrifos",2014,236.9,510.1,"Livingston County","KY"
21,141,"Paraquat",2014,655.4,2653.4,"Logan County","KY"
21,141,"Glyphosate",2014,101044.7,101147.6,"Logan County","KY"
21,141,"2,4-D",2014,9848,10129,"Logan County","KY"
21,141,"Chlorpyrifos",2014,206.8,4107.6,"Logan County","KY"
21,143,"Paraquat",2014,9.8,84.3,"Lyon County","KY"
21,143,"Glyphosate",2014,6939.9,6965.7,"Lyon County","KY"
21,143,"Chlorpyrifos",2014,370.4,465.9,"Lyon County","KY"
21,143,"2,4-D",2014,621.7,621.9,"Lyon County","KY"
21,145,"Paraquat",2014,31.9,233.7,"McCracken County","KY"
21,145,"Glyphosate",2014,21988.9,22018.9,"McCracken County","KY"
21,145,"2,4-D",2014,1299.3,1300.1,"McCracken County","KY"
21,145,"Chlorpyrifos",2014,224.1,539.2,"McCracken County","KY"
21,147,"Paraquat",2014,22,22.3,"McCreary County","KY"
21,147,"Glyphosate",2014,30.1,40,"McCreary County","KY"
21,147,"Chlorpyrifos",2014,NA,4.4,"McCreary County","KY"
21,147,"2,4-D",2014,25.9,27.9,"McCreary County","KY"
21,149,"Chlorpyrifos",2014,45.1,2695.5,"McLean County","KY"
21,149,"Glyphosate",2014,67817.6,67844.1,"McLean County","KY"
21,149,"Paraquat",2014,478,1042.5,"McLean County","KY"
21,149,"2,4-D",2014,6361.5,6367.7,"McLean County","KY"
21,15,"Glyphosate",2014,1700.5,1765.1,"Boone County","KY"
21,15,"2,4-D",2014,233.3,622.1,"Boone County","KY"
21,15,"Chlorpyrifos",2014,134.6,271,"Boone County","KY"
21,15,"Malathion",2014,19,19,"Boone County","KY"
21,15,"Paraquat",2014,7.5,132.9,"Boone County","KY"
21,151,"Chlorpyrifos",2014,1.6,142.2,"Madison County","KY"
21,151,"Paraquat",2014,84,525.2,"Madison County","KY"
21,151,"2,4-D",2014,817,1054.8,"Madison County","KY"
21,151,"Glyphosate",2014,2832.3,2988.9,"Madison County","KY"
21,153,"Chlorpyrifos",2014,0.3,36.6,"Magoffin County","KY"
21,153,"Paraquat",2014,64.7,65.8,"Magoffin County","KY"
21,153,"Glyphosate",2014,61.6,67.6,"Magoffin County","KY"
21,153,"2,4-D",2014,74.6,88.7,"Magoffin County","KY"
21,155,"Paraquat",2014,95,571.2,"Marion County","KY"
21,155,"Chlorpyrifos",2014,2.4,1429.1,"Marion County","KY"
21,155,"Glyphosate",2014,29954.3,29954.3,"Marion County","KY"
21,155,"2,4-D",2014,5388.9,5387.4,"Marion County","KY"
21,157,"Chlorpyrifos",2014,182.4,493.1,"Marshall County","KY"
21,157,"Paraquat",2014,30.9,245.5,"Marshall County","KY"
21,157,"2,4-D",2014,1773,1781.8,"Marshall County","KY"
21,157,"Glyphosate",2014,19424.7,19470.2,"Marshall County","KY"
21,159,"Glyphosate",2014,9.1,9.1,"Martin County","KY"
21,159,"Paraquat",2014,15.8,15.8,"Martin County","KY"
21,159,"2,4-D",2014,18.3,18.3,"Martin County","KY"
21,161,"Chlorpyrifos",2014,2.7,584,"Mason County","KY"
21,161,"2,4-D",2014,306.2,1541,"Mason County","KY"
21,161,"Paraquat",2014,498.7,678.5,"Mason County","KY"
21,161,"Glyphosate",2014,15572.1,15813.2,"Mason County","KY"
21,163,"Chlorpyrifos",2014,1.2,1508.6,"Meade County","KY"
21,163,"Paraquat",2014,102.8,559.3,"Meade County","KY"
21,163,"2,4-D",2014,3962,3962,"Meade County","KY"
21,163,"Glyphosate",2014,33620.1,33620.1,"Meade County","KY"
21,165,"2,4-D",2014,128.2,203.7,"Menifee County","KY"
21,165,"Paraquat",2014,56.7,89.1,"Menifee County","KY"
21,165,"Chlorpyrifos",2014,NA,154.3,"Menifee County","KY"
21,165,"Glyphosate",2014,2000.1,2040.3,"Menifee County","KY"
21,167,"2,4-D",2014,456.9,1521.7,"Mercer County","KY"
21,167,"Paraquat",2014,357.8,660.7,"Mercer County","KY"
21,167,"Chlorpyrifos",2014,3,507.8,"Mercer County","KY"
21,167,"Glyphosate",2014,12523.7,12765.2,"Mercer County","KY"
21,169,"Paraquat",2014,47.1,287.1,"Metcalfe County","KY"
21,169,"2,4-D",2014,3689.9,3689.9,"Metcalfe County","KY"
21,169,"Chlorpyrifos",2014,8,633.4,"Metcalfe County","KY"
21,169,"Glyphosate",2014,11289.3,11289.3,"Metcalfe County","KY"
21,17,"Glyphosate",2014,11975.4,12277.4,"Bourbon County","KY"
21,17,"2,4-D",2014,669.4,1546.8,"Bourbon County","KY"
21,17,"Chlorpyrifos",2014,2.8,396.2,"Bourbon County","KY"
21,17,"Paraquat",2014,411.5,855.5,"Bourbon County","KY"
21,171,"Paraquat",2014,57.5,387.7,"Monroe County","KY"
21,171,"2,4-D",2014,5375.3,5374.4,"Monroe County","KY"
21,171,"Chlorpyrifos",2014,1.1,941.8,"Monroe County","KY"
21,171,"Glyphosate",2014,15604.3,15604.4,"Monroe County","KY"
21,173,"2,4-D",2014,302.7,538.9,"Montgomery County","KY"
21,173,"Paraquat",2014,77.4,244.5,"Montgomery County","KY"
21,173,"Chlorpyrifos",2014,0.2,175.3,"Montgomery County","KY"
21,173,"Glyphosate",2014,2672.1,2711.6,"Montgomery County","KY"
21,175,"Paraquat",2014,160.3,172.2,"Morgan County","KY"
21,175,"2,4-D",2014,194.4,250.5,"Morgan County","KY"
21,175,"Chlorpyrifos",2014,0.6,124.7,"Morgan County","KY"
21,175,"Glyphosate",2014,470.2,492.8,"Morgan County","KY"
21,177,"Paraquat",2014,161.3,369.1,"Muhlenberg County","KY"
21,177,"2,4-D",2014,2501.7,2509.8,"Muhlenberg County","KY"
21,177,"Glyphosate",2014,25626.3,25696.5,"Muhlenberg County","KY"
21,177,"Chlorpyrifos",2014,63.2,1315.3,"Muhlenberg County","KY"
21,179,"2,4-D",2014,6175.7,6172.6,"Nelson County","KY"
21,179,"Paraquat",2014,136.1,743,"Nelson County","KY"
21,179,"Chlorpyrifos",2014,3,1843.3,"Nelson County","KY"
21,179,"Glyphosate",2014,40929.2,40929.3,"Nelson County","KY"
21,181,"Chlorpyrifos",2014,5.3,225.8,"Nicholas County","KY"
21,181,"2,4-D",2014,301.1,559.6,"Nicholas County","KY"
21,181,"Paraquat",2014,96.9,280.3,"Nicholas County","KY"
21,181,"Glyphosate",2014,3047,3180.4,"Nicholas County","KY"
21,183,"Glyphosate",2014,47070.1,47145.7,"Ohio County","KY"
21,183,"Chlorpyrifos",2014,20.6,2086.8,"Ohio County","KY"
21,183,"2,4-D",2014,4446,4448.7,"Ohio County","KY"
21,183,"Paraquat",2014,320.1,557.3,"Ohio County","KY"
21,185,"Chlorpyrifos",2014,129.2,304.5,"Oldham County","KY"
21,185,"Glyphosate",2014,2379.5,2527.6,"Oldham County","KY"
21,185,"Malathion",2014,4.6,4.6,"Oldham County","KY"
21,185,"Paraquat",2014,0.8,174.5,"Oldham County","KY"
21,185,"2,4-D",2014,232.8,719.1,"Oldham County","KY"
21,187,"Chlorpyrifos",2014,60,212.8,"Owen County","KY"
21,187,"Glyphosate",2014,829,1160.4,"Owen County","KY"
21,187,"Malathion",2014,12,12,"Owen County","KY"
21,187,"2,4-D",2014,626.1,819.9,"Owen County","KY"
21,187,"Paraquat",2014,4.3,311.9,"Owen County","KY"
21,189,"Chlorpyrifos",2014,NA,40.7,"Owsley County","KY"
21,189,"2,4-D",2014,30,45.7,"Owsley County","KY"
21,189,"Paraquat",2014,26,27.2,"Owsley County","KY"
21,189,"Glyphosate",2014,43.1,50.6,"Owsley County","KY"
21,19,"Glyphosate",2014,127.7,135.4,"Boyd County","KY"
21,19,"Chlorpyrifos",2014,0.2,51.9,"Boyd County","KY"
21,19,"Paraquat",2014,48.3,51.1,"Boyd County","KY"
21,19,"2,4-D",2014,57.8,82.3,"Boyd County","KY"
21,191,"Paraquat",2014,1.5,177,"Pendleton County","KY"
21,191,"2,4-D",2014,461.1,666.7,"Pendleton County","KY"
21,191,"Malathion",2014,4.6,4.6,"Pendleton County","KY"
21,191,"Glyphosate",2014,1123.9,1186.6,"Pendleton County","KY"
21,191,"Chlorpyrifos",2014,34.8,210.6,"Pendleton County","KY"
21,193,"2,4-D",2014,25.6,39.8,"Perry County","KY"
21,193,"Paraquat",2014,22.2,23.4,"Perry County","KY"
21,193,"Chlorpyrifos",2014,NA,30,"Perry County","KY"
21,193,"Glyphosate",2014,35.1,36.5,"Perry County","KY"
21,195,"Paraquat",2014,23.6,27.1,"Pike County","KY"
21,195,"Glyphosate",2014,297.4,297.4,"Pike County","KY"
21,195,"Chlorpyrifos",2014,0.3,17.3,"Pike County","KY"
21,195,"2,4-D",2014,36.4,44.4,"Pike County","KY"
21,197,"Paraquat",2014,40.6,68.7,"Powell County","KY"
21,197,"Glyphosate",2014,2362.1,2374.9,"Powell County","KY"
21,197,"Chlorpyrifos",2014,12.8,139.1,"Powell County","KY"
21,197,"2,4-D",2014,123.3,182,"Powell County","KY"
21,199,"Paraquat",2014,313.4,962.5,"Pulaski County","KY"
21,199,"Glyphosate",2014,22072.7,22758.7,"Pulaski County","KY"
21,199,"Chlorpyrifos",2014,53.4,2773.2,"Pulaski County","KY"
21,199,"2,4-D",2014,1041.9,2460.5,"Pulaski County","KY"
21,201,"Paraquat",2014,21.9,78.5,"Robertson County","KY"
21,201,"Chlorpyrifos",2014,0,44.9,"Robertson County","KY"
21,201,"Glyphosate",2014,804,833.2,"Robertson County","KY"
21,201,"2,4-D",2014,105.8,178,"Robertson County","KY"
21,203,"Paraquat",2014,113.9,183.2,"Rockcastle County","KY"
21,203,"Chlorpyrifos",2014,13,436.6,"Rockcastle County","KY"
21,203,"Glyphosate",2014,2872.2,3018.8,"Rockcastle County","KY"
21,203,"2,4-D",2014,217.9,419.2,"Rockcastle County","KY"
21,205,"Paraquat",2014,43.9,76.2,"Rowan County","KY"
21,205,"Chlorpyrifos",2014,22.4,231.1,"Rowan County","KY"
21,205,"Glyphosate",2014,2496.5,2519.1,"Rowan County","KY"
21,205,"2,4-D",2014,131.7,229.6,"Rowan County","KY"
21,207,"Glyphosate",2014,10324,10324,"Russell County","KY"
21,207,"Paraquat",2014,28.1,238.5,"Russell County","KY"
21,207,"Chlorpyrifos",2014,1.1,480,"Russell County","KY"
21,207,"2,4-D",2014,2814.2,2814.2,"Russell County","KY"
21,209,"Paraquat",2014,197.6,465.1,"Scott County","KY"
21,209,"Glyphosate",2014,5845.8,6017,"Scott County","KY"
21,209,"Chlorpyrifos",2014,19.9,264.8,"Scott County","KY"
21,209,"2,4-D",2014,441.6,898.7,"Scott County","KY"
21,21,"Glyphosate",2014,7331.9,7389,"Boyle County","KY"
21,21,"Chlorpyrifos",2014,3.7,253,"Boyle County","KY"
21,21,"2,4-D",2014,281.5,872,"Boyle County","KY"
21,21,"Paraquat",2014,226.1,401.3,"Boyle County","KY"
21,211,"Glyphosate",2014,34546,34724.6,"Shelby County","KY"
21,211,"Paraquat",2014,1157,1518.8,"Shelby County","KY"
21,211,"2,4-D",2014,424.4,3022.1,"Shelby County","KY"
21,211,"Chlorpyrifos",2014,11.7,1013.2,"Shelby County","KY"
21,213,"Paraquat",2014,423.5,1674,"Simpson County","KY"
21,213,"Glyphosate",2014,64085.8,64139.2,"Simpson County","KY"
21,213,"Chlorpyrifos",2014,25.1,2659.8,"Simpson County","KY"
21,213,"2,4-D",2014,6169.8,6308.7,"Simpson County","KY"
21,215,"Paraquat",2014,272.8,371.8,"Spencer County","KY"
21,215,"Glyphosate",2014,7807.4,7874,"Spencer County","KY"
21,215,"Chlorpyrifos",2014,2,201.7,"Spencer County","KY"
21,215,"2,4-D",2014,155.7,721.8,"Spencer County","KY"
21,217,"Paraquat",2014,68.7,466.9,"Taylor County","KY"
21,217,"Chlorpyrifos",2014,3,1181.7,"Taylor County","KY"
21,217,"Glyphosate",2014,24892,24892.2,"Taylor County","KY"
21,217,"2,4-D",2014,3417.8,3417.5,"Taylor County","KY"
21,219,"Paraquat",2014,593.4,2004.8,"Todd County","KY"
21,219,"Glyphosate",2014,75604.3,75688.4,"Todd County","KY"
21,219,"2,4-D",2014,7348.7,7481.2,"Todd County","KY"
21,219,"Chlorpyrifos",2014,98.2,3249.2,"Todd County","KY"
21,221,"2,4-D",2014,2751.1,2756.3,"Trigg County","KY"
21,221,"Paraquat",2014,34.9,456.9,"Trigg County","KY"
21,221,"Glyphosate",2014,32251.4,32314.4,"Trigg County","KY"
21,221,"Chlorpyrifos",2014,757.8,1158.2,"Trigg County","KY"
21,223,"2,4-D",2014,211.8,576.5,"Trimble County","KY"
21,223,"Paraquat",2014,0.3,134.4,"Trimble County","KY"
21,223,"Glyphosate",2014,2191.4,2347.3,"Trimble County","KY"
21,223,"Malathion",2014,0.5,0.5,"Trimble County","KY"
21,223,"Chlorpyrifos",2014,48.1,288.9,"Trimble County","KY"
21,225,"2,4-D",2014,8570.9,8573.3,"Union County","KY"
21,225,"Chlorpyrifos",2014,13.3,3541,"Union County","KY"
21,225,"Glyphosate",2014,95367.2,95408.3,"Union County","KY"
21,225,"Paraquat",2014,835.9,1453.2,"Union County","KY"
21,227,"2,4-D",2014,8549.4,8548.7,"Warren County","KY"
21,227,"Paraquat",2014,212.5,1379.6,"Warren County","KY"
21,227,"Glyphosate",2014,68212.2,68212.3,"Warren County","KY"
21,227,"Chlorpyrifos",2014,29.1,3002.6,"Warren County","KY"
21,229,"Paraquat",2014,285.4,528.3,"Washington County","KY"
21,229,"Glyphosate",2014,9354.3,9455,"Washington County","KY"
21,229,"Chlorpyrifos",2014,1.9,360.5,"Washington County","KY"
21,229,"2,4-D",2014,394.1,1158.1,"Washington County","KY"
21,23,"Glyphosate",2014,691,785.2,"Bracken County","KY"
21,23,"2,4-D",2014,383.8,556.1,"Bracken County","KY"
21,23,"Chlorpyrifos",2014,59.6,166,"Bracken County","KY"
21,23,"Malathion",2014,10.4,10.4,"Bracken County","KY"
21,23,"Paraquat",2014,2.8,152.8,"Bracken County","KY"
21,231,"Paraquat",2014,159.4,513,"Wayne County","KY"
21,231,"Glyphosate",2014,12509.6,12885.5,"Wayne County","KY"
21,231,"Chlorpyrifos",2014,10.7,1251.7,"Wayne County","KY"
21,231,"2,4-D",2014,573.2,1235.1,"Wayne County","KY"
21,233,"Glyphosate",2014,59945.7,59981.3,"Webster County","KY"
21,233,"Paraquat",2014,444.6,779.3,"Webster County","KY"
21,233,"Chlorpyrifos",2014,22.1,2408,"Webster County","KY"
21,233,"2,4-D",2014,5543.2,5546.5,"Webster County","KY"
21,235,"Paraquat",2014,77.8,82.3,"Whitley County","KY"
21,235,"Glyphosate",2014,128.8,178.2,"Whitley County","KY"
21,235,"Chlorpyrifos",2014,0.1,109,"Whitley County","KY"
21,235,"2,4-D",2014,89.8,141.3,"Whitley County","KY"
21,237,"Glyphosate",2014,67.1,86.9,"Wolfe County","KY"
21,237,"2,4-D",2014,62,84.4,"Wolfe County","KY"
21,237,"Paraquat",2014,53.8,55.7,"Wolfe County","KY"
21,237,"Chlorpyrifos",2014,NA,50.3,"Wolfe County","KY"
21,239,"Glyphosate",2014,4116.2,4189.2,"Woodford County","KY"
21,239,"Paraquat",2014,147.3,370.8,"Woodford County","KY"
21,239,"Chlorpyrifos",2014,14.7,184.6,"Woodford County","KY"
21,239,"2,4-D",2014,382.8,692.7,"Woodford County","KY"
21,25,"Glyphosate",2014,36.7,39.5,"Breathitt County","KY"
21,25,"2,4-D",2014,25.2,39.3,"Breathitt County","KY"
21,25,"Paraquat",2014,21.8,22.9,"Breathitt County","KY"
21,25,"Chlorpyrifos",2014,NA,35.3,"Breathitt County","KY"
21,27,"Paraquat",2014,128.4,899.1,"Breckinridge County","KY"
21,27,"Glyphosate",2014,49764,49764,"Breckinridge County","KY"
21,27,"2,4-D",2014,7577.8,7577.3,"Breckinridge County","KY"
21,27,"Chlorpyrifos",2014,3,2438.5,"Breckinridge County","KY"
21,29,"Paraquat",2014,20.7,140,"Bullitt County","KY"
21,29,"Glyphosate",2014,6710.1,6710.2,"Bullitt County","KY"
21,29,"2,4-D",2014,1285.2,1285,"Bullitt County","KY"
21,29,"Chlorpyrifos",2014,2.5,310.1,"Bullitt County","KY"
21,3,"2,4-D",2014,4393.1,4393.1,"Allen County","KY"
21,3,"Chlorpyrifos",2014,1.9,396.9,"Allen County","KY"
21,3,"Glyphosate",2014,4705.7,4706.1,"Allen County","KY"
21,3,"Paraquat",2014,21.1,248.7,"Allen County","KY"
21,31,"Paraquat",2014,104.6,513.4,"Butler County","KY"
21,31,"Glyphosate",2014,35482.3,35482.3,"Butler County","KY"
21,31,"Chlorpyrifos",2014,2.3,1642.7,"Butler County","KY"
21,31,"2,4-D",2014,4362.1,4362.1,"Butler County","KY"
21,33,"Chlorpyrifos",2014,47.1,2490.7,"Caldwell County","KY"
21,33,"Paraquat",2014,327.5,1135.2,"Caldwell County","KY"
21,33,"Glyphosate",2014,49765.1,49837.1,"Caldwell County","KY"
21,33,"2,4-D",2014,4783.2,4799.5,"Caldwell County","KY"
21,35,"Glyphosate",2014,50272.7,50346.2,"Calloway County","KY"
21,35,"Chlorpyrifos",2014,261,1000,"Calloway County","KY"
21,35,"Paraquat",2014,70,567.5,"Calloway County","KY"
21,35,"2,4-D",2014,3376.3,3376.4,"Calloway County","KY"
21,37,"Glyphosate",2014,203.2,232.9,"Campbell County","KY"
21,37,"Chlorpyrifos",2014,36.4,49.6,"Campbell County","KY"
21,37,"Paraquat",2014,3.8,73.7,"Campbell County","KY"
21,37,"2,4-D",2014,180,245.2,"Campbell County","KY"
21,37,"Malathion",2014,10.9,10.9,"Campbell County","KY"
21,39,"2,4-D",2014,2002.9,2002.9,"Carlisle County","KY"
21,39,"Paraquat",2014,43.7,404.9,"Carlisle County","KY"
21,39,"Glyphosate",2014,35823.1,35849.9,"Carlisle County","KY"
21,39,"Chlorpyrifos",2014,93.8,571.5,"Carlisle County","KY"
21,41,"Paraquat",2014,0.3,93.1,"Carroll County","KY"
21,41,"Glyphosate",2014,1228.5,1263.3,"Carroll County","KY"
21,41,"2,4-D",2014,198.8,443.7,"Carroll County","KY"
21,41,"Chlorpyrifos",2014,59.7,167.9,"Carroll County","KY"
21,41,"Malathion",2014,0.5,0.5,"Carroll County","KY"
21,43,"2,4-D",2014,193.7,263.9,"Carter County","KY"
21,43,"Paraquat",2014,167.9,173.8,"Carter County","KY"
21,43,"Chlorpyrifos",2014,0.2,157.7,"Carter County","KY"
21,43,"Glyphosate",2014,211,262.7,"Carter County","KY"
21,45,"Chlorpyrifos",2014,4.1,661.2,"Casey County","KY"
21,45,"Paraquat",2014,49.3,335.8,"Casey County","KY"
21,45,"2,4-D",2014,4368.3,4368.2,"Casey County","KY"
21,45,"Glyphosate",2014,13665.4,13665.5,"Casey County","KY"
21,47,"Chlorpyrifos",2014,466.2,6070.2,"Christian County","KY"
21,47,"Paraquat",2014,926.5,3430.7,"Christian County","KY"
21,47,"Glyphosate",2014,125356.4,125507.9,"Christian County","KY"
21,47,"2,4-D",2014,12045,12122.8,"Christian County","KY"
21,49,"Glyphosate",2014,6107.2,6186.2,"Clark County","KY"
21,49,"Chlorpyrifos",2014,1.6,204.7,"Clark County","KY"
21,49,"Paraquat",2014,212.1,462.7,"Clark County","KY"
21,49,"2,4-D",2014,448.1,899.3,"Clark County","KY"
21,5,"Chlorpyrifos",2014,1.1,80.2,"Anderson County","KY"
21,5,"2,4-D",2014,228.4,391,"Anderson County","KY"
21,5,"Paraquat",2014,55.5,177.3,"Anderson County","KY"
21,5,"Glyphosate",2014,1913.4,1959.3,"Anderson County","KY"
21,51,"Paraquat",2014,31.8,36.1,"Clay County","KY"
21,51,"Chlorpyrifos",2014,3.9,136.6,"Clay County","KY"
21,51,"Glyphosate",2014,113.5,116.1,"Clay County","KY"
21,51,"2,4-D",2014,37.2,91.9,"Clay County","KY"
21,53,"Chlorpyrifos",2014,1,148.3,"Clinton County","KY"
21,53,"Glyphosate",2014,3098.9,3098.9,"Clinton County","KY"
21,53,"Paraquat",2014,9.1,148.7,"Clinton County","KY"
21,53,"2,4-D",2014,2027.7,2027.6,"Clinton County","KY"
21,55,"Chlorpyrifos",2014,2.9,1293.6,"Crittenden County","KY"
21,55,"Glyphosate",2014,29021.6,29095.1,"Crittenden County","KY"
21,55,"Paraquat",2014,186.2,481.4,"Crittenden County","KY"
21,55,"2,4-D",2014,2861.9,2862.5,"Crittenden County","KY"
21,57,"Chlorpyrifos",2014,0.3,140.8,"Cumberland County","KY"
21,57,"Glyphosate",2014,2991.2,2991.2,"Cumberland County","KY"
21,57,"Paraquat",2014,11.8,102.6,"Cumberland County","KY"
21,57,"2,4-D",2014,1558.7,1558.7,"Cumberland County","KY"
21,59,"Chlorpyrifos",2014,222,4458,"Daviess County","KY"
21,59,"Glyphosate",2014,101560.8,101622.9,"Daviess County","KY"
21,59,"Paraquat",2014,764,1481.9,"Daviess County","KY"
21,59,"2,4-D",2014,9445.1,9500.4,"Daviess County","KY"
21,61,"Paraquat",2014,18.6,259.2,"Edmonson County","KY"
21,61,"Glyphosate",2014,12301.6,12301.6,"Edmonson County","KY"
21,61,"2,4-D",2014,2229.9,2229.9,"Edmonson County","KY"
21,61,"Chlorpyrifos",2014,0.6,580.4,"Edmonson County","KY"
21,63,"Glyphosate",2014,92.8,108.1,"Elliott County","KY"
21,63,"Paraquat",2014,86.8,89,"Elliott County","KY"
21,63,"2,4-D",2014,101.4,127.1,"Elliott County","KY"
21,63,"Chlorpyrifos",2014,9.1,64.7,"Elliott County","KY"
21,65,"Glyphosate",2014,1927.2,1958.9,"Estill County","KY"
21,65,"Paraquat",2014,73.3,102.1,"Estill County","KY"
21,65,"2,4-D",2014,143.9,238.7,"Estill County","KY"
21,65,"Chlorpyrifos",2014,3.9,201.8,"Estill County","KY"
21,67,"Glyphosate",2014,6381.1,6455.9,"Fayette County","KY"
21,67,"Paraquat",2014,224.7,495.9,"Fayette County","KY"
21,67,"2,4-D",2014,414,876.2,"Fayette County","KY"
21,67,"Chlorpyrifos",2014,5.7,216.3,"Fayette County","KY"
21,69,"Glyphosate",2014,13858,14101.8,"Fleming County","KY"
21,69,"2,4-D",2014,495.6,1466.1,"Fleming County","KY"
21,69,"Paraquat",2014,513.1,798.6,"Fleming County","KY"
21,69,"Chlorpyrifos",2014,3.1,443.1,"Fleming County","KY"
21,7,"2,4-D",2014,2630.3,2645.5,"Ballard County","KY"
21,7,"Paraquat",2014,60.7,478.7,"Ballard County","KY"
21,7,"Chlorpyrifos",2014,837.2,1453.1,"Ballard County","KY"
21,7,"Glyphosate",2014,41044.5,41087.7,"Ballard County","KY"
21,71,"Glyphosate",2014,26.3,26.3,"Floyd County","KY"
21,71,"Paraquat",2014,8.2,9.3,"Floyd County","KY"
21,71,"Chlorpyrifos",2014,0.2,28.8,"Floyd County","KY"
21,71,"2,4-D",2014,9.4,23,"Floyd County","KY"
21,73,"Chlorpyrifos",2014,2.1,112.5,"Franklin County","KY"
21,73,"Glyphosate",2014,2919.6,2958.2,"Franklin County","KY"
21,73,"2,4-D",2014,223.4,445.2,"Franklin County","KY"
21,73,"Paraquat",2014,98.3,236.5,"Franklin County","KY"
21,75,"Glyphosate",2014,45877.7,45886.4,"Fulton County","KY"
21,75,"2,4-D",2014,2276.7,2277.7,"Fulton County","KY"
21,75,"Chlorpyrifos",2014,88.9,817.6,"Fulton County","KY"
21,75,"Paraquat",2014,76.4,448.6,"Fulton County","KY"
21,77,"Malathion",2014,0.2,0.2,"Gallatin County","KY"
21,77,"Chlorpyrifos",2014,32.3,146.7,"Gallatin County","KY"
21,77,"Glyphosate",2014,985.5,1080.8,"Gallatin County","KY"
21,77,"Paraquat",2014,0.2,86.5,"Gallatin County","KY"
21,77,"2,4-D",2014,119.6,299.4,"Gallatin County","KY"
21,79,"Glyphosate",2014,2627.6,2739,"Garrard County","KY"
21,79,"2,4-D",2014,439.5,661,"Garrard County","KY"
21,79,"Chlorpyrifos",2014,0.7,183.7,"Garrard County","KY"
21,79,"Paraquat",2014,83.2,329.6,"Garrard County","KY"
21,81,"Malathion",2014,1,1,"Grant County","KY"
21,81,"Glyphosate",2014,346.9,443.4,"Grant County","KY"
21,81,"Chlorpyrifos",2014,29.3,104.9,"Grant County","KY"
21,81,"Paraquat",2014,0,171.4,"Grant County","KY"
21,81,"2,4-D",2014,478.5,572.3,"Grant County","KY"
21,83,"2,4-D",2014,5799.2,5826.2,"Graves County","KY"
21,83,"Chlorpyrifos",2014,268.3,1580.7,"Graves County","KY"
21,83,"Paraquat",2014,122.9,1116.9,"Graves County","KY"
21,83,"Glyphosate",2014,97378.7,97465.4,"Graves County","KY"
21,85,"2,4-D",2014,5327.2,5326.9,"Grayson County","KY"
21,85,"Paraquat",2014,70.2,504.9,"Grayson County","KY"
21,85,"Glyphosate",2014,23187.5,23187.6,"Grayson County","KY"
21,85,"Chlorpyrifos",2014,2.5,1065.2,"Grayson County","KY"
21,87,"Chlorpyrifos",2014,1,1036.6,"Green County","KY"
21,87,"2,4-D",2014,4220.7,4220.7,"Green County","KY"
21,87,"Glyphosate",2014,18885.1,18885.2,"Green County","KY"
21,87,"Paraquat",2014,56.9,371.7,"Green County","KY"
21,89,"2,4-D",2014,164.9,258.2,"Greenup County","KY"
21,89,"Glyphosate",2014,1397.8,1451.9,"Greenup County","KY"
21,89,"Paraquat",2014,103.8,131.8,"Greenup County","KY"
21,89,"Chlorpyrifos",2014,36.4,231.1,"Greenup County","KY"
21,9,"2,4-D",2014,8499.1,8498,"Barren County","KY"
21,9,"Glyphosate",2014,52605.1,52605.4,"Barren County","KY"
21,9,"Chlorpyrifos",2014,3,2710.3,"Barren County","KY"
21,9,"Paraquat",2014,165.1,858.4,"Barren County","KY"
21,91,"2,4-D",2014,989.2,994.2,"Hancock County","KY"
21,91,"Chlorpyrifos",2014,40.1,591.9,"Hancock County","KY"
21,91,"Glyphosate",2014,10628.9,10662.4,"Hancock County","KY"
21,91,"Paraquat",2014,83.5,166.7,"Hancock County","KY"
21,93,"2,4-D",2014,7174.1,7173.3,"Hardin County","KY"
21,93,"Glyphosate",2014,62438.8,62439,"Hardin County","KY"
21,93,"Chlorpyrifos",2014,3.8,2843.1,"Hardin County","KY"
21,93,"Paraquat",2014,181.5,1005.5,"Hardin County","KY"
21,95,"Chlorpyrifos",2014,75,75,"Harlan County","KY"
21,95,"2,4-D",2014,22.3,22.3,"Harlan County","KY"
21,95,"Glyphosate",2014,18.8,18.8,"Harlan County","KY"
21,95,"Paraquat",2014,10.1,10.1,"Harlan County","KY"
21,97,"Chlorpyrifos",2014,4.3,364.6,"Harrison County","KY"
21,97,"2,4-D",2014,477.3,1073.4,"Harrison County","KY"
21,97,"Glyphosate",2014,7426,7598.8,"Harrison County","KY"
21,97,"Paraquat",2014,240.2,518.2,"Harrison County","KY"
21,99,"2,4-D",2014,4702.1,4702,"Hart County","KY"
21,99,"Glyphosate",2014,16535.9,16536.1,"Hart County","KY"
21,99,"Paraquat",2014,42.3,391.5,"Hart County","KY"
21,99,"Chlorpyrifos",2014,3.9,878,"Hart County","KY"
22,1,"Glyphosate",2014,99176.9,99879.5,"Acadia Parish","LA"
22,1,"Malathion",2014,22,352.9,"Acadia Parish","LA"
22,1,"Paraquat",2014,1431.6,1636.3,"Acadia Parish","LA"
22,1,"2,4-D",2014,15735,15869.5,"Acadia Parish","LA"
22,1,"Chlorpyrifos",2014,1.4,11.8,"Acadia Parish","LA"
22,101,"Paraquat",2014,NA,925.6,"St. Mary Parish","LA"
22,101,"Glyphosate",2014,17037.7,17045.5,"St. Mary Parish","LA"
22,101,"Malathion",2014,NA,37.3,"St. Mary Parish","LA"
22,101,"2,4-D",2014,10148.5,10634.4,"St. Mary Parish","LA"
22,103,"Paraquat",2014,14.2,14,"St. Tammany Parish","LA"
22,103,"Glyphosate",2014,543.6,564.9,"St. Tammany Parish","LA"
22,103,"2,4-D",2014,1495.3,1495.7,"St. Tammany Parish","LA"
22,105,"Chlorpyrifos",2014,NA,1.6,"Tangipahoa Parish","LA"
22,105,"Glyphosate",2014,2709.9,2774.9,"Tangipahoa Parish","LA"
22,105,"Paraquat",2014,83,34.4,"Tangipahoa Parish","LA"
22,105,"Malathion",2014,10.9,10.9,"Tangipahoa Parish","LA"
22,105,"2,4-D",2014,4634.4,4676.7,"Tangipahoa Parish","LA"
22,107,"Chlorpyrifos",2014,86.3,139.2,"Tensas Parish","LA"
22,107,"Glyphosate",2014,152355.9,152359.8,"Tensas Parish","LA"
22,107,"Paraquat",2014,875.2,4365.9,"Tensas Parish","LA"
22,107,"Malathion",2014,8580,8580,"Tensas Parish","LA"
22,107,"2,4-D",2014,28549.4,34064,"Tensas Parish","LA"
22,109,"Glyphosate",2014,4301.2,4301.2,"Terrebonne Parish","LA"
22,109,"2,4-D",2014,2072.2,2072.2,"Terrebonne Parish","LA"
22,11,"Glyphosate",2014,9780,9882.6,"Beauregard Parish","LA"
22,11,"Chlorpyrifos",2014,1.1,1.8,"Beauregard Parish","LA"
22,11,"Paraquat",2014,248,226.6,"Beauregard Parish","LA"
22,11,"2,4-D",2014,2751.5,2760.4,"Beauregard Parish","LA"
22,11,"Malathion",2014,12,51.9,"Beauregard Parish","LA"
22,111,"Glyphosate",2014,312.3,336.3,"Union Parish","LA"
22,111,"Malathion",2014,0.5,0.5,"Union Parish","LA"
22,111,"Paraquat",2014,12.5,12.5,"Union Parish","LA"
22,111,"2,4-D",2014,1843.5,1843.5,"Union Parish","LA"
22,113,"Glyphosate",2014,59475.9,59555.4,"Vermilion Parish","LA"
22,113,"Chlorpyrifos",2014,1.9,1.9,"Vermilion Parish","LA"
22,113,"2,4-D",2014,28123.7,28123.7,"Vermilion Parish","LA"
22,113,"Malathion",2014,25.5,167.3,"Vermilion Parish","LA"
22,113,"Paraquat",2014,697.6,1381.2,"Vermilion Parish","LA"
22,115,"Glyphosate",2014,64,157.1,"Vernon Parish","LA"
22,115,"Malathion",2014,21.2,21.2,"Vernon Parish","LA"
22,115,"Paraquat",2014,3,3.2,"Vernon Parish","LA"
22,115,"Chlorpyrifos",2014,0.2,0.2,"Vernon Parish","LA"
22,115,"2,4-D",2014,836.2,836.2,"Vernon Parish","LA"
22,117,"Malathion",2014,25.4,25.4,"Washington Parish","LA"
22,117,"Glyphosate",2014,3819.8,3855.6,"Washington Parish","LA"
22,117,"Chlorpyrifos",2014,NA,0.1,"Washington Parish","LA"
22,117,"2,4-D",2014,2844.6,2846.2,"Washington Parish","LA"
22,117,"Paraquat",2014,153.7,67.1,"Washington Parish","LA"
22,119,"2,4-D",2014,8230.7,8230.8,"Webster Parish","LA"
22,119,"Paraquat",2014,0.9,0.9,"Webster Parish","LA"
22,119,"Glyphosate",2014,2.8,152.3,"Webster Parish","LA"
22,119,"Chlorpyrifos",2014,12.7,12.7,"Webster Parish","LA"
22,121,"Malathion",2014,39,39,"West Baton Rouge Parish","LA"
22,121,"2,4-D",2014,1477.6,1477.6,"West Baton Rouge Parish","LA"
22,121,"Paraquat",2014,348,348,"West Baton Rouge Parish","LA"
22,121,"Glyphosate",2014,10024.5,10024.5,"West Baton Rouge Parish","LA"
22,123,"2,4-D",2014,11798.2,15174.9,"West Carroll Parish","LA"
22,123,"Paraquat",2014,484.7,2585.1,"West Carroll Parish","LA"
22,123,"Chlorpyrifos",2014,7.9,14.9,"West Carroll Parish","LA"
22,123,"Malathion",2014,2464,2464,"West Carroll Parish","LA"
22,123,"Glyphosate",2014,71148,71178.5,"West Carroll Parish","LA"
22,125,"Malathion",2014,52.2,52.2,"West Feliciana Parish","LA"
22,125,"Paraquat",2014,386.8,147.6,"West Feliciana Parish","LA"
22,125,"Glyphosate",2014,9250.2,9298.7,"West Feliciana Parish","LA"
22,125,"2,4-D",2014,5404.5,5404.5,"West Feliciana Parish","LA"
22,127,"2,4-D",2014,656.2,656.2,"Winn Parish","LA"
22,127,"Glyphosate",2014,NA,8.8,"Winn Parish","LA"
22,13,"Paraquat",2014,1.1,1.1,"Bienville Parish","LA"
22,13,"Glyphosate",2014,29.6,52.7,"Bienville Parish","LA"
22,13,"2,4-D",2014,1725,1725,"Bienville Parish","LA"
22,15,"Chlorpyrifos",2014,4.6,4.6,"Bossier Parish","LA"
22,15,"Glyphosate",2014,12557.2,16461.3,"Bossier Parish","LA"
22,15,"Paraquat",2014,2092.3,2092.3,"Bossier Parish","LA"
22,15,"2,4-D",2014,12812.7,15870.4,"Bossier Parish","LA"
22,15,"Malathion",2014,NA,147.5,"Bossier Parish","LA"
22,17,"Glyphosate",2014,31121.1,48873.7,"Caddo Parish","LA"
22,17,"Paraquat",2014,7860.2,7860.2,"Caddo Parish","LA"
22,17,"Chlorpyrifos",2014,68.9,69.7,"Caddo Parish","LA"
22,17,"Malathion",2014,NA,281.7,"Caddo Parish","LA"
22,17,"2,4-D",2014,15580.9,29016.4,"Caddo Parish","LA"
22,19,"Glyphosate",2014,19371.1,19824.9,"Calcasieu Parish","LA"
22,19,"Chlorpyrifos",2014,1.1,5.1,"Calcasieu Parish","LA"
22,19,"Paraquat",2014,297.8,331,"Calcasieu Parish","LA"
22,19,"Malathion",2014,8.4,77.2,"Calcasieu Parish","LA"
22,19,"2,4-D",2014,9115.8,9166.8,"Calcasieu Parish","LA"
22,21,"Glyphosate",2014,6251.5,6267.1,"Caldwell Parish","LA"
22,21,"Chlorpyrifos",2014,0.4,0.4,"Caldwell Parish","LA"
22,21,"Paraquat",2014,342.8,1025.6,"Caldwell Parish","LA"
22,21,"2,4-D",2014,2093.3,3515.8,"Caldwell Parish","LA"
22,21,"Malathion",2014,83.3,803.9,"Caldwell Parish","LA"
22,23,"Chlorpyrifos",2014,0.1,0.1,"Cameron Parish","LA"
22,23,"Paraquat",2014,97.3,108.7,"Cameron Parish","LA"
22,23,"Malathion",2014,5,27.5,"Cameron Parish","LA"
22,23,"Glyphosate",2014,8988,9138.2,"Cameron Parish","LA"
22,23,"2,4-D",2014,6986.5,6986.5,"Cameron Parish","LA"
22,25,"Malathion",2014,782.5,3643.8,"Catahoula Parish","LA"
22,25,"Glyphosate",2014,157845.4,157845.4,"Catahoula Parish","LA"
22,25,"Paraquat",2014,468.9,1286,"Catahoula Parish","LA"
22,25,"Chlorpyrifos",2014,119.8,119.8,"Catahoula Parish","LA"
22,25,"2,4-D",2014,15855.5,15855.5,"Catahoula Parish","LA"
22,27,"Malathion",2014,0.2,0.2,"Claiborne Parish","LA"
22,27,"Glyphosate",2014,259.2,281.2,"Claiborne Parish","LA"
22,27,"2,4-D",2014,1685.1,1685.1,"Claiborne Parish","LA"
22,27,"Paraquat",2014,10,10,"Claiborne Parish","LA"
22,29,"Glyphosate",2014,184172.8,184172.8,"Concordia Parish","LA"
22,29,"2,4-D",2014,17051.7,17051.7,"Concordia Parish","LA"
22,29,"Malathion",2014,934.8,3999.1,"Concordia Parish","LA"
22,29,"Chlorpyrifos",2014,100.2,100.2,"Concordia Parish","LA"
22,29,"Paraquat",2014,474,1281.9,"Concordia Parish","LA"
22,3,"Glyphosate",2014,19007.1,19033.2,"Allen Parish","LA"
22,3,"Chlorpyrifos",2014,3,3,"Allen Parish","LA"
22,3,"Paraquat",2014,270.1,330.9,"Allen Parish","LA"
22,3,"Malathion",2014,3.9,53.2,"Allen Parish","LA"
22,3,"2,4-D",2014,3801,3801,"Allen Parish","LA"
22,31,"Chlorpyrifos",2014,26.9,26.9,"De Soto Parish","LA"
22,31,"Malathion",2014,NA,12.1,"De Soto Parish","LA"
22,31,"2,4-D",2014,24659.1,24832.3,"De Soto Parish","LA"
22,31,"Glyphosate",2014,1199.8,1664.8,"De Soto Parish","LA"
22,31,"Paraquat",2014,119.8,119.8,"De Soto Parish","LA"
22,33,"Malathion",2014,1.7,1.7,"East Baton Rouge Parish","LA"
22,33,"Chlorpyrifos",2014,NA,0.6,"East Baton Rouge Parish","LA"
22,33,"Paraquat",2014,8.4,5.2,"East Baton Rouge Parish","LA"
22,33,"Glyphosate",2014,389.7,431.1,"East Baton Rouge Parish","LA"
22,33,"2,4-D",2014,2811.8,2826.9,"East Baton Rouge Parish","LA"
22,35,"Chlorpyrifos",2014,27.4,34.4,"East Carroll Parish","LA"
22,35,"2,4-D",2014,19477,27197,"East Carroll Parish","LA"
22,35,"Malathion",2014,6417.7,6417.7,"East Carroll Parish","LA"
22,35,"Paraquat",2014,857.7,5869.4,"East Carroll Parish","LA"
22,35,"Glyphosate",2014,154800.7,154806.4,"East Carroll Parish","LA"
22,37,"2,4-D",2014,5036.4,5036.4,"East Feliciana Parish","LA"
22,37,"Malathion",2014,54.7,54.7,"East Feliciana Parish","LA"
22,37,"Paraquat",2014,108.3,49.9,"East Feliciana Parish","LA"
22,37,"Glyphosate",2014,8572.7,8625.6,"East Feliciana Parish","LA"
22,39,"2,4-D",2014,5908.6,5908.6,"Evangeline Parish","LA"
22,39,"Paraquat",2014,307.8,349,"Evangeline Parish","LA"
22,39,"Chlorpyrifos",2014,13.1,13.1,"Evangeline Parish","LA"
22,39,"Glyphosate",2014,86353,86353,"Evangeline Parish","LA"
22,39,"Malathion",2014,328.5,439.5,"Evangeline Parish","LA"
22,41,"Paraquat",2014,1653.4,4689.3,"Franklin Parish","LA"
22,41,"Chlorpyrifos",2014,42.9,50.4,"Franklin Parish","LA"
22,41,"Glyphosate",2014,154029.4,154093.1,"Franklin Parish","LA"
22,41,"2,4-D",2014,35984.5,40311.6,"Franklin Parish","LA"
22,41,"Malathion",2014,5513.5,5513.5,"Franklin Parish","LA"
22,43,"Paraquat",2014,37.3,94.2,"Grant Parish","LA"
22,43,"Glyphosate",2014,8465.4,8465.4,"Grant Parish","LA"
22,43,"Chlorpyrifos",2014,4,4,"Grant Parish","LA"
22,43,"2,4-D",2014,1042.7,1042.7,"Grant Parish","LA"
22,43,"Malathion",2014,35.7,284.7,"Grant Parish","LA"
22,45,"Paraquat",2014,7.6,1213.3,"Iberia Parish","LA"
22,45,"2,4-D",2014,12249.6,12860.1,"Iberia Parish","LA"
22,45,"Malathion",2014,NA,47.3,"Iberia Parish","LA"
22,45,"Glyphosate",2014,27543.8,27551,"Iberia Parish","LA"
22,47,"Glyphosate",2014,27601.9,27613.5,"Iberville Parish","LA"
22,47,"Chlorpyrifos",2014,2.7,2.7,"Iberville Parish","LA"
22,47,"2,4-D",2014,8299,9322.2,"Iberville Parish","LA"
22,47,"Paraquat",2014,2.7,911.5,"Iberville Parish","LA"
22,47,"Malathion",2014,NA,107,"Iberville Parish","LA"
22,49,"Glyphosate",2014,76.8,83.5,"Jackson Parish","LA"
22,49,"Paraquat",2014,2.8,2.8,"Jackson Parish","LA"
22,49,"2,4-D",2014,510.9,510.9,"Jackson Parish","LA"
22,5,"Glyphosate",2014,8002.2,8002.2,"Ascension Parish","LA"
22,5,"Paraquat",2014,22.7,26.7,"Ascension Parish","LA"
22,5,"2,4-D",2014,3203.3,3206,"Ascension Parish","LA"
22,51,"Glyphosate",2014,2.9,2.9,"Jefferson Parish","LA"
22,51,"2,4-D",2014,82,82,"Jefferson Parish","LA"
22,53,"Chlorpyrifos",2014,15.7,26.6,"Jefferson Davis Parish","LA"
22,53,"Glyphosate",2014,68896.5,69665.4,"Jefferson Davis Parish","LA"
22,53,"Malathion",2014,21.7,190.9,"Jefferson Davis Parish","LA"
22,53,"2,4-D",2014,15334.1,15476,"Jefferson Davis Parish","LA"
22,53,"Paraquat",2014,732,904.3,"Jefferson Davis Parish","LA"
22,55,"Glyphosate",2014,15540.6,15554.4,"Lafayette Parish","LA"
22,55,"Chlorpyrifos",2014,2.4,2.4,"Lafayette Parish","LA"
22,55,"Malathion",2014,NA,55.6,"Lafayette Parish","LA"
22,55,"2,4-D",2014,2974.1,4056.5,"Lafayette Parish","LA"
22,55,"Paraquat",2014,19.2,310.2,"Lafayette Parish","LA"
22,57,"Glyphosate",2014,13551.2,13551.2,"Lafourche Parish","LA"
22,57,"2,4-D",2014,5968.1,5970.3,"Lafourche Parish","LA"
22,57,"Paraquat",2014,18.6,22,"Lafourche Parish","LA"
22,59,"2,4-D",2014,93.2,93.2,"La Salle Parish","LA"
22,59,"Glyphosate",2014,371.2,371.2,"La Salle Parish","LA"
22,59,"Malathion",2014,0.9,0.9,"La Salle Parish","LA"
22,59,"Paraquat",2014,7.8,7.8,"La Salle Parish","LA"
22,61,"Glyphosate",2014,227.2,246.5,"Lincoln Parish","LA"
22,61,"2,4-D",2014,1470.2,1470.2,"Lincoln Parish","LA"
22,61,"Malathion",2014,4.6,4.6,"Lincoln Parish","LA"
22,61,"Paraquat",2014,17.8,17.8,"Lincoln Parish","LA"
22,63,"Glyphosate",2014,74.8,90.8,"Livingston Parish","LA"
22,63,"2,4-D",2014,1080.8,1080.8,"Livingston Parish","LA"
22,63,"Malathion",2014,0.5,0.5,"Livingston Parish","LA"
22,63,"Paraquat",2014,0.3,0.3,"Livingston Parish","LA"
22,65,"2,4-D",2014,21642.6,28565,"Madison Parish","LA"
22,65,"Malathion",2014,6125.9,6125.9,"Madison Parish","LA"
22,65,"Glyphosate",2014,149738.6,149751.1,"Madison Parish","LA"
22,65,"Chlorpyrifos",2014,31.3,44.9,"Madison Parish","LA"
22,65,"Paraquat",2014,984.6,5437.2,"Madison Parish","LA"
22,67,"2,4-D",2014,24017.3,31589.5,"Morehouse Parish","LA"
22,67,"Malathion",2014,4085.7,4085.7,"Morehouse Parish","LA"
22,67,"Glyphosate",2014,152204,152261.8,"Morehouse Parish","LA"
22,67,"Chlorpyrifos",2014,3.3,21.4,"Morehouse Parish","LA"
22,67,"Paraquat",2014,1296,5428,"Morehouse Parish","LA"
22,69,"Chlorpyrifos",2014,506.7,507.3,"Natchitoches Parish","LA"
22,69,"Malathion",2014,6.4,217.1,"Natchitoches Parish","LA"
22,69,"2,4-D",2014,21075.5,21075.5,"Natchitoches Parish","LA"
22,69,"Paraquat",2014,2563.8,4074.1,"Natchitoches Parish","LA"
22,69,"Glyphosate",2014,53411.6,53758.6,"Natchitoches Parish","LA"
22,7,"Glyphosate",2014,19219.6,19221.1,"Assumption Parish","LA"
22,7,"Malathion",2014,NA,63,"Assumption Parish","LA"
22,7,"Paraquat",2014,NA,829.7,"Assumption Parish","LA"
22,7,"2,4-D",2014,8469.9,8890.1,"Assumption Parish","LA"
22,71,"Glyphosate",2014,0.7,0.7,"Orleans Parish","LA"
22,71,"2,4-D",2014,18.5,18.5,"Orleans Parish","LA"
22,73,"2,4-D",2014,5134.2,6858.7,"Ouachita Parish","LA"
22,73,"Malathion",2014,350,1223.5,"Ouachita Parish","LA"
22,73,"Glyphosate",2014,21727.2,21747.9,"Ouachita Parish","LA"
22,73,"Chlorpyrifos",2014,39.2,39.2,"Ouachita Parish","LA"
22,73,"Paraquat",2014,1348.6,2176.3,"Ouachita Parish","LA"
22,75,"2,4-D",2014,971.1,971.1,"Plaquemines Parish","LA"
22,75,"Glyphosate",2014,94.8,94.8,"Plaquemines Parish","LA"
22,77,"Malathion",2014,746.1,1023,"Pointe Coupee Parish","LA"
22,77,"Chlorpyrifos",2014,22.6,22.6,"Pointe Coupee Parish","LA"
22,77,"2,4-D",2014,14921.7,14921.7,"Pointe Coupee Parish","LA"
22,77,"Glyphosate",2014,129406.7,129406.7,"Pointe Coupee Parish","LA"
22,77,"Paraquat",2014,1026.1,1329.2,"Pointe Coupee Parish","LA"
22,79,"2,4-D",2014,7862.3,7862.3,"Rapides Parish","LA"
22,79,"Chlorpyrifos",2014,53.8,53.8,"Rapides Parish","LA"
22,79,"Malathion",2014,347.7,1972.1,"Rapides Parish","LA"
22,79,"Paraquat",2014,372.5,791.5,"Rapides Parish","LA"
22,79,"Glyphosate",2014,78685.3,78685.3,"Rapides Parish","LA"
22,81,"Chlorpyrifos",2014,8.7,8.7,"Red River Parish","LA"
22,81,"2,4-D",2014,23904.5,27561.2,"Red River Parish","LA"
22,81,"Malathion",2014,NA,178.9,"Red River Parish","LA"
22,81,"Glyphosate",2014,16190.1,20718.7,"Red River Parish","LA"
22,81,"Paraquat",2014,2402.3,2402.3,"Red River Parish","LA"
22,83,"Malathion",2014,6483.5,6483.5,"Richland Parish","LA"
22,83,"2,4-D",2014,26443.4,31480.2,"Richland Parish","LA"
22,83,"Glyphosate",2014,138819.9,138897.8,"Richland Parish","LA"
22,83,"Paraquat",2014,964,4198.2,"Richland Parish","LA"
22,83,"Chlorpyrifos",2014,55.8,76.3,"Richland Parish","LA"
22,85,"Glyphosate",2014,0.5,100.6,"Sabine Parish","LA"
22,85,"Paraquat",2014,0,0,"Sabine Parish","LA"
22,85,"2,4-D",2014,893.1,893.1,"Sabine Parish","LA"
22,85,"Chlorpyrifos",2014,0.4,0.4,"Sabine Parish","LA"
22,85,"Malathion",2014,0.1,0.1,"Sabine Parish","LA"
22,87,"2,4-D",2014,108.2,108.2,"St. Bernard Parish","LA"
22,87,"Glyphosate",2014,10.5,10.5,"St. Bernard Parish","LA"
22,89,"2,4-D",2014,171.3,171.3,"St. Charles Parish","LA"
22,89,"Glyphosate",2014,6.1,6.1,"St. Charles Parish","LA"
22,9,"Paraquat",2014,790,1164.2,"Avoyelles Parish","LA"
22,9,"Glyphosate",2014,169704.8,169704.8,"Avoyelles Parish","LA"
22,9,"Chlorpyrifos",2014,235.7,235.7,"Avoyelles Parish","LA"
22,9,"2,4-D",2014,19060,19060,"Avoyelles Parish","LA"
22,9,"Malathion",2014,806.5,1932.5,"Avoyelles Parish","LA"
22,91,"Glyphosate",2014,273,305.5,"St. Helena Parish","LA"
22,91,"Paraquat",2014,87.5,29.6,"St. Helena Parish","LA"
22,91,"2,4-D",2014,2267.2,2268.1,"St. Helena Parish","LA"
22,93,"Glyphosate",2014,14622.2,14622.2,"St. James Parish","LA"
22,93,"Paraquat",2014,68.5,80.8,"St. James Parish","LA"
22,93,"2,4-D",2014,4283.8,4292,"St. James Parish","LA"
22,95,"Paraquat",2014,4.1,4.9,"St. John the Baptist Parish","LA"
22,95,"Glyphosate",2014,1983.5,1983.5,"St. John the Baptist Parish","LA"
22,95,"2,4-D",2014,656.9,657.4,"St. John the Baptist Parish","LA"
22,97,"Paraquat",2014,683.7,852.3,"St. Landry Parish","LA"
22,97,"Glyphosate",2014,185108.1,185108.1,"St. Landry Parish","LA"
22,97,"Chlorpyrifos",2014,110.7,110.7,"St. Landry Parish","LA"
22,97,"Malathion",2014,976.9,1255.5,"St. Landry Parish","LA"
22,97,"2,4-D",2014,17335.1,17335.1,"St. Landry Parish","LA"
22,99,"Glyphosate",2014,31389.9,31396.1,"St. Martin Parish","LA"
22,99,"Chlorpyrifos",2014,5.7,5.7,"St. Martin Parish","LA"
22,99,"Malathion",2014,NA,116.1,"St. Martin Parish","LA"
22,99,"Paraquat",2014,36.9,777.4,"St. Martin Parish","LA"
22,99,"2,4-D",2014,6919.3,8122.3,"St. Martin Parish","LA"
23,1,"2,4-D",2014,159.7,142.5,"Androscoggin County","ME"
23,1,"Chlorpyrifos",2014,256.7,307,"Androscoggin County","ME"
23,1,"Paraquat",2014,74.5,75.2,"Androscoggin County","ME"
23,1,"Glyphosate",2014,653.7,714.3,"Androscoggin County","ME"
23,11,"Chlorpyrifos",2014,348,510.1,"Kennebec County","ME"
23,11,"Paraquat",2014,97,97.9,"Kennebec County","ME"
23,11,"Glyphosate",2014,1412.3,1513.1,"Kennebec County","ME"
23,11,"2,4-D",2014,265.5,226.8,"Kennebec County","ME"
23,13,"Chlorpyrifos",2014,16.8,13.4,"Knox County","ME"
23,13,"Paraquat",2014,5.2,5.3,"Knox County","ME"
23,13,"2,4-D",2014,10.5,10.5,"Knox County","ME"
23,13,"Glyphosate",2014,21.5,55.9,"Knox County","ME"
23,15,"Chlorpyrifos",2014,18.8,21,"Lincoln County","ME"
23,15,"Paraquat",2014,5.5,5.6,"Lincoln County","ME"
23,15,"Glyphosate",2014,54,86.8,"Lincoln County","ME"
23,15,"2,4-D",2014,13.3,12.2,"Lincoln County","ME"
23,17,"Paraquat",2014,59.2,59.8,"Oxford County","ME"
23,17,"Chlorpyrifos",2014,196.7,193.5,"Oxford County","ME"
23,17,"Glyphosate",2014,277.2,373.1,"Oxford County","ME"
23,17,"2,4-D",2014,104,97.7,"Oxford County","ME"
23,19,"Chlorpyrifos",2014,328.6,698.8,"Penobscot County","ME"
23,19,"Paraquat",2014,80,100.4,"Penobscot County","ME"
23,19,"Glyphosate",2014,2634.3,2695.6,"Penobscot County","ME"
23,19,"2,4-D",2014,368.6,295.8,"Penobscot County","ME"
23,21,"Glyphosate",2014,452.2,485.7,"Piscataquis County","ME"
23,21,"Paraquat",2014,6.5,11.4,"Piscataquis County","ME"
23,21,"Chlorpyrifos",2014,32.1,101.4,"Piscataquis County","ME"
23,21,"2,4-D",2014,58.6,45.8,"Piscataquis County","ME"
23,23,"Glyphosate",2014,53,74.8,"Sagadahoc County","ME"
23,23,"2,4-D",2014,8.5,7.1,"Sagadahoc County","ME"
23,23,"Paraquat",2014,2.4,2.4,"Sagadahoc County","ME"
23,23,"Chlorpyrifos",2014,8.5,15.4,"Sagadahoc County","ME"
23,25,"Chlorpyrifos",2014,143.9,375.1,"Somerset County","ME"
23,25,"2,4-D",2014,192.9,149.7,"Somerset County","ME"
23,25,"Glyphosate",2014,1514.1,1591.9,"Somerset County","ME"
23,25,"Paraquat",2014,31.7,32.1,"Somerset County","ME"
23,27,"2,4-D",2014,112.2,89.8,"Waldo County","ME"
23,27,"Chlorpyrifos",2014,91.1,208,"Waldo County","ME"
23,27,"Glyphosate",2014,797.8,884.6,"Waldo County","ME"
23,27,"Paraquat",2014,21.5,21.8,"Waldo County","ME"
23,29,"Paraquat",2014,31.2,31.6,"Washington County","ME"
23,29,"2,4-D",2014,42.5,42.3,"Washington County","ME"
23,29,"Glyphosate",2014,32.2,68.9,"Washington County","ME"
23,29,"Chlorpyrifos",2014,100.3,80.4,"Washington County","ME"
23,3,"2,4-D",2014,360.3,311.2,"Aroostook County","ME"
23,3,"Chlorpyrifos",2014,82.2,105,"Aroostook County","ME"
23,3,"Paraquat",2014,156.8,157,"Aroostook County","ME"
23,3,"Glyphosate",2014,1085.8,1254.9,"Aroostook County","ME"
23,31,"Paraquat",2014,49,49.5,"York County","ME"
23,31,"2,4-D",2014,91.1,85.1,"York County","ME"
23,31,"Glyphosate",2014,302.8,375.1,"York County","ME"
23,31,"Chlorpyrifos",2014,154.6,160.2,"York County","ME"
23,5,"2,4-D",2014,49.5,45.2,"Cumberland County","ME"
23,5,"Glyphosate",2014,184.1,289.8,"Cumberland County","ME"
23,5,"Paraquat",2014,24.4,24.6,"Cumberland County","ME"
23,5,"Chlorpyrifos",2014,82,91.1,"Cumberland County","ME"
23,7,"2,4-D",2014,19.2,17.5,"Franklin County","ME"
23,7,"Paraquat",2014,8.5,8.6,"Franklin County","ME"
23,7,"Glyphosate",2014,77,119.2,"Franklin County","ME"
23,7,"Chlorpyrifos",2014,28.1,32.7,"Franklin County","ME"
23,9,"Glyphosate",2014,13.9,61.4,"Hancock County","ME"
23,9,"Paraquat",2014,12.1,12.3,"Hancock County","ME"
23,9,"2,4-D",2014,19.6,19.5,"Hancock County","ME"
23,9,"Chlorpyrifos",2014,37.7,30.1,"Hancock County","ME"
24,1,"2,4-D",2014,34.3,202.8,"Allegany County","MD"
24,1,"Paraquat",2014,46.4,152,"Allegany County","MD"
24,1,"Chlorpyrifos",2014,15.3,52.9,"Allegany County","MD"
24,1,"Glyphosate",2014,2055.1,2093.5,"Allegany County","MD"
24,11,"Chlorpyrifos",2014,54.6,3594.2,"Caroline County","MD"
24,11,"2,4-D",2014,2939.7,5046.5,"Caroline County","MD"
24,11,"Glyphosate",2014,24646.2,24999,"Caroline County","MD"
24,11,"Paraquat",2014,3476.4,3510.3,"Caroline County","MD"
24,13,"2,4-D",2014,9554.5,9554.5,"Carroll County","MD"
24,13,"Glyphosate",2014,64552.9,64716.3,"Carroll County","MD"
24,13,"Chlorpyrifos",2014,152.1,1909.7,"Carroll County","MD"
24,13,"Paraquat",2014,15575.4,15604.6,"Carroll County","MD"
24,15,"2,4-D",2014,958.5,2424.2,"Cecil County","MD"
24,15,"Glyphosate",2014,11071.6,11228.9,"Cecil County","MD"
24,15,"Chlorpyrifos",2014,54.4,1938.3,"Cecil County","MD"
24,15,"Paraquat",2014,1397.9,1400.4,"Cecil County","MD"
24,17,"Chlorpyrifos",2014,5.3,256.6,"Charles County","MD"
24,17,"Glyphosate",2014,9051.9,9134.2,"Charles County","MD"
24,17,"2,4-D",2014,428,1134.7,"Charles County","MD"
24,17,"Paraquat",2014,3249.4,3311.3,"Charles County","MD"
24,19,"2,4-D",2014,11448.8,15565.9,"Dorchester County","MD"
24,19,"Chlorpyrifos",2014,29.4,2864.9,"Dorchester County","MD"
24,19,"Paraquat",2014,3463,3741.8,"Dorchester County","MD"
24,19,"Glyphosate",2014,53319.6,53340.2,"Dorchester County","MD"
24,21,"2,4-D",2014,13118.8,13118.8,"Frederick County","MD"
24,21,"Chlorpyrifos",2014,69.5,2498,"Frederick County","MD"
24,21,"Paraquat",2014,21246.5,21286.3,"Frederick County","MD"
24,21,"Glyphosate",2014,88405.3,88661,"Frederick County","MD"
24,23,"Chlorpyrifos",2014,5.1,267.7,"Garrett County","MD"
24,23,"Glyphosate",2014,13827.9,13900.5,"Garrett County","MD"
24,23,"2,4-D",2014,99.2,837.5,"Garrett County","MD"
24,23,"Paraquat",2014,189.8,940.3,"Garrett County","MD"
24,25,"Chlorpyrifos",2014,82,1265.2,"Harford County","MD"
24,25,"Glyphosate",2014,38823.9,38930.4,"Harford County","MD"
24,25,"Paraquat",2014,9851.7,9863.9,"Harford County","MD"
24,25,"2,4-D",2014,5957.3,5957.3,"Harford County","MD"
24,27,"Paraquat",2014,2536.9,2548.8,"Howard County","MD"
24,27,"Glyphosate",2014,10509.3,10554.8,"Howard County","MD"
24,27,"2,4-D",2014,1613.4,1613.4,"Howard County","MD"
24,27,"Chlorpyrifos",2014,24.5,313.9,"Howard County","MD"
24,29,"Paraquat",2014,2964.9,2979,"Kent County","MD"
24,29,"Glyphosate",2014,22880.8,23182.7,"Kent County","MD"
24,29,"2,4-D",2014,2490.8,5047.4,"Kent County","MD"
24,29,"Chlorpyrifos",2014,39.6,3747.9,"Kent County","MD"
24,3,"Paraquat",2014,1734.2,1737.9,"Anne Arundel County","MD"
24,3,"2,4-D",2014,176.2,610,"Anne Arundel County","MD"
24,3,"Chlorpyrifos",2014,17.5,221.7,"Anne Arundel County","MD"
24,3,"Glyphosate",2014,5061.8,5110.2,"Anne Arundel County","MD"
24,31,"Paraquat",2014,5896.9,5902,"Montgomery County","MD"
24,31,"2,4-D",2014,3835.2,3835.2,"Montgomery County","MD"
24,31,"Glyphosate",2014,27781.6,27858.1,"Montgomery County","MD"
24,31,"Chlorpyrifos",2014,83.9,631.4,"Montgomery County","MD"
24,33,"Paraquat",2014,1078.9,1081.2,"Prince George's County","MD"
24,33,"2,4-D",2014,151.8,534.5,"Prince George's County","MD"
24,33,"Glyphosate",2014,3090.9,3135.5,"Prince George's County","MD"
24,33,"Chlorpyrifos",2014,1,159.1,"Prince George's County","MD"
24,35,"Paraquat",2014,3365.1,3375.5,"Queen Anne's County","MD"
24,35,"Glyphosate",2014,28787.6,29159.2,"Queen Anne's County","MD"
24,35,"2,4-D",2014,3149.9,5974.4,"Queen Anne's County","MD"
24,35,"Chlorpyrifos",2014,13.8,4545.1,"Queen Anne's County","MD"
24,37,"Paraquat",2014,4808.5,4811.6,"St. Mary's County","MD"
24,37,"2,4-D",2014,723,1476.9,"St. Mary's County","MD"
24,37,"Glyphosate",2014,14745.4,14857,"St. Mary's County","MD"
24,37,"Chlorpyrifos",2014,17.6,388.1,"St. Mary's County","MD"
24,39,"Glyphosate",2014,22115.9,22117.4,"Somerset County","MD"
24,39,"Paraquat",2014,1395.8,1569,"Somerset County","MD"
24,39,"2,4-D",2014,4724.6,7669.7,"Somerset County","MD"
24,39,"Chlorpyrifos",2014,20.5,1488,"Somerset County","MD"
24,41,"Glyphosate",2014,19735,20002,"Talbot County","MD"
24,41,"Paraquat",2014,2538.7,2562.3,"Talbot County","MD"
24,41,"2,4-D",2014,2347.1,4173,"Talbot County","MD"
24,41,"Chlorpyrifos",2014,56.4,3065.5,"Talbot County","MD"
24,43,"Paraquat",2014,10755.1,10772.7,"Washington County","MD"
24,43,"Glyphosate",2014,41231.4,41478,"Washington County","MD"
24,43,"2,4-D",2014,7098,7098,"Washington County","MD"
24,43,"Chlorpyrifos",2014,704.8,2017.4,"Washington County","MD"
24,45,"Paraquat",2014,1449.4,1722.2,"Wicomico County","MD"
24,45,"2,4-D",2014,5404,9978.1,"Wicomico County","MD"
24,45,"Chlorpyrifos",2014,22.9,2078,"Wicomico County","MD"
24,45,"Glyphosate",2014,26074.6,26097.6,"Wicomico County","MD"
24,47,"Paraquat",2014,2139.9,2512.1,"Worcester County","MD"
24,47,"2,4-D",2014,8369.4,14633.8,"Worcester County","MD"
24,47,"Chlorpyrifos",2014,24.4,3023.5,"Worcester County","MD"
24,47,"Glyphosate",2014,40024.8,40027.4,"Worcester County","MD"
24,5,"2,4-D",2014,5326.6,5326.6,"Baltimore County","MD"
24,5,"Paraquat",2014,8735.3,8738.6,"Baltimore County","MD"
24,5,"Chlorpyrifos",2014,19,1033.2,"Baltimore County","MD"
24,5,"Glyphosate",2014,35794.8,35896.1,"Baltimore County","MD"
24,9,"Paraquat",2014,1281.9,1282.7,"Calvert County","MD"
24,9,"2,4-D",2014,535.7,887.8,"Calvert County","MD"
24,9,"Chlorpyrifos",2014,5.6,165.5,"Calvert County","MD"
24,9,"Glyphosate",2014,3902.2,3988.7,"Calvert County","MD"
25,1,"Paraquat",2014,7.6,7.6,"Barnstable County","MA"
25,1,"Glyphosate",2014,13.8,22.7,"Barnstable County","MA"
25,1,"Chlorpyrifos",2014,8.1,8.4,"Barnstable County","MA"
25,1,"2,4-D",2014,5.9,6,"Barnstable County","MA"
25,11,"Paraquat",2014,242.8,216.7,"Franklin County","MA"
25,11,"2,4-D",2014,123.8,124.7,"Franklin County","MA"
25,11,"Glyphosate",2014,1021.3,1214.5,"Franklin County","MA"
25,11,"Chlorpyrifos",2014,152.8,291.4,"Franklin County","MA"
25,13,"Paraquat",2014,116,105.3,"Hampden County","MA"
25,13,"2,4-D",2014,42.9,43.2,"Hampden County","MA"
25,13,"Chlorpyrifos",2014,53.6,110.6,"Hampden County","MA"
25,13,"Glyphosate",2014,310.9,374,"Hampden County","MA"
25,15,"Paraquat",2014,206.2,182,"Hampshire County","MA"
25,15,"2,4-D",2014,73.3,74.4,"Hampshire County","MA"
25,15,"Glyphosate",2014,1411.6,1558.3,"Hampshire County","MA"
25,15,"Chlorpyrifos",2014,130.6,259.5,"Hampshire County","MA"
25,17,"Glyphosate",2014,336,398.8,"Middlesex County","MA"
25,17,"Paraquat",2014,142.9,135.8,"Middlesex County","MA"
25,17,"2,4-D",2014,42.3,43.5,"Middlesex County","MA"
25,17,"Chlorpyrifos",2014,109.4,147.9,"Middlesex County","MA"
25,19,"Paraquat",2014,0.2,0.2,"Nantucket County","MA"
25,19,"Glyphosate",2014,2.5,3.4,"Nantucket County","MA"
25,19,"Chlorpyrifos",2014,0.4,0.5,"Nantucket County","MA"
25,19,"2,4-D",2014,0.8,0.8,"Nantucket County","MA"
25,21,"Paraquat",2014,11.8,11.8,"Norfolk County","MA"
25,21,"Glyphosate",2014,30.9,56.8,"Norfolk County","MA"
25,21,"Chlorpyrifos",2014,10,10.7,"Norfolk County","MA"
25,21,"2,4-D",2014,16.4,16.7,"Norfolk County","MA"
25,23,"Paraquat",2014,71,67,"Plymouth County","MA"
25,23,"Chlorpyrifos",2014,49,71.5,"Plymouth County","MA"
25,23,"Glyphosate",2014,221.6,268.9,"Plymouth County","MA"
25,23,"2,4-D",2014,34,34.1,"Plymouth County","MA"
25,25,"Glyphosate",2014,NA,0.3,"Suffolk County","MA"
25,25,"2,4-D",2014,0.2,0.2,"Suffolk County","MA"
25,27,"Glyphosate",2014,769.3,941,"Worcester County","MA"
25,27,"2,4-D",2014,127,130.2,"Worcester County","MA"
25,27,"Paraquat",2014,376.6,360.4,"Worcester County","MA"
25,27,"Chlorpyrifos",2014,303,389.1,"Worcester County","MA"
25,3,"Paraquat",2014,156.8,132.9,"Berkshire County","MA"
25,3,"Glyphosate",2014,591.1,723,"Berkshire County","MA"
25,3,"2,4-D",2014,101.7,101.8,"Berkshire County","MA"
25,3,"Chlorpyrifos",2014,47.3,171.6,"Berkshire County","MA"
25,5,"Paraquat",2014,113.8,100,"Bristol County","MA"
25,5,"Chlorpyrifos",2014,55.9,130.5,"Bristol County","MA"
25,5,"2,4-D",2014,42.2,42.7,"Bristol County","MA"
25,5,"Glyphosate",2014,533.8,595.6,"Bristol County","MA"
25,7,"Paraquat",2014,1.1,1.1,"Dukes County","MA"
25,7,"Glyphosate",2014,16.6,55.1,"Dukes County","MA"
25,7,"2,4-D",2014,30.1,30.1,"Dukes County","MA"
25,7,"Chlorpyrifos",2014,1.4,1.8,"Dukes County","MA"
25,9,"Paraquat",2014,69.8,64.7,"Essex County","MA"
25,9,"2,4-D",2014,36.9,37.3,"Essex County","MA"
25,9,"Glyphosate",2014,193.2,241.7,"Essex County","MA"
25,9,"Chlorpyrifos",2014,51.4,79,"Essex County","MA"
26,1,"Glyphosate",2014,1695.6,2234.9,"Alcona County","MI"
26,1,"Paraquat",2014,81,97.3,"Alcona County","MI"
26,1,"2,4-D",2014,33.4,359.3,"Alcona County","MI"
26,1,"Chlorpyrifos",2014,6.6,51.1,"Alcona County","MI"
26,101,"2,4-D",2014,600.9,617.3,"Manistee County","MI"
26,101,"Chlorpyrifos",2014,483.2,618.9,"Manistee County","MI"
26,101,"Paraquat",2014,130.5,141,"Manistee County","MI"
26,101,"Glyphosate",2014,2143.9,2223.3,"Manistee County","MI"
26,103,"Paraquat",2014,NA,4.8,"Marquette County","MI"
26,103,"2,4-D",2014,25.7,77.7,"Marquette County","MI"
26,103,"Glyphosate",2014,167.9,228.4,"Marquette County","MI"
26,103,"Chlorpyrifos",2014,6.8,18.1,"Marquette County","MI"
26,105,"Chlorpyrifos",2014,2572.9,2605.2,"Mason County","MI"
26,105,"Paraquat",2014,802,875.5,"Mason County","MI"
26,105,"Glyphosate",2014,16273.4,16781.1,"Mason County","MI"
26,105,"2,4-D",2014,2113.8,2515,"Mason County","MI"
26,107,"Chlorpyrifos",2014,77.2,1016.1,"Mecosta County","MI"
26,107,"2,4-D",2014,137.3,1247.8,"Mecosta County","MI"
26,107,"Glyphosate",2014,22687.4,23992.5,"Mecosta County","MI"
26,107,"Paraquat",2014,38.8,266.8,"Mecosta County","MI"
26,109,"2,4-D",2014,260.5,546.7,"Menominee County","MI"
26,109,"Paraquat",2014,NA,55.1,"Menominee County","MI"
26,109,"Glyphosate",2014,3991.7,4152.8,"Menominee County","MI"
26,109,"Chlorpyrifos",2014,370.5,440.4,"Menominee County","MI"
26,11,"Chlorpyrifos",2014,3,361.6,"Arenac County","MI"
26,11,"Paraquat",2014,3.7,465.5,"Arenac County","MI"
26,11,"Glyphosate",2014,16071.2,16381.8,"Arenac County","MI"
26,11,"2,4-D",2014,157,689.4,"Arenac County","MI"
26,111,"Chlorpyrifos",2014,170.7,1039.5,"Midland County","MI"
26,111,"Paraquat",2014,37.2,425.5,"Midland County","MI"
26,111,"Glyphosate",2014,34439,34878.7,"Midland County","MI"
26,111,"2,4-D",2014,145.8,915,"Midland County","MI"
26,113,"2,4-D",2014,956.5,1001.6,"Missaukee County","MI"
26,113,"Chlorpyrifos",2014,3,860.3,"Missaukee County","MI"
26,113,"Paraquat",2014,5.8,85.1,"Missaukee County","MI"
26,113,"Glyphosate",2014,7895.7,7954.7,"Missaukee County","MI"
26,115,"2,4-D",2014,4022.3,4108.4,"Monroe County","MI"
26,115,"Chlorpyrifos",2014,879.5,1841,"Monroe County","MI"
26,115,"Paraquat",2014,10,392.3,"Monroe County","MI"
26,115,"Malathion",2014,12.8,12.8,"Monroe County","MI"
26,115,"Glyphosate",2014,72803.1,74303.1,"Monroe County","MI"
26,117,"2,4-D",2014,636.7,2366.5,"Montcalm County","MI"
26,117,"Chlorpyrifos",2014,337.4,2739.2,"Montcalm County","MI"
26,117,"Paraquat",2014,256.5,1190.3,"Montcalm County","MI"
26,117,"Glyphosate",2014,69845.5,71421.2,"Montcalm County","MI"
26,119,"Chlorpyrifos",2014,6.9,34.3,"Montmorency County","MI"
26,119,"2,4-D",2014,17.6,221.1,"Montmorency County","MI"
26,119,"Glyphosate",2014,1708.2,2009.8,"Montmorency County","MI"
26,119,"Paraquat",2014,18.4,31.3,"Montmorency County","MI"
26,121,"2,4-D",2014,1044.7,1397.2,"Muskegon County","MI"
26,121,"Chlorpyrifos",2014,1493.1,1526.3,"Muskegon County","MI"
26,121,"Paraquat",2014,508.7,584.6,"Muskegon County","MI"
26,121,"Glyphosate",2014,14499.7,14933.7,"Muskegon County","MI"
26,123,"2,4-D",2014,1292.6,1957.3,"Newaygo County","MI"
26,123,"Paraquat",2014,454.5,567,"Newaygo County","MI"
26,123,"Chlorpyrifos",2014,1837.5,1873.3,"Newaygo County","MI"
26,123,"Glyphosate",2014,16851.7,17651.9,"Newaygo County","MI"
26,125,"2,4-D",2014,213.7,248,"Oakland County","MI"
26,125,"Chlorpyrifos",2014,50.3,90.9,"Oakland County","MI"
26,125,"Malathion",2014,0.1,0.1,"Oakland County","MI"
26,125,"Glyphosate",2014,3006.9,3303.4,"Oakland County","MI"
26,125,"Paraquat",2014,0.7,38.7,"Oakland County","MI"
26,127,"2,4-D",2014,5647,6332.5,"Oceana County","MI"
26,127,"Glyphosate",2014,22154.2,22710.6,"Oceana County","MI"
26,127,"Chlorpyrifos",2014,8786.8,8821.9,"Oceana County","MI"
26,127,"Paraquat",2014,2364.5,2445.4,"Oceana County","MI"
26,129,"2,4-D",2014,60.5,562.3,"Ogemaw County","MI"
26,129,"Glyphosate",2014,4436.5,5139.7,"Ogemaw County","MI"
26,129,"Paraquat",2014,12,56.1,"Ogemaw County","MI"
26,129,"Chlorpyrifos",2014,18.6,148.2,"Ogemaw County","MI"
26,13,"Chlorpyrifos",2014,1.3,3.5,"Baraga County","MI"
26,13,"Glyphosate",2014,95.4,107.4,"Baraga County","MI"
26,13,"Paraquat",2014,NA,4.2,"Baraga County","MI"
26,13,"2,4-D",2014,136.8,144.1,"Baraga County","MI"
26,131,"2,4-D",2014,83.8,110.3,"Ontonagon County","MI"
26,131,"Glyphosate",2014,84.8,113.4,"Ontonagon County","MI"
26,131,"Chlorpyrifos",2014,1.8,6.4,"Ontonagon County","MI"
26,131,"Paraquat",2014,NA,0.7,"Ontonagon County","MI"
26,133,"2,4-D",2014,64.9,1009.8,"Osceola County","MI"
26,133,"Glyphosate",2014,10669.2,11971.3,"Osceola County","MI"
26,133,"Paraquat",2014,18.7,76.4,"Osceola County","MI"
26,133,"Chlorpyrifos",2014,39.6,481.9,"Osceola County","MI"
26,135,"2,4-D",2014,33,168.5,"Oscoda County","MI"
26,135,"Glyphosate",2014,402.7,608.2,"Oscoda County","MI"
26,135,"Chlorpyrifos",2014,0.4,14.8,"Oscoda County","MI"
26,135,"Paraquat",2014,0.2,4.6,"Oscoda County","MI"
26,137,"2,4-D",2014,32.6,302.1,"Otsego County","MI"
26,137,"Chlorpyrifos",2014,1.5,16.8,"Otsego County","MI"
26,137,"Glyphosate",2014,726.8,1163.7,"Otsego County","MI"
26,137,"Paraquat",2014,20.4,25.9,"Otsego County","MI"
26,139,"2,4-D",2014,904.4,1313.2,"Ottawa County","MI"
26,139,"Chlorpyrifos",2014,1472,5338.5,"Ottawa County","MI"
26,139,"Paraquat",2014,845.9,1092.5,"Ottawa County","MI"
26,139,"Glyphosate",2014,18748.1,19591.4,"Ottawa County","MI"
26,141,"2,4-D",2014,100,665.2,"Presque Isle County","MI"
26,141,"Chlorpyrifos",2014,25.4,126.5,"Presque Isle County","MI"
26,141,"Paraquat",2014,74.9,122.4,"Presque Isle County","MI"
26,141,"Glyphosate",2014,7532.8,8365.6,"Presque Isle County","MI"
26,143,"2,4-D",2014,0.2,41.3,"Roscommon County","MI"
26,143,"Glyphosate",2014,26.9,89.5,"Roscommon County","MI"
26,143,"Paraquat",2014,0.2,0.3,"Roscommon County","MI"
26,143,"Chlorpyrifos",2014,0.4,1,"Roscommon County","MI"
26,145,"2,4-D",2014,996.2,3035.8,"Saginaw County","MI"
26,145,"Malathion",2014,0.6,0.6,"Saginaw County","MI"
26,145,"Glyphosate",2014,102276.5,103114.6,"Saginaw County","MI"
26,145,"Chlorpyrifos",2014,50.8,2286.5,"Saginaw County","MI"
26,145,"Paraquat",2014,14.3,1536.2,"Saginaw County","MI"
26,147,"2,4-D",2014,2095.7,2178.2,"St. Clair County","MI"
26,147,"Chlorpyrifos",2014,54.3,646.2,"St. Clair County","MI"
26,147,"Paraquat",2014,3.9,264,"St. Clair County","MI"
26,147,"Malathion",2014,0.1,0.1,"St. Clair County","MI"
26,147,"Glyphosate",2014,50077.8,51087.8,"St. Clair County","MI"
26,149,"2,4-D",2014,3605.5,3674.7,"St. Joseph County","MI"
26,149,"Paraquat",2014,62.4,503.9,"St. Joseph County","MI"
26,149,"Glyphosate",2014,59793.3,60677.6,"St. Joseph County","MI"
26,149,"Chlorpyrifos",2014,54,1047.4,"St. Joseph County","MI"
26,149,"Malathion",2014,0.4,0.4,"St. Joseph County","MI"
26,15,"Chlorpyrifos",2014,14,481.6,"Barry County","MI"
26,15,"Glyphosate",2014,33560.7,33612.3,"Barry County","MI"
26,15,"Paraquat",2014,27.8,251.8,"Barry County","MI"
26,15,"2,4-D",2014,2341.3,2444.7,"Barry County","MI"
26,151,"2,4-D",2014,1317.7,4350.7,"Sanilac County","MI"
26,151,"Paraquat",2014,11.4,2970.7,"Sanilac County","MI"
26,151,"Chlorpyrifos",2014,97.6,3167,"Sanilac County","MI"
26,151,"Glyphosate",2014,129453.7,130988.4,"Sanilac County","MI"
26,151,"Malathion",2014,0.9,0.9,"Sanilac County","MI"
26,153,"Paraquat",2014,NA,0.3,"Schoolcraft County","MI"
26,153,"Chlorpyrifos",2014,1.1,7.4,"Schoolcraft County","MI"
26,153,"2,4-D",2014,16.1,33.1,"Schoolcraft County","MI"
26,153,"Glyphosate",2014,36.3,59.4,"Schoolcraft County","MI"
26,155,"Chlorpyrifos",2014,22.7,748.8,"Shiawassee County","MI"
26,155,"Glyphosate",2014,74069.3,74152.9,"Shiawassee County","MI"
26,155,"Paraquat",2014,93.7,534.8,"Shiawassee County","MI"
26,155,"2,4-D",2014,5615.6,5719.8,"Shiawassee County","MI"
26,157,"Paraquat",2014,13.8,3457.3,"Tuscola County","MI"
26,157,"2,4-D",2014,903.5,3256.7,"Tuscola County","MI"
26,157,"Glyphosate",2014,89318.1,90532.4,"Tuscola County","MI"
26,157,"Chlorpyrifos",2014,34.2,2238.9,"Tuscola County","MI"
26,157,"Malathion",2014,0,0,"Tuscola County","MI"
26,159,"Paraquat",2014,1119.9,1314.3,"Van Buren County","MI"
26,159,"Glyphosate",2014,19798.9,20386,"Van Buren County","MI"
26,159,"Chlorpyrifos",2014,1260.4,5453.9,"Van Buren County","MI"
26,159,"2,4-D",2014,1155.6,1323.8,"Van Buren County","MI"
26,161,"Glyphosate",2014,44093.7,45783.2,"Washtenaw County","MI"
26,161,"Paraquat",2014,2.6,229.9,"Washtenaw County","MI"
26,161,"Chlorpyrifos",2014,90.9,701.6,"Washtenaw County","MI"
26,161,"Malathion",2014,0.5,0.5,"Washtenaw County","MI"
26,161,"2,4-D",2014,2426.7,2550.3,"Washtenaw County","MI"
26,163,"Glyphosate",2014,2904.6,3027.9,"Wayne County","MI"
26,163,"Paraquat",2014,0.4,19,"Wayne County","MI"
26,163,"Chlorpyrifos",2014,20.4,56.2,"Wayne County","MI"
26,163,"2,4-D",2014,83.7,106.6,"Wayne County","MI"
26,163,"Malathion",2014,0.1,0.1,"Wayne County","MI"
26,165,"Glyphosate",2014,2152.3,2186.2,"Wexford County","MI"
26,165,"Chlorpyrifos",2014,24.8,223.5,"Wexford County","MI"
26,165,"Paraquat",2014,11.2,29.7,"Wexford County","MI"
26,165,"2,4-D",2014,446.7,473.5,"Wexford County","MI"
26,17,"Glyphosate",2014,53263,53813.2,"Bay County","MI"
26,17,"Paraquat",2014,5.1,2108.6,"Bay County","MI"
26,17,"Chlorpyrifos",2014,34.7,1448.1,"Bay County","MI"
26,17,"Malathion",2014,0.2,0.2,"Bay County","MI"
26,17,"2,4-D",2014,476.7,1716.4,"Bay County","MI"
26,19,"Chlorpyrifos",2014,1073,1128.5,"Benzie County","MI"
26,19,"Glyphosate",2014,2543.7,2553.6,"Benzie County","MI"
26,19,"Paraquat",2014,213.2,218.4,"Benzie County","MI"
26,19,"2,4-D",2014,1042.3,1050.7,"Benzie County","MI"
26,21,"Chlorpyrifos",2014,1617.1,8000,"Berrien County","MI"
26,21,"Glyphosate",2014,27337.1,27793.8,"Berrien County","MI"
26,21,"Paraquat",2014,1585.7,1870.9,"Berrien County","MI"
26,21,"2,4-D",2014,1590.8,1824.2,"Berrien County","MI"
26,23,"Chlorpyrifos",2014,32.2,1023.5,"Branch County","MI"
26,23,"Malathion",2014,0.4,0.4,"Branch County","MI"
26,23,"Glyphosate",2014,70925.2,71127.5,"Branch County","MI"
26,23,"Paraquat",2014,13.7,495.6,"Branch County","MI"
26,23,"2,4-D",2014,4256.2,4322.3,"Branch County","MI"
26,25,"Glyphosate",2014,65699.8,65776.2,"Calhoun County","MI"
26,25,"Paraquat",2014,74.7,516,"Calhoun County","MI"
26,25,"Malathion",2014,0,0,"Calhoun County","MI"
26,25,"Chlorpyrifos",2014,25.2,897.9,"Calhoun County","MI"
26,25,"2,4-D",2014,4139.1,4229,"Calhoun County","MI"
26,27,"Glyphosate",2014,36761.6,37291.7,"Cass County","MI"
26,27,"Paraquat",2014,366.1,699.2,"Cass County","MI"
26,27,"Chlorpyrifos",2014,195.6,8230.8,"Cass County","MI"
26,27,"2,4-D",2014,1104,1323.1,"Cass County","MI"
26,29,"Glyphosate",2014,1452.5,1479.3,"Charlevoix County","MI"
26,29,"Chlorpyrifos",2014,119.3,213.8,"Charlevoix County","MI"
26,29,"Paraquat",2014,55.2,63.9,"Charlevoix County","MI"
26,29,"2,4-D",2014,447.5,471.6,"Charlevoix County","MI"
26,3,"Glyphosate",2014,146.6,190.7,"Alger County","MI"
26,3,"2,4-D",2014,72.5,100.7,"Alger County","MI"
26,3,"Chlorpyrifos",2014,7.4,26.1,"Alger County","MI"
26,3,"Paraquat",2014,NA,3.1,"Alger County","MI"
26,31,"Glyphosate",2014,547.4,1116.5,"Cheboygan County","MI"
26,31,"Paraquat",2014,8.1,14.1,"Cheboygan County","MI"
26,31,"Chlorpyrifos",2014,15.1,35,"Cheboygan County","MI"
26,31,"2,4-D",2014,31.9,399,"Cheboygan County","MI"
26,33,"Chlorpyrifos",2014,14.3,37.7,"Chippewa County","MI"
26,33,"2,4-D",2014,79.4,177.6,"Chippewa County","MI"
26,33,"Glyphosate",2014,259.2,375.3,"Chippewa County","MI"
26,33,"Paraquat",2014,NA,4.4,"Chippewa County","MI"
26,35,"Chlorpyrifos",2014,7.8,228.9,"Clare County","MI"
26,35,"Paraquat",2014,3.3,42.3,"Clare County","MI"
26,35,"2,4-D",2014,68.7,633.4,"Clare County","MI"
26,35,"Glyphosate",2014,7430.2,8204.5,"Clare County","MI"
26,37,"2,4-D",2014,5021,5157.4,"Clinton County","MI"
26,37,"Paraquat",2014,166.3,600.7,"Clinton County","MI"
26,37,"Glyphosate",2014,64227.8,64548.9,"Clinton County","MI"
26,37,"Chlorpyrifos",2014,24.7,963.3,"Clinton County","MI"
26,39,"Chlorpyrifos",2014,NA,0.4,"Crawford County","MI"
26,39,"2,4-D",2014,0.1,5.4,"Crawford County","MI"
26,39,"Paraquat",2014,NA,0.1,"Crawford County","MI"
26,39,"Glyphosate",2014,21.8,27.1,"Crawford County","MI"
26,41,"Chlorpyrifos",2014,81.7,139.4,"Delta County","MI"
26,41,"Paraquat",2014,NA,23,"Delta County","MI"
26,41,"2,4-D",2014,223.3,367.6,"Delta County","MI"
26,41,"Glyphosate",2014,3164.8,3416,"Delta County","MI"
26,43,"2,4-D",2014,49,102.4,"Dickinson County","MI"
26,43,"Paraquat",2014,NA,10.3,"Dickinson County","MI"
26,43,"Chlorpyrifos",2014,37.6,60.3,"Dickinson County","MI"
26,43,"Glyphosate",2014,2331.5,2382.5,"Dickinson County","MI"
26,45,"Glyphosate",2014,60165,60266.2,"Eaton County","MI"
26,45,"2,4-D",2014,4628.5,4736.2,"Eaton County","MI"
26,45,"Paraquat",2014,65.2,444.6,"Eaton County","MI"
26,45,"Chlorpyrifos",2014,23,708.6,"Eaton County","MI"
26,47,"Paraquat",2014,6.5,11.7,"Emmet County","MI"
26,47,"Chlorpyrifos",2014,7.5,62,"Emmet County","MI"
26,47,"Glyphosate",2014,1263.5,1305.9,"Emmet County","MI"
26,47,"2,4-D",2014,559.1,597.3,"Emmet County","MI"
26,49,"Chlorpyrifos",2014,117,621.4,"Genesee County","MI"
26,49,"Malathion",2014,0,0,"Genesee County","MI"
26,49,"Paraquat",2014,0.8,321.1,"Genesee County","MI"
26,49,"Glyphosate",2014,42797.9,43609.4,"Genesee County","MI"
26,49,"2,4-D",2014,1709,1778.5,"Genesee County","MI"
26,5,"Glyphosate",2014,29677.5,30961.6,"Allegan County","MI"
26,5,"Chlorpyrifos",2014,327.2,6461.1,"Allegan County","MI"
26,5,"Paraquat",2014,334.3,628.7,"Allegan County","MI"
26,5,"2,4-D",2014,944.4,1382.3,"Allegan County","MI"
26,51,"Glyphosate",2014,11327.8,11994.9,"Gladwin County","MI"
26,51,"Chlorpyrifos",2014,46.1,335.3,"Gladwin County","MI"
26,51,"2,4-D",2014,79.1,648.8,"Gladwin County","MI"
26,51,"Paraquat",2014,10.5,226.9,"Gladwin County","MI"
26,53,"Paraquat",2014,NA,0.5,"Gogebic County","MI"
26,53,"Chlorpyrifos",2014,1.3,3.4,"Gogebic County","MI"
26,53,"Glyphosate",2014,226.4,225.8,"Gogebic County","MI"
26,53,"2,4-D",2014,44.3,46.3,"Gogebic County","MI"
26,55,"Glyphosate",2014,10688.1,10737.1,"Grand Traverse County","MI"
26,55,"Paraquat",2014,431.9,461.6,"Grand Traverse County","MI"
26,55,"Chlorpyrifos",2014,2767.7,3049.4,"Grand Traverse County","MI"
26,55,"2,4-D",2014,3633.5,3676.5,"Grand Traverse County","MI"
26,57,"Paraquat",2014,135.2,1076.4,"Gratiot County","MI"
26,57,"Chlorpyrifos",2014,591.2,3965.8,"Gratiot County","MI"
26,57,"2,4-D",2014,830.6,3355.9,"Gratiot County","MI"
26,57,"Glyphosate",2014,123941,125504,"Gratiot County","MI"
26,59,"Chlorpyrifos",2014,21.5,877.8,"Hillsdale County","MI"
26,59,"2,4-D",2014,4924.9,5034.9,"Hillsdale County","MI"
26,59,"Glyphosate",2014,69165.9,69394.3,"Hillsdale County","MI"
26,59,"Paraquat",2014,72.7,530.1,"Hillsdale County","MI"
26,61,"2,4-D",2014,80.5,111.5,"Houghton County","MI"
26,61,"Paraquat",2014,NA,6.6,"Houghton County","MI"
26,61,"Glyphosate",2014,255.2,275.3,"Houghton County","MI"
26,61,"Chlorpyrifos",2014,10.5,27.8,"Houghton County","MI"
26,63,"Malathion",2014,0.8,0.8,"Huron County","MI"
26,63,"Chlorpyrifos",2014,69.1,4069.9,"Huron County","MI"
26,63,"Paraquat",2014,32,6727.2,"Huron County","MI"
26,63,"Glyphosate",2014,124640.1,126689,"Huron County","MI"
26,63,"2,4-D",2014,1034.7,4891.8,"Huron County","MI"
26,65,"Malathion",2014,0.3,0.3,"Ingham County","MI"
26,65,"Glyphosate",2014,45388.2,45533.1,"Ingham County","MI"
26,65,"Paraquat",2014,6.2,309.5,"Ingham County","MI"
26,65,"2,4-D",2014,3807.1,3879.9,"Ingham County","MI"
26,65,"Chlorpyrifos",2014,24.7,642.4,"Ingham County","MI"
26,67,"Malathion",2014,0,0,"Ionia County","MI"
26,67,"2,4-D",2014,4557.4,4713.9,"Ionia County","MI"
26,67,"Paraquat",2014,86.9,589.8,"Ionia County","MI"
26,67,"Glyphosate",2014,62924.4,63130.9,"Ionia County","MI"
26,67,"Chlorpyrifos",2014,11,1118.3,"Ionia County","MI"
26,69,"Paraquat",2014,7.3,36.1,"Iosco County","MI"
26,69,"Chlorpyrifos",2014,15.5,88.8,"Iosco County","MI"
26,69,"Glyphosate",2014,3272.5,3678.7,"Iosco County","MI"
26,69,"2,4-D",2014,34.9,339.6,"Iosco County","MI"
26,7,"Chlorpyrifos",2014,35,131.6,"Alpena County","MI"
26,7,"Glyphosate",2014,4640.9,5597.7,"Alpena County","MI"
26,7,"Paraquat",2014,181.6,221.9,"Alpena County","MI"
26,7,"2,4-D",2014,137.9,708.4,"Alpena County","MI"
26,71,"Glyphosate",2014,1665.4,1689.6,"Iron County","MI"
26,71,"Paraquat",2014,NA,1.1,"Iron County","MI"
26,71,"Chlorpyrifos",2014,3.1,9,"Iron County","MI"
26,71,"2,4-D",2014,17.5,42.4,"Iron County","MI"
26,73,"Chlorpyrifos",2014,108.6,1786.5,"Isabella County","MI"
26,73,"Paraquat",2014,67.3,548.8,"Isabella County","MI"
26,73,"Glyphosate",2014,68249.6,69739.6,"Isabella County","MI"
26,73,"2,4-D",2014,595.1,2460,"Isabella County","MI"
26,75,"Paraquat",2014,20.1,335,"Jackson County","MI"
26,75,"Chlorpyrifos",2014,9.3,693.2,"Jackson County","MI"
26,75,"Glyphosate",2014,45243.7,45323.3,"Jackson County","MI"
26,75,"Malathion",2014,0,0,"Jackson County","MI"
26,75,"2,4-D",2014,3086.6,3199.2,"Jackson County","MI"
26,77,"Chlorpyrifos",2014,66.2,6527.5,"Kalamazoo County","MI"
26,77,"Paraquat",2014,278,532.6,"Kalamazoo County","MI"
26,77,"Glyphosate",2014,28945.2,29540.9,"Kalamazoo County","MI"
26,77,"2,4-D",2014,869.5,1086.1,"Kalamazoo County","MI"
26,79,"Chlorpyrifos",2014,3.8,43.9,"Kalkaska County","MI"
26,79,"Paraquat",2014,42.8,46.4,"Kalkaska County","MI"
26,79,"Glyphosate",2014,1146.8,1173,"Kalkaska County","MI"
26,79,"2,4-D",2014,378.4,388.5,"Kalkaska County","MI"
26,81,"Paraquat",2014,2337.7,2535.6,"Kent County","MI"
26,81,"Glyphosate",2014,21437.4,22499.5,"Kent County","MI"
26,81,"Chlorpyrifos",2014,4161.3,8634.4,"Kent County","MI"
26,81,"2,4-D",2014,1655.6,2227.9,"Kent County","MI"
26,83,"Glyphosate",2014,NA,0.9,"Keweenaw County","MI"
26,83,"2,4-D",2014,NA,0.9,"Keweenaw County","MI"
26,85,"Chlorpyrifos",2014,91.6,94.2,"Lake County","MI"
26,85,"Paraquat",2014,11.8,19.7,"Lake County","MI"
26,85,"2,4-D",2014,95.7,211.2,"Lake County","MI"
26,85,"Glyphosate",2014,1175.1,1334.7,"Lake County","MI"
26,87,"2,4-D",2014,1814.7,1937.8,"Lapeer County","MI"
26,87,"Chlorpyrifos",2014,126.4,680.4,"Lapeer County","MI"
26,87,"Paraquat",2014,7.2,372.3,"Lapeer County","MI"
26,87,"Glyphosate",2014,43049.3,44454.7,"Lapeer County","MI"
26,87,"Malathion",2014,0.6,0.6,"Lapeer County","MI"
26,89,"2,4-D",2014,6212.1,6235.7,"Leelanau County","MI"
26,89,"Chlorpyrifos",2014,5494.6,5592.9,"Leelanau County","MI"
26,89,"Paraquat",2014,656.6,665.8,"Leelanau County","MI"
26,89,"Glyphosate",2014,12737.5,12768.4,"Leelanau County","MI"
26,9,"Chlorpyrifos",2014,2364.7,2498.8,"Antrim County","MI"
26,9,"Paraquat",2014,293.4,308.8,"Antrim County","MI"
26,9,"Glyphosate",2014,8795.5,8841.6,"Antrim County","MI"
26,9,"2,4-D",2014,3157.8,3207.4,"Antrim County","MI"
26,91,"2,4-D",2014,5714.6,5788.1,"Lenawee County","MI"
26,91,"Chlorpyrifos",2014,212.6,1775.4,"Lenawee County","MI"
26,91,"Paraquat",2014,14.3,599.6,"Lenawee County","MI"
26,91,"Glyphosate",2014,115586.3,117527,"Lenawee County","MI"
26,91,"Malathion",2014,1.2,1.2,"Lenawee County","MI"
26,93,"Chlorpyrifos",2014,18.3,307.6,"Livingston County","MI"
26,93,"2,4-D",2014,1026.3,1095.1,"Livingston County","MI"
26,93,"Paraquat",2014,0.8,99.8,"Livingston County","MI"
26,93,"Glyphosate",2014,19844.4,20722.4,"Livingston County","MI"
26,93,"Malathion",2014,0,0,"Livingston County","MI"
26,95,"Chlorpyrifos",2014,0.1,3.4,"Luce County","MI"
26,95,"2,4-D",2014,0.1,21.8,"Luce County","MI"
26,95,"Paraquat",2014,NA,0.1,"Luce County","MI"
26,95,"Glyphosate",2014,27.7,53.3,"Luce County","MI"
26,97,"2,4-D",2014,40.4,75.5,"Mackinac County","MI"
26,97,"Chlorpyrifos",2014,9.8,21.3,"Mackinac County","MI"
26,97,"Paraquat",2014,NA,2.1,"Mackinac County","MI"
26,97,"Glyphosate",2014,572.9,611.4,"Mackinac County","MI"
26,99,"Paraquat",2014,9.7,144.9,"Macomb County","MI"
26,99,"2,4-D",2014,756,852.7,"Macomb County","MI"
26,99,"Chlorpyrifos",2014,235.5,450.2,"Macomb County","MI"
26,99,"Glyphosate",2014,17978,18613.7,"Macomb County","MI"
26,99,"Malathion",2014,1.9,1.9,"Macomb County","MI"
27,1,"Chlorpyrifos",2014,74.3,204.1,"Aitkin County","MN"
27,1,"Paraquat",2014,2.2,32.7,"Aitkin County","MN"
27,1,"Glyphosate",2014,7319.6,7676.4,"Aitkin County","MN"
27,1,"2,4-D",2014,141.2,306.5,"Aitkin County","MN"
27,101,"Chlorpyrifos",2014,5981.3,6387.3,"Murray County","MN"
27,101,"Glyphosate",2014,171011.6,171219.1,"Murray County","MN"
27,101,"Paraquat",2014,2,2349.2,"Murray County","MN"
27,101,"2,4-D",2014,1311.5,2386.3,"Murray County","MN"
27,103,"2,4-D",2014,625.6,670.4,"Nicollet County","MN"
27,103,"Paraquat",2014,0.4,1400.6,"Nicollet County","MN"
27,103,"Chlorpyrifos",2014,2027.5,2147.9,"Nicollet County","MN"
27,103,"Glyphosate",2014,70916.1,71144.5,"Nicollet County","MN"
27,105,"2,4-D",2014,1442.6,2519.8,"Nobles County","MN"
27,105,"Paraquat",2014,5.9,2717.9,"Nobles County","MN"
27,105,"Glyphosate",2014,192443.7,192565.3,"Nobles County","MN"
27,105,"Chlorpyrifos",2014,6198.5,6678.3,"Nobles County","MN"
27,107,"2,4-D",2014,1770.6,4009.7,"Norman County","MN"
27,107,"Paraquat",2014,NA,1272.9,"Norman County","MN"
27,107,"Chlorpyrifos",2014,8450.1,8956.8,"Norman County","MN"
27,107,"Glyphosate",2014,206680.9,207271.9,"Norman County","MN"
27,109,"Paraquat",2014,7.3,1516.1,"Olmsted County","MN"
27,109,"Chlorpyrifos",2014,40.6,1607.3,"Olmsted County","MN"
27,109,"Glyphosate",2014,74901.3,76040.9,"Olmsted County","MN"
27,109,"2,4-D",2014,474.1,1279.3,"Olmsted County","MN"
27,11,"2,4-D",2014,1023.5,1543.4,"Big Stone County","MN"
27,11,"Paraquat",2014,8,1648.8,"Big Stone County","MN"
27,11,"Glyphosate",2014,112206,112524.5,"Big Stone County","MN"
27,11,"Chlorpyrifos",2014,1395,1657.7,"Big Stone County","MN"
27,111,"2,4-D",2014,2759.7,4655.5,"Otter Tail County","MN"
27,111,"Paraquat",2014,59.2,2752,"Otter Tail County","MN"
27,111,"Chlorpyrifos",2014,3121.2,3594,"Otter Tail County","MN"
27,111,"Glyphosate",2014,174402.3,175843.5,"Otter Tail County","MN"
27,113,"Chlorpyrifos",2014,3873.2,4348.2,"Pennington County","MN"
27,113,"Paraquat",2014,NA,602.5,"Pennington County","MN"
27,113,"Glyphosate",2014,67326.4,67704.5,"Pennington County","MN"
27,113,"2,4-D",2014,1577.7,2155.4,"Pennington County","MN"
27,115,"Chlorpyrifos",2014,72.4,749.3,"Pine County","MN"
27,115,"Paraquat",2014,4.8,71.7,"Pine County","MN"
27,115,"Glyphosate",2014,16949.2,17743.9,"Pine County","MN"
27,115,"2,4-D",2014,270.1,553.1,"Pine County","MN"
27,117,"2,4-D",2014,1038.3,1694.6,"Pipestone County","MN"
27,117,"Chlorpyrifos",2014,3389.5,3652,"Pipestone County","MN"
27,117,"Paraquat",2014,1.2,1435.4,"Pipestone County","MN"
27,117,"Glyphosate",2014,98858.7,99142.9,"Pipestone County","MN"
27,119,"Chlorpyrifos",2014,13590.3,14857,"Polk County","MN"
27,119,"Paraquat",2014,NA,2018.7,"Polk County","MN"
27,119,"Glyphosate",2014,304045.6,306716.2,"Polk County","MN"
27,119,"2,4-D",2014,3668.7,7784.7,"Polk County","MN"
27,121,"Chlorpyrifos",2014,1303,1610.7,"Pope County","MN"
27,121,"Paraquat",2014,16.6,1655.4,"Pope County","MN"
27,121,"Glyphosate",2014,104281.6,104569.5,"Pope County","MN"
27,121,"2,4-D",2014,674.7,1439,"Pope County","MN"
27,123,"Chlorpyrifos",2014,0.1,3.1,"Ramsey County","MN"
27,123,"Paraquat",2014,NA,0.1,"Ramsey County","MN"
27,123,"Glyphosate",2014,24.1,33.5,"Ramsey County","MN"
27,123,"2,4-D",2014,1.4,2.9,"Ramsey County","MN"
27,125,"Glyphosate",2014,64333.8,64700.3,"Red Lake County","MN"
27,125,"Chlorpyrifos",2014,2944,3243.6,"Red Lake County","MN"
27,125,"Paraquat",2014,NA,482.6,"Red Lake County","MN"
27,125,"2,4-D",2014,1130.3,1717.2,"Red Lake County","MN"
27,127,"Chlorpyrifos",2014,7124.2,7715.3,"Redwood County","MN"
27,127,"Glyphosate",2014,221158.8,221284.9,"Redwood County","MN"
27,127,"2,4-D",2014,1780.5,3006.5,"Redwood County","MN"
27,127,"Paraquat",2014,3.9,3011.1,"Redwood County","MN"
27,129,"Paraquat",2014,3.9,1457.2,"Renville County","MN"
27,129,"Chlorpyrifos",2014,7565.5,7827.8,"Renville County","MN"
27,129,"Glyphosate",2014,241153.4,241233.5,"Renville County","MN"
27,129,"2,4-D",2014,250.1,2621.1,"Renville County","MN"
27,13,"2,4-D",2014,1338.8,1444.7,"Blue Earth County","MN"
27,13,"Paraquat",2014,2,2407.6,"Blue Earth County","MN"
27,13,"Glyphosate",2014,132938.3,133302.3,"Blue Earth County","MN"
27,13,"Chlorpyrifos",2014,4279.8,4354.8,"Blue Earth County","MN"
27,131,"Paraquat",2014,15.1,1084.3,"Rice County","MN"
27,131,"Glyphosate",2014,55308,55994.7,"Rice County","MN"
27,131,"Chlorpyrifos",2014,1692.3,2014.2,"Rice County","MN"
27,131,"2,4-D",2014,558.6,691,"Rice County","MN"
27,133,"Glyphosate",2014,115377.2,115606.8,"Rock County","MN"
27,133,"Paraquat",2014,1.8,1658.3,"Rock County","MN"
27,133,"2,4-D",2014,1254.7,1901.5,"Rock County","MN"
27,133,"Chlorpyrifos",2014,3658.2,3987.7,"Rock County","MN"
27,135,"Paraquat",2014,NA,899.9,"Roseau County","MN"
27,135,"Chlorpyrifos",2014,5276.2,6009,"Roseau County","MN"
27,135,"Glyphosate",2014,88637.5,89451.3,"Roseau County","MN"
27,135,"2,4-D",2014,2315.2,3233.8,"Roseau County","MN"
27,137,"Glyphosate",2014,256.6,441,"St. Louis County","MN"
27,137,"Paraquat",2014,6.3,7.2,"St. Louis County","MN"
27,137,"Chlorpyrifos",2014,10.2,12,"St. Louis County","MN"
27,137,"2,4-D",2014,114.2,236.1,"St. Louis County","MN"
27,139,"Chlorpyrifos",2014,1355.6,1361.3,"Scott County","MN"
27,139,"Glyphosate",2014,27264.4,27320,"Scott County","MN"
27,139,"2,4-D",2014,85.5,435.3,"Scott County","MN"
27,139,"Paraquat",2014,45.3,234.6,"Scott County","MN"
27,141,"Chlorpyrifos",2014,715.1,740.5,"Sherburne County","MN"
27,141,"Glyphosate",2014,16168.6,16319.2,"Sherburne County","MN"
27,141,"2,4-D",2014,216.9,499.1,"Sherburne County","MN"
27,141,"Paraquat",2014,3.3,118.9,"Sherburne County","MN"
27,143,"Glyphosate",2014,117900.5,117991.8,"Sibley County","MN"
27,143,"2,4-D",2014,96.1,1395.3,"Sibley County","MN"
27,143,"Chlorpyrifos",2014,4231.5,4287.7,"Sibley County","MN"
27,143,"Paraquat",2014,3,802,"Sibley County","MN"
27,145,"Glyphosate",2014,136307.1,136860.3,"Stearns County","MN"
27,145,"2,4-D",2014,451.6,2570.7,"Stearns County","MN"
27,145,"Paraquat",2014,11.7,928.5,"Stearns County","MN"
27,145,"Chlorpyrifos",2014,5756.7,5795.6,"Stearns County","MN"
27,147,"2,4-D",2014,789,845.8,"Steele County","MN"
27,147,"Glyphosate",2014,68088.9,68425.8,"Steele County","MN"
27,147,"Paraquat",2014,1.1,1444.1,"Steele County","MN"
27,147,"Chlorpyrifos",2014,1793.3,1963.5,"Steele County","MN"
27,149,"Glyphosate",2014,136975.1,137219,"Stevens County","MN"
27,149,"Chlorpyrifos",2014,1512.2,1930.1,"Stevens County","MN"
27,149,"2,4-D",2014,997.3,1781.2,"Stevens County","MN"
27,149,"Paraquat",2014,50.1,2151.5,"Stevens County","MN"
27,15,"2,4-D",2014,1114.1,1177.2,"Brown County","MN"
27,15,"Paraquat",2014,3,2015.4,"Brown County","MN"
27,15,"Glyphosate",2014,107549.2,107840.3,"Brown County","MN"
27,15,"Chlorpyrifos",2014,3305.9,3455.5,"Brown County","MN"
27,151,"2,4-D",2014,1115.9,2119.3,"Swift County","MN"
27,151,"Glyphosate",2014,164214.2,164448.6,"Swift County","MN"
27,151,"Paraquat",2014,39.3,2604.2,"Swift County","MN"
27,151,"Chlorpyrifos",2014,1708.4,2223.3,"Swift County","MN"
27,153,"2,4-D",2014,336.2,1107.6,"Todd County","MN"
27,153,"Glyphosate",2014,43458.9,43878.4,"Todd County","MN"
27,153,"Paraquat",2014,12,312.3,"Todd County","MN"
27,153,"Chlorpyrifos",2014,2388.7,2431.1,"Todd County","MN"
27,155,"2,4-D",2014,1268.6,1985.7,"Traverse County","MN"
27,155,"Paraquat",2014,5,2224.4,"Traverse County","MN"
27,155,"Glyphosate",2014,158473.7,158849.4,"Traverse County","MN"
27,155,"Chlorpyrifos",2014,2162.5,2504.2,"Traverse County","MN"
27,157,"2,4-D",2014,284.2,1255.8,"Wabasha County","MN"
27,157,"Paraquat",2014,44.8,1104.4,"Wabasha County","MN"
27,157,"Glyphosate",2014,48309.3,49803.8,"Wabasha County","MN"
27,157,"Chlorpyrifos",2014,137.1,1437.2,"Wabasha County","MN"
27,159,"2,4-D",2014,65.7,581.4,"Wadena County","MN"
27,159,"Paraquat",2014,0.5,99.7,"Wadena County","MN"
27,159,"Glyphosate",2014,13464.3,13912.2,"Wadena County","MN"
27,159,"Chlorpyrifos",2014,800.4,848.4,"Wadena County","MN"
27,161,"2,4-D",2014,876.3,902.8,"Waseca County","MN"
27,161,"Glyphosate",2014,71381.6,71550.9,"Waseca County","MN"
27,161,"Chlorpyrifos",2014,2106.9,2167.9,"Waseca County","MN"
27,161,"Paraquat",2014,NA,1398.7,"Waseca County","MN"
27,163,"Paraquat",2014,54,156.2,"Washington County","MN"
27,163,"2,4-D",2014,95.8,441.4,"Washington County","MN"
27,163,"Glyphosate",2014,25960.7,26148.6,"Washington County","MN"
27,163,"Chlorpyrifos",2014,188.1,490.9,"Washington County","MN"
27,165,"Chlorpyrifos",2014,2509.3,2550,"Watonwan County","MN"
27,165,"2,4-D",2014,1093.5,1144.7,"Watonwan County","MN"
27,165,"Paraquat",2014,NA,1651.8,"Watonwan County","MN"
27,165,"Glyphosate",2014,84899.7,85124.3,"Watonwan County","MN"
27,167,"2,4-D",2014,3310.1,3835.6,"Wilkin County","MN"
27,167,"Glyphosate",2014,195271.9,196896.5,"Wilkin County","MN"
27,167,"Chlorpyrifos",2014,3595.9,3849.3,"Wilkin County","MN"
27,167,"Paraquat",2014,13.2,2016.8,"Wilkin County","MN"
27,169,"Glyphosate",2014,38818.1,40483.7,"Winona County","MN"
27,169,"Paraquat",2014,52.9,956.3,"Winona County","MN"
27,169,"Chlorpyrifos",2014,149,1573.2,"Winona County","MN"
27,169,"2,4-D",2014,218.6,1034.3,"Winona County","MN"
27,17,"2,4-D",2014,168.1,228.8,"Carlton County","MN"
27,17,"Glyphosate",2014,818.3,1272.3,"Carlton County","MN"
27,17,"Paraquat",2014,0,3.1,"Carlton County","MN"
27,17,"Chlorpyrifos",2014,1.1,416.7,"Carlton County","MN"
27,171,"Paraquat",2014,47,421.2,"Wright County","MN"
27,171,"2,4-D",2014,111.1,798.5,"Wright County","MN"
27,171,"Glyphosate",2014,53677.3,53819,"Wright County","MN"
27,171,"Chlorpyrifos",2014,2772.2,2779.3,"Wright County","MN"
27,173,"Chlorpyrifos",2014,2262.5,2759.5,"Yellow Medicine County","MN"
27,173,"Glyphosate",2014,194740.2,194951.3,"Yellow Medicine County","MN"
27,173,"2,4-D",2014,1358.6,2368.3,"Yellow Medicine County","MN"
27,173,"Paraquat",2014,3.1,2912.9,"Yellow Medicine County","MN"
27,19,"Glyphosate",2014,33732,33761.2,"Carver County","MN"
27,19,"Paraquat",2014,23.8,257.6,"Carver County","MN"
27,19,"2,4-D",2014,63.8,475,"Carver County","MN"
27,19,"Chlorpyrifos",2014,1483.5,1488.1,"Carver County","MN"
27,21,"Paraquat",2014,0.2,31.9,"Cass County","MN"
27,21,"Glyphosate",2014,7127.4,7457.5,"Cass County","MN"
27,21,"Chlorpyrifos",2014,0.2,304.4,"Cass County","MN"
27,21,"2,4-D",2014,23.7,379.7,"Cass County","MN"
27,23,"Paraquat",2014,30.5,2126.4,"Chippewa County","MN"
27,23,"Glyphosate",2014,151171.8,151376.5,"Chippewa County","MN"
27,23,"2,4-D",2014,757.5,1543.5,"Chippewa County","MN"
27,23,"Chlorpyrifos",2014,1793.2,2226.5,"Chippewa County","MN"
27,25,"2,4-D",2014,86.9,589.6,"Chisago County","MN"
27,25,"Glyphosate",2014,31450.1,31782.6,"Chisago County","MN"
27,25,"Chlorpyrifos",2014,184.2,539.5,"Chisago County","MN"
27,25,"Paraquat",2014,14.1,139.8,"Chisago County","MN"
27,27,"2,4-D",2014,1020.8,3563.3,"Clay County","MN"
27,27,"Glyphosate",2014,230343.6,230916.2,"Clay County","MN"
27,27,"Chlorpyrifos",2014,8562.4,9524.2,"Clay County","MN"
27,27,"Paraquat",2014,NA,1306.6,"Clay County","MN"
27,29,"2,4-D",2014,1188.3,1415.2,"Clearwater County","MN"
27,29,"Glyphosate",2014,14913.6,15429.8,"Clearwater County","MN"
27,29,"Chlorpyrifos",2014,777.7,2119.1,"Clearwater County","MN"
27,29,"Paraquat",2014,NA,110.2,"Clearwater County","MN"
27,3,"Chlorpyrifos",2014,45.1,262,"Anoka County","MN"
27,3,"Paraquat",2014,10.7,41.6,"Anoka County","MN"
27,3,"Glyphosate",2014,7975.2,8089.5,"Anoka County","MN"
27,3,"2,4-D",2014,45.2,191.6,"Anoka County","MN"
27,31,"Glyphosate",2014,0.8,0.9,"Cook County","MN"
27,31,"2,4-D",2014,0.2,0.5,"Cook County","MN"
27,31,"Paraquat",2014,0.5,0.5,"Cook County","MN"
27,31,"Chlorpyrifos",2014,0.7,0.7,"Cook County","MN"
27,33,"2,4-D",2014,1205.8,2186.8,"Cottonwood County","MN"
27,33,"Chlorpyrifos",2014,5632.2,6030.2,"Cottonwood County","MN"
27,33,"Glyphosate",2014,164790.2,164922.9,"Cottonwood County","MN"
27,33,"Paraquat",2014,1.9,2251.9,"Cottonwood County","MN"
27,35,"2,4-D",2014,133.8,355.5,"Crow Wing County","MN"
27,35,"Glyphosate",2014,15114.5,15423.2,"Crow Wing County","MN"
27,35,"Paraquat",2014,2.1,60.7,"Crow Wing County","MN"
27,35,"Chlorpyrifos",2014,39,370.3,"Crow Wing County","MN"
27,37,"2,4-D",2014,314.4,806.2,"Dakota County","MN"
27,37,"Glyphosate",2014,51095.2,51463,"Dakota County","MN"
27,37,"Paraquat",2014,10.6,1070.2,"Dakota County","MN"
27,37,"Chlorpyrifos",2014,55,880.3,"Dakota County","MN"
27,39,"2,4-D",2014,462.5,1121.2,"Dodge County","MN"
27,39,"Glyphosate",2014,82189.4,82509.2,"Dodge County","MN"
27,39,"Paraquat",2014,1.2,1650.8,"Dodge County","MN"
27,39,"Chlorpyrifos",2014,9.5,1175.6,"Dodge County","MN"
27,41,"2,4-D",2014,1154.9,1764.6,"Douglas County","MN"
27,41,"Glyphosate",2014,68117.2,68477.8,"Douglas County","MN"
27,41,"Paraquat",2014,27.8,1015.7,"Douglas County","MN"
27,41,"Chlorpyrifos",2014,1166.1,1314.4,"Douglas County","MN"
27,43,"Glyphosate",2014,139050.9,139198.5,"Faribault County","MN"
27,43,"2,4-D",2014,1636.9,1697.3,"Faribault County","MN"
27,43,"Paraquat",2014,2.1,2640.8,"Faribault County","MN"
27,43,"Chlorpyrifos",2014,4247.6,4302.9,"Faribault County","MN"
27,45,"2,4-D",2014,604.9,1721.8,"Fillmore County","MN"
27,45,"Glyphosate",2014,101010.9,103182.9,"Fillmore County","MN"
27,45,"Paraquat",2014,12.7,2135.1,"Fillmore County","MN"
27,45,"Chlorpyrifos",2014,38.1,2411.2,"Fillmore County","MN"
27,47,"2,4-D",2014,1486.6,1540.6,"Freeborn County","MN"
27,47,"Paraquat",2014,1.4,2464,"Freeborn County","MN"
27,47,"Glyphosate",2014,123701.4,123987.9,"Freeborn County","MN"
27,47,"Chlorpyrifos",2014,3560,3668.2,"Freeborn County","MN"
27,49,"Glyphosate",2014,93938.1,95074.1,"Goodhue County","MN"
27,49,"2,4-D",2014,580.4,1526,"Goodhue County","MN"
27,49,"Paraquat",2014,10.6,1870.1,"Goodhue County","MN"
27,49,"Chlorpyrifos",2014,41,1965.6,"Goodhue County","MN"
27,5,"Glyphosate",2014,93876.8,94403.9,"Becker County","MN"
27,5,"Paraquat",2014,NA,564.1,"Becker County","MN"
27,5,"2,4-D",2014,1133.5,2080.7,"Becker County","MN"
27,5,"Chlorpyrifos",2014,3504.8,4600.9,"Becker County","MN"
27,51,"Paraquat",2014,31.6,1760.4,"Grant County","MN"
27,51,"2,4-D",2014,1021,1601.5,"Grant County","MN"
27,51,"Glyphosate",2014,124656.1,124981.4,"Grant County","MN"
27,51,"Chlorpyrifos",2014,1584.9,1903.2,"Grant County","MN"
27,53,"2,4-D",2014,41.2,274,"Hennepin County","MN"
27,53,"Paraquat",2014,27.5,88.2,"Hennepin County","MN"
27,53,"Glyphosate",2014,15146.6,15238.8,"Hennepin County","MN"
27,53,"Chlorpyrifos",2014,125.7,307.8,"Hennepin County","MN"
27,55,"Glyphosate",2014,28825.6,30618.5,"Houston County","MN"
27,55,"Paraquat",2014,0.4,560.6,"Houston County","MN"
27,55,"2,4-D",2014,248.4,728.6,"Houston County","MN"
27,55,"Chlorpyrifos",2014,1,1166.3,"Houston County","MN"
27,57,"Paraquat",2014,2.2,646.9,"Hubbard County","MN"
27,57,"Glyphosate",2014,11580.6,12481.7,"Hubbard County","MN"
27,57,"2,4-D",2014,186.6,989.6,"Hubbard County","MN"
27,57,"Chlorpyrifos",2014,3.5,705.2,"Hubbard County","MN"
27,59,"Glyphosate",2014,34192.1,34445.3,"Isanti County","MN"
27,59,"Paraquat",2014,1.2,138.7,"Isanti County","MN"
27,59,"Chlorpyrifos",2014,176.5,520.3,"Isanti County","MN"
27,59,"2,4-D",2014,71.3,547.9,"Isanti County","MN"
27,61,"Paraquat",2014,2.2,10.4,"Itasca County","MN"
27,61,"Glyphosate",2014,1973.8,2209.6,"Itasca County","MN"
27,61,"Chlorpyrifos",2014,3.3,323.5,"Itasca County","MN"
27,61,"2,4-D",2014,30.8,196.4,"Itasca County","MN"
27,63,"Glyphosate",2014,172372.9,172458.3,"Jackson County","MN"
27,63,"Paraquat",2014,2.1,2377.7,"Jackson County","MN"
27,63,"Chlorpyrifos",2014,5739,6152.7,"Jackson County","MN"
27,63,"2,4-D",2014,1228.8,2214.7,"Jackson County","MN"
27,65,"Glyphosate",2014,13230,13579.2,"Kanabec County","MN"
27,65,"Paraquat",2014,4.6,56.8,"Kanabec County","MN"
27,65,"2,4-D",2014,157,404.1,"Kanabec County","MN"
27,65,"Chlorpyrifos",2014,66,352.9,"Kanabec County","MN"
27,67,"Glyphosate",2014,125357.3,125453.3,"Kandiyohi County","MN"
27,67,"Paraquat",2014,2.6,825.2,"Kandiyohi County","MN"
27,67,"Chlorpyrifos",2014,4341.9,4410.8,"Kandiyohi County","MN"
27,67,"2,4-D",2014,216,1642.7,"Kandiyohi County","MN"
27,69,"Paraquat",2014,NA,933.6,"Kittson County","MN"
27,69,"2,4-D",2014,2505.6,3977.5,"Kittson County","MN"
27,69,"Glyphosate",2014,123764.9,124490.5,"Kittson County","MN"
27,69,"Chlorpyrifos",2014,6651.4,7209.6,"Kittson County","MN"
27,7,"Glyphosate",2014,9337.5,9975.6,"Beltrami County","MN"
27,7,"Paraquat",2014,0.4,52.8,"Beltrami County","MN"
27,7,"Chlorpyrifos",2014,0.8,1612.9,"Beltrami County","MN"
27,7,"2,4-D",2014,388,886.1,"Beltrami County","MN"
27,71,"Paraquat",2014,NA,6,"Koochiching County","MN"
27,71,"2,4-D",2014,24,182.1,"Koochiching County","MN"
27,71,"Glyphosate",2014,1597.4,1894.2,"Koochiching County","MN"
27,71,"Chlorpyrifos",2014,0,445.3,"Koochiching County","MN"
27,73,"Paraquat",2014,14.5,2799.5,"Lac qui Parle County","MN"
27,73,"2,4-D",2014,1321.5,2287,"Lac qui Parle County","MN"
27,73,"Chlorpyrifos",2014,2208.3,2675.2,"Lac qui Parle County","MN"
27,73,"Glyphosate",2014,186975.9,187192.9,"Lac qui Parle County","MN"
27,75,"Paraquat",2014,1,1,"Lake County","MN"
27,75,"Glyphosate",2014,2.9,7.9,"Lake County","MN"
27,75,"Chlorpyrifos",2014,1.5,1.5,"Lake County","MN"
27,75,"2,4-D",2014,1.1,6.4,"Lake County","MN"
27,77,"Paraquat",2014,0.3,56.2,"Lake of the Woods County","MN"
27,77,"Chlorpyrifos",2014,0.7,727.6,"Lake of the Woods County","MN"
27,77,"Glyphosate",2014,8338.4,8626.8,"Lake of the Woods County","MN"
27,77,"2,4-D",2014,99.1,316.9,"Lake of the Woods County","MN"
27,79,"Paraquat",2014,10.6,1180.9,"Le Sueur County","MN"
27,79,"Glyphosate",2014,64116.5,64494.4,"Le Sueur County","MN"
27,79,"Chlorpyrifos",2014,2080.5,2214,"Le Sueur County","MN"
27,79,"2,4-D",2014,643.2,718.3,"Le Sueur County","MN"
27,81,"Paraquat",2014,1.2,1524.6,"Lincoln County","MN"
27,81,"Glyphosate",2014,109290.8,109549.7,"Lincoln County","MN"
27,81,"2,4-D",2014,1063.1,1783.3,"Lincoln County","MN"
27,81,"Chlorpyrifos",2014,3875.2,4164.9,"Lincoln County","MN"
27,83,"Paraquat",2014,NA,2369.6,"Lyon County","MN"
27,83,"Chlorpyrifos",2014,5668,6099.9,"Lyon County","MN"
27,83,"Glyphosate",2014,170477.2,170661.9,"Lyon County","MN"
27,83,"2,4-D",2014,1405.4,2400.8,"Lyon County","MN"
27,85,"Paraquat",2014,9.9,476.4,"McLeod County","MN"
27,85,"Chlorpyrifos",2014,2672.7,2712.4,"McLeod County","MN"
27,85,"2,4-D",2014,62.1,863.6,"McLeod County","MN"
27,85,"Glyphosate",2014,68862.4,68910.5,"McLeod County","MN"
27,87,"Paraquat",2014,NA,491.2,"Mahnomen County","MN"
27,87,"Chlorpyrifos",2014,2977.4,3306.1,"Mahnomen County","MN"
27,87,"Glyphosate",2014,70274.9,70510.2,"Mahnomen County","MN"
27,87,"2,4-D",2014,416.8,1058.2,"Mahnomen County","MN"
27,89,"Paraquat",2014,NA,1607.9,"Marshall County","MN"
27,89,"Chlorpyrifos",2014,10353.2,11486.1,"Marshall County","MN"
27,89,"Glyphosate",2014,213509.3,215426.6,"Marshall County","MN"
27,89,"2,4-D",2014,5191.1,7742.6,"Marshall County","MN"
27,9,"2,4-D",2014,121.5,545.5,"Benton County","MN"
27,9,"Paraquat",2014,0.8,210.3,"Benton County","MN"
27,9,"Chlorpyrifos",2014,1200.7,1207.6,"Benton County","MN"
27,9,"Glyphosate",2014,30568,30739.5,"Benton County","MN"
27,91,"Paraquat",2014,1.4,2763.8,"Martin County","MN"
27,91,"Chlorpyrifos",2014,4032.1,4070.4,"Martin County","MN"
27,91,"Glyphosate",2014,140163.9,140465.5,"Martin County","MN"
27,91,"2,4-D",2014,1185.2,1258.8,"Martin County","MN"
27,93,"Paraquat",2014,5.5,644.5,"Meeker County","MN"
27,93,"Chlorpyrifos",2014,3634.4,3669.6,"Meeker County","MN"
27,93,"2,4-D",2014,175.4,1181,"Meeker County","MN"
27,93,"Glyphosate",2014,93202.9,93348.4,"Meeker County","MN"
27,95,"Glyphosate",2014,16773.2,17106.9,"Mille Lacs County","MN"
27,95,"Paraquat",2014,8,73.9,"Mille Lacs County","MN"
27,95,"Chlorpyrifos",2014,77.9,315.2,"Mille Lacs County","MN"
27,95,"2,4-D",2014,147.8,422.5,"Mille Lacs County","MN"
27,97,"Paraquat",2014,4.6,394.7,"Morrison County","MN"
27,97,"Glyphosate",2014,55765.1,56192.7,"Morrison County","MN"
27,97,"2,4-D",2014,80.2,1189.8,"Morrison County","MN"
27,97,"Chlorpyrifos",2014,2246.8,2306.8,"Morrison County","MN"
27,99,"Paraquat",2014,2,2659.1,"Mower County","MN"
27,99,"Glyphosate",2014,139768,140778.7,"Mower County","MN"
27,99,"2,4-D",2014,857.9,2330.3,"Mower County","MN"
27,99,"Chlorpyrifos",2014,30.4,2058.6,"Mower County","MN"
28,1,"Chlorpyrifos",2014,NA,0.3,"Adams County","MS"
28,1,"Malathion",2014,154.7,422,"Adams County","MS"
28,1,"Glyphosate",2014,7145.7,7145.7,"Adams County","MS"
28,1,"Paraquat",2014,169.4,201.8,"Adams County","MS"
28,1,"2,4-D",2014,807.5,1066.1,"Adams County","MS"
28,101,"2,4-D",2014,3275.8,3360.3,"Newton County","MS"
28,101,"Glyphosate",2014,838.6,1762.1,"Newton County","MS"
28,101,"Chlorpyrifos",2014,4.2,140.1,"Newton County","MS"
28,101,"Paraquat",2014,6.2,149.9,"Newton County","MS"
28,103,"Glyphosate",2014,131763.8,131820,"Noxubee County","MS"
28,103,"Malathion",2014,NA,2167.2,"Noxubee County","MS"
28,103,"Chlorpyrifos",2014,3.1,3.1,"Noxubee County","MS"
28,103,"Paraquat",2014,461,2596.1,"Noxubee County","MS"
28,103,"2,4-D",2014,10709,10710.5,"Noxubee County","MS"
28,105,"Malathion",2014,NA,133.1,"Oktibbeha County","MS"
28,105,"Glyphosate",2014,5554.5,5613.7,"Oktibbeha County","MS"
28,105,"Chlorpyrifos",2014,0.2,0.2,"Oktibbeha County","MS"
28,105,"Paraquat",2014,27.7,203.6,"Oktibbeha County","MS"
28,105,"2,4-D",2014,4224.5,4224.5,"Oktibbeha County","MS"
28,107,"Malathion",2014,NA,2002.9,"Panola County","MS"
28,107,"Glyphosate",2014,20447.7,20459.6,"Panola County","MS"
28,107,"Chlorpyrifos",2014,2,2,"Panola County","MS"
28,107,"2,4-D",2014,16989.7,17263.2,"Panola County","MS"
28,107,"Paraquat",2014,6052.3,7199.2,"Panola County","MS"
28,109,"Glyphosate",2014,852.6,926.8,"Pearl River County","MS"
28,109,"Chlorpyrifos",2014,13.2,76.3,"Pearl River County","MS"
28,109,"2,4-D",2014,3819.2,3886.2,"Pearl River County","MS"
28,109,"Paraquat",2014,9.8,150.2,"Pearl River County","MS"
28,11,"Malathion",2014,NA,6279.9,"Bolivar County","MS"
28,11,"2,4-D",2014,13193,14827,"Bolivar County","MS"
28,11,"Paraquat",2014,16069.6,16069.6,"Bolivar County","MS"
28,11,"Glyphosate",2014,219914.2,219921.7,"Bolivar County","MS"
28,11,"Chlorpyrifos",2014,0.8,0.8,"Bolivar County","MS"
28,111,"Glyphosate",2014,612.4,793.7,"Perry County","MS"
28,111,"Chlorpyrifos",2014,6.3,18.4,"Perry County","MS"
28,111,"2,4-D",2014,1203.5,1203.4,"Perry County","MS"
28,111,"Paraquat",2014,11.6,43.9,"Perry County","MS"
28,113,"Glyphosate",2014,1131.8,1169.8,"Pike County","MS"
28,113,"Chlorpyrifos",2014,2.2,27.2,"Pike County","MS"
28,113,"2,4-D",2014,2068.5,2068.4,"Pike County","MS"
28,113,"Paraquat",2014,79.8,80.5,"Pike County","MS"
28,115,"Malathion",2014,NA,1094.7,"Pontotoc County","MS"
28,115,"Chlorpyrifos",2014,0.5,0.5,"Pontotoc County","MS"
28,115,"2,4-D",2014,4429.6,5078.6,"Pontotoc County","MS"
28,115,"Paraquat",2014,525.4,1018.1,"Pontotoc County","MS"
28,115,"Glyphosate",2014,57166.5,57365.4,"Pontotoc County","MS"
28,117,"Chlorpyrifos",2014,0.3,0.3,"Prentiss County","MS"
28,117,"Malathion",2014,NA,723.7,"Prentiss County","MS"
28,117,"2,4-D",2014,3162.2,3290.6,"Prentiss County","MS"
28,117,"Glyphosate",2014,40945.9,40976.8,"Prentiss County","MS"
28,117,"Paraquat",2014,352.8,556,"Prentiss County","MS"
28,119,"Glyphosate",2014,77219.7,77223.6,"Quitman County","MS"
28,119,"Malathion",2014,NA,2840.3,"Quitman County","MS"
28,119,"Chlorpyrifos",2014,2,2,"Quitman County","MS"
28,119,"2,4-D",2014,4564.8,5259.2,"Quitman County","MS"
28,119,"Paraquat",2014,7397.1,7397.1,"Quitman County","MS"
28,121,"Chlorpyrifos",2014,0.4,0.4,"Rankin County","MS"
28,121,"Malathion",2014,NA,474.5,"Rankin County","MS"
28,121,"2,4-D",2014,6878.6,6878.6,"Rankin County","MS"
28,121,"Glyphosate",2014,22260.2,22260.2,"Rankin County","MS"
28,121,"Paraquat",2014,0.7,685.1,"Rankin County","MS"
28,123,"2,4-D",2014,5539.2,5539.2,"Scott County","MS"
28,123,"Glyphosate",2014,11772.5,11772.5,"Scott County","MS"
28,123,"Malathion",2014,NA,138.7,"Scott County","MS"
28,123,"Paraquat",2014,0.3,450.5,"Scott County","MS"
28,125,"Chlorpyrifos",2014,0.6,0.6,"Sharkey County","MS"
28,125,"2,4-D",2014,5730.3,7159.7,"Sharkey County","MS"
28,125,"Malathion",2014,NA,4055.2,"Sharkey County","MS"
28,125,"Glyphosate",2014,102600.5,102611.7,"Sharkey County","MS"
28,125,"Paraquat",2014,3557.7,4044.1,"Sharkey County","MS"
28,127,"Chlorpyrifos",2014,3.7,133.3,"Simpson County","MS"
28,127,"2,4-D",2014,3648.9,3648.8,"Simpson County","MS"
28,127,"Glyphosate",2014,2674.6,2750.8,"Simpson County","MS"
28,127,"Paraquat",2014,199.7,213.5,"Simpson County","MS"
28,129,"Chlorpyrifos",2014,2.1,42.6,"Smith County","MS"
28,129,"2,4-D",2014,3778.6,3778.6,"Smith County","MS"
28,129,"Glyphosate",2014,3447.3,3512.8,"Smith County","MS"
28,129,"Paraquat",2014,204.7,204.8,"Smith County","MS"
28,13,"Chlorpyrifos",2014,1.9,1.9,"Calhoun County","MS"
28,13,"Malathion",2014,NA,1792.3,"Calhoun County","MS"
28,13,"Paraquat",2014,5123.9,5661.3,"Calhoun County","MS"
28,13,"Glyphosate",2014,11753.6,11760.5,"Calhoun County","MS"
28,13,"2,4-D",2014,9539.9,9539.9,"Calhoun County","MS"
28,131,"Glyphosate",2014,68.1,123.4,"Stone County","MS"
28,131,"2,4-D",2014,1943.1,1942.3,"Stone County","MS"
28,131,"Chlorpyrifos",2014,16.5,25,"Stone County","MS"
28,131,"Paraquat",2014,51.1,102.6,"Stone County","MS"
28,133,"Malathion",2014,NA,9356.5,"Sunflower County","MS"
28,133,"2,4-D",2014,16442.8,18217.1,"Sunflower County","MS"
28,133,"Glyphosate",2014,252449.8,252454.7,"Sunflower County","MS"
28,133,"Chlorpyrifos",2014,0.9,0.9,"Sunflower County","MS"
28,133,"Paraquat",2014,9162.7,9758.5,"Sunflower County","MS"
28,135,"Malathion",2014,NA,3729.9,"Tallahatchie County","MS"
28,135,"Chlorpyrifos",2014,1.8,1.8,"Tallahatchie County","MS"
28,135,"2,4-D",2014,7987.2,10898.5,"Tallahatchie County","MS"
28,135,"Paraquat",2014,13148.4,13148.4,"Tallahatchie County","MS"
28,135,"Glyphosate",2014,125613,125646.6,"Tallahatchie County","MS"
28,137,"2,4-D",2014,12211.7,12249.8,"Tate County","MS"
28,137,"Chlorpyrifos",2014,1.3,1.3,"Tate County","MS"
28,137,"Malathion",2014,NA,1209.4,"Tate County","MS"
28,137,"Glyphosate",2014,10352.1,10361.5,"Tate County","MS"
28,137,"Paraquat",2014,3379.8,4163.3,"Tate County","MS"
28,139,"Chlorpyrifos",2014,0.2,0.2,"Tippah County","MS"
28,139,"2,4-D",2014,3899.8,4199.9,"Tippah County","MS"
28,139,"Malathion",2014,NA,401.6,"Tippah County","MS"
28,139,"Paraquat",2014,165,363,"Tippah County","MS"
28,139,"Glyphosate",2014,22574.9,22623.4,"Tippah County","MS"
28,141,"Malathion",2014,NA,243.1,"Tishomingo County","MS"
28,141,"Chlorpyrifos",2014,0.2,0.2,"Tishomingo County","MS"
28,141,"Glyphosate",2014,10757.7,10776.2,"Tishomingo County","MS"
28,141,"Paraquat",2014,76.8,221.4,"Tishomingo County","MS"
28,141,"2,4-D",2014,1391.1,1586.1,"Tishomingo County","MS"
28,143,"Malathion",2014,NA,3555.3,"Tunica County","MS"
28,143,"2,4-D",2014,6568.6,7623.5,"Tunica County","MS"
28,143,"Paraquat",2014,10570.3,10570.3,"Tunica County","MS"
28,143,"Chlorpyrifos",2014,2.5,2.5,"Tunica County","MS"
28,143,"Glyphosate",2014,104188.4,104193.5,"Tunica County","MS"
28,145,"Glyphosate",2014,46354.8,46424,"Union County","MS"
28,145,"Chlorpyrifos",2014,0.3,0.3,"Union County","MS"
28,145,"2,4-D",2014,3124.3,3328,"Union County","MS"
28,145,"Paraquat",2014,415.8,666,"Union County","MS"
28,145,"Malathion",2014,NA,829,"Union County","MS"
28,147,"Glyphosate",2014,1394.9,1453,"Walthall County","MS"
28,147,"2,4-D",2014,2909.9,2910.4,"Walthall County","MS"
28,147,"Paraquat",2014,76.1,77.1,"Walthall County","MS"
28,147,"Chlorpyrifos",2014,8.7,14.7,"Walthall County","MS"
28,149,"2,4-D",2014,2682.7,3214.1,"Warren County","MS"
28,149,"Glyphosate",2014,22297.7,22297.7,"Warren County","MS"
28,149,"Chlorpyrifos",2014,NA,0.6,"Warren County","MS"
28,149,"Malathion",2014,457.8,1007.2,"Warren County","MS"
28,149,"Paraquat",2014,584.9,651.5,"Warren County","MS"
28,15,"Malathion",2014,NA,983.1,"Carroll County","MS"
28,15,"Chlorpyrifos",2014,0.9,0.9,"Carroll County","MS"
28,15,"2,4-D",2014,10931.9,10932.3,"Carroll County","MS"
28,15,"Paraquat",2014,7.9,1099.9,"Carroll County","MS"
28,15,"Glyphosate",2014,39196.2,39196.2,"Carroll County","MS"
28,151,"Glyphosate",2014,259452.2,259458.2,"Washington County","MS"
28,151,"2,4-D",2014,16494,19221.8,"Washington County","MS"
28,151,"Paraquat",2014,9303.5,10229.9,"Washington County","MS"
28,151,"Chlorpyrifos",2014,0.8,0.8,"Washington County","MS"
28,151,"Malathion",2014,NA,9666.6,"Washington County","MS"
28,153,"Chlorpyrifos",2014,6.4,37.1,"Wayne County","MS"
28,153,"Glyphosate",2014,261.5,490.3,"Wayne County","MS"
28,153,"2,4-D",2014,3514,3529.3,"Wayne County","MS"
28,153,"Paraquat",2014,23.5,127.2,"Wayne County","MS"
28,155,"Chlorpyrifos",2014,1.4,1.4,"Webster County","MS"
28,155,"2,4-D",2014,5808,5808,"Webster County","MS"
28,155,"Glyphosate",2014,29439.6,29439.6,"Webster County","MS"
28,155,"Paraquat",2014,10.1,574,"Webster County","MS"
28,155,"Malathion",2014,NA,1119,"Webster County","MS"
28,157,"Glyphosate",2014,1060.6,1060.6,"Wilkinson County","MS"
28,157,"Paraquat",2014,27.4,27.4,"Wilkinson County","MS"
28,157,"Malathion",2014,17.1,17.1,"Wilkinson County","MS"
28,157,"2,4-D",2014,182.5,182.5,"Wilkinson County","MS"
28,159,"Paraquat",2014,1.5,182.4,"Winston County","MS"
28,159,"2,4-D",2014,3063.7,3063.7,"Winston County","MS"
28,159,"Malathion",2014,NA,31.9,"Winston County","MS"
28,159,"Glyphosate",2014,4725.4,4765.9,"Winston County","MS"
28,161,"Paraquat",2014,2056.5,2599.1,"Yalobusha County","MS"
28,161,"Glyphosate",2014,7168.8,7173.5,"Yalobusha County","MS"
28,161,"Chlorpyrifos",2014,1.4,1.4,"Yalobusha County","MS"
28,161,"2,4-D",2014,6228.2,6228.2,"Yalobusha County","MS"
28,161,"Malathion",2014,NA,937.2,"Yalobusha County","MS"
28,163,"Paraquat",2014,3472.6,4233.5,"Yazoo County","MS"
28,163,"Chlorpyrifos",2014,1.6,1.6,"Yazoo County","MS"
28,163,"Glyphosate",2014,117247,117302.4,"Yazoo County","MS"
28,163,"2,4-D",2014,6342.1,8591.7,"Yazoo County","MS"
28,163,"Malathion",2014,NA,5018.6,"Yazoo County","MS"
28,17,"Chlorpyrifos",2014,0.5,0.5,"Chickasaw County","MS"
28,17,"Paraquat",2014,144,2293.4,"Chickasaw County","MS"
28,17,"Malathion",2014,NA,1004.8,"Chickasaw County","MS"
28,17,"2,4-D",2014,6558.7,6564,"Chickasaw County","MS"
28,17,"Glyphosate",2014,49948.7,50011.3,"Chickasaw County","MS"
28,19,"Glyphosate",2014,1586.2,1586.2,"Choctaw County","MS"
28,19,"2,4-D",2014,1276.5,1276.6,"Choctaw County","MS"
28,19,"Paraquat",2014,1.8,56.4,"Choctaw County","MS"
28,19,"Malathion",2014,NA,17.1,"Choctaw County","MS"
28,21,"2,4-D",2014,816.6,891.8,"Claiborne County","MS"
28,21,"Chlorpyrifos",2014,0.2,0.2,"Claiborne County","MS"
28,21,"Glyphosate",2014,5743.8,5743.8,"Claiborne County","MS"
28,21,"Malathion",2014,96.8,174.6,"Claiborne County","MS"
28,21,"Paraquat",2014,177.4,186.8,"Claiborne County","MS"
28,23,"Glyphosate",2014,101.1,129.6,"Clarke County","MS"
28,23,"2,4-D",2014,1765.5,1765.5,"Clarke County","MS"
28,23,"Chlorpyrifos",2014,0.5,2.4,"Clarke County","MS"
28,23,"Paraquat",2014,3.4,50.1,"Clarke County","MS"
28,25,"Glyphosate",2014,17223.5,17296,"Clay County","MS"
28,25,"Malathion",2014,NA,303.6,"Clay County","MS"
28,25,"Chlorpyrifos",2014,0.4,0.4,"Clay County","MS"
28,25,"Paraquat",2014,59.6,497.9,"Clay County","MS"
28,25,"2,4-D",2014,5762,5762.5,"Clay County","MS"
28,27,"Malathion",2014,NA,6513.7,"Coahoma County","MS"
28,27,"Chlorpyrifos",2014,6.4,6.4,"Coahoma County","MS"
28,27,"2,4-D",2014,9706.5,10295.5,"Coahoma County","MS"
28,27,"Glyphosate",2014,157782.7,157786.6,"Coahoma County","MS"
28,27,"Paraquat",2014,19338.2,19338.2,"Coahoma County","MS"
28,29,"Malathion",2014,NA,60.2,"Copiah County","MS"
28,29,"Glyphosate",2014,825.8,825.8,"Copiah County","MS"
28,29,"Chlorpyrifos",2014,0.1,0.2,"Copiah County","MS"
28,29,"Paraquat",2014,27.3,34.6,"Copiah County","MS"
28,29,"2,4-D",2014,192.9,251.1,"Copiah County","MS"
28,3,"2,4-D",2014,2868.4,3570.9,"Alcorn County","MS"
28,3,"Glyphosate",2014,30807.1,30848.2,"Alcorn County","MS"
28,3,"Paraquat",2014,220.8,541.7,"Alcorn County","MS"
28,3,"Chlorpyrifos",2014,0.2,0.2,"Alcorn County","MS"
28,3,"Malathion",2014,NA,505.9,"Alcorn County","MS"
28,31,"Paraquat",2014,228.8,248,"Covington County","MS"
28,31,"Chlorpyrifos",2014,1.3,15.2,"Covington County","MS"
28,31,"Glyphosate",2014,2493.2,2575.9,"Covington County","MS"
28,31,"2,4-D",2014,3881.2,3880.1,"Covington County","MS"
28,33,"Chlorpyrifos",2014,1.1,1.1,"DeSoto County","MS"
28,33,"Malathion",2014,NA,1426.3,"DeSoto County","MS"
28,33,"Paraquat",2014,4895.4,6352.1,"DeSoto County","MS"
28,33,"Glyphosate",2014,17588.7,17592.1,"DeSoto County","MS"
28,33,"2,4-D",2014,7385.1,7612.6,"DeSoto County","MS"
28,35,"Glyphosate",2014,819.9,1029.9,"Forrest County","MS"
28,35,"Chlorpyrifos",2014,30.3,52.9,"Forrest County","MS"
28,35,"Paraquat",2014,74.5,107.5,"Forrest County","MS"
28,35,"2,4-D",2014,1230.6,1229.2,"Forrest County","MS"
28,37,"Malathion",2014,40.5,40.5,"Franklin County","MS"
28,37,"Paraquat",2014,54.6,54.6,"Franklin County","MS"
28,37,"Glyphosate",2014,1982.1,1982.1,"Franklin County","MS"
28,37,"2,4-D",2014,243,243,"Franklin County","MS"
28,39,"Chlorpyrifos",2014,248,336,"George County","MS"
28,39,"Glyphosate",2014,7528.2,8512.6,"George County","MS"
28,39,"2,4-D",2014,2238.9,2254.2,"George County","MS"
28,39,"Paraquat",2014,143.4,210.9,"George County","MS"
28,41,"Glyphosate",2014,5425,5816.8,"Greene County","MS"
28,41,"Chlorpyrifos",2014,292.8,336,"Greene County","MS"
28,41,"Paraquat",2014,232.3,294.2,"Greene County","MS"
28,41,"2,4-D",2014,2159.4,2173.8,"Greene County","MS"
28,43,"Malathion",2014,NA,1026.3,"Grenada County","MS"
28,43,"Paraquat",2014,2196.3,2592,"Grenada County","MS"
28,43,"Chlorpyrifos",2014,1.5,1.5,"Grenada County","MS"
28,43,"Glyphosate",2014,7166.1,7170.4,"Grenada County","MS"
28,43,"2,4-D",2014,5694.7,5694.7,"Grenada County","MS"
28,45,"Paraquat",2014,18.5,47.2,"Hancock County","MS"
28,45,"Chlorpyrifos",2014,4,5,"Hancock County","MS"
28,45,"Glyphosate",2014,93,98.9,"Hancock County","MS"
28,45,"2,4-D",2014,1097.6,1097.4,"Hancock County","MS"
28,47,"Paraquat",2014,94,118.5,"Harrison County","MS"
28,47,"Glyphosate",2014,201.2,224.6,"Harrison County","MS"
28,47,"Chlorpyrifos",2014,34.9,50.6,"Harrison County","MS"
28,47,"2,4-D",2014,856.2,858.4,"Harrison County","MS"
28,49,"Malathion",2014,253.1,973,"Hinds County","MS"
28,49,"Paraquat",2014,408.6,495.9,"Hinds County","MS"
28,49,"Glyphosate",2014,14684.9,14684.9,"Hinds County","MS"
28,49,"2,4-D",2014,2020.6,2717,"Hinds County","MS"
28,49,"Chlorpyrifos",2014,0.8,1.6,"Hinds County","MS"
28,5,"Chlorpyrifos",2014,0.2,0.2,"Amite County","MS"
28,5,"2,4-D",2014,688.1,688.1,"Amite County","MS"
28,5,"Glyphosate",2014,3310.2,3310.2,"Amite County","MS"
28,5,"Malathion",2014,62.2,62.2,"Amite County","MS"
28,5,"Paraquat",2014,70.9,70.9,"Amite County","MS"
28,51,"Malathion",2014,NA,2826.7,"Holmes County","MS"
28,51,"Paraquat",2014,65.6,2916.8,"Holmes County","MS"
28,51,"Glyphosate",2014,114254.2,114254.2,"Holmes County","MS"
28,51,"Chlorpyrifos",2014,2.9,2.9,"Holmes County","MS"
28,51,"2,4-D",2014,27320.7,27324.8,"Holmes County","MS"
28,53,"Malathion",2014,NA,4553,"Humphreys County","MS"
28,53,"Paraquat",2014,4032.3,4436.6,"Humphreys County","MS"
28,53,"Glyphosate",2014,115316.6,115325.6,"Humphreys County","MS"
28,53,"Chlorpyrifos",2014,0.8,0.8,"Humphreys County","MS"
28,53,"2,4-D",2014,6689.8,7888.6,"Humphreys County","MS"
28,55,"Chlorpyrifos",2014,0.7,0.7,"Issaquena County","MS"
28,55,"Glyphosate",2014,78678.9,78685.9,"Issaquena County","MS"
28,55,"Malathion",2014,NA,3346.3,"Issaquena County","MS"
28,55,"Paraquat",2014,2641,2860,"Issaquena County","MS"
28,55,"2,4-D",2014,4259.7,4903.7,"Issaquena County","MS"
28,57,"Paraquat",2014,236.9,383.2,"Itawamba County","MS"
28,57,"Chlorpyrifos",2014,0.2,0.2,"Itawamba County","MS"
28,57,"Malathion",2014,NA,480.2,"Itawamba County","MS"
28,57,"Glyphosate",2014,28269.4,28299.7,"Itawamba County","MS"
28,57,"2,4-D",2014,2687.7,2830.1,"Itawamba County","MS"
28,59,"Paraquat",2014,63.9,106.3,"Jackson County","MS"
28,59,"Chlorpyrifos",2014,26.5,62.6,"Jackson County","MS"
28,59,"Glyphosate",2014,699.3,846.6,"Jackson County","MS"
28,59,"2,4-D",2014,1095.8,1116.6,"Jackson County","MS"
28,61,"Glyphosate",2014,47.3,103.1,"Jasper County","MS"
28,61,"Chlorpyrifos",2014,0.2,4,"Jasper County","MS"
28,61,"2,4-D",2014,2280.2,2280.4,"Jasper County","MS"
28,61,"Paraquat",2014,1.6,62.4,"Jasper County","MS"
28,63,"Chlorpyrifos",2014,NA,0.6,"Jefferson County","MS"
28,63,"Glyphosate",2014,7873.6,7873.6,"Jefferson County","MS"
28,63,"2,4-D",2014,1023.3,1543.9,"Jefferson County","MS"
28,63,"Paraquat",2014,193,258.3,"Jefferson County","MS"
28,63,"Malathion",2014,151.9,690,"Jefferson County","MS"
28,65,"Paraquat",2014,11.5,15.5,"Jefferson Davis County","MS"
28,65,"Glyphosate",2014,376.3,408,"Jefferson Davis County","MS"
28,65,"Chlorpyrifos",2014,2.6,6.7,"Jefferson Davis County","MS"
28,65,"2,4-D",2014,1535.1,1535.4,"Jefferson Davis County","MS"
28,67,"Paraquat",2014,40.3,154.8,"Jones County","MS"
28,67,"Chlorpyrifos",2014,18,67.8,"Jones County","MS"
28,67,"Glyphosate",2014,691.4,1133.8,"Jones County","MS"
28,67,"2,4-D",2014,3766.8,3788.4,"Jones County","MS"
28,69,"Glyphosate",2014,1533.2,1579.2,"Kemper County","MS"
28,69,"2,4-D",2014,3236.8,3236.9,"Kemper County","MS"
28,69,"Paraquat",2014,2.3,108,"Kemper County","MS"
28,69,"Malathion",2014,NA,10.2,"Kemper County","MS"
28,7,"Glyphosate",2014,21921.5,21921.5,"Attala County","MS"
28,7,"2,4-D",2014,5310.3,5310.3,"Attala County","MS"
28,7,"Malathion",2014,NA,763.4,"Attala County","MS"
28,7,"Chlorpyrifos",2014,0.9,0.9,"Attala County","MS"
28,7,"Paraquat",2014,0.1,475.4,"Attala County","MS"
28,71,"Chlorpyrifos",2014,0.5,0.5,"Lafayette County","MS"
28,71,"Glyphosate",2014,3274.8,3281.6,"Lafayette County","MS"
28,71,"2,4-D",2014,7964.3,7964.3,"Lafayette County","MS"
28,71,"Paraquat",2014,1497.3,1708.8,"Lafayette County","MS"
28,71,"Malathion",2014,NA,513.1,"Lafayette County","MS"
28,73,"Glyphosate",2014,481.5,512.4,"Lamar County","MS"
28,73,"Paraquat",2014,42,47.4,"Lamar County","MS"
28,73,"2,4-D",2014,1406.3,1406.1,"Lamar County","MS"
28,73,"Chlorpyrifos",2014,1.2,15.6,"Lamar County","MS"
28,75,"Paraquat",2014,4.3,38.4,"Lauderdale County","MS"
28,75,"Chlorpyrifos",2014,2,5.7,"Lauderdale County","MS"
28,75,"Glyphosate",2014,51,107,"Lauderdale County","MS"
28,75,"2,4-D",2014,1275.4,1275.4,"Lauderdale County","MS"
28,77,"Glyphosate",2014,958.8,994.6,"Lawrence County","MS"
28,77,"Chlorpyrifos",2014,2.7,15.2,"Lawrence County","MS"
28,77,"2,4-D",2014,1895.1,1895.6,"Lawrence County","MS"
28,77,"Paraquat",2014,54.7,55.7,"Lawrence County","MS"
28,79,"Chlorpyrifos",2014,0.1,0.1,"Leake County","MS"
28,79,"Glyphosate",2014,2903.5,2903.5,"Leake County","MS"
28,79,"Paraquat",2014,0.2,74.9,"Leake County","MS"
28,79,"2,4-D",2014,2955.9,2955.9,"Leake County","MS"
28,79,"Malathion",2014,NA,69,"Leake County","MS"
28,81,"2,4-D",2014,6130.2,6746.3,"Lee County","MS"
28,81,"Glyphosate",2014,87368.4,87525.7,"Lee County","MS"
28,81,"Chlorpyrifos",2014,1.3,1.3,"Lee County","MS"
28,81,"Malathion",2014,NA,2139.9,"Lee County","MS"
28,81,"Paraquat",2014,768.4,1736.1,"Lee County","MS"
28,83,"Glyphosate",2014,161277.4,161285.4,"Leflore County","MS"
28,83,"Chlorpyrifos",2014,0.9,0.9,"Leflore County","MS"
28,83,"Paraquat",2014,5357.4,6368.1,"Leflore County","MS"
28,83,"2,4-D",2014,9421.9,12391.3,"Leflore County","MS"
28,83,"Malathion",2014,NA,6126.6,"Leflore County","MS"
28,85,"Malathion",2014,16.3,16.3,"Lincoln County","MS"
28,85,"2,4-D",2014,235.9,235.9,"Lincoln County","MS"
28,85,"Chlorpyrifos",2014,0.1,0.1,"Lincoln County","MS"
28,85,"Glyphosate",2014,972.2,972.2,"Lincoln County","MS"
28,85,"Paraquat",2014,18.2,18.2,"Lincoln County","MS"
28,87,"Malathion",2014,NA,1383.7,"Lowndes County","MS"
28,87,"2,4-D",2014,5612,5612.5,"Lowndes County","MS"
28,87,"Glyphosate",2014,64487.3,64529.1,"Lowndes County","MS"
28,87,"Chlorpyrifos",2014,2,2,"Lowndes County","MS"
28,87,"Paraquat",2014,345.5,1543.4,"Lowndes County","MS"
28,89,"Malathion",2014,NA,1105.8,"Madison County","MS"
28,89,"Paraquat",2014,6.2,1376.1,"Madison County","MS"
28,89,"Chlorpyrifos",2014,1,1,"Madison County","MS"
28,89,"Glyphosate",2014,47552.2,47552.2,"Madison County","MS"
28,89,"2,4-D",2014,12266.3,12266.7,"Madison County","MS"
28,9,"2,4-D",2014,5874.5,5874.5,"Benton County","MS"
28,9,"Malathion",2014,NA,319.1,"Benton County","MS"
28,9,"Paraquat",2014,1502.7,2183.5,"Benton County","MS"
28,9,"Glyphosate",2014,4525.8,4530.1,"Benton County","MS"
28,91,"Glyphosate",2014,1110.8,1142.4,"Marion County","MS"
28,91,"Chlorpyrifos",2014,1.1,55.2,"Marion County","MS"
28,91,"2,4-D",2014,1786.8,1787.7,"Marion County","MS"
28,91,"Paraquat",2014,74.1,75.4,"Marion County","MS"
28,93,"Malathion",2014,NA,715.3,"Marshall County","MS"
28,93,"2,4-D",2014,17097.9,17104,"Marshall County","MS"
28,93,"Chlorpyrifos",2014,0.3,0.3,"Marshall County","MS"
28,93,"Paraquat",2014,2836.1,3385.7,"Marshall County","MS"
28,93,"Glyphosate",2014,6825.8,6839.5,"Marshall County","MS"
28,95,"Chlorpyrifos",2014,0.6,0.6,"Monroe County","MS"
28,95,"Malathion",2014,NA,1305.5,"Monroe County","MS"
28,95,"Glyphosate",2014,84923.1,84995.4,"Monroe County","MS"
28,95,"Paraquat",2014,214.4,3160.2,"Monroe County","MS"
28,95,"2,4-D",2014,9964.2,9964.2,"Monroe County","MS"
28,97,"Chlorpyrifos",2014,1.1,1.1,"Montgomery County","MS"
28,97,"Malathion",2014,NA,824,"Montgomery County","MS"
28,97,"Glyphosate",2014,19631.9,19631.9,"Montgomery County","MS"
28,97,"Paraquat",2014,NA,313.9,"Montgomery County","MS"
28,97,"2,4-D",2014,4661.9,4661.9,"Montgomery County","MS"
28,99,"Paraquat",2014,0.3,91.1,"Neshoba County","MS"
28,99,"Glyphosate",2014,533,586.8,"Neshoba County","MS"
28,99,"2,4-D",2014,3675.2,3675.2,"Neshoba County","MS"
29,1,"Glyphosate",2014,25928.9,27148.6,"Adair County","MO"
29,1,"Chlorpyrifos",2014,4.5,347.3,"Adair County","MO"
29,1,"Paraquat",2014,1.5,582.3,"Adair County","MO"
29,1,"2,4-D",2014,2428.8,2457.1,"Adair County","MO"
29,101,"Chlorpyrifos",2014,2.6,1342.4,"Johnson County","MO"
29,101,"Paraquat",2014,180.3,1453.9,"Johnson County","MO"
29,101,"2,4-D",2014,8593.5,8788,"Johnson County","MO"
29,101,"Glyphosate",2014,66041.7,66196.9,"Johnson County","MO"
29,103,"Glyphosate",2014,57488.9,59070,"Knox County","MO"
29,103,"Chlorpyrifos",2014,7.5,1391.7,"Knox County","MO"
29,103,"2,4-D",2014,15193.3,15232.5,"Knox County","MO"
29,103,"Paraquat",2014,15.9,584.2,"Knox County","MO"
29,105,"Glyphosate",2014,6700.7,6755.2,"Laclede County","MO"
29,105,"Paraquat",2014,438,444,"Laclede County","MO"
29,105,"Chlorpyrifos",2014,0.3,176.9,"Laclede County","MO"
29,105,"2,4-D",2014,7509.3,7509.3,"Laclede County","MO"
29,107,"Glyphosate",2014,110089.8,110448.8,"Lafayette County","MO"
29,107,"2,4-D",2014,13188.5,13372.7,"Lafayette County","MO"
29,107,"Paraquat",2014,267.3,2667.5,"Lafayette County","MO"
29,107,"Chlorpyrifos",2014,23.9,2390.7,"Lafayette County","MO"
29,109,"Chlorpyrifos",2014,97.7,306.5,"Lawrence County","MO"
29,109,"2,4-D",2014,13094.6,13454,"Lawrence County","MO"
29,109,"Paraquat",2014,50.2,760.5,"Lawrence County","MO"
29,109,"Glyphosate",2014,26002.2,27157,"Lawrence County","MO"
29,11,"Chlorpyrifos",2014,30.4,1165.9,"Barton County","MO"
29,11,"Glyphosate",2014,141023.5,141490.7,"Barton County","MO"
29,11,"Paraquat",2014,287.1,2432.3,"Barton County","MO"
29,11,"2,4-D",2014,7694.1,9642.1,"Barton County","MO"
29,111,"2,4-D",2014,13284.3,13316.7,"Lewis County","MO"
29,111,"Chlorpyrifos",2014,14.4,1330.7,"Lewis County","MO"
29,111,"Paraquat",2014,15.1,620.6,"Lewis County","MO"
29,111,"Glyphosate",2014,53381.4,54771.8,"Lewis County","MO"
29,113,"Paraquat",2014,589.2,631.3,"Lincoln County","MO"
29,113,"2,4-D",2014,11084.2,11287.2,"Lincoln County","MO"
29,113,"Glyphosate",2014,83122.8,86600.8,"Lincoln County","MO"
29,113,"Chlorpyrifos",2014,12.9,1066.9,"Lincoln County","MO"
29,115,"2,4-D",2014,4217.2,4293,"Linn County","MO"
29,115,"Paraquat",2014,0.4,984.9,"Linn County","MO"
29,115,"Glyphosate",2014,46401,47434.4,"Linn County","MO"
29,115,"Chlorpyrifos",2014,1.1,440.9,"Linn County","MO"
29,117,"2,4-D",2014,5343.7,5481.3,"Livingston County","MO"
29,117,"Chlorpyrifos",2014,0.7,638.8,"Livingston County","MO"
29,117,"Paraquat",2014,0.3,1133.3,"Livingston County","MO"
29,117,"Glyphosate",2014,64843.4,66129.1,"Livingston County","MO"
29,119,"Chlorpyrifos",2014,16.2,56.3,"McDonald County","MO"
29,119,"2,4-D",2014,8191,8257.5,"McDonald County","MO"
29,119,"Paraquat",2014,0.9,233.8,"McDonald County","MO"
29,119,"Glyphosate",2014,1504.8,2001.6,"McDonald County","MO"
29,121,"Paraquat",2014,4.2,1097.9,"Macon County","MO"
29,121,"Chlorpyrifos",2014,11.9,590,"Macon County","MO"
29,121,"2,4-D",2014,4644.6,4689.1,"Macon County","MO"
29,121,"Glyphosate",2014,53288.1,54686.9,"Macon County","MO"
29,123,"2,4-D",2014,2914.3,2938,"Madison County","MO"
29,123,"Glyphosate",2014,848.1,908.7,"Madison County","MO"
29,123,"Paraquat",2014,3.9,92.5,"Madison County","MO"
29,123,"Chlorpyrifos",2014,34.5,35.6,"Madison County","MO"
29,125,"Paraquat",2014,283.1,289,"Maries County","MO"
29,125,"2,4-D",2014,6070.5,6070.7,"Maries County","MO"
29,125,"Glyphosate",2014,5521.8,5601.6,"Maries County","MO"
29,125,"Chlorpyrifos",2014,1.1,87,"Maries County","MO"
29,127,"Glyphosate",2014,45382.8,46644.7,"Marion County","MO"
29,127,"2,4-D",2014,11076.6,11100.7,"Marion County","MO"
29,127,"Chlorpyrifos",2014,13.3,1129,"Marion County","MO"
29,127,"Paraquat",2014,12.8,572,"Marion County","MO"
29,129,"Paraquat",2014,1.7,532.1,"Mercer County","MO"
29,129,"Glyphosate",2014,20464.1,22251.9,"Mercer County","MO"
29,129,"2,4-D",2014,1907.7,1915.9,"Mercer County","MO"
29,129,"Chlorpyrifos",2014,4.8,552.1,"Mercer County","MO"
29,13,"Chlorpyrifos",2014,18.9,2067.3,"Bates County","MO"
29,13,"Glyphosate",2014,101589.7,101788.8,"Bates County","MO"
29,13,"2,4-D",2014,12511.7,12987,"Bates County","MO"
29,13,"Paraquat",2014,282.9,2295.9,"Bates County","MO"
29,131,"Chlorpyrifos",2014,0.6,119.5,"Miller County","MO"
29,131,"2,4-D",2014,6809.8,6809.9,"Miller County","MO"
29,131,"Glyphosate",2014,6842.3,6905.7,"Miller County","MO"
29,131,"Paraquat",2014,337,343.9,"Miller County","MO"
29,133,"2,4-D",2014,5083.1,5176,"Mississippi County","MO"
29,133,"Chlorpyrifos",2014,345.4,2118,"Mississippi County","MO"
29,133,"Glyphosate",2014,113461.7,119972.5,"Mississippi County","MO"
29,133,"Paraquat",2014,11251.5,14459.8,"Mississippi County","MO"
29,135,"2,4-D",2014,5899.8,5900.1,"Moniteau County","MO"
29,135,"Chlorpyrifos",2014,1.6,425,"Moniteau County","MO"
29,135,"Paraquat",2014,496.4,583.1,"Moniteau County","MO"
29,135,"Glyphosate",2014,22978.4,23636.3,"Moniteau County","MO"
29,137,"2,4-D",2014,16162,16229.6,"Monroe County","MO"
29,137,"Chlorpyrifos",2014,2.6,1489.9,"Monroe County","MO"
29,137,"Glyphosate",2014,61176.6,63307.6,"Monroe County","MO"
29,137,"Paraquat",2014,16.1,685.5,"Monroe County","MO"
29,139,"Chlorpyrifos",2014,13.4,1061.6,"Montgomery County","MO"
29,139,"Paraquat",2014,636.8,680.8,"Montgomery County","MO"
29,139,"Glyphosate",2014,78600.1,82695.7,"Montgomery County","MO"
29,139,"2,4-D",2014,10030.8,10182.3,"Montgomery County","MO"
29,141,"2,4-D",2014,4812.7,4813.2,"Morgan County","MO"
29,141,"Glyphosate",2014,13292.4,13660.7,"Morgan County","MO"
29,141,"Chlorpyrifos",2014,2.6,264.7,"Morgan County","MO"
29,141,"Paraquat",2014,375.4,421.2,"Morgan County","MO"
29,143,"Chlorpyrifos",2014,296.3,2609.9,"New Madrid County","MO"
29,143,"2,4-D",2014,9875.7,9970.4,"New Madrid County","MO"
29,143,"Glyphosate",2014,187877.5,191207.4,"New Madrid County","MO"
29,143,"Paraquat",2014,25332.7,28637.9,"New Madrid County","MO"
29,145,"2,4-D",2014,10606.8,10897.8,"Newton County","MO"
29,145,"Paraquat",2014,44.3,656.4,"Newton County","MO"
29,145,"Glyphosate",2014,15049.8,15690.4,"Newton County","MO"
29,145,"Chlorpyrifos",2014,21.1,181.5,"Newton County","MO"
29,147,"Glyphosate",2014,188244.8,189208.3,"Nodaway County","MO"
29,147,"2,4-D",2014,29840,29939.3,"Nodaway County","MO"
29,147,"Paraquat",2014,6.2,3093.8,"Nodaway County","MO"
29,147,"Chlorpyrifos",2014,41.2,2961.9,"Nodaway County","MO"
29,149,"2,4-D",2014,9161.8,9166.7,"Oregon County","MO"
29,149,"Paraquat",2014,NA,260.7,"Oregon County","MO"
29,149,"Glyphosate",2014,1362.7,1474.1,"Oregon County","MO"
29,149,"Chlorpyrifos",2014,63.5,63.8,"Oregon County","MO"
29,15,"Paraquat",2014,514.4,570.1,"Benton County","MO"
29,15,"Chlorpyrifos",2014,2.4,348,"Benton County","MO"
29,15,"Glyphosate",2014,18924,19369.5,"Benton County","MO"
29,15,"2,4-D",2014,6333.7,6334.2,"Benton County","MO"
29,151,"2,4-D",2014,6896.7,6896.8,"Osage County","MO"
29,151,"Paraquat",2014,501.4,511.3,"Osage County","MO"
29,151,"Glyphosate",2014,13545,13655.5,"Osage County","MO"
29,151,"Chlorpyrifos",2014,0.4,253.7,"Osage County","MO"
29,153,"2,4-D",2014,9194.5,9207.7,"Ozark County","MO"
29,153,"Paraquat",2014,1.5,262.1,"Ozark County","MO"
29,153,"Glyphosate",2014,1148.3,1212.6,"Ozark County","MO"
29,153,"Chlorpyrifos",2014,36.6,36.6,"Ozark County","MO"
29,155,"2,4-D",2014,6568,6721.9,"Pemiscot County","MO"
29,155,"Glyphosate",2014,128657.1,134039.7,"Pemiscot County","MO"
29,155,"Paraquat",2014,16448.3,18164.1,"Pemiscot County","MO"
29,155,"Chlorpyrifos",2014,176.5,1936.6,"Pemiscot County","MO"
29,157,"Paraquat",2014,518.2,569,"Perry County","MO"
29,157,"Glyphosate",2014,53258,57079.8,"Perry County","MO"
29,157,"2,4-D",2014,7382.7,7443.7,"Perry County","MO"
29,157,"Chlorpyrifos",2014,4.2,824.7,"Perry County","MO"
29,159,"Paraquat",2014,1566,1826.1,"Pettis County","MO"
29,159,"2,4-D",2014,9479.6,9483.2,"Pettis County","MO"
29,159,"Glyphosate",2014,79312.3,81327.6,"Pettis County","MO"
29,159,"Chlorpyrifos",2014,17.6,1520,"Pettis County","MO"
29,161,"Paraquat",2014,150,150.6,"Phelps County","MO"
29,161,"2,4-D",2014,3574.1,3574.1,"Phelps County","MO"
29,161,"Glyphosate",2014,1405.5,1412,"Phelps County","MO"
29,161,"Chlorpyrifos",2014,0.1,20.5,"Phelps County","MO"
29,163,"2,4-D",2014,14918.7,14974.1,"Pike County","MO"
29,163,"Paraquat",2014,19.4,730.1,"Pike County","MO"
29,163,"Glyphosate",2014,55799.1,58465.1,"Pike County","MO"
29,163,"Chlorpyrifos",2014,3.9,1375.9,"Pike County","MO"
29,165,"Glyphosate",2014,53852.5,53979,"Platte County","MO"
29,165,"Paraquat",2014,1.1,735,"Platte County","MO"
29,165,"2,4-D",2014,8093.2,8139.1,"Platte County","MO"
29,165,"Chlorpyrifos",2014,26.9,677,"Platte County","MO"
29,167,"Paraquat",2014,442.5,462.9,"Polk County","MO"
29,167,"2,4-D",2014,8837.1,8838.5,"Polk County","MO"
29,167,"Glyphosate",2014,7996.7,8164.9,"Polk County","MO"
29,167,"Chlorpyrifos",2014,6.8,163.8,"Polk County","MO"
29,169,"2,4-D",2014,2989.4,2990.1,"Pulaski County","MO"
29,169,"Paraquat",2014,133.4,133.1,"Pulaski County","MO"
29,169,"Chlorpyrifos",2014,3.2,19.3,"Pulaski County","MO"
29,169,"Glyphosate",2014,1375.8,1378.5,"Pulaski County","MO"
29,17,"Paraquat",2014,152.9,590.3,"Bollinger County","MO"
29,17,"Chlorpyrifos",2014,19.7,70.9,"Bollinger County","MO"
29,17,"2,4-D",2014,5322.3,6199.2,"Bollinger County","MO"
29,17,"Glyphosate",2014,22408.9,22443.5,"Bollinger County","MO"
29,171,"Paraquat",2014,0.7,529.9,"Putnam County","MO"
29,171,"Glyphosate",2014,21602.4,22976.3,"Putnam County","MO"
29,171,"2,4-D",2014,2020.7,2027.8,"Putnam County","MO"
29,171,"Chlorpyrifos",2014,2,346.1,"Putnam County","MO"
29,173,"Glyphosate",2014,47573,49248,"Ralls County","MO"
29,173,"Paraquat",2014,14.1,561.1,"Ralls County","MO"
29,173,"2,4-D",2014,12458.4,12496.1,"Ralls County","MO"
29,173,"Chlorpyrifos",2014,8.3,1163.4,"Ralls County","MO"
29,175,"2,4-D",2014,2510.7,2546.8,"Randolph County","MO"
29,175,"Glyphosate",2014,29362.6,29983.9,"Randolph County","MO"
29,175,"Paraquat",2014,2.6,645.5,"Randolph County","MO"
29,175,"Chlorpyrifos",2014,7.3,299.7,"Randolph County","MO"
29,177,"Glyphosate",2014,77234.8,77540.5,"Ray County","MO"
29,177,"2,4-D",2014,12031.8,12214.4,"Ray County","MO"
29,177,"Chlorpyrifos",2014,11,951.1,"Ray County","MO"
29,177,"Paraquat",2014,0.3,1054.9,"Ray County","MO"
29,179,"Chlorpyrifos",2014,13.3,13.3,"Reynolds County","MO"
29,179,"Glyphosate",2014,299.4,322.7,"Reynolds County","MO"
29,179,"2,4-D",2014,2298.5,2304.2,"Reynolds County","MO"
29,179,"Paraquat",2014,0.4,65.6,"Reynolds County","MO"
29,181,"Chlorpyrifos",2014,32,37.9,"Ripley County","MO"
29,181,"Glyphosate",2014,5398.7,5454.9,"Ripley County","MO"
29,181,"2,4-D",2014,4404.8,4673.7,"Ripley County","MO"
29,181,"Paraquat",2014,50.6,212.5,"Ripley County","MO"
29,183,"2,4-D",2014,7882.4,7911.5,"St. Charles County","MO"
29,183,"Glyphosate",2014,62107.4,63667.9,"St. Charles County","MO"
29,183,"Chlorpyrifos",2014,12,802.2,"St. Charles County","MO"
29,183,"Paraquat",2014,356.4,367.2,"St. Charles County","MO"
29,185,"2,4-D",2014,4301.8,4619,"St. Clair County","MO"
29,185,"Paraquat",2014,83.9,851.2,"St. Clair County","MO"
29,185,"Chlorpyrifos",2014,2.7,590.4,"St. Clair County","MO"
29,185,"Glyphosate",2014,29137.6,29265,"St. Clair County","MO"
29,186,"Glyphosate",2014,22280.8,23884.7,"Ste. Genevieve County","MO"
29,186,"2,4-D",2014,3718.2,3745,"Ste. Genevieve County","MO"
29,186,"Paraquat",2014,215.8,261.7,"Ste. Genevieve County","MO"
29,186,"Chlorpyrifos",2014,2.3,367.6,"Ste. Genevieve County","MO"
29,187,"Glyphosate",2014,4210.1,4462.7,"St. Francois County","MO"
29,187,"2,4-D",2014,1565.3,1569.2,"St. Francois County","MO"
29,187,"Chlorpyrifos",2014,0.1,93.4,"St. Francois County","MO"
29,187,"Paraquat",2014,33.8,79.7,"St. Francois County","MO"
29,189,"Glyphosate",2014,7893.5,8245.9,"St. Louis County","MO"
29,189,"2,4-D",2014,974.8,980.9,"St. Louis County","MO"
29,189,"Chlorpyrifos",2014,4,116.6,"St. Louis County","MO"
29,189,"Paraquat",2014,61,66,"St. Louis County","MO"
29,19,"Paraquat",2014,629.5,790.7,"Boone County","MO"
29,19,"2,4-D",2014,5119.3,5120.9,"Boone County","MO"
29,19,"Glyphosate",2014,39306.8,40615.7,"Boone County","MO"
29,19,"Chlorpyrifos",2014,7.8,762.4,"Boone County","MO"
29,195,"Glyphosate",2014,137168.6,137997.6,"Saline County","MO"
29,195,"2,4-D",2014,10277.2,10281,"Saline County","MO"
29,195,"Chlorpyrifos",2014,18.4,2749.7,"Saline County","MO"
29,195,"Paraquat",2014,3164.1,3260.4,"Saline County","MO"
29,197,"2,4-D",2014,1304.3,1305.7,"Schuyler County","MO"
29,197,"Chlorpyrifos",2014,3,175.8,"Schuyler County","MO"
29,197,"Paraquat",2014,1,308.3,"Schuyler County","MO"
29,197,"Glyphosate",2014,14268.4,14816.1,"Schuyler County","MO"
29,199,"Chlorpyrifos",2014,1.2,1015.9,"Scotland County","MO"
29,199,"Glyphosate",2014,40620.9,41821.8,"Scotland County","MO"
29,199,"2,4-D",2014,10632.4,10650.5,"Scotland County","MO"
29,199,"Paraquat",2014,12.2,454.9,"Scotland County","MO"
29,201,"Chlorpyrifos",2014,455.7,1523.7,"Scott County","MO"
29,201,"2,4-D",2014,3727.1,3752.3,"Scott County","MO"
29,201,"Glyphosate",2014,86189.2,92058.9,"Scott County","MO"
29,201,"Paraquat",2014,7572.9,10488.2,"Scott County","MO"
29,203,"2,4-D",2014,4167.4,4169.9,"Shannon County","MO"
29,203,"Chlorpyrifos",2014,9.3,9.3,"Shannon County","MO"
29,203,"Paraquat",2014,NA,118.2,"Shannon County","MO"
29,203,"Glyphosate",2014,528.9,545.1,"Shannon County","MO"
29,205,"2,4-D",2014,17007.9,17070.3,"Shelby County","MO"
29,205,"Chlorpyrifos",2014,18.2,1583.5,"Shelby County","MO"
29,205,"Glyphosate",2014,64900.8,66724.4,"Shelby County","MO"
29,205,"Paraquat",2014,18.6,669.8,"Shelby County","MO"
29,207,"Chlorpyrifos",2014,513.7,2476.1,"Stoddard County","MO"
29,207,"2,4-D",2014,8974.6,9106.8,"Stoddard County","MO"
29,207,"Paraquat",2014,22007.1,26026.4,"Stoddard County","MO"
29,207,"Glyphosate",2014,180876.7,185840.5,"Stoddard County","MO"
29,209,"Chlorpyrifos",2014,52.6,86.4,"Stone County","MO"
29,209,"2,4-D",2014,5293.4,5357.7,"Stone County","MO"
29,209,"Paraquat",2014,8.2,202.7,"Stone County","MO"
29,209,"Glyphosate",2014,4633.7,5171.8,"Stone County","MO"
29,21,"Chlorpyrifos",2014,23.7,1039.8,"Buchanan County","MO"
29,21,"Glyphosate",2014,75970.5,76222.2,"Buchanan County","MO"
29,21,"2,4-D",2014,11923.5,12021.2,"Buchanan County","MO"
29,21,"Paraquat",2014,3.8,1261.2,"Buchanan County","MO"
29,211,"Chlorpyrifos",2014,4.4,273.7,"Sullivan County","MO"
29,211,"2,4-D",2014,2438.3,2446.9,"Sullivan County","MO"
29,211,"Paraquat",2014,1.5,631.4,"Sullivan County","MO"
29,211,"Glyphosate",2014,24469.9,25463.3,"Sullivan County","MO"
29,213,"Chlorpyrifos",2014,31.3,31.5,"Taney County","MO"
29,213,"2,4-D",2014,4446.5,4457.4,"Taney County","MO"
29,213,"Glyphosate",2014,664.6,719.5,"Taney County","MO"
29,213,"Paraquat",2014,0.9,128.3,"Taney County","MO"
29,215,"Chlorpyrifos",2014,76.1,82.9,"Texas County","MO"
29,215,"2,4-D",2014,15116.2,15131.5,"Texas County","MO"
29,215,"Paraquat",2014,1.3,506.5,"Texas County","MO"
29,215,"Glyphosate",2014,3984,4117.6,"Texas County","MO"
29,217,"2,4-D",2014,8436.2,8977.6,"Vernon County","MO"
29,217,"Glyphosate",2014,63610.2,63940.2,"Vernon County","MO"
29,217,"Chlorpyrifos",2014,2.8,1337.6,"Vernon County","MO"
29,217,"Paraquat",2014,166.7,1773.2,"Vernon County","MO"
29,219,"Glyphosate",2014,31111.3,32399.1,"Warren County","MO"
29,219,"Chlorpyrifos",2014,6,430,"Warren County","MO"
29,219,"2,4-D",2014,4099.9,4135.6,"Warren County","MO"
29,219,"Paraquat",2014,222.7,242,"Warren County","MO"
29,221,"Chlorpyrifos",2014,0,29.1,"Washington County","MO"
29,221,"Glyphosate",2014,1883.3,1885.3,"Washington County","MO"
29,221,"2,4-D",2014,1517.7,1517.7,"Washington County","MO"
29,221,"Paraquat",2014,3.2,58.1,"Washington County","MO"
29,223,"Chlorpyrifos",2014,23.7,31.8,"Wayne County","MO"
29,223,"2,4-D",2014,3171.7,3276.1,"Wayne County","MO"
29,223,"Glyphosate",2014,4402.5,4444,"Wayne County","MO"
29,223,"Paraquat",2014,18.4,148.8,"Wayne County","MO"
29,225,"2,4-D",2014,9452.9,9484.2,"Webster County","MO"
29,225,"Glyphosate",2014,8164,8486.7,"Webster County","MO"
29,225,"Chlorpyrifos",2014,183.9,205.7,"Webster County","MO"
29,225,"Paraquat",2014,3.8,564.6,"Webster County","MO"
29,227,"2,4-D",2014,4696.2,4701.8,"Worth County","MO"
29,227,"Chlorpyrifos",2014,2.4,547.4,"Worth County","MO"
29,227,"Paraquat",2014,0.8,370.2,"Worth County","MO"
29,227,"Glyphosate",2014,28911.6,29199.2,"Worth County","MO"
29,229,"Chlorpyrifos",2014,123.1,127.2,"Wright County","MO"
29,229,"Paraquat",2014,2,319.4,"Wright County","MO"
29,229,"2,4-D",2014,10430,10450,"Wright County","MO"
29,229,"Glyphosate",2014,2415.4,2631.4,"Wright County","MO"
29,23,"Chlorpyrifos",2014,202.4,1393,"Butler County","MO"
29,23,"Paraquat",2014,7427.6,8918.1,"Butler County","MO"
29,23,"2,4-D",2014,3822,3892.8,"Butler County","MO"
29,23,"Glyphosate",2014,92009.2,94174.9,"Butler County","MO"
29,25,"Paraquat",2014,3.5,508.1,"Caldwell County","MO"
29,25,"2,4-D",2014,7633.6,8067.9,"Caldwell County","MO"
29,25,"Chlorpyrifos",2014,72.7,718.4,"Caldwell County","MO"
29,25,"Glyphosate",2014,50195,50752.6,"Caldwell County","MO"
29,27,"Paraquat",2014,885.1,1076.6,"Callaway County","MO"
29,27,"2,4-D",2014,7070.4,7071.2,"Callaway County","MO"
29,27,"Glyphosate",2014,49250.8,50705.4,"Callaway County","MO"
29,27,"Chlorpyrifos",2014,3.7,942.7,"Callaway County","MO"
29,29,"Paraquat",2014,147.3,147.3,"Camden County","MO"
29,29,"Glyphosate",2014,1137.9,1140.9,"Camden County","MO"
29,29,"2,4-D",2014,3558.7,3558.7,"Camden County","MO"
29,29,"Chlorpyrifos",2014,0.1,5.9,"Camden County","MO"
29,3,"Paraquat",2014,5.3,1373.6,"Andrew County","MO"
29,3,"Glyphosate",2014,84089.5,84600.4,"Andrew County","MO"
29,3,"2,4-D",2014,13149.4,13268,"Andrew County","MO"
29,3,"Chlorpyrifos",2014,27.7,1353.6,"Andrew County","MO"
29,31,"Paraquat",2014,4230.8,6047.2,"Cape Girardeau County","MO"
29,31,"2,4-D",2014,3052.2,3092.4,"Cape Girardeau County","MO"
29,31,"Glyphosate",2014,50235.8,53438.8,"Cape Girardeau County","MO"
29,31,"Chlorpyrifos",2014,1328.8,1995.5,"Cape Girardeau County","MO"
29,33,"Paraquat",2014,9,2196.1,"Carroll County","MO"
29,33,"2,4-D",2014,7994.1,8059.3,"Carroll County","MO"
29,33,"Glyphosate",2014,87177.7,88060.2,"Carroll County","MO"
29,33,"Chlorpyrifos",2014,26.2,969.7,"Carroll County","MO"
29,35,"2,4-D",2014,1858.7,1859.5,"Carter County","MO"
29,35,"Paraquat",2014,0.1,52.8,"Carter County","MO"
29,35,"Glyphosate",2014,223.8,243.8,"Carter County","MO"
29,35,"Chlorpyrifos",2014,11.3,11.3,"Carter County","MO"
29,37,"Paraquat",2014,151.1,1155.3,"Cass County","MO"
29,37,"Chlorpyrifos",2014,2,1174.7,"Cass County","MO"
29,37,"2,4-D",2014,6806.8,7001.4,"Cass County","MO"
29,37,"Glyphosate",2014,54430.9,54779.6,"Cass County","MO"
29,39,"Paraquat",2014,18,327.6,"Cedar County","MO"
29,39,"2,4-D",2014,1969.8,2024.5,"Cedar County","MO"
29,39,"Chlorpyrifos",2014,0.9,185.5,"Cedar County","MO"
29,39,"Glyphosate",2014,6501.2,6674.1,"Cedar County","MO"
29,41,"Paraquat",2014,1,2171.4,"Chariton County","MO"
29,41,"Chlorpyrifos",2014,4,921.7,"Chariton County","MO"
29,41,"Glyphosate",2014,85037.2,85936.4,"Chariton County","MO"
29,41,"2,4-D",2014,7644.4,7697.3,"Chariton County","MO"
29,43,"Paraquat",2014,2.2,226.1,"Christian County","MO"
29,43,"Chlorpyrifos",2014,124.3,139.2,"Christian County","MO"
29,43,"Glyphosate",2014,1812.7,2866.5,"Christian County","MO"
29,43,"2,4-D",2014,8214.5,8239.4,"Christian County","MO"
29,45,"Paraquat",2014,15,491.5,"Clark County","MO"
29,45,"Chlorpyrifos",2014,8.5,1152.1,"Clark County","MO"
29,45,"2,4-D",2014,12440.9,12469.9,"Clark County","MO"
29,45,"Glyphosate",2014,46952.2,48259.8,"Clark County","MO"
29,47,"Paraquat",2014,1.7,342.1,"Clay County","MO"
29,47,"Chlorpyrifos",2014,6,373.7,"Clay County","MO"
29,47,"Glyphosate",2014,25566.7,25759.4,"Clay County","MO"
29,47,"2,4-D",2014,4335.6,4412.4,"Clay County","MO"
29,49,"2,4-D",2014,10795.6,10832.6,"Clinton County","MO"
29,49,"Paraquat",2014,3.9,1071.2,"Clinton County","MO"
29,49,"Glyphosate",2014,66942.9,67072.4,"Clinton County","MO"
29,49,"Chlorpyrifos",2014,10.9,834.5,"Clinton County","MO"
29,5,"Paraquat",2014,5.6,3080.1,"Atchison County","MO"
29,5,"Glyphosate",2014,175113,175709,"Atchison County","MO"
29,5,"2,4-D",2014,27060.3,27668.6,"Atchison County","MO"
29,5,"Chlorpyrifos",2014,30.1,2161.7,"Atchison County","MO"
29,51,"Paraquat",2014,258.6,286.5,"Cole County","MO"
29,51,"2,4-D",2014,4067.1,4067.4,"Cole County","MO"
29,51,"Glyphosate",2014,10944.1,11174.7,"Cole County","MO"
29,51,"Chlorpyrifos",2014,1.3,200.3,"Cole County","MO"
29,53,"Paraquat",2014,1238.5,1543,"Cooper County","MO"
29,53,"2,4-D",2014,7265.6,7268.3,"Cooper County","MO"
29,53,"Glyphosate",2014,64976,67306.6,"Cooper County","MO"
29,53,"Chlorpyrifos",2014,13.3,1269.9,"Cooper County","MO"
29,55,"2,4-D",2014,2843,2844,"Crawford County","MO"
29,55,"Glyphosate",2014,3505.5,3561.3,"Crawford County","MO"
29,55,"Paraquat",2014,10.2,111.9,"Crawford County","MO"
29,55,"Chlorpyrifos",2014,0.1,129.2,"Crawford County","MO"
29,57,"Chlorpyrifos",2014,161,665.1,"Dade County","MO"
29,57,"2,4-D",2014,10431.3,11306.4,"Dade County","MO"
29,57,"Glyphosate",2014,48627.6,49944.8,"Dade County","MO"
29,57,"Paraquat",2014,104.6,983.1,"Dade County","MO"
29,59,"2,4-D",2014,5526,5526.1,"Dallas County","MO"
29,59,"Paraquat",2014,245,258.9,"Dallas County","MO"
29,59,"Chlorpyrifos",2014,0.4,83.6,"Dallas County","MO"
29,59,"Glyphosate",2014,3779,3916,"Dallas County","MO"
29,61,"2,4-D",2014,12205.4,12355.5,"Daviess County","MO"
29,61,"Glyphosate",2014,81629.2,81990.1,"Daviess County","MO"
29,61,"Chlorpyrifos",2014,18,1066.8,"Daviess County","MO"
29,61,"Paraquat",2014,0.8,1017.7,"Daviess County","MO"
29,63,"2,4-D",2014,9638.6,9736,"DeKalb County","MO"
29,63,"Chlorpyrifos",2014,32.2,923.1,"DeKalb County","MO"
29,63,"Glyphosate",2014,60032.6,60396.3,"DeKalb County","MO"
29,63,"Paraquat",2014,3.5,877,"DeKalb County","MO"
29,65,"2,4-D",2014,7080,7087.9,"Dent County","MO"
29,65,"Chlorpyrifos",2014,38.9,39.5,"Dent County","MO"
29,65,"Glyphosate",2014,1051.6,1119.8,"Dent County","MO"
29,65,"Paraquat",2014,0.6,204.8,"Dent County","MO"
29,67,"2,4-D",2014,9273.3,9294.1,"Douglas County","MO"
29,67,"Chlorpyrifos",2014,58.3,60.3,"Douglas County","MO"
29,67,"Glyphosate",2014,1886.3,1988.6,"Douglas County","MO"
29,67,"Paraquat",2014,1.8,275.4,"Douglas County","MO"
29,69,"Paraquat",2014,21775,24160.5,"Dunklin County","MO"
29,69,"Glyphosate",2014,148930.1,154675.6,"Dunklin County","MO"
29,69,"2,4-D",2014,7966.6,8131.2,"Dunklin County","MO"
29,69,"Chlorpyrifos",2014,296.6,1764,"Dunklin County","MO"
29,7,"Chlorpyrifos",2014,3.3,2562.5,"Audrain County","MO"
29,7,"2,4-D",2014,26174.6,26399.6,"Audrain County","MO"
29,7,"Glyphosate",2014,105502.6,109914,"Audrain County","MO"
29,7,"Paraquat",2014,12.8,1336.8,"Audrain County","MO"
29,71,"Paraquat",2014,198.8,296.2,"Franklin County","MO"
29,71,"Chlorpyrifos",2014,4.1,570.6,"Franklin County","MO"
29,71,"2,4-D",2014,6895.5,6983.3,"Franklin County","MO"
29,71,"Glyphosate",2014,38509.5,39380.9,"Franklin County","MO"
29,73,"Paraquat",2014,92.2,171.5,"Gasconade County","MO"
29,73,"2,4-D",2014,3590.2,3678,"Gasconade County","MO"
29,73,"Chlorpyrifos",2014,1.1,228.9,"Gasconade County","MO"
29,73,"Glyphosate",2014,14784.4,15320.5,"Gasconade County","MO"
29,75,"2,4-D",2014,8626.7,8863.9,"Gentry County","MO"
29,75,"Paraquat",2014,0.4,720.3,"Gentry County","MO"
29,75,"Glyphosate",2014,52701.1,53263.9,"Gentry County","MO"
29,75,"Chlorpyrifos",2014,5.8,871.3,"Gentry County","MO"
29,77,"Chlorpyrifos",2014,103.6,136.7,"Greene County","MO"
29,77,"Glyphosate",2014,7057.7,8072.8,"Greene County","MO"
29,77,"Paraquat",2014,15,305,"Greene County","MO"
29,77,"2,4-D",2014,9529.1,9584.4,"Greene County","MO"
29,79,"Paraquat",2014,3.9,670.2,"Grundy County","MO"
29,79,"Chlorpyrifos",2014,10.8,390.5,"Grundy County","MO"
29,79,"2,4-D",2014,3282.1,3313.7,"Grundy County","MO"
29,79,"Glyphosate",2014,39762.6,40409.1,"Grundy County","MO"
29,81,"Paraquat",2014,4.6,1640.6,"Harrison County","MO"
29,81,"Chlorpyrifos",2014,16.4,1629.4,"Harrison County","MO"
29,81,"2,4-D",2014,17026.3,17166.9,"Harrison County","MO"
29,81,"Glyphosate",2014,103742.3,104396.7,"Harrison County","MO"
29,83,"Glyphosate",2014,51533.2,51727.5,"Henry County","MO"
29,83,"Paraquat",2014,154.8,1126.4,"Henry County","MO"
29,83,"Chlorpyrifos",2014,1.3,1026.5,"Henry County","MO"
29,83,"2,4-D",2014,6613.5,6993.8,"Henry County","MO"
29,85,"Paraquat",2014,310.7,342.6,"Hickory County","MO"
29,85,"Glyphosate",2014,6242.9,6485.2,"Hickory County","MO"
29,85,"2,4-D",2014,4838.5,4838.6,"Hickory County","MO"
29,85,"Chlorpyrifos",2014,0.4,117,"Hickory County","MO"
29,87,"Paraquat",2014,4.1,2408.8,"Holt County","MO"
29,87,"2,4-D",2014,20829.3,20857.4,"Holt County","MO"
29,87,"Chlorpyrifos",2014,12.4,1635.6,"Holt County","MO"
29,87,"Glyphosate",2014,133017.4,133094.2,"Holt County","MO"
29,89,"2,4-D",2014,4763.9,4765.9,"Howard County","MO"
29,89,"Paraquat",2014,860.4,970.6,"Howard County","MO"
29,89,"Chlorpyrifos",2014,10.5,853.6,"Howard County","MO"
29,89,"Glyphosate",2014,41935.6,42777.1,"Howard County","MO"
29,9,"Glyphosate",2014,13464.3,14352.2,"Barry County","MO"
29,9,"Chlorpyrifos",2014,48.2,139.9,"Barry County","MO"
29,9,"Paraquat",2014,24.9,516.3,"Barry County","MO"
29,9,"2,4-D",2014,12561.3,12713.5,"Barry County","MO"
29,91,"Paraquat",2014,NA,436.7,"Howell County","MO"
29,91,"2,4-D",2014,13561.6,13562.5,"Howell County","MO"
29,91,"Glyphosate",2014,3434.5,3641.3,"Howell County","MO"
29,91,"Chlorpyrifos",2014,117.8,123.6,"Howell County","MO"
29,93,"2,4-D",2014,1968.8,1972.7,"Iron County","MO"
29,93,"Paraquat",2014,0,56,"Iron County","MO"
29,93,"Glyphosate",2014,295.1,430.6,"Iron County","MO"
29,93,"Chlorpyrifos",2014,77.2,77.2,"Iron County","MO"
29,95,"Paraquat",2014,74.7,586.5,"Jackson County","MO"
29,95,"2,4-D",2014,3349,3390.3,"Jackson County","MO"
29,95,"Chlorpyrifos",2014,5.3,595.7,"Jackson County","MO"
29,95,"Glyphosate",2014,28472.6,28561.4,"Jackson County","MO"
29,97,"2,4-D",2014,8184.4,9413,"Jasper County","MO"
29,97,"Glyphosate",2014,72271.5,72835.4,"Jasper County","MO"
29,97,"Paraquat",2014,162.2,1206,"Jasper County","MO"
29,97,"Chlorpyrifos",2014,37.9,768.6,"Jasper County","MO"
29,99,"Chlorpyrifos",2014,1.8,137.3,"Jefferson County","MO"
29,99,"2,4-D",2014,1563.9,1577.7,"Jefferson County","MO"
29,99,"Paraquat",2014,39,73,"Jefferson County","MO"
29,99,"Glyphosate",2014,6152.5,6380.3,"Jefferson County","MO"
30,1,"2,4-D",2014,892.3,1556.9,"Beaverhead County","MT"
30,1,"Malathion",2014,NA,1092.7,"Beaverhead County","MT"
30,1,"Chlorpyrifos",2014,NA,583.1,"Beaverhead County","MT"
30,1,"Paraquat",2014,NA,282.5,"Beaverhead County","MT"
30,1,"Glyphosate",2014,3381.4,3384.3,"Beaverhead County","MT"
30,101,"Glyphosate",2014,214991.3,214991.3,"Toole County","MT"
30,101,"Chlorpyrifos",2014,NA,2471.9,"Toole County","MT"
30,101,"2,4-D",2014,29700.3,29854.6,"Toole County","MT"
30,101,"Paraquat",2014,1403.7,1403.7,"Toole County","MT"
30,103,"Paraquat",2014,73.6,120.7,"Treasure County","MT"
30,103,"Glyphosate",2014,8925.6,9766.8,"Treasure County","MT"
30,103,"Malathion",2014,NA,284.9,"Treasure County","MT"
30,103,"Chlorpyrifos",2014,143.1,575.4,"Treasure County","MT"
30,103,"2,4-D",2014,1267.5,1283.8,"Treasure County","MT"
30,105,"Chlorpyrifos",2014,74.1,14060.4,"Valley County","MT"
30,105,"Paraquat",2014,331.4,334.4,"Valley County","MT"
30,105,"Glyphosate",2014,187100.8,187100.8,"Valley County","MT"
30,105,"2,4-D",2014,29531.5,29628,"Valley County","MT"
30,107,"Chlorpyrifos",2014,NA,335.9,"Wheatland County","MT"
30,107,"Paraquat",2014,39.9,310.6,"Wheatland County","MT"
30,107,"Glyphosate",2014,22296.3,22296.3,"Wheatland County","MT"
30,107,"2,4-D",2014,5974,5980.9,"Wheatland County","MT"
30,107,"Malathion",2014,NA,1076.4,"Wheatland County","MT"
30,109,"Chlorpyrifos",2014,97.4,407.6,"Wibaux County","MT"
30,109,"Paraquat",2014,87.2,424.1,"Wibaux County","MT"
30,109,"Glyphosate",2014,15607,15884.4,"Wibaux County","MT"
30,109,"2,4-D",2014,3001.8,3167.6,"Wibaux County","MT"
30,11,"2,4-D",2014,2435,2579.7,"Carter County","MT"
30,11,"Paraquat",2014,52.1,620.6,"Carter County","MT"
30,11,"Chlorpyrifos",2014,121.5,403.1,"Carter County","MT"
30,11,"Glyphosate",2014,19305,19681,"Carter County","MT"
30,111,"Chlorpyrifos",2014,571.3,1570.4,"Yellowstone County","MT"
30,111,"Paraquat",2014,261.6,755.3,"Yellowstone County","MT"
30,111,"Glyphosate",2014,60721.4,73852.5,"Yellowstone County","MT"
30,111,"2,4-D",2014,10270.3,10328.3,"Yellowstone County","MT"
30,111,"Malathion",2014,NA,1013.1,"Yellowstone County","MT"
30,13,"Malathion",2014,NA,1424.7,"Cascade County","MT"
30,13,"2,4-D",2014,29160.9,29186,"Cascade County","MT"
30,13,"Glyphosate",2014,144495.7,144495.7,"Cascade County","MT"
30,13,"Chlorpyrifos",2014,NA,573.2,"Cascade County","MT"
30,13,"Paraquat",2014,144.9,505.6,"Cascade County","MT"
30,15,"Paraquat",2014,1095.3,1095.3,"Chouteau County","MT"
30,15,"2,4-D",2014,53610.2,53797,"Chouteau County","MT"
30,15,"Glyphosate",2014,379113,379113,"Chouteau County","MT"
30,15,"Chlorpyrifos",2014,NA,9176.4,"Chouteau County","MT"
30,17,"Paraquat",2014,NA,409,"Custer County","MT"
30,17,"2,4-D",2014,1728.8,1831.9,"Custer County","MT"
30,17,"Chlorpyrifos",2014,60.6,287.2,"Custer County","MT"
30,17,"Glyphosate",2014,19502.7,19938,"Custer County","MT"
30,19,"Glyphosate",2014,124776.8,124776.8,"Daniels County","MT"
30,19,"Chlorpyrifos",2014,3.2,11343.4,"Daniels County","MT"
30,19,"2,4-D",2014,16467.2,16502.4,"Daniels County","MT"
30,19,"Paraquat",2014,372.3,372.9,"Daniels County","MT"
30,21,"Chlorpyrifos",2014,19.3,6968.2,"Dawson County","MT"
30,21,"Glyphosate",2014,96358.6,96358.6,"Dawson County","MT"
30,21,"2,4-D",2014,16045.6,16134.7,"Dawson County","MT"
30,21,"Paraquat",2014,100.1,101.9,"Dawson County","MT"
30,23,"Chlorpyrifos",2014,NA,72,"Deer Lodge County","MT"
30,23,"Glyphosate",2014,1279.1,1291.1,"Deer Lodge County","MT"
30,23,"Malathion",2014,NA,202,"Deer Lodge County","MT"
30,23,"Paraquat",2014,NA,1020.7,"Deer Lodge County","MT"
30,23,"2,4-D",2014,150,152.4,"Deer Lodge County","MT"
30,25,"Glyphosate",2014,11486,11650.4,"Fallon County","MT"
30,25,"Chlorpyrifos",2014,86.8,322.8,"Fallon County","MT"
30,25,"Paraquat",2014,6.1,583.7,"Fallon County","MT"
30,25,"2,4-D",2014,2201.9,2362,"Fallon County","MT"
30,27,"Glyphosate",2014,142286.4,142286.4,"Fergus County","MT"
30,27,"Paraquat",2014,140.4,1240.7,"Fergus County","MT"
30,27,"Malathion",2014,NA,4369,"Fergus County","MT"
30,27,"2,4-D",2014,30299.2,30323.5,"Fergus County","MT"
30,27,"Chlorpyrifos",2014,NA,1406.7,"Fergus County","MT"
30,29,"Paraquat",2014,10.4,2813,"Flathead County","MT"
30,29,"2,4-D",2014,1038,2032,"Flathead County","MT"
30,29,"Glyphosate",2014,7179.4,7967.1,"Flathead County","MT"
30,29,"Malathion",2014,3.5,646.1,"Flathead County","MT"
30,29,"Chlorpyrifos",2014,26.1,233.3,"Flathead County","MT"
30,3,"Chlorpyrifos",2014,699.5,1950.8,"Big Horn County","MT"
30,3,"2,4-D",2014,10642.8,10722.5,"Big Horn County","MT"
30,3,"Paraquat",2014,359.7,591.9,"Big Horn County","MT"
30,3,"Glyphosate",2014,37198.6,54680.6,"Big Horn County","MT"
30,3,"Malathion",2014,NA,1393,"Big Horn County","MT"
30,31,"Paraquat",2014,94.2,458.2,"Gallatin County","MT"
30,31,"Malathion",2014,NA,1433.5,"Gallatin County","MT"
30,31,"Glyphosate",2014,16722.2,19050.4,"Gallatin County","MT"
30,31,"2,4-D",2014,3924.5,6083.5,"Gallatin County","MT"
30,31,"Chlorpyrifos",2014,NA,693.2,"Gallatin County","MT"
30,33,"Paraquat",2014,25.6,28.4,"Garfield County","MT"
30,33,"2,4-D",2014,15365,15453.8,"Garfield County","MT"
30,33,"Glyphosate",2014,71995,71995,"Garfield County","MT"
30,33,"Chlorpyrifos",2014,NA,3260.5,"Garfield County","MT"
30,35,"Paraquat",2014,2270.1,2270.1,"Glacier County","MT"
30,35,"2,4-D",2014,15538.9,15801.2,"Glacier County","MT"
30,35,"Glyphosate",2014,113369,113369,"Glacier County","MT"
30,35,"Chlorpyrifos",2014,NA,2064.3,"Glacier County","MT"
30,37,"Glyphosate",2014,31352.3,31352.3,"Golden Valley County","MT"
30,37,"Paraquat",2014,54.8,174.7,"Golden Valley County","MT"
30,37,"Malathion",2014,NA,474.9,"Golden Valley County","MT"
30,37,"2,4-D",2014,6316.6,6326.1,"Golden Valley County","MT"
30,37,"Chlorpyrifos",2014,0.9,176.6,"Golden Valley County","MT"
30,39,"2,4-D",2014,230.7,293.2,"Granite County","MT"
30,39,"Paraquat",2014,0,1708.1,"Granite County","MT"
30,39,"Glyphosate",2014,2029.7,2081.9,"Granite County","MT"
30,39,"Malathion",2014,0,321.1,"Granite County","MT"
30,39,"Chlorpyrifos",2014,0.1,120.1,"Granite County","MT"
30,41,"Glyphosate",2014,327635.9,327635.9,"Hill County","MT"
30,41,"Chlorpyrifos",2014,NA,7352.6,"Hill County","MT"
30,41,"Paraquat",2014,1960.4,1960.4,"Hill County","MT"
30,41,"2,4-D",2014,45866.2,46076.1,"Hill County","MT"
30,43,"Paraquat",2014,NA,123.7,"Jefferson County","MT"
30,43,"Glyphosate",2014,2257,2257.7,"Jefferson County","MT"
30,43,"Malathion",2014,NA,387.5,"Jefferson County","MT"
30,43,"Chlorpyrifos",2014,NA,212,"Jefferson County","MT"
30,43,"2,4-D",2014,148.3,1045.8,"Jefferson County","MT"
30,45,"Glyphosate",2014,47619.4,47619.4,"Judith Basin County","MT"
30,45,"Chlorpyrifos",2014,NA,637.4,"Judith Basin County","MT"
30,45,"2,4-D",2014,11215.6,11226.7,"Judith Basin County","MT"
30,45,"Malathion",2014,NA,2057.9,"Judith Basin County","MT"
30,45,"Paraquat",2014,64,581.8,"Judith Basin County","MT"
30,47,"Glyphosate",2014,9076.4,9333.8,"Lake County","MT"
30,47,"2,4-D",2014,1063.2,1215.1,"Lake County","MT"
30,47,"Chlorpyrifos",2014,260.1,671.5,"Lake County","MT"
30,47,"Malathion",2014,64.5,1223.4,"Lake County","MT"
30,47,"Paraquat",2014,80.9,5892,"Lake County","MT"
30,49,"Malathion",2014,NA,981.4,"Lewis and Clark County","MT"
30,49,"Chlorpyrifos",2014,NA,268.8,"Lewis and Clark County","MT"
30,49,"Glyphosate",2014,19386.6,19386.6,"Lewis and Clark County","MT"
30,49,"2,4-D",2014,3874.9,3875.9,"Lewis and Clark County","MT"
30,49,"Paraquat",2014,5.7,252.7,"Lewis and Clark County","MT"
30,5,"Chlorpyrifos",2014,NA,3207.7,"Blaine County","MT"
30,5,"Paraquat",2014,650.8,650.8,"Blaine County","MT"
30,5,"2,4-D",2014,24274,24593.7,"Blaine County","MT"
30,5,"Glyphosate",2014,179999.6,179999.6,"Blaine County","MT"
30,51,"2,4-D",2014,26090.4,26206.2,"Liberty County","MT"
30,51,"Chlorpyrifos",2014,NA,3672.6,"Liberty County","MT"
30,51,"Glyphosate",2014,188983,188983,"Liberty County","MT"
30,51,"Paraquat",2014,1637.3,1637.3,"Liberty County","MT"
30,53,"Malathion",2014,0,95,"Lincoln County","MT"
30,53,"Glyphosate",2014,560,565.9,"Lincoln County","MT"
30,53,"2,4-D",2014,36,49.2,"Lincoln County","MT"
30,53,"Chlorpyrifos",2014,1.7,37.7,"Lincoln County","MT"
30,53,"Paraquat",2014,0.8,511.2,"Lincoln County","MT"
30,55,"Chlorpyrifos",2014,1.6,7762.6,"McCone County","MT"
30,55,"Glyphosate",2014,111095.9,111095.9,"McCone County","MT"
30,55,"2,4-D",2014,17872.6,17905,"McCone County","MT"
30,55,"Paraquat",2014,136,138.1,"McCone County","MT"
30,57,"Malathion",2014,NA,1449.1,"Madison County","MT"
30,57,"Glyphosate",2014,4203.3,4607.4,"Madison County","MT"
30,57,"Chlorpyrifos",2014,NA,766.6,"Madison County","MT"
30,57,"2,4-D",2014,1224.8,1678.7,"Madison County","MT"
30,57,"Paraquat",2014,6.8,361.5,"Madison County","MT"
30,59,"Glyphosate",2014,12989.2,12989.2,"Meagher County","MT"
30,59,"2,4-D",2014,2695.4,2696.1,"Meagher County","MT"
30,59,"Chlorpyrifos",2014,NA,158.5,"Meagher County","MT"
30,59,"Malathion",2014,NA,569.9,"Meagher County","MT"
30,59,"Paraquat",2014,4.4,147.8,"Meagher County","MT"
30,61,"Chlorpyrifos",2014,NA,24.2,"Mineral County","MT"
30,61,"Glyphosate",2014,381.3,392.6,"Mineral County","MT"
30,61,"Malathion",2014,NA,63.3,"Mineral County","MT"
30,61,"2,4-D",2014,17.6,31.8,"Mineral County","MT"
30,61,"Paraquat",2014,NA,340.2,"Mineral County","MT"
30,63,"Glyphosate",2014,2110.1,2181.5,"Missoula County","MT"
30,63,"Malathion",2014,0.2,303.2,"Missoula County","MT"
30,63,"2,4-D",2014,259.6,349,"Missoula County","MT"
30,63,"Chlorpyrifos",2014,3.8,112.5,"Missoula County","MT"
30,63,"Paraquat",2014,1.7,1532.8,"Missoula County","MT"
30,65,"Glyphosate",2014,25191.7,25191.7,"Musselshell County","MT"
30,65,"Chlorpyrifos",2014,NA,247.9,"Musselshell County","MT"
30,65,"Malathion",2014,NA,791.5,"Musselshell County","MT"
30,65,"2,4-D",2014,5196,5196,"Musselshell County","MT"
30,65,"Paraquat",2014,NA,199.3,"Musselshell County","MT"
30,67,"Chlorpyrifos",2014,572.3,578.2,"Park County","MT"
30,67,"Glyphosate",2014,2632.3,3263.4,"Park County","MT"
30,67,"Malathion",2014,NA,1139.7,"Park County","MT"
30,67,"2,4-D",2014,1001.1,1066.3,"Park County","MT"
30,67,"Paraquat",2014,294.3,307.3,"Park County","MT"
30,69,"Malathion",2014,NA,601.5,"Petroleum County","MT"
30,69,"2,4-D",2014,10438,10438,"Petroleum County","MT"
30,69,"Glyphosate",2014,51762.7,51762.7,"Petroleum County","MT"
30,69,"Chlorpyrifos",2014,NA,247.6,"Petroleum County","MT"
30,69,"Paraquat",2014,NA,152.2,"Petroleum County","MT"
30,7,"Malathion",2014,NA,601.5,"Broadwater County","MT"
30,7,"2,4-D",2014,6677.9,6697.2,"Broadwater County","MT"
30,7,"Glyphosate",2014,37430.5,37430.5,"Broadwater County","MT"
30,7,"Paraquat",2014,111.5,264.4,"Broadwater County","MT"
30,7,"Chlorpyrifos",2014,0.3,181.7,"Broadwater County","MT"
30,71,"Chlorpyrifos",2014,NA,2100.3,"Phillips County","MT"
30,71,"Glyphosate",2014,127742.6,127742.6,"Phillips County","MT"
30,71,"Paraquat",2014,1461.7,1461.7,"Phillips County","MT"
30,71,"2,4-D",2014,17016.5,17297,"Phillips County","MT"
30,73,"Glyphosate",2014,154120.8,154120.8,"Pondera County","MT"
30,73,"Chlorpyrifos",2014,NA,2431,"Pondera County","MT"
30,73,"2,4-D",2014,21892.7,22051.8,"Pondera County","MT"
30,73,"Paraquat",2014,908.4,908.4,"Pondera County","MT"
30,75,"Chlorpyrifos",2014,82.4,213.3,"Powder River County","MT"
30,75,"2,4-D",2014,907.6,1037.4,"Powder River County","MT"
30,75,"Glyphosate",2014,9753.5,10082.4,"Powder River County","MT"
30,75,"Paraquat",2014,NA,547.5,"Powder River County","MT"
30,77,"Malathion",2014,NA,406.9,"Powell County","MT"
30,77,"Chlorpyrifos",2014,NA,144,"Powell County","MT"
30,77,"2,4-D",2014,544.8,582.3,"Powell County","MT"
30,77,"Glyphosate",2014,2698.9,2812.5,"Powell County","MT"
30,77,"Paraquat",2014,NA,2046.8,"Powell County","MT"
30,79,"2,4-D",2014,2147,2244.8,"Prairie County","MT"
30,79,"Glyphosate",2014,19761.6,20270.8,"Prairie County","MT"
30,79,"Chlorpyrifos",2014,25.8,320.5,"Prairie County","MT"
30,79,"Paraquat",2014,5.5,190.3,"Prairie County","MT"
30,81,"Glyphosate",2014,4004.8,4135.7,"Ravalli County","MT"
30,81,"2,4-D",2014,306.6,774.1,"Ravalli County","MT"
30,81,"Chlorpyrifos",2014,43.6,201.6,"Ravalli County","MT"
30,81,"Malathion",2014,1.5,433.2,"Ravalli County","MT"
30,81,"Paraquat",2014,20.7,2232.5,"Ravalli County","MT"
30,83,"2,4-D",2014,16593.7,16904.8,"Richland County","MT"
30,83,"Chlorpyrifos",2014,19.6,7274.8,"Richland County","MT"
30,83,"Glyphosate",2014,110847.3,110847.3,"Richland County","MT"
30,83,"Paraquat",2014,57.8,59.8,"Richland County","MT"
30,85,"Glyphosate",2014,172290,172290,"Roosevelt County","MT"
30,85,"Chlorpyrifos",2014,54.3,14233.2,"Roosevelt County","MT"
30,85,"2,4-D",2014,26880.7,26974,"Roosevelt County","MT"
30,85,"Paraquat",2014,166.1,168.6,"Roosevelt County","MT"
30,87,"Glyphosate",2014,34490.9,35300.3,"Rosebud County","MT"
30,87,"Chlorpyrifos",2014,59.4,808.6,"Rosebud County","MT"
30,87,"Paraquat",2014,NA,390.8,"Rosebud County","MT"
30,87,"2,4-D",2014,4048.7,4176.5,"Rosebud County","MT"
30,89,"Glyphosate",2014,2903.2,2983.7,"Sanders County","MT"
30,89,"Chlorpyrifos",2014,0.8,181.3,"Sanders County","MT"
30,89,"Malathion",2014,0.1,482.8,"Sanders County","MT"
30,89,"2,4-D",2014,288.7,342.7,"Sanders County","MT"
30,89,"Paraquat",2014,0.3,2552.1,"Sanders County","MT"
30,9,"Glyphosate",2014,13315.9,14220.3,"Carbon County","MT"
30,9,"Paraquat",2014,286.1,359.7,"Carbon County","MT"
30,9,"Malathion",2014,NA,1108.1,"Carbon County","MT"
30,9,"2,4-D",2014,1870.8,1934.2,"Carbon County","MT"
30,9,"Chlorpyrifos",2014,558.3,989.9,"Carbon County","MT"
30,91,"Glyphosate",2014,142210.6,142210.6,"Sheridan County","MT"
30,91,"2,4-D",2014,16981.7,17009.7,"Sheridan County","MT"
30,91,"Chlorpyrifos",2014,13.4,11439.2,"Sheridan County","MT"
30,91,"Paraquat",2014,652,652.6,"Sheridan County","MT"
30,93,"Malathion",2014,NA,63.3,"Silver Bow County","MT"
30,93,"2,4-D",2014,16.6,20.2,"Silver Bow County","MT"
30,93,"Chlorpyrifos",2014,NA,35.3,"Silver Bow County","MT"
30,93,"Paraquat",2014,NA,15.9,"Silver Bow County","MT"
30,93,"Glyphosate",2014,12.7,12.8,"Silver Bow County","MT"
30,95,"2,4-D",2014,4888.3,4971.6,"Stillwater County","MT"
30,95,"Malathion",2014,NA,1456.3,"Stillwater County","MT"
30,95,"Glyphosate",2014,16247.5,22277.4,"Stillwater County","MT"
30,95,"Chlorpyrifos",2014,739,811.1,"Stillwater County","MT"
30,95,"Paraquat",2014,376.1,463.4,"Stillwater County","MT"
30,97,"2,4-D",2014,773.4,813.2,"Sweet Grass County","MT"
30,97,"Malathion",2014,NA,696.5,"Sweet Grass County","MT"
30,97,"Glyphosate",2014,2227.3,2774.8,"Sweet Grass County","MT"
30,97,"Paraquat",2014,179.9,188.4,"Sweet Grass County","MT"
30,97,"Chlorpyrifos",2014,349.7,354.8,"Sweet Grass County","MT"
30,99,"2,4-D",2014,19702.1,19960.5,"Teton County","MT"
30,99,"Chlorpyrifos",2014,NA,2594.9,"Teton County","MT"
30,99,"Paraquat",2014,1074.1,1074.1,"Teton County","MT"
30,99,"Glyphosate",2014,139620.9,139620.9,"Teton County","MT"
31,1,"Chlorpyrifos",2014,NA,313.5,"Adams County","NE"
31,1,"Paraquat",2014,5963.5,7918.6,"Adams County","NE"
31,1,"2,4-D",2014,8796,8796,"Adams County","NE"
31,1,"Glyphosate",2014,121878.5,122143,"Adams County","NE"
31,101,"2,4-D",2014,14819.7,14846.9,"Keith County","NE"
31,101,"Paraquat",2014,466,4340.9,"Keith County","NE"
31,101,"Chlorpyrifos",2014,53,284.4,"Keith County","NE"
31,101,"Glyphosate",2014,97768.2,97932.3,"Keith County","NE"
31,103,"2,4-D",2014,273.6,459.9,"Keya Paha County","NE"
31,103,"Chlorpyrifos",2014,48.4,133.1,"Keya Paha County","NE"
31,103,"Paraquat",2014,27,26.6,"Keya Paha County","NE"
31,103,"Glyphosate",2014,7148.2,7163.9,"Keya Paha County","NE"
31,105,"2,4-D",2014,27672.1,27718.2,"Kimball County","NE"
31,105,"Paraquat",2014,23.8,2423.6,"Kimball County","NE"
31,105,"Glyphosate",2014,64836,68729.6,"Kimball County","NE"
31,105,"Chlorpyrifos",2014,133.9,565.4,"Kimball County","NE"
31,107,"2,4-D",2014,21417.7,21938.1,"Knox County","NE"
31,107,"Paraquat",2014,42.2,2056.8,"Knox County","NE"
31,107,"Glyphosate",2014,143665.1,147575.9,"Knox County","NE"
31,107,"Chlorpyrifos",2014,502.4,1603.8,"Knox County","NE"
31,109,"Paraquat",2014,1.6,5318.5,"Lancaster County","NE"
31,109,"2,4-D",2014,18628.7,18654.1,"Lancaster County","NE"
31,109,"Glyphosate",2014,155124.6,155226.9,"Lancaster County","NE"
31,109,"Chlorpyrifos",2014,144.8,464.8,"Lancaster County","NE"
31,11,"2,4-D",2014,23090,23404,"Boone County","NE"
31,11,"Paraquat",2014,6.5,2151.1,"Boone County","NE"
31,11,"Chlorpyrifos",2014,649.6,1118.8,"Boone County","NE"
31,11,"Glyphosate",2014,163254.3,165350.3,"Boone County","NE"
31,111,"2,4-D",2014,21691.6,21699,"Lincoln County","NE"
31,111,"Chlorpyrifos",2014,108.2,1267.9,"Lincoln County","NE"
31,111,"Glyphosate",2014,170667.4,170723.5,"Lincoln County","NE"
31,111,"Paraquat",2014,230.8,8325.8,"Lincoln County","NE"
31,113,"Paraquat",2014,7.9,7.9,"Logan County","NE"
31,113,"2,4-D",2014,98.3,299.2,"Logan County","NE"
31,113,"Chlorpyrifos",2014,16.4,64.7,"Logan County","NE"
31,113,"Glyphosate",2014,6818.2,6819,"Logan County","NE"
31,115,"Paraquat",2014,3.2,3.2,"Loup County","NE"
31,115,"2,4-D",2014,82.7,185.2,"Loup County","NE"
31,115,"Chlorpyrifos",2014,2.8,35,"Loup County","NE"
31,115,"Glyphosate",2014,3050.9,3053.6,"Loup County","NE"
31,117,"2,4-D",2014,12.7,36.4,"McPherson County","NE"
31,117,"Chlorpyrifos",2014,NA,18.1,"McPherson County","NE"
31,117,"Glyphosate",2014,1074.8,1077.4,"McPherson County","NE"
31,119,"Chlorpyrifos",2014,627.9,1046.5,"Madison County","NE"
31,119,"Glyphosate",2014,147453.5,148162,"Madison County","NE"
31,119,"2,4-D",2014,20949.1,20974.9,"Madison County","NE"
31,119,"Paraquat",2014,376.1,2211.5,"Madison County","NE"
31,121,"Glyphosate",2014,102407.3,103092.2,"Merrick County","NE"
31,121,"Chlorpyrifos",2014,100.6,237.4,"Merrick County","NE"
31,121,"2,4-D",2014,11745.5,11844.5,"Merrick County","NE"
31,121,"Paraquat",2014,0.2,4808.2,"Merrick County","NE"
31,123,"Paraquat",2014,166.7,3410.7,"Morrill County","NE"
31,123,"2,4-D",2014,10270.5,10354.6,"Morrill County","NE"
31,123,"Glyphosate",2014,48200.1,50431.1,"Morrill County","NE"
31,123,"Chlorpyrifos",2014,0.5,749.7,"Morrill County","NE"
31,125,"Chlorpyrifos",2014,69.1,349.8,"Nance County","NE"
31,125,"Paraquat",2014,NA,3096.2,"Nance County","NE"
31,125,"2,4-D",2014,8320.6,8326.9,"Nance County","NE"
31,125,"Glyphosate",2014,71358.9,71423.7,"Nance County","NE"
31,127,"2,4-D",2014,18265.3,18453.2,"Nemaha County","NE"
31,127,"Glyphosate",2014,132178.7,132943.7,"Nemaha County","NE"
31,127,"Paraquat",2014,NA,4144.2,"Nemaha County","NE"
31,127,"Chlorpyrifos",2014,NA,848.4,"Nemaha County","NE"
31,129,"Chlorpyrifos",2014,NA,1390.5,"Nuckolls County","NE"
31,129,"Glyphosate",2014,137858.6,138461,"Nuckolls County","NE"
31,129,"Paraquat",2014,NA,5180.9,"Nuckolls County","NE"
31,129,"2,4-D",2014,23929.4,23931.9,"Nuckolls County","NE"
31,13,"2,4-D",2014,26158.7,26205.4,"Box Butte County","NE"
31,13,"Chlorpyrifos",2014,195.7,1073.8,"Box Butte County","NE"
31,13,"Glyphosate",2014,89856.9,94141.8,"Box Butte County","NE"
31,13,"Paraquat",2014,307,4261.5,"Box Butte County","NE"
31,131,"Glyphosate",2014,206250.5,207033.3,"Otoe County","NE"
31,131,"Paraquat",2014,NA,6566.5,"Otoe County","NE"
31,131,"Chlorpyrifos",2014,NA,1504.5,"Otoe County","NE"
31,131,"2,4-D",2014,28226.9,28264.9,"Otoe County","NE"
31,133,"Glyphosate",2014,105718.2,106162,"Pawnee County","NE"
31,133,"Chlorpyrifos",2014,NA,798.2,"Pawnee County","NE"
31,133,"Paraquat",2014,NA,3226.7,"Pawnee County","NE"
31,133,"2,4-D",2014,16104.6,16143,"Pawnee County","NE"
31,135,"2,4-D",2014,31397.9,31417.4,"Perkins County","NE"
31,135,"Glyphosate",2014,195323.4,195445.3,"Perkins County","NE"
31,135,"Paraquat",2014,1121.7,9280.2,"Perkins County","NE"
31,135,"Chlorpyrifos",2014,116.5,593.8,"Perkins County","NE"
31,137,"Paraquat",2014,5936,8077.9,"Phelps County","NE"
31,137,"Chlorpyrifos",2014,42.6,358.1,"Phelps County","NE"
31,137,"2,4-D",2014,9074.4,9074.4,"Phelps County","NE"
31,137,"Glyphosate",2014,125437.7,125719.9,"Phelps County","NE"
31,139,"Paraquat",2014,2.8,1707.6,"Pierce County","NE"
31,139,"2,4-D",2014,19274.7,19355.3,"Pierce County","NE"
31,139,"Chlorpyrifos",2014,607.4,976.8,"Pierce County","NE"
31,139,"Glyphosate",2014,138009.1,138934.9,"Pierce County","NE"
31,141,"Paraquat",2014,0.4,8058.1,"Platte County","NE"
31,141,"2,4-D",2014,21914.3,21936.6,"Platte County","NE"
31,141,"Glyphosate",2014,188386.3,188560.6,"Platte County","NE"
31,141,"Chlorpyrifos",2014,182.2,473.9,"Platte County","NE"
31,143,"Paraquat",2014,NA,4457.3,"Polk County","NE"
31,143,"2,4-D",2014,12920.8,12963.4,"Polk County","NE"
31,143,"Chlorpyrifos",2014,106,257.5,"Polk County","NE"
31,143,"Glyphosate",2014,110628.6,110930.7,"Polk County","NE"
31,145,"Chlorpyrifos",2014,43.4,571.7,"Red Willow County","NE"
31,145,"Paraquat",2014,693.3,3962.4,"Red Willow County","NE"
31,145,"Glyphosate",2014,93624.3,93624.8,"Red Willow County","NE"
31,145,"2,4-D",2014,15292.4,15292.4,"Red Willow County","NE"
31,147,"Chlorpyrifos",2014,NA,1152.1,"Richardson County","NE"
31,147,"2,4-D",2014,23143.8,23168,"Richardson County","NE"
31,147,"Paraquat",2014,NA,5371,"Richardson County","NE"
31,147,"Glyphosate",2014,166857.5,167275.9,"Richardson County","NE"
31,149,"Chlorpyrifos",2014,NA,101.6,"Rock County","NE"
31,149,"Glyphosate",2014,15139.5,15147.4,"Rock County","NE"
31,149,"2,4-D",2014,23.4,715.1,"Rock County","NE"
31,15,"2,4-D",2014,453.1,1476.9,"Boyd County","NE"
31,15,"Glyphosate",2014,22825,22936,"Boyd County","NE"
31,15,"Chlorpyrifos",2014,86.7,336.1,"Boyd County","NE"
31,15,"Paraquat",2014,42,42,"Boyd County","NE"
31,151,"Paraquat",2014,NA,6555.2,"Saline County","NE"
31,151,"Glyphosate",2014,192191.3,192847,"Saline County","NE"
31,151,"2,4-D",2014,27269.8,27300.1,"Saline County","NE"
31,151,"Chlorpyrifos",2014,NA,1486.8,"Saline County","NE"
31,153,"Glyphosate",2014,37268.7,37274,"Sarpy County","NE"
31,153,"Chlorpyrifos",2014,35,101.5,"Sarpy County","NE"
31,153,"Paraquat",2014,3,1312.1,"Sarpy County","NE"
31,153,"2,4-D",2014,4435.7,4435.7,"Sarpy County","NE"
31,155,"Paraquat",2014,2.6,6973.8,"Saunders County","NE"
31,155,"Glyphosate",2014,197885.6,197932.6,"Saunders County","NE"
31,155,"Chlorpyrifos",2014,185.3,414.4,"Saunders County","NE"
31,155,"2,4-D",2014,23652.8,23657.1,"Saunders County","NE"
31,157,"Paraquat",2014,361.8,4383.2,"Scotts Bluff County","NE"
31,157,"Glyphosate",2014,47086.2,49373.6,"Scotts Bluff County","NE"
31,157,"2,4-D",2014,3899.7,3983.2,"Scotts Bluff County","NE"
31,157,"Chlorpyrifos",2014,33.3,1113.7,"Scotts Bluff County","NE"
31,159,"Paraquat",2014,0.3,5464.7,"Seward County","NE"
31,159,"Chlorpyrifos",2014,135.1,327.2,"Seward County","NE"
31,159,"Glyphosate",2014,142550.4,143722.6,"Seward County","NE"
31,159,"2,4-D",2014,16875.4,17045.3,"Seward County","NE"
31,161,"Paraquat",2014,127.9,2559.6,"Sheridan County","NE"
31,161,"Glyphosate",2014,32321,36043.4,"Sheridan County","NE"
31,161,"Chlorpyrifos",2014,134,1124.3,"Sheridan County","NE"
31,161,"2,4-D",2014,10262.2,10378.2,"Sheridan County","NE"
31,163,"Paraquat",2014,NA,3203.5,"Sherman County","NE"
31,163,"Chlorpyrifos",2014,20.5,468.4,"Sherman County","NE"
31,163,"Glyphosate",2014,51717.9,52754.2,"Sherman County","NE"
31,163,"2,4-D",2014,1617.6,3721,"Sherman County","NE"
31,165,"Glyphosate",2014,8338.3,10111.4,"Sioux County","NE"
31,165,"2,4-D",2014,1533.2,1620,"Sioux County","NE"
31,165,"Paraquat",2014,63.3,838.2,"Sioux County","NE"
31,165,"Chlorpyrifos",2014,NA,677.4,"Sioux County","NE"
31,167,"Paraquat",2014,227.2,1453.4,"Stanton County","NE"
31,167,"Glyphosate",2014,97011,97982.7,"Stanton County","NE"
31,167,"2,4-D",2014,13866,13982.4,"Stanton County","NE"
31,167,"Chlorpyrifos",2014,404.8,718.9,"Stanton County","NE"
31,169,"2,4-D",2014,27912.5,27966.4,"Thayer County","NE"
31,169,"Glyphosate",2014,185717.8,186382.1,"Thayer County","NE"
31,169,"Chlorpyrifos",2014,NA,1498.8,"Thayer County","NE"
31,169,"Paraquat",2014,NA,6868.6,"Thayer County","NE"
31,17,"2,4-D",2014,443,993.6,"Brown County","NE"
31,17,"Glyphosate",2014,16788.1,16789.9,"Brown County","NE"
31,17,"Chlorpyrifos",2014,74.5,173.2,"Brown County","NE"
31,17,"Paraquat",2014,37,37,"Brown County","NE"
31,171,"Glyphosate",2014,388.1,389.1,"Thomas County","NE"
31,171,"Chlorpyrifos",2014,NA,5.6,"Thomas County","NE"
31,171,"2,4-D",2014,9.7,12.3,"Thomas County","NE"
31,173,"2,4-D",2014,13489.8,13585.6,"Thurston County","NE"
31,173,"Glyphosate",2014,97071.8,98001.4,"Thurston County","NE"
31,173,"Chlorpyrifos",2014,416.4,771.5,"Thurston County","NE"
31,173,"Paraquat",2014,12,1231,"Thurston County","NE"
31,175,"2,4-D",2014,1867.7,4633.6,"Valley County","NE"
31,175,"Paraquat",2014,7.7,3410.8,"Valley County","NE"
31,175,"Glyphosate",2014,55205.5,57506.5,"Valley County","NE"
31,175,"Chlorpyrifos",2014,27,523,"Valley County","NE"
31,177,"2,4-D",2014,11911.8,11911.8,"Washington County","NE"
31,177,"Paraquat",2014,0.2,3266.6,"Washington County","NE"
31,177,"Glyphosate",2014,99300.3,99318.5,"Washington County","NE"
31,177,"Chlorpyrifos",2014,92.6,325.4,"Washington County","NE"
31,179,"Paraquat",2014,314.3,1981,"Wayne County","NE"
31,179,"Glyphosate",2014,132754.6,133458.9,"Wayne County","NE"
31,179,"Chlorpyrifos",2014,559.8,955.7,"Wayne County","NE"
31,179,"2,4-D",2014,18819.6,18843.3,"Wayne County","NE"
31,181,"Paraquat",2014,2759.1,4186.7,"Webster County","NE"
31,181,"Chlorpyrifos",2014,NA,558.4,"Webster County","NE"
31,181,"Glyphosate",2014,65246.8,65900.9,"Webster County","NE"
31,181,"2,4-D",2014,7830.7,7830.7,"Webster County","NE"
31,183,"Chlorpyrifos",2014,1.6,120.2,"Wheeler County","NE"
31,183,"Glyphosate",2014,18132.4,18161.8,"Wheeler County","NE"
31,183,"Paraquat",2014,0.7,0.7,"Wheeler County","NE"
31,183,"2,4-D",2014,32.3,759.3,"Wheeler County","NE"
31,185,"Glyphosate",2014,172204.7,172955,"York County","NE"
31,185,"Chlorpyrifos",2014,167.1,230.1,"York County","NE"
31,185,"Paraquat",2014,0.6,8213,"York County","NE"
31,185,"2,4-D",2014,20108.2,20217.8,"York County","NE"
31,19,"Chlorpyrifos",2014,50,767.4,"Buffalo County","NE"
31,19,"Glyphosate",2014,134549.8,136376.7,"Buffalo County","NE"
31,19,"Paraquat",2014,NA,8129.7,"Buffalo County","NE"
31,19,"2,4-D",2014,1873.7,8234.4,"Buffalo County","NE"
31,21,"Chlorpyrifos",2014,640,773.7,"Burt County","NE"
31,21,"Glyphosate",2014,136586.8,136940.3,"Burt County","NE"
31,21,"2,4-D",2014,19162.2,19190,"Burt County","NE"
31,21,"Paraquat",2014,357.1,1950.4,"Burt County","NE"
31,23,"Chlorpyrifos",2014,137.4,366.5,"Butler County","NE"
31,23,"Glyphosate",2014,145335.2,145430.3,"Butler County","NE"
31,23,"2,4-D",2014,17289.2,17300.6,"Butler County","NE"
31,23,"Paraquat",2014,0.3,5570.2,"Butler County","NE"
31,25,"Glyphosate",2014,141515.9,141576.4,"Cass County","NE"
31,25,"Paraquat",2014,0.3,4697.9,"Cass County","NE"
31,25,"2,4-D",2014,16954.6,16962.2,"Cass County","NE"
31,25,"Chlorpyrifos",2014,131.8,246.3,"Cass County","NE"
31,27,"Glyphosate",2014,182909.9,184393,"Cedar County","NE"
31,27,"2,4-D",2014,25821.4,25940.1,"Cedar County","NE"
31,27,"Paraquat",2014,15.8,2453.7,"Cedar County","NE"
31,27,"Chlorpyrifos",2014,708.8,1333,"Cedar County","NE"
31,29,"Chlorpyrifos",2014,88.2,277.7,"Chase County","NE"
31,29,"Glyphosate",2014,126360.8,126794,"Chase County","NE"
31,29,"2,4-D",2014,18358.4,18421.5,"Chase County","NE"
31,29,"Paraquat",2014,419.4,6495.7,"Chase County","NE"
31,3,"Chlorpyrifos",2014,781,1167.1,"Antelope County","NE"
31,3,"Paraquat",2014,14.2,2328,"Antelope County","NE"
31,3,"Glyphosate",2014,183412.8,185013.7,"Antelope County","NE"
31,3,"2,4-D",2014,25855.5,26076.1,"Antelope County","NE"
31,31,"Chlorpyrifos",2014,42.9,130.9,"Cherry County","NE"
31,31,"Glyphosate",2014,9809.8,9973,"Cherry County","NE"
31,31,"2,4-D",2014,782.6,955.4,"Cherry County","NE"
31,31,"Paraquat",2014,73.1,72.7,"Cherry County","NE"
31,33,"Glyphosate",2014,94749.2,101127.6,"Cheyenne County","NE"
31,33,"2,4-D",2014,44867.1,44914,"Cheyenne County","NE"
31,33,"Chlorpyrifos",2014,23.1,408.6,"Cheyenne County","NE"
31,33,"Paraquat",2014,101.8,4097,"Cheyenne County","NE"
31,35,"Paraquat",2014,NA,7398.3,"Clay County","NE"
31,35,"2,4-D",2014,26876.8,26983.5,"Clay County","NE"
31,35,"Glyphosate",2014,192803.2,193659.6,"Clay County","NE"
31,35,"Chlorpyrifos",2014,NA,1513,"Clay County","NE"
31,37,"2,4-D",2014,12877.9,12891.5,"Colfax County","NE"
31,37,"Paraquat",2014,0.2,4570.4,"Colfax County","NE"
31,37,"Chlorpyrifos",2014,105.2,415.5,"Colfax County","NE"
31,37,"Glyphosate",2014,109774.7,109891.6,"Colfax County","NE"
31,39,"Paraquat",2014,3.6,2230.3,"Cuming County","NE"
31,39,"Glyphosate",2014,173270,174127.8,"Cuming County","NE"
31,39,"2,4-D",2014,24111.9,24154.6,"Cuming County","NE"
31,39,"Chlorpyrifos",2014,716.2,1148.4,"Cuming County","NE"
31,41,"Paraquat",2014,NA,10517.1,"Custer County","NE"
31,41,"Glyphosate",2014,171058.5,177577.1,"Custer County","NE"
31,41,"2,4-D",2014,4533.6,12098.2,"Custer County","NE"
31,41,"Chlorpyrifos",2014,68.6,1436.7,"Custer County","NE"
31,43,"2,4-D",2014,8954.1,8968,"Dakota County","NE"
31,43,"Chlorpyrifos",2014,276.6,384,"Dakota County","NE"
31,43,"Glyphosate",2014,63302.8,63517.7,"Dakota County","NE"
31,43,"Paraquat",2014,156,932.2,"Dakota County","NE"
31,45,"2,4-D",2014,9934.1,10051.6,"Dawes County","NE"
31,45,"Glyphosate",2014,21955.3,25729.3,"Dawes County","NE"
31,45,"Paraquat",2014,18.5,723.4,"Dawes County","NE"
31,45,"Chlorpyrifos",2014,30.6,1208.3,"Dawes County","NE"
31,47,"2,4-D",2014,2075.4,7603.2,"Dawson County","NE"
31,47,"Chlorpyrifos",2014,54.2,1105,"Dawson County","NE"
31,47,"Glyphosate",2014,137930,139342.3,"Dawson County","NE"
31,47,"Paraquat",2014,NA,8407.4,"Dawson County","NE"
31,49,"Chlorpyrifos",2014,43,202.2,"Deuel County","NE"
31,49,"2,4-D",2014,20862.4,20873.9,"Deuel County","NE"
31,49,"Glyphosate",2014,47146.7,49890.5,"Deuel County","NE"
31,49,"Paraquat",2014,10.5,2133,"Deuel County","NE"
31,5,"Chlorpyrifos",2014,NA,22,"Arthur County","NE"
31,5,"Paraquat",2014,1.4,1.4,"Arthur County","NE"
31,5,"Glyphosate",2014,1468.3,1469.5,"Arthur County","NE"
31,5,"2,4-D",2014,59.2,70.3,"Arthur County","NE"
31,51,"2,4-D",2014,16543.6,16604.3,"Dixon County","NE"
31,51,"Chlorpyrifos",2014,493.6,704.2,"Dixon County","NE"
31,51,"Glyphosate",2014,117766.4,118334.5,"Dixon County","NE"
31,51,"Paraquat",2014,4.9,1505.8,"Dixon County","NE"
31,53,"Chlorpyrifos",2014,141.9,278.7,"Dodge County","NE"
31,53,"Glyphosate",2014,149738.4,149779.3,"Dodge County","NE"
31,53,"2,4-D",2014,17656.3,17660.7,"Dodge County","NE"
31,53,"Paraquat",2014,0.3,5618,"Dodge County","NE"
31,55,"Glyphosate",2014,27419.2,27425,"Douglas County","NE"
31,55,"2,4-D",2014,3236,3236.3,"Douglas County","NE"
31,55,"Chlorpyrifos",2014,27.1,101.3,"Douglas County","NE"
31,55,"Paraquat",2014,2.1,1072.5,"Douglas County","NE"
31,57,"2,4-D",2014,12009.2,12029.1,"Dundy County","NE"
31,57,"Chlorpyrifos",2014,48,302.6,"Dundy County","NE"
31,57,"Glyphosate",2014,77109.7,77253.1,"Dundy County","NE"
31,57,"Paraquat",2014,354.3,3665.4,"Dundy County","NE"
31,59,"Chlorpyrifos",2014,NA,1611.4,"Fillmore County","NE"
31,59,"Glyphosate",2014,224186.5,224606.1,"Fillmore County","NE"
31,59,"2,4-D",2014,30071,30081.3,"Fillmore County","NE"
31,59,"Paraquat",2014,NA,8190.9,"Fillmore County","NE"
31,61,"Chlorpyrifos",2014,NA,374.6,"Franklin County","NE"
31,61,"Glyphosate",2014,69588.7,69968,"Franklin County","NE"
31,61,"Paraquat",2014,2923.5,4318.1,"Franklin County","NE"
31,61,"2,4-D",2014,7200.1,7200.1,"Franklin County","NE"
31,63,"Chlorpyrifos",2014,49.3,350.3,"Frontier County","NE"
31,63,"Glyphosate",2014,89295.8,89296.6,"Frontier County","NE"
31,63,"2,4-D",2014,13015.4,13015.4,"Frontier County","NE"
31,63,"Paraquat",2014,468,4300.5,"Frontier County","NE"
31,65,"Chlorpyrifos",2014,35.1,881.4,"Furnas County","NE"
31,65,"Glyphosate",2014,92598.6,93427.5,"Furnas County","NE"
31,65,"2,4-D",2014,20103.4,20103.4,"Furnas County","NE"
31,65,"Paraquat",2014,3135,4513.6,"Furnas County","NE"
31,67,"Glyphosate",2014,270043.8,271317.5,"Gage County","NE"
31,67,"Chlorpyrifos",2014,NA,2156.8,"Gage County","NE"
31,67,"2,4-D",2014,39123.9,39282.2,"Gage County","NE"
31,67,"Paraquat",2014,NA,8771.2,"Gage County","NE"
31,69,"Glyphosate",2014,26974.1,29257.7,"Garden County","NE"
31,69,"Chlorpyrifos",2014,6.9,409.3,"Garden County","NE"
31,69,"2,4-D",2014,10483,10535.9,"Garden County","NE"
31,69,"Paraquat",2014,18.2,1743.7,"Garden County","NE"
31,7,"Chlorpyrifos",2014,67.5,243.1,"Banner County","NE"
31,7,"Glyphosate",2014,38887.8,40786.6,"Banner County","NE"
31,7,"Paraquat",2014,50,1738.7,"Banner County","NE"
31,7,"2,4-D",2014,15556,15579.4,"Banner County","NE"
31,71,"Chlorpyrifos",2014,NA,33.7,"Garfield County","NE"
31,71,"2,4-D",2014,21.9,106,"Garfield County","NE"
31,71,"Glyphosate",2014,3926,3929.7,"Garfield County","NE"
31,71,"Paraquat",2014,0.2,0.2,"Garfield County","NE"
31,73,"Glyphosate",2014,61333.3,61439.4,"Gosper County","NE"
31,73,"Chlorpyrifos",2014,NA,161.6,"Gosper County","NE"
31,73,"2,4-D",2014,7062.5,7062.5,"Gosper County","NE"
31,73,"Paraquat",2014,2978.2,3849.5,"Gosper County","NE"
31,75,"Chlorpyrifos",2014,NA,3.4,"Grant County","NE"
31,75,"2,4-D",2014,11,12.7,"Grant County","NE"
31,75,"Glyphosate",2014,66,67.4,"Grant County","NE"
31,77,"Glyphosate",2014,62260.8,62537.8,"Greeley County","NE"
31,77,"2,4-D",2014,733.8,3692.1,"Greeley County","NE"
31,77,"Chlorpyrifos",2014,22.6,464.2,"Greeley County","NE"
31,77,"Paraquat",2014,NA,3727.4,"Greeley County","NE"
31,79,"Glyphosate",2014,119510.6,120647.2,"Hall County","NE"
31,79,"Chlorpyrifos",2014,51.8,346.3,"Hall County","NE"
31,79,"2,4-D",2014,1153.2,4215.9,"Hall County","NE"
31,79,"Paraquat",2014,NA,7417.8,"Hall County","NE"
31,81,"Glyphosate",2014,151754.4,151829.1,"Hamilton County","NE"
31,81,"Chlorpyrifos",2014,148.8,263.5,"Hamilton County","NE"
31,81,"2,4-D",2014,17376.2,17401.1,"Hamilton County","NE"
31,81,"Paraquat",2014,NA,7020.2,"Hamilton County","NE"
31,83,"2,4-D",2014,10060.8,10060.8,"Harlan County","NE"
31,83,"Glyphosate",2014,72318.2,72618.2,"Harlan County","NE"
31,83,"Chlorpyrifos",2014,21.4,355.1,"Harlan County","NE"
31,83,"Paraquat",2014,3148.8,4406.2,"Harlan County","NE"
31,85,"Glyphosate",2014,66084,66243.8,"Hayes County","NE"
31,85,"Chlorpyrifos",2014,40.4,263.3,"Hayes County","NE"
31,85,"Paraquat",2014,353.5,3201.6,"Hayes County","NE"
31,85,"2,4-D",2014,10338.3,10360.5,"Hayes County","NE"
31,87,"Glyphosate",2014,74364.5,74396.9,"Hitchcock County","NE"
31,87,"Paraquat",2014,707.8,2993.8,"Hitchcock County","NE"
31,87,"Chlorpyrifos",2014,31.7,346.8,"Hitchcock County","NE"
31,87,"2,4-D",2014,13539.3,13543.8,"Hitchcock County","NE"
31,89,"Paraquat",2014,219,219,"Holt County","NE"
31,89,"Glyphosate",2014,99513.8,99632.3,"Holt County","NE"
31,89,"2,4-D",2014,1911.7,5845.8,"Holt County","NE"
31,89,"Chlorpyrifos",2014,398.6,1125.9,"Holt County","NE"
31,9,"2,4-D",2014,25.8,33.7,"Blaine County","NE"
31,9,"Chlorpyrifos",2014,NA,15.6,"Blaine County","NE"
31,9,"Glyphosate",2014,1182.4,1183.5,"Blaine County","NE"
31,9,"Paraquat",2014,0.4,0.4,"Blaine County","NE"
31,91,"2,4-D",2014,10.3,14.5,"Hooker County","NE"
31,91,"Glyphosate",2014,157.4,158.7,"Hooker County","NE"
31,91,"Chlorpyrifos",2014,NA,8.2,"Hooker County","NE"
31,93,"2,4-D",2014,834.6,4245.2,"Howard County","NE"
31,93,"Glyphosate",2014,79174.9,80391.1,"Howard County","NE"
31,93,"Paraquat",2014,NA,4803.8,"Howard County","NE"
31,93,"Chlorpyrifos",2014,30.7,527,"Howard County","NE"
31,95,"2,4-D",2014,23219.4,23286.3,"Jefferson County","NE"
31,95,"Paraquat",2014,NA,5252.6,"Jefferson County","NE"
31,95,"Chlorpyrifos",2014,NA,1297.9,"Jefferson County","NE"
31,95,"Glyphosate",2014,156077.4,156787,"Jefferson County","NE"
31,97,"Paraquat",2014,NA,2747.1,"Johnson County","NE"
31,97,"2,4-D",2014,12919.6,12943.1,"Johnson County","NE"
31,97,"Glyphosate",2014,87457.9,87862,"Johnson County","NE"
31,97,"Chlorpyrifos",2014,NA,675.9,"Johnson County","NE"
31,99,"2,4-D",2014,8610,8610,"Kearney County","NE"
31,99,"Chlorpyrifos",2014,41.3,347.7,"Kearney County","NE"
31,99,"Paraquat",2014,4970.4,6906.1,"Kearney County","NE"
31,99,"Glyphosate",2014,108375.1,108657.3,"Kearney County","NE"
32,1,"Malathion",2014,0.7,457.2,"Churchill County","NV"
32,1,"Chlorpyrifos",2014,1151.6,1151.6,"Churchill County","NV"
32,1,"2,4-D",2014,127,196.9,"Churchill County","NV"
32,1,"Paraquat",2014,5.8,86.1,"Churchill County","NV"
32,1,"Glyphosate",2014,2907.2,2907.2,"Churchill County","NV"
32,11,"Chlorpyrifos",2014,NA,705.2,"Eureka County","NV"
32,11,"Glyphosate",2014,241,945.2,"Eureka County","NV"
32,11,"Malathion",2014,NA,308.6,"Eureka County","NV"
32,11,"2,4-D",2014,372.3,451.4,"Eureka County","NV"
32,11,"Paraquat",2014,NA,153,"Eureka County","NV"
32,13,"Malathion",2014,NA,1369.4,"Humboldt County","NV"
32,13,"Chlorpyrifos",2014,3532.4,3532.4,"Humboldt County","NV"
32,13,"Glyphosate",2014,2760.8,2760.8,"Humboldt County","NV"
32,13,"Paraquat",2014,3.1,244.1,"Humboldt County","NV"
32,13,"2,4-D",2014,934.1,1143.6,"Humboldt County","NV"
32,15,"Malathion",2014,NA,308.6,"Lander County","NV"
32,15,"Chlorpyrifos",2014,NA,705.2,"Lander County","NV"
32,15,"Glyphosate",2014,71.2,775.4,"Lander County","NV"
32,15,"Paraquat",2014,NA,152,"Lander County","NV"
32,15,"2,4-D",2014,154.4,233.6,"Lander County","NV"
32,17,"Chlorpyrifos",2014,505.1,505.1,"Lincoln County","NV"
32,17,"Malathion",2014,175.5,175.5,"Lincoln County","NV"
32,17,"Glyphosate",2014,742.8,742.8,"Lincoln County","NV"
32,17,"2,4-D",2014,146.3,146.3,"Lincoln County","NV"
32,17,"Paraquat",2014,65.6,65.9,"Lincoln County","NV"
32,19,"Chlorpyrifos",2014,2301.5,2301.5,"Lyon County","NV"
32,19,"Glyphosate",2014,2673.6,2673.6,"Lyon County","NV"
32,19,"Malathion",2014,119.1,940.8,"Lyon County","NV"
32,19,"2,4-D",2014,296.6,422.3,"Lyon County","NV"
32,19,"Paraquat",2014,3.2,147.8,"Lyon County","NV"
32,21,"Malathion",2014,41.9,41.9,"Mineral County","NV"
32,21,"Chlorpyrifos",2014,95.7,95.7,"Mineral County","NV"
32,21,"Paraquat",2014,14.1,14.2,"Mineral County","NV"
32,21,"2,4-D",2014,30.8,30.8,"Mineral County","NV"
32,21,"Glyphosate",2014,84.3,84.3,"Mineral County","NV"
32,23,"Chlorpyrifos",2014,416.6,416.6,"Nye County","NV"
32,23,"Malathion",2014,181.9,181.9,"Nye County","NV"
32,23,"2,4-D",2014,143.6,143.6,"Nye County","NV"
32,23,"Glyphosate",2014,363.6,363.6,"Nye County","NV"
32,23,"Paraquat",2014,62.9,63.2,"Nye County","NV"
32,27,"Chlorpyrifos",2014,1874.6,1874.6,"Pershing County","NV"
32,27,"Malathion",2014,NA,730.4,"Pershing County","NV"
32,27,"2,4-D",2014,413.2,525,"Pershing County","NV"
32,27,"Glyphosate",2014,1913.2,1913.2,"Pershing County","NV"
32,27,"Paraquat",2014,0.7,129.2,"Pershing County","NV"
32,29,"Malathion",2014,NA,2.9,"Storey County","NV"
32,29,"Chlorpyrifos",2014,7.2,7.2,"Storey County","NV"
32,29,"2,4-D",2014,0,0.5,"Storey County","NV"
32,29,"Glyphosate",2014,3,3,"Storey County","NV"
32,29,"Paraquat",2014,NA,0.5,"Storey County","NV"
32,3,"Chlorpyrifos",2014,66.7,66.7,"Clark County","NV"
32,3,"Glyphosate",2014,94.2,94.2,"Clark County","NV"
32,3,"Malathion",2014,26.8,26.8,"Clark County","NV"
32,3,"2,4-D",2014,16.1,16.1,"Clark County","NV"
32,3,"Paraquat",2014,18.4,18.6,"Clark County","NV"
32,31,"Malathion",2014,0.3,91.6,"Washoe County","NV"
32,31,"Chlorpyrifos",2014,254.2,254.2,"Washoe County","NV"
32,31,"2,4-D",2014,46.8,60.8,"Washoe County","NV"
32,31,"Glyphosate",2014,276,276,"Washoe County","NV"
32,31,"Paraquat",2014,6.3,22.4,"Washoe County","NV"
32,33,"Malathion",2014,NA,199.7,"White Pine County","NV"
32,33,"Chlorpyrifos",2014,0.2,456.6,"White Pine County","NV"
32,33,"2,4-D",2014,127.5,178.7,"White Pine County","NV"
32,33,"Glyphosate",2014,298.5,754.2,"White Pine County","NV"
32,33,"Paraquat",2014,0.5,100.6,"White Pine County","NV"
32,5,"Chlorpyrifos",2014,458.4,458.4,"Douglas County","NV"
32,5,"2,4-D",2014,18.5,46.5,"Douglas County","NV"
32,5,"Malathion",2014,NA,182.6,"Douglas County","NV"
32,5,"Paraquat",2014,0.4,32.6,"Douglas County","NV"
32,5,"Glyphosate",2014,200,200,"Douglas County","NV"
32,510,"Chlorpyrifos",2014,17.4,17.4,"Carson City","NV"
32,510,"Malathion",2014,NA,7,"Carson City","NV"
32,510,"2,4-D",2014,0.4,1.5,"Carson City","NV"
32,510,"Paraquat",2014,NA,1.2,"Carson City","NV"
32,510,"Glyphosate",2014,8.3,8.3,"Carson City","NV"
32,7,"Chlorpyrifos",2014,0.4,622.7,"Elko County","NV"
32,7,"Malathion",2014,NA,272.3,"Elko County","NV"
32,7,"Paraquat",2014,0.2,139.5,"Elko County","NV"
32,7,"Glyphosate",2014,1018.9,1640.3,"Elko County","NV"
32,7,"2,4-D",2014,1283.2,1353,"Elko County","NV"
32,9,"Chlorpyrifos",2014,417.4,417.4,"Esmeralda County","NV"
32,9,"Malathion",2014,181.5,181.5,"Esmeralda County","NV"
32,9,"Paraquat",2014,62.9,62.9,"Esmeralda County","NV"
32,9,"Glyphosate",2014,376.1,376.1,"Esmeralda County","NV"
32,9,"2,4-D",2014,65.5,65.5,"Esmeralda County","NV"
33,1,"Chlorpyrifos",2014,20.3,31.9,"Belknap County","NH"
33,1,"2,4-D",2014,37.7,35.3,"Belknap County","NH"
33,1,"Glyphosate",2014,102.4,131.7,"Belknap County","NH"
33,1,"Paraquat",2014,22.4,19.7,"Belknap County","NH"
33,11,"Glyphosate",2014,183.6,250,"Hillsborough County","NH"
33,11,"2,4-D",2014,153.2,152,"Hillsborough County","NH"
33,11,"Chlorpyrifos",2014,241.5,211.3,"Hillsborough County","NH"
33,11,"Paraquat",2014,108.7,107.1,"Hillsborough County","NH"
33,13,"Glyphosate",2014,796.3,842.3,"Merrimack County","NH"
33,13,"Paraquat",2014,173.7,151.1,"Merrimack County","NH"
33,13,"Chlorpyrifos",2014,152.4,248.1,"Merrimack County","NH"
33,13,"2,4-D",2014,156.3,135.9,"Merrimack County","NH"
33,15,"Glyphosate",2014,203.8,248.9,"Rockingham County","NH"
33,15,"Chlorpyrifos",2014,267.6,234.1,"Rockingham County","NH"
33,15,"2,4-D",2014,150.2,147.4,"Rockingham County","NH"
33,15,"Paraquat",2014,115.6,113.3,"Rockingham County","NH"
33,17,"Glyphosate",2014,65.2,88.3,"Strafford County","NH"
33,17,"Chlorpyrifos",2014,45,43.9,"Strafford County","NH"
33,17,"Paraquat",2014,24.7,23.6,"Strafford County","NH"
33,17,"2,4-D",2014,36.5,35.7,"Strafford County","NH"
33,19,"Glyphosate",2014,689.7,726.4,"Sullivan County","NH"
33,19,"Chlorpyrifos",2014,28,137.9,"Sullivan County","NH"
33,19,"Paraquat",2014,123.9,102.5,"Sullivan County","NH"
33,19,"2,4-D",2014,98.2,79.2,"Sullivan County","NH"
33,3,"Chlorpyrifos",2014,23.1,35.4,"Carroll County","NH"
33,3,"2,4-D",2014,33.7,31.2,"Carroll County","NH"
33,3,"Glyphosate",2014,110.2,132.6,"Carroll County","NH"
33,3,"Paraquat",2014,23.5,20.6,"Carroll County","NH"
33,5,"2,4-D",2014,81.3,70.4,"Cheshire County","NH"
33,5,"Chlorpyrifos",2014,47.8,105.9,"Cheshire County","NH"
33,5,"Glyphosate",2014,406.9,445.5,"Cheshire County","NH"
33,5,"Paraquat",2014,80.7,68.5,"Cheshire County","NH"
33,7,"Glyphosate",2014,475.2,533.3,"Coos County","NH"
33,7,"2,4-D",2014,102.8,89.8,"Coos County","NH"
33,7,"Chlorpyrifos",2014,36.3,107.9,"Coos County","NH"
33,7,"Paraquat",2014,88.6,74.1,"Coos County","NH"
33,9,"2,4-D",2014,148.1,128.8,"Grafton County","NH"
33,9,"Glyphosate",2014,696.8,769,"Grafton County","NH"
33,9,"Chlorpyrifos",2014,84.8,185.5,"Grafton County","NH"
33,9,"Paraquat",2014,140.9,119.4,"Grafton County","NH"
34,1,"Glyphosate",2014,857.4,969.1,"Atlantic County","NJ"
34,1,"2,4-D",2014,105.4,105.4,"Atlantic County","NJ"
34,1,"Chlorpyrifos",2014,62.6,115.2,"Atlantic County","NJ"
34,1,"Paraquat",2014,101.6,101.6,"Atlantic County","NJ"
34,11,"Paraquat",2014,750.6,750.6,"Cumberland County","NJ"
34,11,"Glyphosate",2014,9515.7,9891.9,"Cumberland County","NJ"
34,11,"Chlorpyrifos",2014,378.5,665.1,"Cumberland County","NJ"
34,11,"2,4-D",2014,571.2,571.2,"Cumberland County","NJ"
34,13,"Paraquat",2014,0,0.1,"Essex County","NJ"
34,13,"Glyphosate",2014,0.8,1.3,"Essex County","NJ"
34,13,"Chlorpyrifos",2014,0,0.2,"Essex County","NJ"
34,13,"2,4-D",2014,0.3,0.3,"Essex County","NJ"
34,15,"Glyphosate",2014,8635.1,9254.2,"Gloucester County","NJ"
34,15,"Paraquat",2014,777.4,777.4,"Gloucester County","NJ"
34,15,"2,4-D",2014,633.5,633.5,"Gloucester County","NJ"
34,15,"Chlorpyrifos",2014,598.5,886,"Gloucester County","NJ"
34,19,"Paraquat",2014,490.9,517.7,"Hunterdon County","NJ"
34,19,"Chlorpyrifos",2014,161.1,546.4,"Hunterdon County","NJ"
34,19,"Glyphosate",2014,7379.8,7572.1,"Hunterdon County","NJ"
34,19,"2,4-D",2014,782.5,782.5,"Hunterdon County","NJ"
34,21,"Paraquat",2014,260.6,264.3,"Mercer County","NJ"
34,21,"Glyphosate",2014,4069.8,4134.7,"Mercer County","NJ"
34,21,"Chlorpyrifos",2014,44.1,164.8,"Mercer County","NJ"
34,21,"2,4-D",2014,221.2,221.2,"Mercer County","NJ"
34,23,"Paraquat",2014,256.3,261.5,"Middlesex County","NJ"
34,23,"Glyphosate",2014,3913.2,3962.4,"Middlesex County","NJ"
34,23,"2,4-D",2014,190.5,190.5,"Middlesex County","NJ"
34,23,"Chlorpyrifos",2014,61.8,187.5,"Middlesex County","NJ"
34,25,"2,4-D",2014,353.4,353.4,"Monmouth County","NJ"
34,25,"Glyphosate",2014,4412.5,4541.4,"Monmouth County","NJ"
34,25,"Paraquat",2014,286.7,302,"Monmouth County","NJ"
34,25,"Chlorpyrifos",2014,153.6,293.9,"Monmouth County","NJ"
34,27,"Glyphosate",2014,758.9,810.8,"Morris County","NJ"
34,27,"2,4-D",2014,133.5,133.5,"Morris County","NJ"
34,27,"Paraquat",2014,68.1,89.2,"Morris County","NJ"
34,27,"Chlorpyrifos",2014,60.5,130.9,"Morris County","NJ"
34,29,"Paraquat",2014,21.4,27,"Ocean County","NJ"
34,29,"Glyphosate",2014,228.8,259.6,"Ocean County","NJ"
34,29,"Chlorpyrifos",2014,14.8,36.5,"Ocean County","NJ"
34,29,"2,4-D",2014,46.3,46.3,"Ocean County","NJ"
34,3,"Glyphosate",2014,6,10.5,"Bergen County","NJ"
34,3,"Paraquat",2014,0.1,0.7,"Bergen County","NJ"
34,3,"2,4-D",2014,6.6,6.6,"Bergen County","NJ"
34,3,"Chlorpyrifos",2014,0.2,0.8,"Bergen County","NJ"
34,31,"2,4-D",2014,8.9,8.9,"Passaic County","NJ"
34,31,"Glyphosate",2014,7.4,14.3,"Passaic County","NJ"
34,31,"Paraquat",2014,0.7,1.7,"Passaic County","NJ"
34,31,"Chlorpyrifos",2014,0.9,1.7,"Passaic County","NJ"
34,33,"Paraquat",2014,1800.5,1800.5,"Salem County","NJ"
34,33,"Chlorpyrifos",2014,297.1,1270.9,"Salem County","NJ"
34,33,"2,4-D",2014,1290.2,1290.2,"Salem County","NJ"
34,33,"Glyphosate",2014,24925.1,25314.4,"Salem County","NJ"
34,35,"Paraquat",2014,130.4,139,"Somerset County","NJ"
34,35,"2,4-D",2014,210.8,210.8,"Somerset County","NJ"
34,35,"Glyphosate",2014,2079.4,2145.3,"Somerset County","NJ"
34,35,"Chlorpyrifos",2014,29.7,91.2,"Somerset County","NJ"
34,37,"Paraquat",2014,247.7,264.6,"Sussex County","NJ"
34,37,"Chlorpyrifos",2014,99.4,384,"Sussex County","NJ"
34,37,"Glyphosate",2014,3334.6,3487.1,"Sussex County","NJ"
34,37,"2,4-D",2014,523.1,523.1,"Sussex County","NJ"
34,39,"Paraquat",2014,NA,0,"Union County","NJ"
34,39,"Glyphosate",2014,0.3,0.8,"Union County","NJ"
34,39,"2,4-D",2014,0.9,0.9,"Union County","NJ"
34,41,"Paraquat",2014,994,1036.1,"Warren County","NJ"
34,41,"Chlorpyrifos",2014,244,1255,"Warren County","NJ"
34,41,"Glyphosate",2014,14709.2,14837.6,"Warren County","NJ"
34,41,"2,4-D",2014,1090,1090,"Warren County","NJ"
34,5,"Paraquat",2014,1039.2,1063.2,"Burlington County","NJ"
34,5,"Glyphosate",2014,17574.3,17792.3,"Burlington County","NJ"
34,5,"Chlorpyrifos",2014,135.6,564.5,"Burlington County","NJ"
34,5,"2,4-D",2014,786.8,786.8,"Burlington County","NJ"
34,7,"Paraquat",2014,19.1,19.1,"Camden County","NJ"
34,7,"Glyphosate",2014,214.4,279.2,"Camden County","NJ"
34,7,"Chlorpyrifos",2014,17.7,25.8,"Camden County","NJ"
34,7,"2,4-D",2014,29.7,29.7,"Camden County","NJ"
34,9,"Paraquat",2014,16.6,16.6,"Cape May County","NJ"
34,9,"Glyphosate",2014,191.5,214.9,"Cape May County","NJ"
34,9,"2,4-D",2014,37.1,37.1,"Cape May County","NJ"
34,9,"Chlorpyrifos",2014,13.6,23.3,"Cape May County","NJ"
35,1,"Chlorpyrifos",2014,19.5,134.4,"Bernalillo County","NM"
35,1,"Malathion",2014,NA,118.9,"Bernalillo County","NM"
35,1,"Glyphosate",2014,66.6,428.9,"Bernalillo County","NM"
35,1,"Paraquat",2014,10.5,41.1,"Bernalillo County","NM"
35,1,"2,4-D",2014,37.1,89,"Bernalillo County","NM"
35,11,"Chlorpyrifos",2014,427.8,434.6,"De Baca County","NM"
35,11,"Glyphosate",2014,2677.5,2677.5,"De Baca County","NM"
35,11,"2,4-D",2014,102.9,113.5,"De Baca County","NM"
35,11,"Paraquat",2014,0.7,1,"De Baca County","NM"
35,13,"Paraquat",2014,96.4,376.5,"Dona Ana County","NM"
35,13,"Chlorpyrifos",2014,1895,1946,"Dona Ana County","NM"
35,13,"2,4-D",2014,651.1,1352,"Dona Ana County","NM"
35,13,"Glyphosate",2014,37584.8,38553.1,"Dona Ana County","NM"
35,15,"2,4-D",2014,294.7,455.8,"Eddy County","NM"
35,15,"Chlorpyrifos",2014,1941.7,1987.1,"Eddy County","NM"
35,15,"Paraquat",2014,65.5,119.4,"Eddy County","NM"
35,15,"Glyphosate",2014,16204.3,16565.2,"Eddy County","NM"
35,17,"2,4-D",2014,185.2,184.7,"Grant County","NM"
35,17,"Glyphosate",2014,244.4,521.3,"Grant County","NM"
35,17,"Paraquat",2014,7.1,19.5,"Grant County","NM"
35,17,"Chlorpyrifos",2014,14.1,59.3,"Grant County","NM"
35,17,"Malathion",2014,NA,497.8,"Grant County","NM"
35,19,"2,4-D",2014,240.8,240.8,"Guadalupe County","NM"
35,19,"Chlorpyrifos",2014,71.4,72.4,"Guadalupe County","NM"
35,19,"Glyphosate",2014,1351.4,1351.4,"Guadalupe County","NM"
35,19,"Paraquat",2014,1.3,2.1,"Guadalupe County","NM"
35,21,"Glyphosate",2014,723.4,723.4,"Harding County","NM"
35,21,"Chlorpyrifos",2014,NA,0.1,"Harding County","NM"
35,21,"Paraquat",2014,NA,0.6,"Harding County","NM"
35,21,"2,4-D",2014,185.2,185.2,"Harding County","NM"
35,23,"Chlorpyrifos",2014,5.7,111.4,"Hidalgo County","NM"
35,23,"Malathion",2014,NA,1044.8,"Hidalgo County","NM"
35,23,"2,4-D",2014,664,688.7,"Hidalgo County","NM"
35,23,"Paraquat",2014,32.7,69.9,"Hidalgo County","NM"
35,23,"Glyphosate",2014,3566.5,4141.6,"Hidalgo County","NM"
35,25,"2,4-D",2014,1360.9,1702.6,"Lea County","NM"
35,25,"Chlorpyrifos",2014,227,337.4,"Lea County","NM"
35,25,"Glyphosate",2014,19935.9,20768,"Lea County","NM"
35,25,"Paraquat",2014,430.6,457.9,"Lea County","NM"
35,27,"Glyphosate",2014,1253.4,1253.4,"Lincoln County","NM"
35,27,"2,4-D",2014,651.9,655,"Lincoln County","NM"
35,27,"Chlorpyrifos",2014,15.2,15.2,"Lincoln County","NM"
35,27,"Paraquat",2014,10.3,12.5,"Lincoln County","NM"
35,28,"Paraquat",2014,NA,0,"Los Alamos County","NM"
35,28,"Malathion",2014,NA,0.1,"Los Alamos County","NM"
35,28,"2,4-D",2014,NA,0.1,"Los Alamos County","NM"
35,28,"Chlorpyrifos",2014,NA,0.1,"Los Alamos County","NM"
35,28,"Glyphosate",2014,NA,0.4,"Los Alamos County","NM"
35,29,"Malathion",2014,NA,1501.5,"Luna County","NM"
35,29,"Chlorpyrifos",2014,132.7,554.2,"Luna County","NM"
35,29,"2,4-D",2014,346.4,851.9,"Luna County","NM"
35,29,"Glyphosate",2014,15023.8,16732.4,"Luna County","NM"
35,29,"Paraquat",2014,94.8,133.6,"Luna County","NM"
35,3,"Malathion",2014,NA,70.1,"Catron County","NM"
35,3,"Paraquat",2014,0.5,2.3,"Catron County","NM"
35,3,"Glyphosate",2014,102.7,137,"Catron County","NM"
35,3,"2,4-D",2014,195.5,188.1,"Catron County","NM"
35,3,"Chlorpyrifos",2014,1.1,8.1,"Catron County","NM"
35,31,"Paraquat",2014,0.6,6.7,"McKinley County","NM"
35,31,"Malathion",2014,NA,21.8,"McKinley County","NM"
35,31,"2,4-D",2014,279.2,288.6,"McKinley County","NM"
35,31,"Glyphosate",2014,299.2,366.1,"McKinley County","NM"
35,31,"Chlorpyrifos",2014,1.1,22.1,"McKinley County","NM"
35,33,"2,4-D",2014,86,86.6,"Mora County","NM"
35,33,"Paraquat",2014,1.1,1.2,"Mora County","NM"
35,33,"Glyphosate",2014,1373.9,1373.9,"Mora County","NM"
35,33,"Chlorpyrifos",2014,213.9,214.2,"Mora County","NM"
35,35,"Chlorpyrifos",2014,140.9,140.9,"Otero County","NM"
35,35,"Glyphosate",2014,2191.1,2202.9,"Otero County","NM"
35,35,"Paraquat",2014,2,15.8,"Otero County","NM"
35,35,"2,4-D",2014,280.7,311.9,"Otero County","NM"
35,37,"Chlorpyrifos",2014,82.4,130.2,"Quay County","NM"
35,37,"Paraquat",2014,56.4,113.6,"Quay County","NM"
35,37,"2,4-D",2014,12073.6,12114.5,"Quay County","NM"
35,37,"Glyphosate",2014,31107.3,31107.3,"Quay County","NM"
35,39,"2,4-D",2014,226.5,441.6,"Rio Arriba County","NM"
35,39,"Paraquat",2014,84.3,174.9,"Rio Arriba County","NM"
35,39,"Chlorpyrifos",2014,158.5,495.1,"Rio Arriba County","NM"
35,39,"Malathion",2014,NA,346.9,"Rio Arriba County","NM"
35,39,"Glyphosate",2014,583.1,1945.8,"Rio Arriba County","NM"
35,41,"Chlorpyrifos",2014,360.2,616,"Roosevelt County","NM"
35,41,"2,4-D",2014,21719.9,22132.6,"Roosevelt County","NM"
35,41,"Paraquat",2014,150.5,262.2,"Roosevelt County","NM"
35,41,"Glyphosate",2014,63812.3,63812.3,"Roosevelt County","NM"
35,43,"Chlorpyrifos",2014,21,69.7,"Sandoval County","NM"
35,43,"2,4-D",2014,101.1,163.7,"Sandoval County","NM"
35,43,"Glyphosate",2014,188.9,536.3,"Sandoval County","NM"
35,43,"Malathion",2014,NA,49.3,"Sandoval County","NM"
35,43,"Paraquat",2014,11.9,25,"Sandoval County","NM"
35,45,"Chlorpyrifos",2014,15.9,656.9,"San Juan County","NM"
35,45,"2,4-D",2014,720.6,1232,"San Juan County","NM"
35,45,"Paraquat",2014,8.4,185,"San Juan County","NM"
35,45,"Malathion",2014,NA,657.7,"San Juan County","NM"
35,45,"Glyphosate",2014,2142.8,5229.7,"San Juan County","NM"
35,47,"Chlorpyrifos",2014,98.1,98.6,"San Miguel County","NM"
35,47,"2,4-D",2014,600.7,601.3,"San Miguel County","NM"
35,47,"Paraquat",2014,9.2,10.5,"San Miguel County","NM"
35,47,"Glyphosate",2014,2436.2,2436.2,"San Miguel County","NM"
35,49,"Chlorpyrifos",2014,33.3,125.4,"Santa Fe County","NM"
35,49,"Paraquat",2014,18.8,44,"Santa Fe County","NM"
35,49,"2,4-D",2014,119.2,160.4,"Santa Fe County","NM"
35,49,"Malathion",2014,NA,95.4,"Santa Fe County","NM"
35,49,"Glyphosate",2014,259.1,548,"Santa Fe County","NM"
35,5,"Paraquat",2014,53.1,139.5,"Chaves County","NM"
35,5,"2,4-D",2014,1093.7,1470,"Chaves County","NM"
35,5,"Glyphosate",2014,13947.5,15003.7,"Chaves County","NM"
35,5,"Chlorpyrifos",2014,1349.3,1474.7,"Chaves County","NM"
35,51,"2,4-D",2014,579.1,677.2,"Sierra County","NM"
35,51,"Malathion",2014,NA,1826.7,"Sierra County","NM"
35,51,"Glyphosate",2014,7687.7,8667,"Sierra County","NM"
35,51,"Chlorpyrifos",2014,13.6,448.2,"Sierra County","NM"
35,51,"Paraquat",2014,15.9,67.8,"Sierra County","NM"
35,53,"2,4-D",2014,300.7,563.9,"Socorro County","NM"
35,53,"Paraquat",2014,1.8,88.4,"Socorro County","NM"
35,53,"Malathion",2014,NA,3418.4,"Socorro County","NM"
35,53,"Chlorpyrifos",2014,3.7,353.5,"Socorro County","NM"
35,53,"Glyphosate",2014,7650.3,10053.4,"Socorro County","NM"
35,55,"2,4-D",2014,104.7,241.4,"Taos County","NM"
35,55,"Chlorpyrifos",2014,20.6,308.8,"Taos County","NM"
35,55,"Paraquat",2014,11,88.8,"Taos County","NM"
35,55,"Glyphosate",2014,331.8,1272.1,"Taos County","NM"
35,55,"Malathion",2014,NA,298.2,"Taos County","NM"
35,57,"2,4-D",2014,1452.4,1568.9,"Torrance County","NM"
35,57,"Chlorpyrifos",2014,713.1,785.1,"Torrance County","NM"
35,57,"Paraquat",2014,0.2,7.8,"Torrance County","NM"
35,57,"Glyphosate",2014,9661.4,9661.4,"Torrance County","NM"
35,59,"2,4-D",2014,6601.5,6809.6,"Union County","NM"
35,59,"Chlorpyrifos",2014,145,283.3,"Union County","NM"
35,59,"Glyphosate",2014,21453.8,21453.8,"Union County","NM"
35,59,"Paraquat",2014,1.3,35.3,"Union County","NM"
35,6,"Malathion",2014,NA,10.1,"Cibola County","NM"
35,6,"Glyphosate",2014,123.1,153.6,"Cibola County","NM"
35,6,"Paraquat",2014,7.2,9.9,"Cibola County","NM"
35,6,"2,4-D",2014,135.1,139.4,"Cibola County","NM"
35,6,"Chlorpyrifos",2014,14.7,24.5,"Cibola County","NM"
35,61,"2,4-D",2014,3124.8,3300.8,"Valencia County","NM"
35,61,"Glyphosate",2014,12421.7,13422.6,"Valencia County","NM"
35,61,"Chlorpyrifos",2014,10.6,172.1,"Valencia County","NM"
35,61,"Malathion",2014,NA,164.4,"Valencia County","NM"
35,61,"Paraquat",2014,5.8,99.3,"Valencia County","NM"
35,7,"Chlorpyrifos",2014,285.2,285.2,"Colfax County","NM"
35,7,"Glyphosate",2014,1911.8,1911.8,"Colfax County","NM"
35,7,"Paraquat",2014,0.4,0.5,"Colfax County","NM"
35,7,"2,4-D",2014,102.3,102.3,"Colfax County","NM"
35,9,"2,4-D",2014,41607.6,41848.4,"Curry County","NM"
35,9,"Chlorpyrifos",2014,549.3,971.6,"Curry County","NM"
35,9,"Paraquat",2014,106.7,321.4,"Curry County","NM"
35,9,"Glyphosate",2014,112632.4,112632.4,"Curry County","NM"
36,1,"Paraquat",2014,65.2,209.2,"Albany County","NY"
36,1,"2,4-D",2014,3.8,94.5,"Albany County","NY"
36,1,"Glyphosate",2014,446.6,697.2,"Albany County","NY"
36,1,"Chlorpyrifos",2014,67.9,255.8,"Albany County","NY"
36,101,"Glyphosate",2014,54293.6,54623.7,"Steuben County","NY"
36,101,"Paraquat",2014,426.5,1098.1,"Steuben County","NY"
36,101,"Chlorpyrifos",2014,1032.1,1033.1,"Steuben County","NY"
36,101,"2,4-D",2014,82.6,1103.7,"Steuben County","NY"
36,103,"Glyphosate",2014,1299.9,2270.3,"Suffolk County","NY"
36,103,"Paraquat",2014,969.9,1036.7,"Suffolk County","NY"
36,103,"Chlorpyrifos",2014,40.3,224.2,"Suffolk County","NY"
36,103,"2,4-D",2014,27.5,71.9,"Suffolk County","NY"
36,105,"Paraquat",2014,7.8,31.3,"Sullivan County","NY"
36,105,"Glyphosate",2014,410.7,556.9,"Sullivan County","NY"
36,105,"Chlorpyrifos",2014,9.5,147.7,"Sullivan County","NY"
36,105,"2,4-D",2014,0.4,97.5,"Sullivan County","NY"
36,107,"Glyphosate",2014,837,4022.1,"Tioga County","NY"
36,107,"Chlorpyrifos",2014,1.3,563.4,"Tioga County","NY"
36,107,"Paraquat",2014,5.6,404,"Tioga County","NY"
36,107,"2,4-D",2014,13.2,189.3,"Tioga County","NY"
36,109,"Paraquat",2014,12.3,801.3,"Tompkins County","NY"
36,109,"Glyphosate",2014,2039.7,7441.9,"Tompkins County","NY"
36,109,"Chlorpyrifos",2014,3.7,1128.7,"Tompkins County","NY"
36,109,"2,4-D",2014,28.4,215.5,"Tompkins County","NY"
36,11,"2,4-D",2014,62,781.4,"Cayuga County","NY"
36,11,"Glyphosate",2014,26816.2,27311.8,"Cayuga County","NY"
36,11,"Paraquat",2014,15.4,2841.1,"Cayuga County","NY"
36,11,"Chlorpyrifos",2014,385.1,4050.6,"Cayuga County","NY"
36,111,"Chlorpyrifos",2014,942.5,1192.5,"Ulster County","NY"
36,111,"Glyphosate",2014,1487.3,1753.5,"Ulster County","NY"
36,111,"Paraquat",2014,804.4,858.4,"Ulster County","NY"
36,111,"2,4-D",2014,28.1,111.5,"Ulster County","NY"
36,113,"Chlorpyrifos",2014,0.2,4.5,"Warren County","NY"
36,113,"Glyphosate",2014,103.9,118.5,"Warren County","NY"
36,113,"Paraquat",2014,1.1,4.3,"Warren County","NY"
36,113,"2,4-D",2014,0.8,11.1,"Warren County","NY"
36,115,"Glyphosate",2014,3950.9,4425.9,"Washington County","NY"
36,115,"Paraquat",2014,289.4,1505.2,"Washington County","NY"
36,115,"Chlorpyrifos",2014,286.7,1925.6,"Washington County","NY"
36,115,"2,4-D",2014,27.9,281.8,"Washington County","NY"
36,117,"Glyphosate",2014,18759.5,19457.9,"Wayne County","NY"
36,117,"Chlorpyrifos",2014,13568.3,13839.7,"Wayne County","NY"
36,117,"Paraquat",2014,3446.9,4839.5,"Wayne County","NY"
36,117,"2,4-D",2014,8285.8,8754.7,"Wayne County","NY"
36,119,"Glyphosate",2014,8.6,35.6,"Westchester County","NY"
36,119,"Chlorpyrifos",2014,1.7,3.1,"Westchester County","NY"
36,119,"Paraquat",2014,1.2,2.9,"Westchester County","NY"
36,119,"2,4-D",2014,0.1,15,"Westchester County","NY"
36,121,"Glyphosate",2014,19531.1,20756.6,"Wyoming County","NY"
36,121,"Chlorpyrifos",2014,204,657.7,"Wyoming County","NY"
36,121,"2,4-D",2014,169.3,383.1,"Wyoming County","NY"
36,121,"Paraquat",2014,37.2,2364.9,"Wyoming County","NY"
36,123,"Glyphosate",2014,11157.6,11923.9,"Yates County","NY"
36,123,"Chlorpyrifos",2014,242.9,412.3,"Yates County","NY"
36,123,"2,4-D",2014,148.4,344.3,"Yates County","NY"
36,123,"Paraquat",2014,825.3,1694,"Yates County","NY"
36,13,"2,4-D",2014,96.4,818.6,"Chautauqua County","NY"
36,13,"Glyphosate",2014,55235.4,55310,"Chautauqua County","NY"
36,13,"Paraquat",2014,4282.7,4816.1,"Chautauqua County","NY"
36,13,"Chlorpyrifos",2014,788.1,789,"Chautauqua County","NY"
36,15,"2,4-D",2014,21.8,134.6,"Chemung County","NY"
36,15,"Paraquat",2014,1.8,244.4,"Chemung County","NY"
36,15,"Glyphosate",2014,1486.8,3249.6,"Chemung County","NY"
36,15,"Chlorpyrifos",2014,9.1,377.9,"Chemung County","NY"
36,17,"2,4-D",2014,20.7,244.4,"Chenango County","NY"
36,17,"Paraquat",2014,1.4,619.8,"Chenango County","NY"
36,17,"Glyphosate",2014,4186.7,4543.7,"Chenango County","NY"
36,17,"Chlorpyrifos",2014,5.7,834.9,"Chenango County","NY"
36,19,"2,4-D",2014,577,753.5,"Clinton County","NY"
36,19,"Paraquat",2014,428.9,1407.7,"Clinton County","NY"
36,19,"Glyphosate",2014,29295.4,29602.4,"Clinton County","NY"
36,19,"Chlorpyrifos",2014,390.7,1723.5,"Clinton County","NY"
36,21,"Glyphosate",2014,5592.5,5807.4,"Columbia County","NY"
36,21,"2,4-D",2014,73.4,183.6,"Columbia County","NY"
36,21,"Paraquat",2014,365.9,568.3,"Columbia County","NY"
36,21,"Chlorpyrifos",2014,328.8,1620.9,"Columbia County","NY"
36,23,"Glyphosate",2014,5277.2,5542.6,"Cortland County","NY"
36,23,"Paraquat",2014,1,723.7,"Cortland County","NY"
36,23,"2,4-D",2014,4.8,182.6,"Cortland County","NY"
36,23,"Chlorpyrifos",2014,10.2,980.1,"Cortland County","NY"
36,25,"Glyphosate",2014,2073.4,2460.6,"Delaware County","NY"
36,25,"2,4-D",2014,8.6,255.8,"Delaware County","NY"
36,25,"Chlorpyrifos",2014,7.5,668.7,"Delaware County","NY"
36,25,"Paraquat",2014,15.7,120.7,"Delaware County","NY"
36,27,"Glyphosate",2014,3707.7,4066.4,"Dutchess County","NY"
36,27,"Paraquat",2014,131,288.8,"Dutchess County","NY"
36,27,"2,4-D",2014,48.4,249.5,"Dutchess County","NY"
36,27,"Chlorpyrifos",2014,91.5,1012.6,"Dutchess County","NY"
36,29,"Glyphosate",2014,9267,10244.2,"Erie County","NY"
36,29,"2,4-D",2014,115.8,331.5,"Erie County","NY"
36,29,"Paraquat",2014,259.7,1202.7,"Erie County","NY"
36,29,"Chlorpyrifos",2014,164.6,348.4,"Erie County","NY"
36,3,"2,4-D",2014,22.2,417.7,"Allegany County","NY"
36,3,"Glyphosate",2014,21694.4,21744.3,"Allegany County","NY"
36,3,"Chlorpyrifos",2014,379.1,379.4,"Allegany County","NY"
36,3,"Paraquat",2014,7.3,283.7,"Allegany County","NY"
36,31,"Glyphosate",2014,2940.6,3082.4,"Essex County","NY"
36,31,"Paraquat",2014,39.9,136,"Essex County","NY"
36,31,"Chlorpyrifos",2014,30.6,161.5,"Essex County","NY"
36,31,"2,4-D",2014,48.6,109.1,"Essex County","NY"
36,33,"Glyphosate",2014,22133.7,22482.1,"Franklin County","NY"
36,33,"Chlorpyrifos",2014,10.4,1026.4,"Franklin County","NY"
36,33,"2,4-D",2014,36.5,214.2,"Franklin County","NY"
36,33,"Paraquat",2014,40.8,787.3,"Franklin County","NY"
36,35,"2,4-D",2014,3.1,75.7,"Fulton County","NY"
36,35,"Glyphosate",2014,579.8,691.9,"Fulton County","NY"
36,35,"Chlorpyrifos",2014,122.9,287.1,"Fulton County","NY"
36,35,"Paraquat",2014,130.7,255.9,"Fulton County","NY"
36,37,"Glyphosate",2014,21107.7,21798,"Genesee County","NY"
36,37,"Chlorpyrifos",2014,482.8,909.3,"Genesee County","NY"
36,37,"2,4-D",2014,156.1,456.8,"Genesee County","NY"
36,37,"Paraquat",2014,68.4,2256.9,"Genesee County","NY"
36,39,"Glyphosate",2014,475.7,637.7,"Greene County","NY"
36,39,"Chlorpyrifos",2014,18.9,132,"Greene County","NY"
36,39,"Paraquat",2014,16.1,48.3,"Greene County","NY"
36,39,"2,4-D",2014,9.8,74.3,"Greene County","NY"
36,41,"Glyphosate",2014,1.7,5.2,"Hamilton County","NY"
36,41,"Chlorpyrifos",2014,0.5,0.5,"Hamilton County","NY"
36,41,"Paraquat",2014,0.6,0.6,"Hamilton County","NY"
36,41,"2,4-D",2014,0.8,3.4,"Hamilton County","NY"
36,43,"Chlorpyrifos",2014,15.2,1226.5,"Herkimer County","NY"
36,43,"Paraquat",2014,2.9,909.8,"Herkimer County","NY"
36,43,"2,4-D",2014,17.2,251.9,"Herkimer County","NY"
36,43,"Glyphosate",2014,6471.3,6902.3,"Herkimer County","NY"
36,45,"2,4-D",2014,177.8,625.3,"Jefferson County","NY"
36,45,"Chlorpyrifos",2014,50.3,2677,"Jefferson County","NY"
36,45,"Paraquat",2014,41.8,2175.4,"Jefferson County","NY"
36,45,"Glyphosate",2014,45515,46100.8,"Jefferson County","NY"
36,47,"2,4-D",2014,NA,0.1,"Kings County","NY"
36,47,"Chlorpyrifos",2014,NA,0.2,"Kings County","NY"
36,47,"Glyphosate",2014,NA,0.8,"Kings County","NY"
36,47,"Paraquat",2014,NA,0.1,"Kings County","NY"
36,49,"2,4-D",2014,57,234.5,"Lewis County","NY"
36,49,"Paraquat",2014,2,1004.8,"Lewis County","NY"
36,49,"Chlorpyrifos",2014,2.2,1345.2,"Lewis County","NY"
36,49,"Glyphosate",2014,8604.9,8962.6,"Lewis County","NY"
36,51,"2,4-D",2014,188.4,700.8,"Livingston County","NY"
36,51,"Glyphosate",2014,22476,23462.3,"Livingston County","NY"
36,51,"Chlorpyrifos",2014,84.5,579.3,"Livingston County","NY"
36,51,"Paraquat",2014,79.4,2618,"Livingston County","NY"
36,53,"2,4-D",2014,27.2,340.5,"Madison County","NY"
36,53,"Chlorpyrifos",2014,47.2,1735.5,"Madison County","NY"
36,53,"Paraquat",2014,2.8,1274.4,"Madison County","NY"
36,53,"Glyphosate",2014,9645.1,10225.3,"Madison County","NY"
36,55,"Glyphosate",2014,13679.4,14035.1,"Monroe County","NY"
36,55,"Paraquat",2014,417.7,1563.6,"Monroe County","NY"
36,55,"Chlorpyrifos",2014,986.4,1209.8,"Monroe County","NY"
36,55,"2,4-D",2014,579.3,859.1,"Monroe County","NY"
36,57,"Paraquat",2014,25.5,791.9,"Montgomery County","NY"
36,57,"Glyphosate",2014,3755.5,4166.4,"Montgomery County","NY"
36,57,"2,4-D",2014,17.7,184.2,"Montgomery County","NY"
36,57,"Chlorpyrifos",2014,47.5,1000.3,"Montgomery County","NY"
36,59,"Glyphosate",2014,0.4,8.3,"Nassau County","NY"
36,59,"Paraquat",2014,3.1,3.1,"Nassau County","NY"
36,59,"2,4-D",2014,2.2,2.2,"Nassau County","NY"
36,59,"Chlorpyrifos",2014,0.1,2.4,"Nassau County","NY"
36,63,"Paraquat",2014,679.8,1917.2,"Niagara County","NY"
36,63,"Glyphosate",2014,13936.8,14397.3,"Niagara County","NY"
36,63,"2,4-D",2014,1202,1546,"Niagara County","NY"
36,63,"Chlorpyrifos",2014,1925.5,2166.6,"Niagara County","NY"
36,65,"Glyphosate",2014,12356.2,13076.3,"Oneida County","NY"
36,65,"Paraquat",2014,6.5,1660.2,"Oneida County","NY"
36,65,"2,4-D",2014,92.5,490.9,"Oneida County","NY"
36,65,"Chlorpyrifos",2014,12.4,2208.7,"Oneida County","NY"
36,67,"Glyphosate",2014,14072.3,14467.9,"Onondaga County","NY"
36,67,"Paraquat",2014,5.4,1808,"Onondaga County","NY"
36,67,"2,4-D",2014,139.8,501.5,"Onondaga County","NY"
36,67,"Chlorpyrifos",2014,89.4,2416.2,"Onondaga County","NY"
36,69,"Paraquat",2014,251.4,1914.6,"Ontario County","NY"
36,69,"Glyphosate",2014,17273.7,18084.4,"Ontario County","NY"
36,69,"2,4-D",2014,347.1,844.2,"Ontario County","NY"
36,69,"Chlorpyrifos",2014,452.7,776.9,"Ontario County","NY"
36,7,"Chlorpyrifos",2014,9,588.7,"Broome County","NY"
36,7,"2,4-D",2014,12,153.4,"Broome County","NY"
36,7,"Glyphosate",2014,625.8,3789.7,"Broome County","NY"
36,7,"Paraquat",2014,1.7,411.6,"Broome County","NY"
36,71,"Paraquat",2014,171.8,308.1,"Orange County","NY"
36,71,"2,4-D",2014,24.1,153.1,"Orange County","NY"
36,71,"Chlorpyrifos",2014,1518.2,2211.1,"Orange County","NY"
36,71,"Glyphosate",2014,2663.9,2945.9,"Orange County","NY"
36,73,"Glyphosate",2014,20044,20435.8,"Orleans County","NY"
36,73,"Paraquat",2014,1087.6,2883.3,"Orleans County","NY"
36,73,"Chlorpyrifos",2014,5535.4,5885.4,"Orleans County","NY"
36,73,"2,4-D",2014,2318.7,2701.6,"Orleans County","NY"
36,75,"Paraquat",2014,1.1,443.8,"Oswego County","NY"
36,75,"Glyphosate",2014,3666.8,3856.8,"Oswego County","NY"
36,75,"Chlorpyrifos",2014,798.1,1347,"Oswego County","NY"
36,75,"2,4-D",2014,168,364.1,"Oswego County","NY"
36,77,"Glyphosate",2014,5286.8,5729,"Otsego County","NY"
36,77,"Paraquat",2014,2.4,753.1,"Otsego County","NY"
36,77,"2,4-D",2014,24.4,283.2,"Otsego County","NY"
36,77,"Chlorpyrifos",2014,9.3,1013.7,"Otsego County","NY"
36,79,"Glyphosate",2014,1.1,15,"Putnam County","NY"
36,79,"Paraquat",2014,0.7,1,"Putnam County","NY"
36,79,"Chlorpyrifos",2014,0.8,4.3,"Putnam County","NY"
36,79,"2,4-D",2014,0,4.4,"Putnam County","NY"
36,81,"Glyphosate",2014,0.5,0.9,"Queens County","NY"
36,81,"Chlorpyrifos",2014,NA,0.4,"Queens County","NY"
36,81,"2,4-D",2014,0,0,"Queens County","NY"
36,81,"Paraquat",2014,4.3,4.3,"Queens County","NY"
36,83,"Glyphosate",2014,2713.2,2955.6,"Rensselaer County","NY"
36,83,"2,4-D",2014,19,145.6,"Rensselaer County","NY"
36,83,"Paraquat",2014,140.4,817.8,"Rensselaer County","NY"
36,83,"Chlorpyrifos",2014,137.1,1002.1,"Rensselaer County","NY"
36,87,"Glyphosate",2014,11.4,14,"Rockland County","NY"
36,87,"2,4-D",2014,0.2,0.7,"Rockland County","NY"
36,87,"Paraquat",2014,12.4,12.5,"Rockland County","NY"
36,87,"Chlorpyrifos",2014,14.8,15.7,"Rockland County","NY"
36,89,"Glyphosate",2014,24712.9,25516.2,"St. Lawrence County","NY"
36,89,"Chlorpyrifos",2014,48.2,2182.4,"St. Lawrence County","NY"
36,89,"2,4-D",2014,143.1,682.1,"St. Lawrence County","NY"
36,89,"Paraquat",2014,35.4,1694.7,"St. Lawrence County","NY"
36,9,"2,4-D",2014,36.2,656,"Cattaraugus County","NY"
36,9,"Paraquat",2014,222.4,654,"Cattaraugus County","NY"
36,9,"Glyphosate",2014,33883.2,33983.1,"Cattaraugus County","NY"
36,9,"Chlorpyrifos",2014,544.9,545.6,"Cattaraugus County","NY"
36,91,"Glyphosate",2014,1903,2078,"Saratoga County","NY"
36,91,"Chlorpyrifos",2014,164.8,747.8,"Saratoga County","NY"
36,91,"Paraquat",2014,164.7,618.7,"Saratoga County","NY"
36,91,"2,4-D",2014,12.1,135.7,"Saratoga County","NY"
36,93,"Glyphosate",2014,129.4,188.7,"Schenectady County","NY"
36,93,"2,4-D",2014,1.7,28.5,"Schenectady County","NY"
36,93,"Chlorpyrifos",2014,13,43.1,"Schenectady County","NY"
36,93,"Paraquat",2014,11.5,53.7,"Schenectady County","NY"
36,95,"Glyphosate",2014,1623.6,1884.7,"Schoharie County","NY"
36,95,"2,4-D",2014,17.1,154.3,"Schoharie County","NY"
36,95,"Chlorpyrifos",2014,106.1,780.9,"Schoharie County","NY"
36,95,"Paraquat",2014,107,613.9,"Schoharie County","NY"
36,97,"Glyphosate",2014,2091.2,4473,"Schuyler County","NY"
36,97,"2,4-D",2014,9.1,139.3,"Schuyler County","NY"
36,97,"Chlorpyrifos",2014,8.7,464.7,"Schuyler County","NY"
36,97,"Paraquat",2014,112.8,432.7,"Schuyler County","NY"
36,99,"Glyphosate",2014,13940.8,14609.2,"Seneca County","NY"
36,99,"2,4-D",2014,152.9,643.4,"Seneca County","NY"
36,99,"Paraquat",2014,246.2,1500.2,"Seneca County","NY"
36,99,"Chlorpyrifos",2014,82.3,326.7,"Seneca County","NY"
37,1,"Chlorpyrifos",2014,54.5,390.5,"Alamance County","NC"
37,1,"Glyphosate",2014,5446.6,5649.6,"Alamance County","NC"
37,1,"2,4-D",2014,1296.1,2218.6,"Alamance County","NC"
37,1,"Malathion",2014,1.6,1.6,"Alamance County","NC"
37,1,"Paraquat",2014,404.7,410.9,"Alamance County","NC"
37,101,"Paraquat",2014,4830.8,4925.5,"Johnston County","NC"
37,101,"Chlorpyrifos",2014,2381.4,4761.2,"Johnston County","NC"
37,101,"2,4-D",2014,15109.6,15279.5,"Johnston County","NC"
37,101,"Glyphosate",2014,41870,42105.7,"Johnston County","NC"
37,103,"2,4-D",2014,7290.9,7340.6,"Jones County","NC"
37,103,"Chlorpyrifos",2014,544,1857.4,"Jones County","NC"
37,103,"Glyphosate",2014,32168.1,32191.2,"Jones County","NC"
37,103,"Paraquat",2014,2883.2,2908.2,"Jones County","NC"
37,105,"2,4-D",2014,1451.4,1903.5,"Lee County","NC"
37,105,"Glyphosate",2014,4195.9,4196.7,"Lee County","NC"
37,105,"Chlorpyrifos",2014,2,607.3,"Lee County","NC"
37,105,"Paraquat",2014,638,1125.7,"Lee County","NC"
37,107,"Glyphosate",2014,48984,49179.6,"Lenoir County","NC"
37,107,"Chlorpyrifos",2014,1512.2,3947.9,"Lenoir County","NC"
37,107,"Paraquat",2014,4570.2,4625.9,"Lenoir County","NC"
37,107,"2,4-D",2014,13041,13133.5,"Lenoir County","NC"
37,109,"Chlorpyrifos",2014,0.2,424.4,"Lincoln County","NC"
37,109,"Glyphosate",2014,6756.4,6755.2,"Lincoln County","NC"
37,109,"2,4-D",2014,2963.2,2968.2,"Lincoln County","NC"
37,109,"Paraquat",2014,2675,2675.1,"Lincoln County","NC"
37,11,"2,4-D",2014,314.1,315.1,"Avery County","NC"
37,11,"Chlorpyrifos",2014,1.8,13,"Avery County","NC"
37,11,"Glyphosate",2014,16.7,44.6,"Avery County","NC"
37,11,"Paraquat",2014,0.1,4.5,"Avery County","NC"
37,111,"Glyphosate",2014,507.1,535.5,"McDowell County","NC"
37,111,"Chlorpyrifos",2014,14.1,28.1,"McDowell County","NC"
37,111,"2,4-D",2014,383.8,479.3,"McDowell County","NC"
37,111,"Paraquat",2014,18.8,363.1,"McDowell County","NC"
37,113,"Chlorpyrifos",2014,0.1,16.5,"Macon County","NC"
37,113,"Glyphosate",2014,498.5,525.8,"Macon County","NC"
37,113,"Paraquat",2014,0.5,369.4,"Macon County","NC"
37,113,"2,4-D",2014,409.1,483,"Macon County","NC"
37,115,"Glyphosate",2014,268.5,355.1,"Madison County","NC"
37,115,"Chlorpyrifos",2014,174.9,181.7,"Madison County","NC"
37,115,"2,4-D",2014,1180.2,1230.3,"Madison County","NC"
37,115,"Paraquat",2014,7.4,1016.6,"Madison County","NC"
37,117,"2,4-D",2014,10241.2,10538.8,"Martin County","NC"
37,117,"Chlorpyrifos",2014,1830,2833,"Martin County","NC"
37,117,"Glyphosate",2014,56022,56022.1,"Martin County","NC"
37,117,"Paraquat",2014,7487,7522.2,"Martin County","NC"
37,119,"Glyphosate",2014,1243.8,1243.9,"Mecklenburg County","NC"
37,119,"Chlorpyrifos",2014,0.1,76.8,"Mecklenburg County","NC"
37,119,"2,4-D",2014,778.9,778.9,"Mecklenburg County","NC"
37,119,"Paraquat",2014,499,499,"Mecklenburg County","NC"
37,121,"Glyphosate",2014,151.3,174.8,"Mitchell County","NC"
37,121,"2,4-D",2014,371.2,422.1,"Mitchell County","NC"
37,121,"Chlorpyrifos",2014,31.1,34.5,"Mitchell County","NC"
37,121,"Paraquat",2014,2.3,320,"Mitchell County","NC"
37,123,"Paraquat",2014,768.6,772.4,"Montgomery County","NC"
37,123,"Chlorpyrifos",2014,47.6,155.5,"Montgomery County","NC"
37,123,"2,4-D",2014,1555.9,1577.5,"Montgomery County","NC"
37,123,"Glyphosate",2014,1861.1,1863.1,"Montgomery County","NC"
37,125,"Paraquat",2014,1851.6,1866.5,"Moore County","NC"
37,125,"2,4-D",2014,2918.8,2949.3,"Moore County","NC"
37,125,"Glyphosate",2014,3983.2,3983.6,"Moore County","NC"
37,125,"Chlorpyrifos",2014,191.8,411,"Moore County","NC"
37,127,"Paraquat",2014,4666.7,4710.6,"Nash County","NC"
37,127,"2,4-D",2014,8000.4,8124.2,"Nash County","NC"
37,127,"Malathion",2014,47.7,47.7,"Nash County","NC"
37,127,"Glyphosate",2014,38035.2,38037.2,"Nash County","NC"
37,127,"Chlorpyrifos",2014,2418,3710.2,"Nash County","NC"
37,129,"2,4-D",2014,11.5,11.5,"New Hanover County","NC"
37,129,"Chlorpyrifos",2014,0.1,29.3,"New Hanover County","NC"
37,129,"Glyphosate",2014,330.6,332.4,"New Hanover County","NC"
37,129,"Paraquat",2014,9.9,27.2,"New Hanover County","NC"
37,13,"Chlorpyrifos",2014,428.7,4894.7,"Beaufort County","NC"
37,13,"2,4-D",2014,21359,21399.6,"Beaufort County","NC"
37,13,"Glyphosate",2014,78836.3,79111.6,"Beaufort County","NC"
37,13,"Paraquat",2014,6710.7,6730.4,"Beaufort County","NC"
37,131,"2,4-D",2014,13284.4,13412.7,"Northampton County","NC"
37,131,"Paraquat",2014,9025.4,9040.3,"Northampton County","NC"
37,131,"Glyphosate",2014,71426,71426.2,"Northampton County","NC"
37,131,"Chlorpyrifos",2014,298.9,1925.6,"Northampton County","NC"
37,133,"Paraquat",2014,848,1036.3,"Onslow County","NC"
37,133,"2,4-D",2014,537.3,690.4,"Onslow County","NC"
37,133,"Glyphosate",2014,16494.2,16792.2,"Onslow County","NC"
37,133,"Chlorpyrifos",2014,159.8,1109.7,"Onslow County","NC"
37,135,"2,4-D",2014,778,1420.3,"Orange County","NC"
37,135,"Chlorpyrifos",2014,25.4,304.3,"Orange County","NC"
37,135,"Paraquat",2014,372.4,381.6,"Orange County","NC"
37,135,"Glyphosate",2014,3873.1,4020.2,"Orange County","NC"
37,137,"2,4-D",2014,5081.1,5086.9,"Pamlico County","NC"
37,137,"Chlorpyrifos",2014,58.5,1475.7,"Pamlico County","NC"
37,137,"Paraquat",2014,1448.1,1450.9,"Pamlico County","NC"
37,137,"Glyphosate",2014,21907.4,21977.2,"Pamlico County","NC"
37,139,"Chlorpyrifos",2014,0.1,2828.7,"Pasquotank County","NC"
37,139,"Paraquat",2014,6356.1,6371.8,"Pasquotank County","NC"
37,139,"2,4-D",2014,9550.4,9600.5,"Pasquotank County","NC"
37,139,"Glyphosate",2014,57894.2,57894.3,"Pasquotank County","NC"
37,141,"Glyphosate",2014,10412.7,10587,"Pender County","NC"
37,141,"Chlorpyrifos",2014,36,862.3,"Pender County","NC"
37,141,"Paraquat",2014,439.5,683.1,"Pender County","NC"
37,141,"2,4-D",2014,293.6,333.5,"Pender County","NC"
37,143,"Glyphosate",2014,55988.6,55988.7,"Perquimans County","NC"
37,143,"Chlorpyrifos",2014,74.7,2385.6,"Perquimans County","NC"
37,143,"Paraquat",2014,6375.4,6383.8,"Perquimans County","NC"
37,143,"2,4-D",2014,9505.3,9558.1,"Perquimans County","NC"
37,145,"Paraquat",2014,640.7,647,"Person County","NC"
37,145,"Glyphosate",2014,11218.2,11642.2,"Person County","NC"
37,145,"Malathion",2014,1.5,1.5,"Person County","NC"
37,145,"2,4-D",2014,1295.9,3290.5,"Person County","NC"
37,145,"Chlorpyrifos",2014,177,800.4,"Person County","NC"
37,147,"Glyphosate",2014,69550.5,69578.2,"Pitt County","NC"
37,147,"Paraquat",2014,7265.7,7315.1,"Pitt County","NC"
37,147,"Chlorpyrifos",2014,1461,4675.7,"Pitt County","NC"
37,147,"2,4-D",2014,20128.8,20227.6,"Pitt County","NC"
37,149,"Glyphosate",2014,74.9,98,"Polk County","NC"
37,149,"2,4-D",2014,357.8,379.4,"Polk County","NC"
37,149,"Paraquat",2014,5.3,308,"Polk County","NC"
37,149,"Chlorpyrifos",2014,8.4,9.6,"Polk County","NC"
37,15,"Chlorpyrifos",2014,1415,3011.8,"Bertie County","NC"
37,15,"2,4-D",2014,10555.4,10774.1,"Bertie County","NC"
37,15,"Paraquat",2014,7470.7,7487,"Bertie County","NC"
37,15,"Glyphosate",2014,59124.9,59125,"Bertie County","NC"
37,151,"Glyphosate",2014,10185.5,10189.3,"Randolph County","NC"
37,151,"2,4-D",2014,5522.2,6503.7,"Randolph County","NC"
37,151,"Paraquat",2014,2039,4114.4,"Randolph County","NC"
37,151,"Chlorpyrifos",2014,0.5,963.6,"Randolph County","NC"
37,153,"Glyphosate",2014,8120.3,8122.1,"Richmond County","NC"
37,153,"2,4-D",2014,1175.6,1423,"Richmond County","NC"
37,153,"Paraquat",2014,1767.4,1771,"Richmond County","NC"
37,153,"Chlorpyrifos",2014,36.9,366.8,"Richmond County","NC"
37,155,"Glyphosate",2014,83429.5,85669.6,"Robeson County","NC"
37,155,"2,4-D",2014,1732,2212,"Robeson County","NC"
37,155,"Chlorpyrifos",2014,433.6,7010.7,"Robeson County","NC"
37,155,"Paraquat",2014,3970.3,4521.2,"Robeson County","NC"
37,157,"Glyphosate",2014,4816.5,5059.2,"Rockingham County","NC"
37,157,"Malathion",2014,1.1,1.1,"Rockingham County","NC"
37,157,"2,4-D",2014,1305.7,2078.3,"Rockingham County","NC"
37,157,"Paraquat",2014,428.3,433.7,"Rockingham County","NC"
37,157,"Chlorpyrifos",2014,152.9,470.5,"Rockingham County","NC"
37,159,"Paraquat",2014,2687.8,3907.4,"Rowan County","NC"
37,159,"Glyphosate",2014,13080.1,13099.7,"Rowan County","NC"
37,159,"Chlorpyrifos",2014,12.9,1169.8,"Rowan County","NC"
37,159,"2,4-D",2014,3318.4,4845.4,"Rowan County","NC"
37,161,"Paraquat",2014,278.5,1233.4,"Rutherford County","NC"
37,161,"Glyphosate",2014,1722.3,1818,"Rutherford County","NC"
37,161,"Chlorpyrifos",2014,43.2,59.5,"Rutherford County","NC"
37,161,"2,4-D",2014,1231.4,1306.5,"Rutherford County","NC"
37,163,"Paraquat",2014,2736.1,3993.5,"Sampson County","NC"
37,163,"Glyphosate",2014,59138.1,61627.6,"Sampson County","NC"
37,163,"Chlorpyrifos",2014,1701.1,5773.7,"Sampson County","NC"
37,163,"2,4-D",2014,1822.6,2148.8,"Sampson County","NC"
37,165,"Paraquat",2014,441.1,564.3,"Scotland County","NC"
37,165,"Glyphosate",2014,12480.4,12715.5,"Scotland County","NC"
37,165,"2,4-D",2014,457.4,489.6,"Scotland County","NC"
37,165,"Chlorpyrifos",2014,10,658.6,"Scotland County","NC"
37,167,"Glyphosate",2014,30048.3,30047.5,"Stanly County","NC"
37,167,"2,4-D",2014,4487.9,5223.2,"Stanly County","NC"
37,167,"Paraquat",2014,7549,7549.1,"Stanly County","NC"
37,167,"Chlorpyrifos",2014,3.8,1325.1,"Stanly County","NC"
37,169,"Glyphosate",2014,2514.2,2613.8,"Stokes County","NC"
37,169,"Malathion",2014,0.4,0.4,"Stokes County","NC"
37,169,"Paraquat",2014,226.4,235.5,"Stokes County","NC"
37,169,"2,4-D",2014,1086.9,1493.8,"Stokes County","NC"
37,169,"Chlorpyrifos",2014,70.7,240.3,"Stokes County","NC"
37,17,"Chlorpyrifos",2014,127,1956,"Bladen County","NC"
37,17,"2,4-D",2014,500.3,755.8,"Bladen County","NC"
37,17,"Paraquat",2014,1214.1,1575.4,"Bladen County","NC"
37,17,"Glyphosate",2014,22578.5,22917.2,"Bladen County","NC"
37,171,"Glyphosate",2014,8909.6,9039.4,"Surry County","NC"
37,171,"Paraquat",2014,1584.7,2510.4,"Surry County","NC"
37,171,"2,4-D",2014,2338.5,3284.6,"Surry County","NC"
37,171,"Chlorpyrifos",2014,524.4,2849.7,"Surry County","NC"
37,173,"Glyphosate",2014,61.7,67.6,"Swain County","NC"
37,173,"Chlorpyrifos",2014,NA,2,"Swain County","NC"
37,173,"Paraquat",2014,0.7,85.3,"Swain County","NC"
37,173,"2,4-D",2014,97.9,106.7,"Swain County","NC"
37,175,"Glyphosate",2014,1404.6,1433.8,"Transylvania County","NC"
37,175,"2,4-D",2014,267.3,451.5,"Transylvania County","NC"
37,175,"Chlorpyrifos",2014,1.3,41.7,"Transylvania County","NC"
37,175,"Paraquat",2014,52.9,325.6,"Transylvania County","NC"
37,177,"Glyphosate",2014,47077,47080.1,"Tyrrell County","NC"
37,177,"Chlorpyrifos",2014,18.5,2396.1,"Tyrrell County","NC"
37,177,"Paraquat",2014,5186.8,5190.1,"Tyrrell County","NC"
37,177,"2,4-D",2014,8043.8,8054.4,"Tyrrell County","NC"
37,179,"Glyphosate",2014,58247.4,58247.4,"Union County","NC"
37,179,"Chlorpyrifos",2014,5.6,3843.7,"Union County","NC"
37,179,"Paraquat",2014,19466.8,19478.2,"Union County","NC"
37,179,"2,4-D",2014,7272.5,7430.4,"Union County","NC"
37,181,"Glyphosate",2014,5296.6,5436.7,"Vance County","NC"
37,181,"Chlorpyrifos",2014,74.6,342.1,"Vance County","NC"
37,181,"Paraquat",2014,184.2,187.5,"Vance County","NC"
37,181,"2,4-D",2014,428.3,1407.5,"Vance County","NC"
37,183,"Glyphosate",2014,7699.5,7716.8,"Wake County","NC"
37,183,"2,4-D",2014,1454.8,2473.8,"Wake County","NC"
37,183,"Chlorpyrifos",2014,5.5,1154.6,"Wake County","NC"
37,183,"Paraquat",2014,1429.9,1912.9,"Wake County","NC"
37,185,"Glyphosate",2014,8386.6,8595.9,"Warren County","NC"
37,185,"2,4-D",2014,1238.9,2487.4,"Warren County","NC"
37,185,"Chlorpyrifos",2014,63.1,406.6,"Warren County","NC"
37,185,"Paraquat",2014,440.1,442.4,"Warren County","NC"
37,187,"Glyphosate",2014,68416.7,68421,"Washington County","NC"
37,187,"Paraquat",2014,7823.4,7830,"Washington County","NC"
37,187,"2,4-D",2014,11702.4,11769.1,"Washington County","NC"
37,187,"Chlorpyrifos",2014,270.8,3178,"Washington County","NC"
37,189,"Glyphosate",2014,74.8,100.3,"Watauga County","NC"
37,189,"2,4-D",2014,1597.8,1608.6,"Watauga County","NC"
37,189,"Paraquat",2014,0.4,14.5,"Watauga County","NC"
37,189,"Chlorpyrifos",2014,17.4,50,"Watauga County","NC"
37,19,"Chlorpyrifos",2014,40.3,707.8,"Brunswick County","NC"
37,19,"2,4-D",2014,193.8,214.1,"Brunswick County","NC"
37,19,"Paraquat",2014,329,470.4,"Brunswick County","NC"
37,19,"Glyphosate",2014,8104.6,8309.8,"Brunswick County","NC"
37,191,"Glyphosate",2014,58414.6,58467.4,"Wayne County","NC"
37,191,"2,4-D",2014,18361.2,18455.4,"Wayne County","NC"
37,191,"Paraquat",2014,5971.3,6037.3,"Wayne County","NC"
37,191,"Chlorpyrifos",2014,2243.7,5614.6,"Wayne County","NC"
37,193,"2,4-D",2014,2497.2,2871.6,"Wilkes County","NC"
37,193,"Glyphosate",2014,4086.7,4130.2,"Wilkes County","NC"
37,193,"Chlorpyrifos",2014,173.4,2481,"Wilkes County","NC"
37,193,"Paraquat",2014,225.4,1125.1,"Wilkes County","NC"
37,195,"Glyphosate",2014,37519.7,37701.1,"Wilson County","NC"
37,195,"Chlorpyrifos",2014,1756.7,3389.5,"Wilson County","NC"
37,195,"2,4-D",2014,11096.3,11106.7,"Wilson County","NC"
37,195,"Paraquat",2014,3889.1,3921.8,"Wilson County","NC"
37,197,"Glyphosate",2014,11730.6,11948.3,"Yadkin County","NC"
37,197,"2,4-D",2014,2172.3,3568.3,"Yadkin County","NC"
37,197,"Paraquat",2014,2155.6,3429.1,"Yadkin County","NC"
37,197,"Chlorpyrifos",2014,343.4,3363,"Yadkin County","NC"
37,199,"Glyphosate",2014,256.8,298.9,"Yancey County","NC"
37,199,"2,4-D",2014,663,712.6,"Yancey County","NC"
37,199,"Chlorpyrifos",2014,35.4,43.2,"Yancey County","NC"
37,199,"Paraquat",2014,2.6,571.9,"Yancey County","NC"
37,21,"2,4-D",2014,1500.1,1796.8,"Buncombe County","NC"
37,21,"Chlorpyrifos",2014,80.7,140.3,"Buncombe County","NC"
37,21,"Glyphosate",2014,1937,2049.2,"Buncombe County","NC"
37,21,"Paraquat",2014,34,1387.2,"Buncombe County","NC"
37,23,"2,4-D",2014,457,649,"Burke County","NC"
37,23,"Chlorpyrifos",2014,28.1,66.6,"Burke County","NC"
37,23,"Glyphosate",2014,1601.6,1639.2,"Burke County","NC"
37,23,"Paraquat",2014,128.4,532.9,"Burke County","NC"
37,25,"Glyphosate",2014,7296.4,7294.7,"Cabarrus County","NC"
37,25,"2,4-D",2014,3818.6,3825.6,"Cabarrus County","NC"
37,25,"Chlorpyrifos",2014,0.2,474.5,"Cabarrus County","NC"
37,25,"Paraquat",2014,2706.7,2706.8,"Cabarrus County","NC"
37,27,"Glyphosate",2014,690.9,727.1,"Caldwell County","NC"
37,27,"Chlorpyrifos",2014,4.8,252.3,"Caldwell County","NC"
37,27,"2,4-D",2014,626.2,699.3,"Caldwell County","NC"
37,27,"Paraquat",2014,97.2,230.9,"Caldwell County","NC"
37,29,"Glyphosate",2014,40565.4,40565.4,"Camden County","NC"
37,29,"Chlorpyrifos",2014,2.2,2042.4,"Camden County","NC"
37,29,"2,4-D",2014,6762.5,6762.5,"Camden County","NC"
37,29,"Paraquat",2014,4463.7,4463.7,"Camden County","NC"
37,3,"Chlorpyrifos",2014,73.2,365.9,"Alexander County","NC"
37,3,"Glyphosate",2014,2354.3,2368.4,"Alexander County","NC"
37,3,"2,4-D",2014,3170.7,3400,"Alexander County","NC"
37,3,"Paraquat",2014,491.8,1630.3,"Alexander County","NC"
37,31,"2,4-D",2014,6069.8,6092.3,"Carteret County","NC"
37,31,"Glyphosate",2014,29479.2,29583.8,"Carteret County","NC"
37,31,"Chlorpyrifos",2014,13.7,1504.5,"Carteret County","NC"
37,31,"Paraquat",2014,2042,2049.1,"Carteret County","NC"
37,33,"Glyphosate",2014,2135.5,2322.1,"Caswell County","NC"
37,33,"Malathion",2014,1,1,"Caswell County","NC"
37,33,"2,4-D",2014,1138.5,1454.8,"Caswell County","NC"
37,33,"Chlorpyrifos",2014,99.7,243.2,"Caswell County","NC"
37,33,"Paraquat",2014,224.2,231.9,"Caswell County","NC"
37,35,"Glyphosate",2014,4742.9,4746.5,"Catawba County","NC"
37,35,"2,4-D",2014,2707.2,3338.7,"Catawba County","NC"
37,35,"Chlorpyrifos",2014,10.9,462.7,"Catawba County","NC"
37,35,"Paraquat",2014,1094.1,2100,"Catawba County","NC"
37,37,"Glyphosate",2014,2876,2880.4,"Chatham County","NC"
37,37,"2,4-D",2014,5449.2,5775.9,"Chatham County","NC"
37,37,"Chlorpyrifos",2014,10.4,248.2,"Chatham County","NC"
37,37,"Paraquat",2014,604.2,2656.5,"Chatham County","NC"
37,39,"Glyphosate",2014,637.3,666,"Cherokee County","NC"
37,39,"2,4-D",2014,340.6,435.8,"Cherokee County","NC"
37,39,"Paraquat",2014,12.9,334.8,"Cherokee County","NC"
37,39,"Chlorpyrifos",2014,2.6,22.6,"Cherokee County","NC"
37,41,"Glyphosate",2014,25893.9,25894.7,"Chowan County","NC"
37,41,"Chlorpyrifos",2014,254.9,990,"Chowan County","NC"
37,41,"Malathion",2014,82.6,82.6,"Chowan County","NC"
37,41,"2,4-D",2014,4737.5,4856.6,"Chowan County","NC"
37,41,"Paraquat",2014,3296.6,3307.7,"Chowan County","NC"
37,43,"Glyphosate",2014,772.2,783.5,"Clay County","NC"
37,43,"Paraquat",2014,5.7,186.4,"Clay County","NC"
37,43,"Chlorpyrifos",2014,6.7,32.2,"Clay County","NC"
37,43,"2,4-D",2014,182.8,299.7,"Clay County","NC"
37,45,"Paraquat",2014,5834.4,5835.2,"Cleveland County","NC"
37,45,"Chlorpyrifos",2014,0.7,722.2,"Cleveland County","NC"
37,45,"Glyphosate",2014,14442.3,14441.8,"Cleveland County","NC"
37,45,"2,4-D",2014,7862,8007.5,"Cleveland County","NC"
37,47,"Chlorpyrifos",2014,428.1,4058.6,"Columbus County","NC"
37,47,"Paraquat",2014,2469.2,2940.2,"Columbus County","NC"
37,47,"2,4-D",2014,852,1217.3,"Columbus County","NC"
37,47,"Glyphosate",2014,43937.7,44942.1,"Columbus County","NC"
37,49,"Chlorpyrifos",2014,279.9,2026.6,"Craven County","NC"
37,49,"2,4-D",2014,8042.9,8082,"Craven County","NC"
37,49,"Paraquat",2014,2599.9,2616.4,"Craven County","NC"
37,49,"Glyphosate",2014,31630.9,31765.6,"Craven County","NC"
37,5,"2,4-D",2014,2109.3,2170.7,"Alleghany County","NC"
37,5,"Chlorpyrifos",2014,14.1,593.7,"Alleghany County","NC"
37,5,"Glyphosate",2014,874.6,903.1,"Alleghany County","NC"
37,5,"Paraquat",2014,11.4,241,"Alleghany County","NC"
37,51,"Chlorpyrifos",2014,389.8,1520,"Cumberland County","NC"
37,51,"2,4-D",2014,571,712.9,"Cumberland County","NC"
37,51,"Paraquat",2014,907.3,1315.7,"Cumberland County","NC"
37,51,"Glyphosate",2014,17668.6,18256.9,"Cumberland County","NC"
37,53,"Paraquat",2014,2612.9,2615.2,"Currituck County","NC"
37,53,"Malathion",2014,23.6,23.6,"Currituck County","NC"
37,53,"Chlorpyrifos",2014,14.9,1253.2,"Currituck County","NC"
37,53,"2,4-D",2014,4016.9,4024.3,"Currituck County","NC"
37,53,"Glyphosate",2014,23957,23960.4,"Currituck County","NC"
37,55,"Paraquat",2014,240,240,"Dare County","NC"
37,55,"Chlorpyrifos",2014,NA,121,"Dare County","NC"
37,55,"2,4-D",2014,380.8,380.8,"Dare County","NC"
37,55,"Glyphosate",2014,2275.9,2275.9,"Dare County","NC"
37,57,"Paraquat",2014,1627.4,2452.8,"Davidson County","NC"
37,57,"2,4-D",2014,2223,3193.8,"Davidson County","NC"
37,57,"Chlorpyrifos",2014,4.6,845.1,"Davidson County","NC"
37,57,"Glyphosate",2014,8602.3,8611.4,"Davidson County","NC"
37,59,"Paraquat",2014,1689.8,2466.8,"Davie County","NC"
37,59,"Chlorpyrifos",2014,0.3,719.5,"Davie County","NC"
37,59,"Glyphosate",2014,8225.8,8228.4,"Davie County","NC"
37,59,"2,4-D",2014,2071.2,2912.7,"Davie County","NC"
37,61,"Paraquat",2014,2669.5,3662.7,"Duplin County","NC"
37,61,"2,4-D",2014,1311,1744.3,"Duplin County","NC"
37,61,"Chlorpyrifos",2014,613.2,4486.9,"Duplin County","NC"
37,61,"Glyphosate",2014,49609.7,51183.9,"Duplin County","NC"
37,63,"Paraquat",2014,110.1,110.7,"Durham County","NC"
37,63,"2,4-D",2014,249.9,390,"Durham County","NC"
37,63,"Glyphosate",2014,889.9,931.3,"Durham County","NC"
37,63,"Malathion",2014,0.6,0.6,"Durham County","NC"
37,63,"Chlorpyrifos",2014,10.2,82,"Durham County","NC"
37,65,"Paraquat",2014,8926.5,8955,"Edgecombe County","NC"
37,65,"Glyphosate",2014,71541.8,71545,"Edgecombe County","NC"
37,65,"Chlorpyrifos",2014,1992.3,4093.9,"Edgecombe County","NC"
37,65,"2,4-D",2014,13300.5,13516.6,"Edgecombe County","NC"
37,67,"Paraquat",2014,180.4,192.7,"Forsyth County","NC"
37,67,"Chlorpyrifos",2014,35.5,230.9,"Forsyth County","NC"
37,67,"2,4-D",2014,455.6,974.5,"Forsyth County","NC"
37,67,"Glyphosate",2014,3033.2,3110.2,"Forsyth County","NC"
37,67,"Malathion",2014,3.6,3.6,"Forsyth County","NC"
37,69,"Chlorpyrifos",2014,152.5,902.2,"Franklin County","NC"
37,69,"Paraquat",2014,641.3,649.4,"Franklin County","NC"
37,69,"Malathion",2014,8.9,8.9,"Franklin County","NC"
37,69,"2,4-D",2014,1489.3,4053.6,"Franklin County","NC"
37,69,"Glyphosate",2014,14334.6,14726.1,"Franklin County","NC"
37,7,"Chlorpyrifos",2014,1.1,966.8,"Anson County","NC"
37,7,"2,4-D",2014,3285.1,3399,"Anson County","NC"
37,7,"Glyphosate",2014,15657.4,15657.5,"Anson County","NC"
37,7,"Paraquat",2014,4740.7,4740.7,"Anson County","NC"
37,71,"Paraquat",2014,1466,1466.1,"Gaston County","NC"
37,71,"Chlorpyrifos",2014,6.2,182.8,"Gaston County","NC"
37,71,"Glyphosate",2014,3101.4,3101.6,"Gaston County","NC"
37,71,"2,4-D",2014,2321.1,2321.2,"Gaston County","NC"
37,73,"Chlorpyrifos",2014,231.7,1190.7,"Gates County","NC"
37,73,"Paraquat",2014,4001.5,4003.7,"Gates County","NC"
37,73,"Glyphosate",2014,32605.9,32607.5,"Gates County","NC"
37,73,"2,4-D",2014,5770.8,5852.2,"Gates County","NC"
37,75,"Glyphosate",2014,11,18.7,"Graham County","NC"
37,75,"Chlorpyrifos",2014,3.4,3.6,"Graham County","NC"
37,75,"2,4-D",2014,130.6,138.3,"Graham County","NC"
37,75,"Paraquat",2014,0.4,111,"Graham County","NC"
37,77,"Paraquat",2014,494.3,502.4,"Granville County","NC"
37,77,"Chlorpyrifos",2014,125.4,361,"Granville County","NC"
37,77,"2,4-D",2014,1335.4,1950.5,"Granville County","NC"
37,77,"Malathion",2014,2.1,2.1,"Granville County","NC"
37,77,"Glyphosate",2014,4787,5035.7,"Granville County","NC"
37,79,"Paraquat",2014,3605,3634.6,"Greene County","NC"
37,79,"2,4-D",2014,10805.5,10821.1,"Greene County","NC"
37,79,"Chlorpyrifos",2014,1462.6,3157.4,"Greene County","NC"
37,79,"Glyphosate",2014,34506.5,34654.4,"Greene County","NC"
37,81,"Chlorpyrifos",2014,87.3,706.4,"Guilford County","NC"
37,81,"Malathion",2014,1.5,1.5,"Guilford County","NC"
37,81,"2,4-D",2014,1415,2998.6,"Guilford County","NC"
37,81,"Paraquat",2014,812.9,821,"Guilford County","NC"
37,81,"Glyphosate",2014,9653.3,9974.8,"Guilford County","NC"
37,83,"Paraquat",2014,10589,10630.3,"Halifax County","NC"
37,83,"Chlorpyrifos",2014,1213.5,2418.9,"Halifax County","NC"
37,83,"2,4-D",2014,16164,16409,"Halifax County","NC"
37,83,"Glyphosate",2014,80052.2,80054.4,"Halifax County","NC"
37,85,"Paraquat",2014,1161,1836.4,"Harnett County","NC"
37,85,"2,4-D",2014,909.5,1068.5,"Harnett County","NC"
37,85,"Chlorpyrifos",2014,816.4,2018,"Harnett County","NC"
37,85,"Glyphosate",2014,22236.4,23110.8,"Harnett County","NC"
37,87,"Paraquat",2014,2.8,1301.5,"Haywood County","NC"
37,87,"Chlorpyrifos",2014,137.2,195.3,"Haywood County","NC"
37,87,"2,4-D",2014,1423.8,1717.9,"Haywood County","NC"
37,87,"Glyphosate",2014,1751.1,1862.1,"Haywood County","NC"
37,89,"Chlorpyrifos",2014,1117.9,1236.5,"Henderson County","NC"
37,89,"Paraquat",2014,223.5,777.8,"Henderson County","NC"
37,89,"2,4-D",2014,404,3449.7,"Henderson County","NC"
37,89,"Glyphosate",2014,5978.3,6057.3,"Henderson County","NC"
37,9,"Glyphosate",2014,160.3,203.5,"Ashe County","NC"
37,9,"2,4-D",2014,2749.6,2767.5,"Ashe County","NC"
37,9,"Chlorpyrifos",2014,27,98.7,"Ashe County","NC"
37,9,"Paraquat",2014,7.2,35.9,"Ashe County","NC"
37,91,"Malathion",2014,26.1,26.1,"Hertford County","NC"
37,91,"Paraquat",2014,3882.5,3898.3,"Hertford County","NC"
37,91,"Glyphosate",2014,31315.3,31316,"Hertford County","NC"
37,91,"2,4-D",2014,5806.5,5933.8,"Hertford County","NC"
37,91,"Chlorpyrifos",2014,938.4,1854.3,"Hertford County","NC"
37,93,"Chlorpyrifos",2014,41.6,765.1,"Hoke County","NC"
37,93,"Paraquat",2014,512.8,638,"Hoke County","NC"
37,93,"2,4-D",2014,655.1,672.8,"Hoke County","NC"
37,93,"Glyphosate",2014,16226.3,16459.6,"Hoke County","NC"
37,95,"Chlorpyrifos",2014,123.3,2942.2,"Hyde County","NC"
37,95,"2,4-D",2014,11477.2,11494.5,"Hyde County","NC"
37,95,"Paraquat",2014,3922.4,3929.5,"Hyde County","NC"
37,95,"Glyphosate",2014,54547.1,54746.1,"Hyde County","NC"
37,97,"2,4-D",2014,5302.2,7088.1,"Iredell County","NC"
37,97,"Glyphosate",2014,19296.7,19310.1,"Iredell County","NC"
37,97,"Chlorpyrifos",2014,3,1584.6,"Iredell County","NC"
37,97,"Paraquat",2014,3860.3,5828.1,"Iredell County","NC"
37,99,"Paraquat",2014,NA,235.9,"Jackson County","NC"
37,99,"Chlorpyrifos",2014,0.4,5.5,"Jackson County","NC"
37,99,"2,4-D",2014,269.9,292.4,"Jackson County","NC"
37,99,"Glyphosate",2014,147.6,164.9,"Jackson County","NC"
38,1,"Glyphosate",2014,75733.5,76666.4,"Adams County","ND"
38,1,"2,4-D",2014,30350.9,30540.3,"Adams County","ND"
38,1,"Chlorpyrifos",2014,187,516,"Adams County","ND"
38,1,"Paraquat",2014,NA,1061.7,"Adams County","ND"
38,101,"Chlorpyrifos",2014,14331.6,16154.1,"Ward County","ND"
38,101,"Paraquat",2014,802.8,6926.3,"Ward County","ND"
38,101,"Glyphosate",2014,117452.7,117611.4,"Ward County","ND"
38,101,"2,4-D",2014,14105.7,14630.7,"Ward County","ND"
38,103,"Chlorpyrifos",2014,1829,2983.3,"Wells County","ND"
38,103,"Glyphosate",2014,132187.1,133178.2,"Wells County","ND"
38,103,"Paraquat",2014,NA,4877.1,"Wells County","ND"
38,103,"2,4-D",2014,7511.8,8255.8,"Wells County","ND"
38,105,"2,4-D",2014,14295.2,14933.1,"Williams County","ND"
38,105,"Chlorpyrifos",2014,15102.3,16227.3,"Williams County","ND"
38,105,"Glyphosate",2014,112646.8,112831.9,"Williams County","ND"
38,105,"Paraquat",2014,2936.8,10017.3,"Williams County","ND"
38,11,"Chlorpyrifos",2014,88.6,392.9,"Bowman County","ND"
38,11,"2,4-D",2014,19627.9,19924.4,"Bowman County","ND"
38,11,"Glyphosate",2014,53264.1,54960.5,"Bowman County","ND"
38,11,"Paraquat",2014,NA,512.4,"Bowman County","ND"
38,13,"Chlorpyrifos",2014,7236.5,8136.2,"Burke County","ND"
38,13,"2,4-D",2014,7663.3,7827.6,"Burke County","ND"
38,13,"Glyphosate",2014,56196.6,56369.2,"Burke County","ND"
38,13,"Paraquat",2014,657.6,3847.2,"Burke County","ND"
38,15,"Chlorpyrifos",2014,507.8,3040.4,"Burleigh County","ND"
38,15,"Glyphosate",2014,221471.3,221481,"Burleigh County","ND"
38,15,"2,4-D",2014,3327.5,4835.9,"Burleigh County","ND"
38,15,"Paraquat",2014,NA,1536.6,"Burleigh County","ND"
38,17,"Paraquat",2014,4096.9,4131.9,"Cass County","ND"
38,17,"Chlorpyrifos",2014,46971.6,47866.8,"Cass County","ND"
38,17,"2,4-D",2014,3116.9,12750.3,"Cass County","ND"
38,17,"Glyphosate",2014,551436.3,551974.4,"Cass County","ND"
38,19,"Chlorpyrifos",2014,35162.7,35213.2,"Cavalier County","ND"
38,19,"2,4-D",2014,9897,10610.9,"Cavalier County","ND"
38,19,"Paraquat",2014,92.3,6703.8,"Cavalier County","ND"
38,19,"Glyphosate",2014,153218.4,155129.9,"Cavalier County","ND"
38,21,"Chlorpyrifos",2014,4317.3,5125.9,"Dickey County","ND"
38,21,"Paraquat",2014,77.6,1366,"Dickey County","ND"
38,21,"2,4-D",2014,2137,3602.7,"Dickey County","ND"
38,21,"Glyphosate",2014,209069.4,209445,"Dickey County","ND"
38,23,"Chlorpyrifos",2014,8360.1,9011.3,"Divide County","ND"
38,23,"Paraquat",2014,1873.2,5585.6,"Divide County","ND"
38,23,"2,4-D",2014,7475.7,7883.4,"Divide County","ND"
38,23,"Glyphosate",2014,60038.5,60145.5,"Divide County","ND"
38,25,"Chlorpyrifos",2014,1935.9,3115.6,"Dunn County","ND"
38,25,"Paraquat",2014,1424.7,4301,"Dunn County","ND"
38,25,"2,4-D",2014,8413.5,9196.9,"Dunn County","ND"
38,25,"Glyphosate",2014,63560.4,67009.6,"Dunn County","ND"
38,27,"2,4-D",2014,2343.3,2699.9,"Eddy County","ND"
38,27,"Chlorpyrifos",2014,414.9,3099.5,"Eddy County","ND"
38,27,"Paraquat",2014,NA,1203.1,"Eddy County","ND"
38,27,"Glyphosate",2014,43383.9,44801.4,"Eddy County","ND"
38,29,"Chlorpyrifos",2014,1185.5,3461.9,"Emmons County","ND"
38,29,"2,4-D",2014,3292.7,5543.2,"Emmons County","ND"
38,29,"Paraquat",2014,NA,3152.8,"Emmons County","ND"
38,29,"Glyphosate",2014,581242.8,581244.1,"Emmons County","ND"
38,3,"Glyphosate",2014,387233.9,387930.5,"Barnes County","ND"
38,3,"2,4-D",2014,3903.6,10461.1,"Barnes County","ND"
38,3,"Chlorpyrifos",2014,34246.3,34898.4,"Barnes County","ND"
38,3,"Paraquat",2014,2714.6,2747.1,"Barnes County","ND"
38,31,"Chlorpyrifos",2014,631.7,1594.1,"Foster County","ND"
38,31,"2,4-D",2014,4450,4652.7,"Foster County","ND"
38,31,"Paraquat",2014,NA,1737.6,"Foster County","ND"
38,31,"Glyphosate",2014,73931,74962.5,"Foster County","ND"
38,33,"Paraquat",2014,NA,770,"Golden Valley County","ND"
38,33,"Chlorpyrifos",2014,75.4,577.8,"Golden Valley County","ND"
38,33,"2,4-D",2014,12202.5,12308.7,"Golden Valley County","ND"
38,33,"Glyphosate",2014,40199.9,40940.3,"Golden Valley County","ND"
38,35,"Paraquat",2014,730.5,4702.6,"Grand Forks County","ND"
38,35,"2,4-D",2014,4412.8,11041.3,"Grand Forks County","ND"
38,35,"Chlorpyrifos",2014,21237.2,21586.9,"Grand Forks County","ND"
38,35,"Glyphosate",2014,296079.6,296313.9,"Grand Forks County","ND"
38,37,"Paraquat",2014,NA,2298,"Grant County","ND"
38,37,"2,4-D",2014,4197.4,5604.5,"Grant County","ND"
38,37,"Chlorpyrifos",2014,862.4,4321.9,"Grant County","ND"
38,37,"Glyphosate",2014,102886.8,102910.5,"Grant County","ND"
38,39,"Paraquat",2014,944.2,975.8,"Griggs County","ND"
38,39,"2,4-D",2014,2317.1,5098.3,"Griggs County","ND"
38,39,"Chlorpyrifos",2014,12387.5,12815.2,"Griggs County","ND"
38,39,"Glyphosate",2014,133649.5,134237.5,"Griggs County","ND"
38,41,"Paraquat",2014,NA,1466,"Hettinger County","ND"
38,41,"2,4-D",2014,42106.8,42330.3,"Hettinger County","ND"
38,41,"Chlorpyrifos",2014,271.9,900.7,"Hettinger County","ND"
38,41,"Glyphosate",2014,106917.3,107396.9,"Hettinger County","ND"
38,43,"Paraquat",2014,NA,2001.7,"Kidder County","ND"
38,43,"2,4-D",2014,4164.6,4995.1,"Kidder County","ND"
38,43,"Glyphosate",2014,43174.6,46918.8,"Kidder County","ND"
38,43,"Chlorpyrifos",2014,763.3,12714.1,"Kidder County","ND"
38,45,"Paraquat",2014,164.7,1886.7,"LaMoure County","ND"
38,45,"Glyphosate",2014,283547.1,283848.1,"LaMoure County","ND"
38,45,"2,4-D",2014,3387.1,5191.9,"LaMoure County","ND"
38,45,"Chlorpyrifos",2014,5729.3,6458,"LaMoure County","ND"
38,47,"Paraquat",2014,NA,818.9,"Logan County","ND"
38,47,"2,4-D",2014,2395.1,3703.2,"Logan County","ND"
38,47,"Glyphosate",2014,99864.9,100457.4,"Logan County","ND"
38,47,"Chlorpyrifos",2014,2179.1,3281.8,"Logan County","ND"
38,49,"Glyphosate",2014,64412.1,64429.4,"McHenry County","ND"
38,49,"2,4-D",2014,5878.7,8199.7,"McHenry County","ND"
38,49,"Paraquat",2014,2820.8,3365,"McHenry County","ND"
38,49,"Chlorpyrifos",2014,1362.6,11858.5,"McHenry County","ND"
38,5,"Glyphosate",2014,78985.1,78990.5,"Benson County","ND"
38,5,"2,4-D",2014,4314.3,6551.1,"Benson County","ND"
38,5,"Chlorpyrifos",2014,634.7,5319.3,"Benson County","ND"
38,5,"Paraquat",2014,2330.9,2909.4,"Benson County","ND"
38,51,"Paraquat",2014,9.8,1146.5,"McIntosh County","ND"
38,51,"Chlorpyrifos",2014,2743.8,4395.1,"McIntosh County","ND"
38,51,"2,4-D",2014,3733.3,5524.6,"McIntosh County","ND"
38,51,"Glyphosate",2014,103039.9,103736.5,"McIntosh County","ND"
38,53,"Paraquat",2014,45.8,3844.5,"McKenzie County","ND"
38,53,"2,4-D",2014,6056.9,7148.8,"McKenzie County","ND"
38,53,"Glyphosate",2014,75083.6,77347.2,"McKenzie County","ND"
38,53,"Chlorpyrifos",2014,283.2,1461.7,"McKenzie County","ND"
38,55,"2,4-D",2014,18304.5,19560.4,"McLean County","ND"
38,55,"Paraquat",2014,2191.1,8478.5,"McLean County","ND"
38,55,"Glyphosate",2014,181193.6,186120.1,"McLean County","ND"
38,55,"Chlorpyrifos",2014,3224.7,5541.8,"McLean County","ND"
38,57,"2,4-D",2014,1586.6,2078.9,"Mercer County","ND"
38,57,"Glyphosate",2014,45202.3,45795.9,"Mercer County","ND"
38,57,"Chlorpyrifos",2014,1179.5,1598.9,"Mercer County","ND"
38,57,"Paraquat",2014,847.6,2367.3,"Mercer County","ND"
38,59,"2,4-D",2014,5235.3,6684.2,"Morton County","ND"
38,59,"Glyphosate",2014,137860,137888.8,"Morton County","ND"
38,59,"Paraquat",2014,NA,1831.4,"Morton County","ND"
38,59,"Chlorpyrifos",2014,682.2,4017,"Morton County","ND"
38,61,"Glyphosate",2014,96598.8,96889.9,"Mountrail County","ND"
38,61,"2,4-D",2014,13091,13437.5,"Mountrail County","ND"
38,61,"Paraquat",2014,1472.6,6856.3,"Mountrail County","ND"
38,61,"Chlorpyrifos",2014,12172.4,13663.1,"Mountrail County","ND"
38,63,"2,4-D",2014,3113.7,4867.1,"Nelson County","ND"
38,63,"Glyphosate",2014,155242.2,156051.2,"Nelson County","ND"
38,63,"Paraquat",2014,132.4,2812.7,"Nelson County","ND"
38,63,"Chlorpyrifos",2014,17396.3,17510.9,"Nelson County","ND"
38,65,"Glyphosate",2014,44420.3,44791.6,"Oliver County","ND"
38,65,"2,4-D",2014,941.2,1425.9,"Oliver County","ND"
38,65,"Paraquat",2014,1024.1,2318.9,"Oliver County","ND"
38,65,"Chlorpyrifos",2014,1387.9,1749.1,"Oliver County","ND"
38,67,"2,4-D",2014,5924.6,9867.6,"Pembina County","ND"
38,67,"Glyphosate",2014,233034.8,233713.8,"Pembina County","ND"
38,67,"Chlorpyrifos",2014,25780.3,26221.1,"Pembina County","ND"
38,67,"Paraquat",2014,1151.8,5514.2,"Pembina County","ND"
38,69,"2,4-D",2014,4367.2,6319.9,"Pierce County","ND"
38,69,"Glyphosate",2014,58537.3,58541.1,"Pierce County","ND"
38,69,"Paraquat",2014,2185.8,2555.1,"Pierce County","ND"
38,69,"Chlorpyrifos",2014,672.9,4943.8,"Pierce County","ND"
38,7,"Chlorpyrifos",2014,30,564,"Billings County","ND"
38,7,"Glyphosate",2014,13639.5,14458.3,"Billings County","ND"
38,7,"2,4-D",2014,5957.1,6056.2,"Billings County","ND"
38,7,"Paraquat",2014,NA,173.9,"Billings County","ND"
38,71,"Glyphosate",2014,178527.6,179325.6,"Ramsey County","ND"
38,71,"2,4-D",2014,4505.3,7127.4,"Ramsey County","ND"
38,71,"Chlorpyrifos",2014,17706.1,17834.1,"Ramsey County","ND"
38,71,"Paraquat",2014,162.2,3898.5,"Ramsey County","ND"
38,73,"Chlorpyrifos",2014,2810.6,3286.2,"Ransom County","ND"
38,73,"Paraquat",2014,184.1,1024,"Ransom County","ND"
38,73,"Glyphosate",2014,150548.4,150671.3,"Ransom County","ND"
38,73,"2,4-D",2014,1978.8,2896.7,"Ransom County","ND"
38,75,"Chlorpyrifos",2014,7437.4,7950.1,"Renville County","ND"
38,75,"Glyphosate",2014,89337.3,89363.6,"Renville County","ND"
38,75,"Paraquat",2014,4100.1,7188.9,"Renville County","ND"
38,75,"2,4-D",2014,8660.7,8837.8,"Renville County","ND"
38,77,"Chlorpyrifos",2014,6750.4,7985.8,"Richland County","ND"
38,77,"2,4-D",2014,2817.3,5276.2,"Richland County","ND"
38,77,"Paraquat",2014,132,2163.5,"Richland County","ND"
38,77,"Glyphosate",2014,361517.1,361652,"Richland County","ND"
38,79,"Glyphosate",2014,36618.1,36623.3,"Rolette County","ND"
38,79,"Chlorpyrifos",2014,948,5706,"Rolette County","ND"
38,79,"Paraquat",2014,1872.9,2306.3,"Rolette County","ND"
38,79,"2,4-D",2014,4864.3,5363.1,"Rolette County","ND"
38,81,"Glyphosate",2014,169506.8,169606,"Sargent County","ND"
38,81,"Chlorpyrifos",2014,3533.9,3898.2,"Sargent County","ND"
38,81,"2,4-D",2014,1785.6,2817,"Sargent County","ND"
38,81,"Paraquat",2014,63.7,1124,"Sargent County","ND"
38,83,"Chlorpyrifos",2014,1299,2931.9,"Sheridan County","ND"
38,83,"Glyphosate",2014,30912.3,32390.2,"Sheridan County","ND"
38,83,"Paraquat",2014,NA,2998.3,"Sheridan County","ND"
38,83,"2,4-D",2014,2840.7,3171.8,"Sheridan County","ND"
38,85,"2,4-D",2014,1010.1,1455.9,"Sioux County","ND"
38,85,"Paraquat",2014,NA,523.8,"Sioux County","ND"
38,85,"Glyphosate",2014,26686.1,26703.8,"Sioux County","ND"
38,85,"Chlorpyrifos",2014,199.7,1655.5,"Sioux County","ND"
38,87,"Glyphosate",2014,53712.5,54125,"Slope County","ND"
38,87,"Paraquat",2014,NA,291.7,"Slope County","ND"
38,87,"2,4-D",2014,22058,22159,"Slope County","ND"
38,87,"Chlorpyrifos",2014,76.7,205.3,"Slope County","ND"
38,89,"Chlorpyrifos",2014,241.2,1142.5,"Stark County","ND"
38,89,"Paraquat",2014,NA,845.4,"Stark County","ND"
38,89,"Glyphosate",2014,98212.8,99928.8,"Stark County","ND"
38,89,"2,4-D",2014,42454.8,42698.9,"Stark County","ND"
38,9,"Chlorpyrifos",2014,2909.4,6544.9,"Bottineau County","ND"
38,9,"Glyphosate",2014,88256.9,88261,"Bottineau County","ND"
38,9,"2,4-D",2014,9462.6,11051.3,"Bottineau County","ND"
38,9,"Paraquat",2014,5184.2,6848.6,"Bottineau County","ND"
38,91,"Chlorpyrifos",2014,15967.6,16646.4,"Steele County","ND"
38,91,"Glyphosate",2014,206758.7,207161,"Steele County","ND"
38,91,"2,4-D",2014,1854.4,6686.2,"Steele County","ND"
38,91,"Paraquat",2014,1290.5,1447.4,"Steele County","ND"
38,93,"Paraquat",2014,NA,5063.8,"Stutsman County","ND"
38,93,"2,4-D",2014,11983.5,12959.6,"Stutsman County","ND"
38,93,"Glyphosate",2014,250148.9,252017.9,"Stutsman County","ND"
38,93,"Chlorpyrifos",2014,2004.1,6525.6,"Stutsman County","ND"
38,95,"Chlorpyrifos",2014,25045.5,25115.3,"Towner County","ND"
38,95,"2,4-D",2014,6220.6,7324.8,"Towner County","ND"
38,95,"Glyphosate",2014,128892.9,129912.4,"Towner County","ND"
38,95,"Paraquat",2014,101.9,4532.1,"Towner County","ND"
38,97,"2,4-D",2014,2895.1,7595.7,"Traill County","ND"
38,97,"Chlorpyrifos",2014,19011.6,20744.2,"Traill County","ND"
38,97,"Glyphosate",2014,241801.5,242589.7,"Traill County","ND"
38,97,"Paraquat",2014,1589.7,1723.3,"Traill County","ND"
38,99,"Glyphosate",2014,187471.6,188248,"Walsh County","ND"
38,99,"Chlorpyrifos",2014,25469.1,25825.7,"Walsh County","ND"
38,99,"Paraquat",2014,1481.9,5803.7,"Walsh County","ND"
38,99,"2,4-D",2014,6215.9,9559.7,"Walsh County","ND"
39,1,"Malathion",2014,4,4,"Adams County","OH"
39,1,"Chlorpyrifos",2014,2.4,1059.6,"Adams County","OH"
39,1,"Paraquat",2014,121.1,786.2,"Adams County","OH"
39,1,"Glyphosate",2014,18454,18980.5,"Adams County","OH"
39,1,"2,4-D",2014,4180.2,4559.2,"Adams County","OH"
39,101,"Malathion",2014,11.5,19.9,"Marion County","OH"
39,101,"Paraquat",2014,3083.3,3083.3,"Marion County","OH"
39,101,"Glyphosate",2014,82185.8,82362.7,"Marion County","OH"
39,101,"2,4-D",2014,11071.8,11100.1,"Marion County","OH"
39,101,"Chlorpyrifos",2014,1822.9,3113.7,"Marion County","OH"
39,103,"Paraquat",2014,227.8,227.8,"Medina County","OH"
39,103,"Glyphosate",2014,19120.2,19258.1,"Medina County","OH"
39,103,"2,4-D",2014,1687.5,2058.9,"Medina County","OH"
39,103,"Chlorpyrifos",2014,7.9,286.4,"Medina County","OH"
39,105,"Glyphosate",2014,3674.9,3970.4,"Meigs County","OH"
39,105,"Paraquat",2014,231.8,236.7,"Meigs County","OH"
39,105,"Chlorpyrifos",2014,1.6,93.7,"Meigs County","OH"
39,105,"2,4-D",2014,641.3,1241.1,"Meigs County","OH"
39,107,"Malathion",2014,NA,8.6,"Mercer County","OH"
39,107,"2,4-D",2014,22958.9,23844.6,"Mercer County","OH"
39,107,"Glyphosate",2014,102671.7,103748.3,"Mercer County","OH"
39,107,"Chlorpyrifos",2014,NA,2146.6,"Mercer County","OH"
39,107,"Paraquat",2014,117.5,5206.2,"Mercer County","OH"
39,109,"Glyphosate",2014,77347.2,77881.6,"Miami County","OH"
39,109,"Malathion",2014,NA,12.9,"Miami County","OH"
39,109,"2,4-D",2014,17964.2,18352.3,"Miami County","OH"
39,109,"Paraquat",2014,113.3,2569.3,"Miami County","OH"
39,109,"Chlorpyrifos",2014,NA,1460.9,"Miami County","OH"
39,11,"Malathion",2014,NA,8.1,"Auglaize County","OH"
39,11,"Chlorpyrifos",2014,NA,1489.5,"Auglaize County","OH"
39,11,"2,4-D",2014,19980.9,20666.8,"Auglaize County","OH"
39,11,"Glyphosate",2014,84784.7,85227.4,"Auglaize County","OH"
39,11,"Paraquat",2014,107.7,3887.8,"Auglaize County","OH"
39,111,"Glyphosate",2014,639.5,1181.7,"Monroe County","OH"
39,111,"2,4-D",2014,9.4,892,"Monroe County","OH"
39,111,"Paraquat",2014,64.8,70.2,"Monroe County","OH"
39,111,"Chlorpyrifos",2014,0.3,34.3,"Monroe County","OH"
39,113,"Glyphosate",2014,60032.6,60197.7,"Montgomery County","OH"
39,113,"2,4-D",2014,11198.6,11253.2,"Montgomery County","OH"
39,113,"Malathion",2014,104.4,104.4,"Montgomery County","OH"
39,113,"Paraquat",2014,2.3,1146.4,"Montgomery County","OH"
39,113,"Chlorpyrifos",2014,NA,2701,"Montgomery County","OH"
39,115,"2,4-D",2014,187.2,1133.9,"Morgan County","OH"
39,115,"Chlorpyrifos",2014,3,135.9,"Morgan County","OH"
39,115,"Glyphosate",2014,2840.2,3446.6,"Morgan County","OH"
39,115,"Paraquat",2014,255.9,277.9,"Morgan County","OH"
39,117,"2,4-D",2014,7429.1,7505,"Morrow County","OH"
39,117,"Chlorpyrifos",2014,1442.3,2406.1,"Morrow County","OH"
39,117,"Glyphosate",2014,54912.2,55541.9,"Morrow County","OH"
39,117,"Malathion",2014,8.5,34.9,"Morrow County","OH"
39,117,"Paraquat",2014,3150.7,3150.7,"Morrow County","OH"
39,119,"Glyphosate",2014,20983.8,22359.7,"Muskingum County","OH"
39,119,"2,4-D",2014,3413.3,5431.9,"Muskingum County","OH"
39,119,"Chlorpyrifos",2014,2.1,576.3,"Muskingum County","OH"
39,119,"Paraquat",2014,1389.3,1670.2,"Muskingum County","OH"
39,121,"Glyphosate",2014,473.3,979.5,"Noble County","OH"
39,121,"2,4-D",2014,NA,785.9,"Noble County","OH"
39,121,"Paraquat",2014,50.6,57.2,"Noble County","OH"
39,121,"Chlorpyrifos",2014,1.2,29.9,"Noble County","OH"
39,123,"Glyphosate",2014,46634.2,46645.5,"Ottawa County","OH"
39,123,"2,4-D",2014,6328.2,6345.4,"Ottawa County","OH"
39,123,"Chlorpyrifos",2014,18.1,1000.9,"Ottawa County","OH"
39,123,"Paraquat",2014,29.9,1790.7,"Ottawa County","OH"
39,125,"Glyphosate",2014,94576.9,95323,"Paulding County","OH"
39,125,"2,4-D",2014,14973.1,14970.1,"Paulding County","OH"
39,125,"Chlorpyrifos",2014,39.3,636.2,"Paulding County","OH"
39,125,"Paraquat",2014,15.9,501.1,"Paulding County","OH"
39,127,"2,4-D",2014,3711.4,5096.3,"Perry County","OH"
39,127,"Chlorpyrifos",2014,0.1,557.5,"Perry County","OH"
39,127,"Glyphosate",2014,22132.2,22597.6,"Perry County","OH"
39,127,"Paraquat",2014,1436.9,1689.3,"Perry County","OH"
39,129,"Glyphosate",2014,96985.7,97262.2,"Pickaway County","OH"
39,129,"2,4-D",2014,12889.2,12962.5,"Pickaway County","OH"
39,129,"Chlorpyrifos",2014,2841.8,4264.9,"Pickaway County","OH"
39,129,"Paraquat",2014,4389.3,4389.3,"Pickaway County","OH"
39,129,"Malathion",2014,0.5,19.4,"Pickaway County","OH"
39,13,"Chlorpyrifos",2014,7.4,21.3,"Belmont County","OH"
39,13,"Paraquat",2014,6.9,207.9,"Belmont County","OH"
39,13,"2,4-D",2014,33.4,965.2,"Belmont County","OH"
39,13,"Glyphosate",2014,291.5,1109.6,"Belmont County","OH"
39,131,"Glyphosate",2014,10178.1,10376.8,"Pike County","OH"
39,131,"2,4-D",2014,2517.9,2669.6,"Pike County","OH"
39,131,"Chlorpyrifos",2014,1.3,629.1,"Pike County","OH"
39,131,"Malathion",2014,6.6,6.6,"Pike County","OH"
39,131,"Paraquat",2014,67.2,218.8,"Pike County","OH"
39,133,"2,4-D",2014,1154.6,1511.8,"Portage County","OH"
39,133,"Chlorpyrifos",2014,5.9,224.6,"Portage County","OH"
39,133,"Glyphosate",2014,13222.8,13349.1,"Portage County","OH"
39,133,"Paraquat",2014,158.8,158.8,"Portage County","OH"
39,135,"2,4-D",2014,23100.9,23204.6,"Preble County","OH"
39,135,"Glyphosate",2014,126639.5,126940.4,"Preble County","OH"
39,135,"Chlorpyrifos",2014,NA,5679.7,"Preble County","OH"
39,135,"Malathion",2014,262.4,262.4,"Preble County","OH"
39,135,"Paraquat",2014,1.4,2386.2,"Preble County","OH"
39,137,"Malathion",2014,0.4,0.4,"Putnam County","OH"
39,137,"Glyphosate",2014,113043.3,114297.5,"Putnam County","OH"
39,137,"2,4-D",2014,17879.3,17880.5,"Putnam County","OH"
39,137,"Paraquat",2014,11.5,594.8,"Putnam County","OH"
39,137,"Chlorpyrifos",2014,475.6,1274.1,"Putnam County","OH"
39,139,"2,4-D",2014,6451.2,6535.4,"Richland County","OH"
39,139,"Chlorpyrifos",2014,16.7,1472.8,"Richland County","OH"
39,139,"Glyphosate",2014,41570.4,41631.9,"Richland County","OH"
39,139,"Paraquat",2014,4.7,1844.9,"Richland County","OH"
39,141,"2,4-D",2014,7074.9,7277.7,"Ross County","OH"
39,141,"Malathion",2014,7.5,12.9,"Ross County","OH"
39,141,"Glyphosate",2014,52828,53431.6,"Ross County","OH"
39,141,"Chlorpyrifos",2014,1548,2437.7,"Ross County","OH"
39,141,"Paraquat",2014,2837.7,2837.7,"Ross County","OH"
39,143,"Glyphosate",2014,79407.7,79443,"Sandusky County","OH"
39,143,"Chlorpyrifos",2014,26.9,2450.3,"Sandusky County","OH"
39,143,"2,4-D",2014,11842.1,11885.1,"Sandusky County","OH"
39,143,"Paraquat",2014,18.9,3219,"Sandusky County","OH"
39,145,"Paraquat",2014,66,229.9,"Scioto County","OH"
39,145,"Glyphosate",2014,9968.1,10140,"Scioto County","OH"
39,145,"2,4-D",2014,2219.3,2403.4,"Scioto County","OH"
39,145,"Chlorpyrifos",2014,35.3,542.4,"Scioto County","OH"
39,145,"Malathion",2014,64.1,64.1,"Scioto County","OH"
39,147,"Chlorpyrifos",2014,3,3265.1,"Seneca County","OH"
39,147,"Glyphosate",2014,109375.8,109402.7,"Seneca County","OH"
39,147,"2,4-D",2014,17580.3,17606.2,"Seneca County","OH"
39,147,"Paraquat",2014,1.4,7053.9,"Seneca County","OH"
39,149,"Glyphosate",2014,85696.3,86350.4,"Shelby County","OH"
39,149,"2,4-D",2014,20219.2,20860.4,"Shelby County","OH"
39,149,"Chlorpyrifos",2014,NA,1455.7,"Shelby County","OH"
39,149,"Paraquat",2014,109.7,3692,"Shelby County","OH"
39,149,"Malathion",2014,NA,18.8,"Shelby County","OH"
39,15,"Chlorpyrifos",2014,6.5,2107.3,"Brown County","OH"
39,15,"Malathion",2014,10.9,10.9,"Brown County","OH"
39,15,"2,4-D",2014,10648.2,10934.6,"Brown County","OH"
39,15,"Paraquat",2014,344.6,731.5,"Brown County","OH"
39,15,"Glyphosate",2014,52811.3,53170,"Brown County","OH"
39,151,"Glyphosate",2014,23146,23452.5,"Stark County","OH"
39,151,"Paraquat",2014,271.3,271.3,"Stark County","OH"
39,151,"2,4-D",2014,1996.4,2811.8,"Stark County","OH"
39,151,"Chlorpyrifos",2014,8.2,411.5,"Stark County","OH"
39,153,"Glyphosate",2014,1580.7,1598.2,"Summit County","OH"
39,153,"Paraquat",2014,27.7,27.7,"Summit County","OH"
39,153,"2,4-D",2014,129.1,196,"Summit County","OH"
39,153,"Chlorpyrifos",2014,3.4,55.4,"Summit County","OH"
39,155,"Paraquat",2014,209.8,209.8,"Trumbull County","OH"
39,155,"Glyphosate",2014,18990.8,19146.2,"Trumbull County","OH"
39,155,"2,4-D",2014,1666.5,2103.5,"Trumbull County","OH"
39,155,"Chlorpyrifos",2014,2.8,296.7,"Trumbull County","OH"
39,157,"Glyphosate",2014,19090.6,19844,"Tuscarawas County","OH"
39,157,"Paraquat",2014,7.2,900.1,"Tuscarawas County","OH"
39,157,"2,4-D",2014,2445.7,3018.6,"Tuscarawas County","OH"
39,157,"Chlorpyrifos",2014,9,695.3,"Tuscarawas County","OH"
39,159,"Malathion",2014,NA,29.2,"Union County","OH"
39,159,"Paraquat",2014,3539.3,3539.3,"Union County","OH"
39,159,"Glyphosate",2014,79079.5,79612.2,"Union County","OH"
39,159,"2,4-D",2014,10711.7,10771,"Union County","OH"
39,159,"Chlorpyrifos",2014,1749.7,3090.8,"Union County","OH"
39,161,"Glyphosate",2014,104705.1,105182.8,"Van Wert County","OH"
39,161,"Paraquat",2014,14.2,561.3,"Van Wert County","OH"
39,161,"2,4-D",2014,16164.5,16166,"Van Wert County","OH"
39,161,"Chlorpyrifos",2014,403.6,1070.2,"Van Wert County","OH"
39,163,"Glyphosate",2014,2406.2,2449,"Vinton County","OH"
39,163,"Paraquat",2014,160.9,165.1,"Vinton County","OH"
39,163,"Chlorpyrifos",2014,0,63.9,"Vinton County","OH"
39,163,"2,4-D",2014,383.9,646.2,"Vinton County","OH"
39,165,"Malathion",2014,139.6,139.6,"Warren County","OH"
39,165,"Glyphosate",2014,49927,50090.5,"Warren County","OH"
39,165,"Paraquat",2014,3.1,926.9,"Warren County","OH"
39,165,"Chlorpyrifos",2014,NA,2241,"Warren County","OH"
39,165,"2,4-D",2014,9674.4,9797,"Warren County","OH"
39,167,"Glyphosate",2014,10374.5,11014.7,"Washington County","OH"
39,167,"Paraquat",2014,712.3,927.4,"Washington County","OH"
39,167,"2,4-D",2014,1589.6,2951.9,"Washington County","OH"
39,167,"Chlorpyrifos",2014,4.7,296.1,"Washington County","OH"
39,169,"Glyphosate",2014,39791.6,40244.7,"Wayne County","OH"
39,169,"Paraquat",2014,461.6,461.6,"Wayne County","OH"
39,169,"Chlorpyrifos",2014,12.1,742.1,"Wayne County","OH"
39,169,"2,4-D",2014,3537.6,4781.3,"Wayne County","OH"
39,17,"Paraquat",2014,1.4,1174.7,"Butler County","OH"
39,17,"Chlorpyrifos",2014,NA,2366.3,"Butler County","OH"
39,17,"2,4-D",2014,9725.4,9871.4,"Butler County","OH"
39,17,"Malathion",2014,98.2,98.2,"Butler County","OH"
39,17,"Glyphosate",2014,51680.1,51910.2,"Butler County","OH"
39,171,"Glyphosate",2014,72786,73641.3,"Williams County","OH"
39,171,"Malathion",2014,0.2,0.2,"Williams County","OH"
39,171,"Paraquat",2014,6.9,384.5,"Williams County","OH"
39,171,"Chlorpyrifos",2014,287.2,872.3,"Williams County","OH"
39,171,"2,4-D",2014,11404.3,11407,"Williams County","OH"
39,173,"Glyphosate",2014,130953.7,131741.9,"Wood County","OH"
39,173,"Malathion",2014,0.4,0.4,"Wood County","OH"
39,173,"Chlorpyrifos",2014,125.3,1022.8,"Wood County","OH"
39,173,"Paraquat",2014,14.8,704.6,"Wood County","OH"
39,173,"2,4-D",2014,20212.8,20223.8,"Wood County","OH"
39,175,"2,4-D",2014,13201.3,13217.8,"Wyandot County","OH"
39,175,"Glyphosate",2014,86439.7,86451.7,"Wyandot County","OH"
39,175,"Chlorpyrifos",2014,NA,2693,"Wyandot County","OH"
39,175,"Paraquat",2014,NA,3708,"Wyandot County","OH"
39,19,"2,4-D",2014,1192.2,1592.1,"Carroll County","OH"
39,19,"Chlorpyrifos",2014,5.1,278.2,"Carroll County","OH"
39,19,"Paraquat",2014,4.6,375.5,"Carroll County","OH"
39,19,"Glyphosate",2014,8851.5,9874.5,"Carroll County","OH"
39,21,"Paraquat",2014,126.9,2462.2,"Champaign County","OH"
39,21,"2,4-D",2014,20482.6,20800.4,"Champaign County","OH"
39,21,"Malathion",2014,NA,33.2,"Champaign County","OH"
39,21,"Chlorpyrifos",2014,NA,1738.3,"Champaign County","OH"
39,21,"Glyphosate",2014,89147.3,89743.3,"Champaign County","OH"
39,23,"Malathion",2014,NA,23.7,"Clark County","OH"
39,23,"Paraquat",2014,79.9,1475.3,"Clark County","OH"
39,23,"Chlorpyrifos",2014,NA,1189.6,"Clark County","OH"
39,23,"2,4-D",2014,14918.2,15088,"Clark County","OH"
39,23,"Glyphosate",2014,64853.2,65205.3,"Clark County","OH"
39,25,"Chlorpyrifos",2014,NA,1989.8,"Clermont County","OH"
39,25,"Paraquat",2014,0.6,585.5,"Clermont County","OH"
39,25,"Malathion",2014,75,75,"Clermont County","OH"
39,25,"2,4-D",2014,9254.1,9389.2,"Clermont County","OH"
39,25,"Glyphosate",2014,45569.1,45678,"Clermont County","OH"
39,27,"Chlorpyrifos",2014,NA,6003.6,"Clinton County","OH"
39,27,"Malathion",2014,215.3,215.3,"Clinton County","OH"
39,27,"Paraquat",2014,0.6,1921,"Clinton County","OH"
39,27,"2,4-D",2014,26459.7,26523.1,"Clinton County","OH"
39,27,"Glyphosate",2014,138265.4,138415.2,"Clinton County","OH"
39,29,"Paraquat",2014,218.7,218.7,"Columbiana County","OH"
39,29,"Glyphosate",2014,17600.6,17909.8,"Columbiana County","OH"
39,29,"2,4-D",2014,1551.2,2403.9,"Columbiana County","OH"
39,29,"Chlorpyrifos",2014,7.6,325.3,"Columbiana County","OH"
39,3,"Malathion",2014,0.2,0.2,"Allen County","OH"
39,3,"Glyphosate",2014,78618.6,79047.8,"Allen County","OH"
39,3,"2,4-D",2014,11898,11903.5,"Allen County","OH"
39,3,"Chlorpyrifos",2014,308.2,896.3,"Allen County","OH"
39,3,"Paraquat",2014,5.9,428.2,"Allen County","OH"
39,31,"Glyphosate",2014,23200.4,24435.3,"Coshocton County","OH"
39,31,"Paraquat",2014,3.9,926.7,"Coshocton County","OH"
39,31,"2,4-D",2014,2994.4,3730.5,"Coshocton County","OH"
39,31,"Chlorpyrifos",2014,3.9,816.7,"Coshocton County","OH"
39,33,"Glyphosate",2014,83119.3,83137.4,"Crawford County","OH"
39,33,"2,4-D",2014,13040.5,13061.4,"Crawford County","OH"
39,33,"Paraquat",2014,NA,4064.6,"Crawford County","OH"
39,33,"Chlorpyrifos",2014,1.6,2798.9,"Crawford County","OH"
39,35,"2,4-D",2014,0.5,11.9,"Cuyahoga County","OH"
39,35,"Paraquat",2014,0.2,0.2,"Cuyahoga County","OH"
39,35,"Glyphosate",2014,4.2,6.6,"Cuyahoga County","OH"
39,35,"Chlorpyrifos",2014,0,0.1,"Cuyahoga County","OH"
39,37,"Paraquat",2014,168.1,5690.4,"Darke County","OH"
39,37,"2,4-D",2014,31959.7,32880.3,"Darke County","OH"
39,37,"Malathion",2014,NA,22.3,"Darke County","OH"
39,37,"Glyphosate",2014,139531.2,140517.3,"Darke County","OH"
39,37,"Chlorpyrifos",2014,NA,2620.7,"Darke County","OH"
39,39,"Glyphosate",2014,82484.7,83180.7,"Defiance County","OH"
39,39,"2,4-D",2014,13137.8,13142.1,"Defiance County","OH"
39,39,"Paraquat",2014,8.7,425.9,"Defiance County","OH"
39,39,"Chlorpyrifos",2014,41.5,586.8,"Defiance County","OH"
39,41,"2,4-D",2014,7209,7260.8,"Delaware County","OH"
39,41,"Malathion",2014,7.8,17.5,"Delaware County","OH"
39,41,"Glyphosate",2014,53708.6,54031.4,"Delaware County","OH"
39,41,"Paraquat",2014,1921.8,1921.8,"Delaware County","OH"
39,41,"Chlorpyrifos",2014,1260.1,2148.5,"Delaware County","OH"
39,43,"Glyphosate",2014,31625.1,31654.8,"Erie County","OH"
39,43,"2,4-D",2014,5102.3,5115.8,"Erie County","OH"
39,43,"Chlorpyrifos",2014,41.5,1125,"Erie County","OH"
39,43,"Paraquat",2014,24.5,1964.5,"Erie County","OH"
39,45,"Malathion",2014,8.3,102.3,"Fairfield County","OH"
39,45,"Glyphosate",2014,58182.5,58827.8,"Fairfield County","OH"
39,45,"Paraquat",2014,3039.1,3039.1,"Fairfield County","OH"
39,45,"Chlorpyrifos",2014,1907.9,2865.7,"Fairfield County","OH"
39,45,"2,4-D",2014,7715.5,7854.3,"Fairfield County","OH"
39,47,"Malathion",2014,12.3,35.4,"Fayette County","OH"
39,47,"Paraquat",2014,2984.8,2984.8,"Fayette County","OH"
39,47,"2,4-D",2014,12430.9,12477,"Fayette County","OH"
39,47,"Chlorpyrifos",2014,2520.4,3910.1,"Fayette County","OH"
39,47,"Glyphosate",2014,93712.9,93892.3,"Fayette County","OH"
39,49,"2,4-D",2014,2947.2,2973.3,"Franklin County","OH"
39,49,"Malathion",2014,0.9,19.8,"Franklin County","OH"
39,49,"Glyphosate",2014,21683.9,21815,"Franklin County","OH"
39,49,"Chlorpyrifos",2014,488,850.6,"Franklin County","OH"
39,49,"Paraquat",2014,1087.4,1087.4,"Franklin County","OH"
39,5,"Glyphosate",2014,38414.5,38485.4,"Ashland County","OH"
39,5,"Chlorpyrifos",2014,6.1,1246.6,"Ashland County","OH"
39,5,"2,4-D",2014,5872.7,5971.6,"Ashland County","OH"
39,5,"Paraquat",2014,6.6,1874.9,"Ashland County","OH"
39,51,"Glyphosate",2014,82820.9,83311.1,"Fulton County","OH"
39,51,"Malathion",2014,0,0,"Fulton County","OH"
39,51,"2,4-D",2014,12246.3,12258.1,"Fulton County","OH"
39,51,"Paraquat",2014,45.9,509.2,"Fulton County","OH"
39,51,"Chlorpyrifos",2014,265.5,928.5,"Fulton County","OH"
39,53,"2,4-D",2014,749.8,1165.8,"Gallia County","OH"
39,53,"Chlorpyrifos",2014,3.4,235,"Gallia County","OH"
39,53,"Paraquat",2014,19.5,196,"Gallia County","OH"
39,53,"Malathion",2014,5.6,5.6,"Gallia County","OH"
39,53,"Glyphosate",2014,2985.6,3228.5,"Gallia County","OH"
39,55,"Chlorpyrifos",2014,6.6,73.6,"Geauga County","OH"
39,55,"Paraquat",2014,58.5,58.5,"Geauga County","OH"
39,55,"2,4-D",2014,302.2,593.8,"Geauga County","OH"
39,55,"Glyphosate",2014,3741.6,3810.6,"Geauga County","OH"
39,57,"Paraquat",2014,1.1,1811.3,"Greene County","OH"
39,57,"2,4-D",2014,18549,18639.4,"Greene County","OH"
39,57,"Malathion",2014,78.9,78.9,"Greene County","OH"
39,57,"Glyphosate",2014,100480.4,100632.1,"Greene County","OH"
39,57,"Chlorpyrifos",2014,NA,4421.9,"Greene County","OH"
39,59,"Glyphosate",2014,4346,5026.6,"Guernsey County","OH"
39,59,"Paraquat",2014,267.3,283.9,"Guernsey County","OH"
39,59,"2,4-D",2014,793,1930.9,"Guernsey County","OH"
39,59,"Chlorpyrifos",2014,0.5,112.3,"Guernsey County","OH"
39,61,"Paraquat",2014,0.9,80.8,"Hamilton County","OH"
39,61,"Glyphosate",2014,6131.4,6196.2,"Hamilton County","OH"
39,61,"2,4-D",2014,1109.6,1163.7,"Hamilton County","OH"
39,61,"Malathion",2014,49.3,49.3,"Hamilton County","OH"
39,61,"Chlorpyrifos",2014,NA,317.1,"Hamilton County","OH"
39,63,"Paraquat",2014,12.5,619.4,"Hancock County","OH"
39,63,"Malathion",2014,0.4,0.4,"Hancock County","OH"
39,63,"Glyphosate",2014,115718.2,116457.3,"Hancock County","OH"
39,63,"2,4-D",2014,17908.9,17910.1,"Hancock County","OH"
39,63,"Chlorpyrifos",2014,491.2,1264.7,"Hancock County","OH"
39,65,"Malathion",2014,NA,10.2,"Hardin County","OH"
39,65,"Paraquat",2014,136.8,3464.9,"Hardin County","OH"
39,65,"Glyphosate",2014,106481.7,106819.8,"Hardin County","OH"
39,65,"Chlorpyrifos",2014,NA,1706,"Hardin County","OH"
39,65,"2,4-D",2014,25007.1,25522.9,"Hardin County","OH"
39,67,"Paraquat",2014,4.6,252.2,"Harrison County","OH"
39,67,"2,4-D",2014,491,1138.3,"Harrison County","OH"
39,67,"Glyphosate",2014,3685.4,4445.5,"Harrison County","OH"
39,67,"Chlorpyrifos",2014,5.1,122.9,"Harrison County","OH"
39,69,"Glyphosate",2014,93297.4,94147.3,"Henry County","OH"
39,69,"Chlorpyrifos",2014,83.1,841.8,"Henry County","OH"
39,69,"Paraquat",2014,17.2,523.6,"Henry County","OH"
39,69,"2,4-D",2014,14134,14136.2,"Henry County","OH"
39,7,"Chlorpyrifos",2014,11.7,329.4,"Ashtabula County","OH"
39,7,"2,4-D",2014,1964.6,2407.6,"Ashtabula County","OH"
39,7,"Paraquat",2014,271.9,271.9,"Ashtabula County","OH"
39,7,"Glyphosate",2014,21856.4,21992.4,"Ashtabula County","OH"
39,71,"Paraquat",2014,425.6,1496.6,"Highland County","OH"
39,71,"Malathion",2014,19.4,19.4,"Highland County","OH"
39,71,"Glyphosate",2014,64972.4,65565.7,"Highland County","OH"
39,71,"2,4-D",2014,14115.8,14463,"Highland County","OH"
39,71,"Chlorpyrifos",2014,11.1,3003.6,"Highland County","OH"
39,73,"Chlorpyrifos",2014,0,107.6,"Hocking County","OH"
39,73,"Glyphosate",2014,3866.4,3938.8,"Hocking County","OH"
39,73,"2,4-D",2014,662.8,986.2,"Hocking County","OH"
39,73,"Paraquat",2014,247.7,357.7,"Hocking County","OH"
39,75,"Chlorpyrifos",2014,24.3,740.5,"Holmes County","OH"
39,75,"2,4-D",2014,2364.2,3258.1,"Holmes County","OH"
39,75,"Paraquat",2014,21.6,988.9,"Holmes County","OH"
39,75,"Glyphosate",2014,18742.1,20095,"Holmes County","OH"
39,77,"Glyphosate",2014,82249.9,82280.7,"Huron County","OH"
39,77,"Chlorpyrifos",2014,3.9,2304.7,"Huron County","OH"
39,77,"2,4-D",2014,12222.5,12257.5,"Huron County","OH"
39,77,"Paraquat",2014,1.2,3904.5,"Huron County","OH"
39,79,"Malathion",2014,41.1,41.1,"Jackson County","OH"
39,79,"Paraquat",2014,24.8,231.9,"Jackson County","OH"
39,79,"2,4-D",2014,848.2,1063.9,"Jackson County","OH"
39,79,"Chlorpyrifos",2014,23.6,227.2,"Jackson County","OH"
39,79,"Glyphosate",2014,3744.6,3875.7,"Jackson County","OH"
39,81,"Chlorpyrifos",2014,1,50,"Jefferson County","OH"
39,81,"Paraquat",2014,1,115.5,"Jefferson County","OH"
39,81,"2,4-D",2014,109,468.6,"Jefferson County","OH"
39,81,"Glyphosate",2014,969.9,1780,"Jefferson County","OH"
39,83,"Malathion",2014,0.9,93.1,"Knox County","OH"
39,83,"2,4-D",2014,6502.1,6706.9,"Knox County","OH"
39,83,"Paraquat",2014,1939.5,1939.5,"Knox County","OH"
39,83,"Chlorpyrifos",2014,1583.5,2580.3,"Knox County","OH"
39,83,"Glyphosate",2014,48811.9,50063.1,"Knox County","OH"
39,85,"Paraquat",2014,19.5,19.5,"Lake County","OH"
39,85,"Chlorpyrifos",2014,3,12.1,"Lake County","OH"
39,85,"2,4-D",2014,56.2,89.5,"Lake County","OH"
39,85,"Glyphosate",2014,358,365.9,"Lake County","OH"
39,87,"Glyphosate",2014,1199.7,1316.2,"Lawrence County","OH"
39,87,"Malathion",2014,5.4,5.4,"Lawrence County","OH"
39,87,"2,4-D",2014,299.8,544.4,"Lawrence County","OH"
39,87,"Paraquat",2014,7.7,120.6,"Lawrence County","OH"
39,87,"Chlorpyrifos",2014,3,87,"Lawrence County","OH"
39,89,"Malathion",2014,3.6,198.3,"Licking County","OH"
39,89,"Glyphosate",2014,58583.7,59437.2,"Licking County","OH"
39,89,"Paraquat",2014,2545.4,2545.4,"Licking County","OH"
39,89,"Chlorpyrifos",2014,1989.9,3001.8,"Licking County","OH"
39,89,"2,4-D",2014,7747.3,7986.9,"Licking County","OH"
39,9,"Chlorpyrifos",2014,0.2,86.2,"Athens County","OH"
39,9,"2,4-D",2014,662.8,1334.2,"Athens County","OH"
39,9,"Paraquat",2014,225.1,365.3,"Athens County","OH"
39,9,"Glyphosate",2014,3650.7,3920.1,"Athens County","OH"
39,91,"Malathion",2014,NA,7.6,"Logan County","OH"
39,91,"Glyphosate",2014,80900.5,81680.2,"Logan County","OH"
39,91,"2,4-D",2014,19139.5,19444.8,"Logan County","OH"
39,91,"Paraquat",2014,121.1,2176.3,"Logan County","OH"
39,91,"Chlorpyrifos",2014,NA,1441.6,"Logan County","OH"
39,93,"Glyphosate",2014,39498.3,39526.9,"Lorain County","OH"
39,93,"2,4-D",2014,5108.1,5142.2,"Lorain County","OH"
39,93,"Paraquat",2014,14.6,808.2,"Lorain County","OH"
39,93,"Chlorpyrifos",2014,44,1094.2,"Lorain County","OH"
39,95,"Malathion",2014,0.3,0.3,"Lucas County","OH"
39,95,"Paraquat",2014,11.3,156.7,"Lucas County","OH"
39,95,"Glyphosate",2014,26792.2,27354.9,"Lucas County","OH"
39,95,"2,4-D",2014,4047.3,4057.4,"Lucas County","OH"
39,95,"Chlorpyrifos",2014,1201.8,1440.9,"Lucas County","OH"
39,97,"Malathion",2014,14.1,27.3,"Madison County","OH"
39,97,"Paraquat",2014,3900.7,3900.7,"Madison County","OH"
39,97,"Glyphosate",2014,103863.5,104192.3,"Madison County","OH"
39,97,"2,4-D",2014,13645.7,13705.7,"Madison County","OH"
39,97,"Chlorpyrifos",2014,3295.1,4790.8,"Madison County","OH"
39,99,"Paraquat",2014,150.2,150.2,"Mahoning County","OH"
39,99,"Glyphosate",2014,11340.7,11488,"Mahoning County","OH"
39,99,"2,4-D",2014,1033.1,1427.2,"Mahoning County","OH"
39,99,"Chlorpyrifos",2014,6.6,219.8,"Mahoning County","OH"
4,1,"2,4-D",2014,443.2,452.9,"Apache County","AZ"
4,1,"Glyphosate",2014,2292.4,2294.7,"Apache County","AZ"
4,1,"Chlorpyrifos",2014,108.7,108.4,"Apache County","AZ"
4,1,"Malathion",2014,14.7,202,"Apache County","AZ"
4,1,"Paraquat",2014,2,9.1,"Apache County","AZ"
4,11,"2,4-D",2014,0.6,12.8,"Greenlee County","AZ"
4,11,"Chlorpyrifos",2014,39.1,38.1,"Greenlee County","AZ"
4,11,"Malathion",2014,365.3,365.3,"Greenlee County","AZ"
4,11,"Glyphosate",2014,1020.3,1024.3,"Greenlee County","AZ"
4,11,"Paraquat",2014,27.7,42.4,"Greenlee County","AZ"
4,12,"Chlorpyrifos",2014,1558.6,1558.6,"La Paz County","AZ"
4,12,"2,4-D",2014,360.6,922.5,"La Paz County","AZ"
4,12,"Glyphosate",2014,19802.5,19819.5,"La Paz County","AZ"
4,12,"Paraquat",2014,668.7,865,"La Paz County","AZ"
4,12,"Malathion",2014,21770.6,21770.6,"La Paz County","AZ"
4,13,"2,4-D",2014,858.3,876.3,"Maricopa County","AZ"
4,13,"Glyphosate",2014,49059,49518.5,"Maricopa County","AZ"
4,13,"Chlorpyrifos",2014,2101.4,2395.7,"Maricopa County","AZ"
4,13,"Paraquat",2014,1246.3,1541.4,"Maricopa County","AZ"
4,13,"Malathion",2014,24583.6,24619,"Maricopa County","AZ"
4,15,"2,4-D",2014,104,193.5,"Mohave County","AZ"
4,15,"Glyphosate",2014,18831.7,18832.6,"Mohave County","AZ"
4,15,"Chlorpyrifos",2014,208.9,260.1,"Mohave County","AZ"
4,15,"Paraquat",2014,1.8,333.2,"Mohave County","AZ"
4,15,"Malathion",2014,8.3,1750.1,"Mohave County","AZ"
4,17,"Glyphosate",2014,3294.2,3302.8,"Navajo County","AZ"
4,17,"2,4-D",2014,45.5,65.2,"Navajo County","AZ"
4,17,"Paraquat",2014,1,9.8,"Navajo County","AZ"
4,17,"Chlorpyrifos",2014,77.2,77.1,"Navajo County","AZ"
4,17,"Malathion",2014,11.2,385.8,"Navajo County","AZ"
4,19,"2,4-D",2014,187.3,194.1,"Pima County","AZ"
4,19,"Glyphosate",2014,13325,13357.2,"Pima County","AZ"
4,19,"Malathion",2014,1922.4,1922.9,"Pima County","AZ"
4,19,"Chlorpyrifos",2014,224.4,225.9,"Pima County","AZ"
4,19,"Paraquat",2014,512.2,537.3,"Pima County","AZ"
4,21,"Glyphosate",2014,103745.2,104096.2,"Pinal County","AZ"
4,21,"2,4-D",2014,1356.3,1428,"Pinal County","AZ"
4,21,"Malathion",2014,24687.4,24728,"Pinal County","AZ"
4,21,"Paraquat",2014,3462.3,3887.9,"Pinal County","AZ"
4,21,"Chlorpyrifos",2014,2443.1,2501.3,"Pinal County","AZ"
4,23,"Glyphosate",2014,224.5,226.9,"Santa Cruz County","AZ"
4,23,"Chlorpyrifos",2014,22.8,32.4,"Santa Cruz County","AZ"
4,23,"Malathion",2014,293.8,294,"Santa Cruz County","AZ"
4,23,"2,4-D",2014,9.4,27.2,"Santa Cruz County","AZ"
4,23,"Paraquat",2014,22.1,27.6,"Santa Cruz County","AZ"
4,25,"Malathion",2014,32.3,219.5,"Yavapai County","AZ"
4,25,"Glyphosate",2014,1783.6,1796.6,"Yavapai County","AZ"
4,25,"Chlorpyrifos",2014,32.6,41.4,"Yavapai County","AZ"
4,25,"Paraquat",2014,21.8,33.2,"Yavapai County","AZ"
4,25,"2,4-D",2014,78.3,88.7,"Yavapai County","AZ"
4,27,"Glyphosate",2014,24626.4,25356.1,"Yuma County","AZ"
4,27,"2,4-D",2014,1294.7,1296.2,"Yuma County","AZ"
4,27,"Chlorpyrifos",2014,976.4,8238,"Yuma County","AZ"
4,27,"Malathion",2014,11229.5,13758.8,"Yuma County","AZ"
4,27,"Paraquat",2014,590.8,1237.5,"Yuma County","AZ"
4,3,"2,4-D",2014,256.1,325.9,"Cochise County","AZ"
4,3,"Glyphosate",2014,29322,29378.1,"Cochise County","AZ"
4,3,"Chlorpyrifos",2014,391.8,441,"Cochise County","AZ"
4,3,"Paraquat",2014,705.7,829.9,"Cochise County","AZ"
4,3,"Malathion",2014,4842.9,4843,"Cochise County","AZ"
4,5,"2,4-D",2014,493.8,496.2,"Coconino County","AZ"
4,5,"Chlorpyrifos",2014,19.4,18.7,"Coconino County","AZ"
4,5,"Glyphosate",2014,831.2,832.4,"Coconino County","AZ"
4,5,"Paraquat",2014,0.9,9.2,"Coconino County","AZ"
4,5,"Malathion",2014,3.9,49.4,"Coconino County","AZ"
4,7,"2,4-D",2014,3.7,6,"Gila County","AZ"
4,7,"Chlorpyrifos",2014,5.4,5.4,"Gila County","AZ"
4,7,"Glyphosate",2014,365.2,365.8,"Gila County","AZ"
4,7,"Malathion",2014,1,45.4,"Gila County","AZ"
4,7,"Paraquat",2014,0.3,1.2,"Gila County","AZ"
4,9,"2,4-D",2014,348.3,447.6,"Graham County","AZ"
4,9,"Glyphosate",2014,24550.4,24606.2,"Graham County","AZ"
4,9,"Chlorpyrifos",2014,231.4,254,"Graham County","AZ"
4,9,"Paraquat",2014,789.1,827.8,"Graham County","AZ"
4,9,"Malathion",2014,1064.7,1064.7,"Graham County","AZ"
40,1,"2,4-D",2014,25218.9,25258.6,"Adair County","OK"
40,1,"Chlorpyrifos",2014,76.5,76.5,"Adair County","OK"
40,1,"Glyphosate",2014,1077.4,1104,"Adair County","OK"
40,1,"Paraquat",2014,NA,409.4,"Adair County","OK"
40,101,"2,4-D",2014,32302.5,34570.6,"Muskogee County","OK"
40,101,"Paraquat",2014,0.9,2762.9,"Muskogee County","OK"
40,101,"Chlorpyrifos",2014,798.8,809.1,"Muskogee County","OK"
40,101,"Glyphosate",2014,5198.4,5770.7,"Muskogee County","OK"
40,101,"Malathion",2014,NA,0.2,"Muskogee County","OK"
40,103,"2,4-D",2014,2631.8,2997.4,"Noble County","OK"
40,103,"Paraquat",2014,24.8,563.2,"Noble County","OK"
40,103,"Glyphosate",2014,25217.7,30032.8,"Noble County","OK"
40,103,"Chlorpyrifos",2014,585.8,861.4,"Noble County","OK"
40,103,"Malathion",2014,NA,746.4,"Noble County","OK"
40,105,"2,4-D",2014,7645,7990.9,"Nowata County","OK"
40,105,"Glyphosate",2014,3573.1,4146.7,"Nowata County","OK"
40,105,"Paraquat",2014,NA,132.1,"Nowata County","OK"
40,105,"Chlorpyrifos",2014,655.9,939.7,"Nowata County","OK"
40,107,"Chlorpyrifos",2014,52.9,67.6,"Okfuskee County","OK"
40,107,"Glyphosate",2014,2873.6,2925.3,"Okfuskee County","OK"
40,107,"2,4-D",2014,12273.7,12278.3,"Okfuskee County","OK"
40,107,"Malathion",2014,9.2,9.2,"Okfuskee County","OK"
40,107,"Paraquat",2014,NA,4.3,"Okfuskee County","OK"
40,109,"Malathion",2014,1,1,"Oklahoma County","OK"
40,109,"2,4-D",2014,6214.8,6231.6,"Oklahoma County","OK"
40,109,"Glyphosate",2014,14692.4,14880.7,"Oklahoma County","OK"
40,109,"Chlorpyrifos",2014,1709.8,1928.4,"Oklahoma County","OK"
40,109,"Paraquat",2014,3.8,72.1,"Oklahoma County","OK"
40,11,"Malathion",2014,90.4,90.4,"Blaine County","OK"
40,11,"2,4-D",2014,11590.4,11651.3,"Blaine County","OK"
40,11,"Glyphosate",2014,24329.5,26083.8,"Blaine County","OK"
40,11,"Chlorpyrifos",2014,41.9,543.8,"Blaine County","OK"
40,11,"Paraquat",2014,69.7,640.3,"Blaine County","OK"
40,111,"Glyphosate",2014,2375.5,2634.7,"Okmulgee County","OK"
40,111,"2,4-D",2014,30040,30745.1,"Okmulgee County","OK"
40,111,"Chlorpyrifos",2014,381,381.9,"Okmulgee County","OK"
40,111,"Malathion",2014,NA,0.5,"Okmulgee County","OK"
40,111,"Paraquat",2014,NA,1198.3,"Okmulgee County","OK"
40,113,"Glyphosate",2014,7102.1,8897.6,"Osage County","OK"
40,113,"Paraquat",2014,NA,166.3,"Osage County","OK"
40,113,"Chlorpyrifos",2014,1127.5,1548,"Osage County","OK"
40,113,"2,4-D",2014,37822,38397.2,"Osage County","OK"
40,115,"Glyphosate",2014,14128.9,15933.4,"Ottawa County","OK"
40,115,"Paraquat",2014,NA,834.3,"Ottawa County","OK"
40,115,"Chlorpyrifos",2014,487.5,1196.8,"Ottawa County","OK"
40,115,"2,4-D",2014,3112.9,4200.8,"Ottawa County","OK"
40,117,"Glyphosate",2014,3748.9,4744,"Pawnee County","OK"
40,117,"Paraquat",2014,NA,27.5,"Pawnee County","OK"
40,117,"Chlorpyrifos",2014,1546.9,1926.9,"Pawnee County","OK"
40,117,"2,4-D",2014,7800.3,8233.3,"Pawnee County","OK"
40,119,"Paraquat",2014,4.6,76.7,"Payne County","OK"
40,119,"Chlorpyrifos",2014,877.8,1039.5,"Payne County","OK"
40,119,"Malathion",2014,0.4,0.4,"Payne County","OK"
40,119,"2,4-D",2014,14061.8,14129.9,"Payne County","OK"
40,119,"Glyphosate",2014,22236.9,22995.6,"Payne County","OK"
40,121,"Malathion",2014,NA,0.1,"Pittsburg County","OK"
40,121,"Chlorpyrifos",2014,208.4,211.3,"Pittsburg County","OK"
40,121,"2,4-D",2014,59430,59730.3,"Pittsburg County","OK"
40,121,"Glyphosate",2014,3294.3,3327.8,"Pittsburg County","OK"
40,121,"Paraquat",2014,NA,1028.9,"Pittsburg County","OK"
40,123,"Chlorpyrifos",2014,114.4,117.1,"Pontotoc County","OK"
40,123,"Malathion",2014,3.2,358.6,"Pontotoc County","OK"
40,123,"Glyphosate",2014,408.6,2433.3,"Pontotoc County","OK"
40,123,"Paraquat",2014,123,126.6,"Pontotoc County","OK"
40,123,"2,4-D",2014,19234.6,19273.9,"Pontotoc County","OK"
40,125,"Chlorpyrifos",2014,883,1002.4,"Pottawatomie County","OK"
40,125,"Malathion",2014,1.1,1.1,"Pottawatomie County","OK"
40,125,"2,4-D",2014,14059.9,14089.3,"Pottawatomie County","OK"
40,125,"Paraquat",2014,NA,115.6,"Pottawatomie County","OK"
40,125,"Glyphosate",2014,25136.6,25503.8,"Pottawatomie County","OK"
40,127,"Glyphosate",2014,11,965.8,"Pushmataha County","OK"
40,127,"Paraquat",2014,NA,533.7,"Pushmataha County","OK"
40,127,"2,4-D",2014,6147.2,6147.2,"Pushmataha County","OK"
40,127,"Chlorpyrifos",2014,NA,0.1,"Pushmataha County","OK"
40,127,"Malathion",2014,0.5,0.5,"Pushmataha County","OK"
40,129,"Malathion",2014,92.8,92.8,"Roger Mills County","OK"
40,129,"Chlorpyrifos",2014,2.6,636.6,"Roger Mills County","OK"
40,129,"Paraquat",2014,NA,139.5,"Roger Mills County","OK"
40,129,"2,4-D",2014,3268,3284.6,"Roger Mills County","OK"
40,129,"Glyphosate",2014,8153.3,11896.3,"Roger Mills County","OK"
40,13,"Malathion",2014,4.8,314.7,"Bryan County","OK"
40,13,"2,4-D",2014,24586.4,25460.5,"Bryan County","OK"
40,13,"Glyphosate",2014,6990.3,10024.3,"Bryan County","OK"
40,13,"Paraquat",2014,107.4,240.3,"Bryan County","OK"
40,13,"Chlorpyrifos",2014,627.9,663.4,"Bryan County","OK"
40,131,"Paraquat",2014,NA,109.6,"Rogers County","OK"
40,131,"Glyphosate",2014,2261.1,2846.9,"Rogers County","OK"
40,131,"Chlorpyrifos",2014,548.3,690.1,"Rogers County","OK"
40,131,"2,4-D",2014,7145.2,7341.3,"Rogers County","OK"
40,133,"Malathion",2014,0.3,0.3,"Seminole County","OK"
40,133,"Paraquat",2014,NA,48.9,"Seminole County","OK"
40,133,"2,4-D",2014,8749.1,8752.4,"Seminole County","OK"
40,133,"Chlorpyrifos",2014,319.1,330.1,"Seminole County","OK"
40,133,"Glyphosate",2014,2181.6,2257.3,"Seminole County","OK"
40,135,"Chlorpyrifos",2014,594.9,595.6,"Sequoyah County","OK"
40,135,"2,4-D",2014,17773.6,19356.1,"Sequoyah County","OK"
40,135,"Paraquat",2014,NA,1818.8,"Sequoyah County","OK"
40,135,"Glyphosate",2014,3370.5,3826.5,"Sequoyah County","OK"
40,137,"Malathion",2014,10,66.6,"Stephens County","OK"
40,137,"Glyphosate",2014,3401.4,7314,"Stephens County","OK"
40,137,"Chlorpyrifos",2014,575.4,592.3,"Stephens County","OK"
40,137,"Paraquat",2014,19.6,55.5,"Stephens County","OK"
40,137,"2,4-D",2014,31253.2,31578.4,"Stephens County","OK"
40,139,"Malathion",2014,NA,1059.6,"Texas County","OK"
40,139,"Paraquat",2014,181.7,1071.8,"Texas County","OK"
40,139,"2,4-D",2014,38505,39253.6,"Texas County","OK"
40,139,"Chlorpyrifos",2014,481.2,3241.1,"Texas County","OK"
40,139,"Glyphosate",2014,147094.4,148110.3,"Texas County","OK"
40,141,"Malathion",2014,NA,859.2,"Tillman County","OK"
40,141,"Paraquat",2014,478.3,969.6,"Tillman County","OK"
40,141,"Chlorpyrifos",2014,1036.3,1100.4,"Tillman County","OK"
40,141,"Glyphosate",2014,97914.8,100644.5,"Tillman County","OK"
40,141,"2,4-D",2014,13083,13366.5,"Tillman County","OK"
40,143,"2,4-D",2014,1878.4,2068.5,"Tulsa County","OK"
40,143,"Glyphosate",2014,1996.1,2570.8,"Tulsa County","OK"
40,143,"Paraquat",2014,NA,103.7,"Tulsa County","OK"
40,143,"Chlorpyrifos",2014,329.2,461.5,"Tulsa County","OK"
40,145,"Paraquat",2014,NA,390.7,"Wagoner County","OK"
40,145,"2,4-D",2014,3809.1,4996.1,"Wagoner County","OK"
40,145,"Chlorpyrifos",2014,618,1661.7,"Wagoner County","OK"
40,145,"Glyphosate",2014,11383.6,12550.9,"Wagoner County","OK"
40,147,"2,4-D",2014,5958.8,6347.8,"Washington County","OK"
40,147,"Glyphosate",2014,3821,4440,"Washington County","OK"
40,147,"Chlorpyrifos",2014,432,771.4,"Washington County","OK"
40,147,"Paraquat",2014,NA,24.4,"Washington County","OK"
40,149,"Malathion",2014,687,687,"Washita County","OK"
40,149,"2,4-D",2014,17703.3,17827.7,"Washita County","OK"
40,149,"Glyphosate",2014,55195.5,57490.9,"Washita County","OK"
40,149,"Chlorpyrifos",2014,99.9,1640.1,"Washita County","OK"
40,149,"Paraquat",2014,12.3,990.8,"Washita County","OK"
40,15,"Malathion",2014,88,406.5,"Caddo County","OK"
40,15,"2,4-D",2014,15106,15903.8,"Caddo County","OK"
40,15,"Paraquat",2014,356.3,884.8,"Caddo County","OK"
40,15,"Glyphosate",2014,94380.8,97127.3,"Caddo County","OK"
40,15,"Chlorpyrifos",2014,873.5,1003.3,"Caddo County","OK"
40,151,"Malathion",2014,NA,1063.1,"Woods County","OK"
40,151,"Glyphosate",2014,27769.1,27787.7,"Woods County","OK"
40,151,"Chlorpyrifos",2014,972.9,1200.6,"Woods County","OK"
40,151,"Paraquat",2014,48.1,691.9,"Woods County","OK"
40,151,"2,4-D",2014,4078.5,4122.1,"Woods County","OK"
40,153,"Malathion",2014,6,237.8,"Woodward County","OK"
40,153,"2,4-D",2014,2382.4,2428,"Woodward County","OK"
40,153,"Chlorpyrifos",2014,152.5,202.7,"Woodward County","OK"
40,153,"Paraquat",2014,99.9,277.1,"Woodward County","OK"
40,153,"Glyphosate",2014,16007.4,16401.3,"Woodward County","OK"
40,17,"2,4-D",2014,27671.2,27778.8,"Canadian County","OK"
40,17,"Malathion",2014,0.5,108.3,"Canadian County","OK"
40,17,"Glyphosate",2014,57636.1,58828.7,"Canadian County","OK"
40,17,"Paraquat",2014,187.4,804.7,"Canadian County","OK"
40,17,"Chlorpyrifos",2014,4327.6,7159.5,"Canadian County","OK"
40,19,"2,4-D",2014,29514.3,29599.2,"Carter County","OK"
40,19,"Paraquat",2014,181.1,188,"Carter County","OK"
40,19,"Malathion",2014,13.5,536.7,"Carter County","OK"
40,19,"Chlorpyrifos",2014,357.6,359.8,"Carter County","OK"
40,19,"Glyphosate",2014,1614.4,4735.2,"Carter County","OK"
40,21,"Malathion",2014,NA,0,"Cherokee County","OK"
40,21,"2,4-D",2014,23495.4,23503.2,"Cherokee County","OK"
40,21,"Paraquat",2014,NA,349.5,"Cherokee County","OK"
40,21,"Chlorpyrifos",2014,44.9,44.9,"Cherokee County","OK"
40,21,"Glyphosate",2014,993.4,997.4,"Cherokee County","OK"
40,23,"Paraquat",2014,110,1276.2,"Choctaw County","OK"
40,23,"Malathion",2014,0.3,0.3,"Choctaw County","OK"
40,23,"2,4-D",2014,6925.6,6942.4,"Choctaw County","OK"
40,23,"Chlorpyrifos",2014,26.5,74.8,"Choctaw County","OK"
40,23,"Glyphosate",2014,2001.8,3101,"Choctaw County","OK"
40,25,"Paraquat",2014,85.6,570.6,"Cimarron County","OK"
40,25,"2,4-D",2014,17803.6,18709.5,"Cimarron County","OK"
40,25,"Chlorpyrifos",2014,285.3,1203.2,"Cimarron County","OK"
40,25,"Glyphosate",2014,49949.5,51135.2,"Cimarron County","OK"
40,25,"Malathion",2014,NA,660.4,"Cimarron County","OK"
40,27,"Paraquat",2014,NA,21,"Cleveland County","OK"
40,27,"2,4-D",2014,4686.4,4691.1,"Cleveland County","OK"
40,27,"Chlorpyrifos",2014,873.4,937.3,"Cleveland County","OK"
40,27,"Glyphosate",2014,3105.7,3166.7,"Cleveland County","OK"
40,27,"Malathion",2014,0.8,0.8,"Cleveland County","OK"
40,29,"2,4-D",2014,17168.8,17242.5,"Coal County","OK"
40,29,"Paraquat",2014,0.4,14.3,"Coal County","OK"
40,29,"Malathion",2014,3,4.1,"Coal County","OK"
40,29,"Chlorpyrifos",2014,0.3,3,"Coal County","OK"
40,29,"Glyphosate",2014,281.6,2124.9,"Coal County","OK"
40,3,"Paraquat",2014,120.2,1076.9,"Alfalfa County","OK"
40,3,"Glyphosate",2014,49240.5,52243,"Alfalfa County","OK"
40,3,"2,4-D",2014,4030.9,4282.7,"Alfalfa County","OK"
40,3,"Malathion",2014,NA,1492.7,"Alfalfa County","OK"
40,3,"Chlorpyrifos",2014,2477.5,2883.4,"Alfalfa County","OK"
40,31,"2,4-D",2014,7795.2,7930.1,"Comanche County","OK"
40,31,"Paraquat",2014,70,296,"Comanche County","OK"
40,31,"Malathion",2014,22.1,170.1,"Comanche County","OK"
40,31,"Chlorpyrifos",2014,767.6,787,"Comanche County","OK"
40,31,"Glyphosate",2014,33771,35504.5,"Comanche County","OK"
40,33,"Paraquat",2014,379.6,792.1,"Cotton County","OK"
40,33,"Chlorpyrifos",2014,339.5,373,"Cotton County","OK"
40,33,"Glyphosate",2014,56870.1,56985.5,"Cotton County","OK"
40,33,"Malathion",2014,9.6,82.3,"Cotton County","OK"
40,33,"2,4-D",2014,8203.2,8206.4,"Cotton County","OK"
40,35,"Paraquat",2014,NA,416.2,"Craig County","OK"
40,35,"Glyphosate",2014,7421.2,8293.7,"Craig County","OK"
40,35,"2,4-D",2014,11494.8,12084.5,"Craig County","OK"
40,35,"Chlorpyrifos",2014,150,555.4,"Craig County","OK"
40,37,"Paraquat",2014,NA,71.5,"Creek County","OK"
40,37,"Glyphosate",2014,18055.3,18127.1,"Creek County","OK"
40,37,"Malathion",2014,0.1,0.1,"Creek County","OK"
40,37,"2,4-D",2014,13917.4,13921.3,"Creek County","OK"
40,37,"Chlorpyrifos",2014,149.7,169.9,"Creek County","OK"
40,39,"Paraquat",2014,204.4,948.3,"Custer County","OK"
40,39,"2,4-D",2014,14708.6,14818.6,"Custer County","OK"
40,39,"Malathion",2014,308.8,318.3,"Custer County","OK"
40,39,"Glyphosate",2014,42726.3,45346.2,"Custer County","OK"
40,39,"Chlorpyrifos",2014,56.9,1464.9,"Custer County","OK"
40,41,"Paraquat",2014,NA,68,"Delaware County","OK"
40,41,"2,4-D",2014,6404,6620.2,"Delaware County","OK"
40,41,"Chlorpyrifos",2014,357,488.7,"Delaware County","OK"
40,41,"Glyphosate",2014,2115.5,3323.5,"Delaware County","OK"
40,43,"Paraquat",2014,66.7,272.7,"Dewey County","OK"
40,43,"Malathion",2014,18.3,18.3,"Dewey County","OK"
40,43,"2,4-D",2014,4654.9,4657,"Dewey County","OK"
40,43,"Glyphosate",2014,10358.7,13097,"Dewey County","OK"
40,43,"Chlorpyrifos",2014,23.2,383.7,"Dewey County","OK"
40,45,"Paraquat",2014,12.1,263,"Ellis County","OK"
40,45,"Glyphosate",2014,11163.4,12021.6,"Ellis County","OK"
40,45,"2,4-D",2014,5474.7,6350.8,"Ellis County","OK"
40,45,"Chlorpyrifos",2014,126.9,187.5,"Ellis County","OK"
40,45,"Malathion",2014,NA,288.1,"Ellis County","OK"
40,47,"Paraquat",2014,152.8,1561.8,"Garfield County","OK"
40,47,"2,4-D",2014,5168,5815,"Garfield County","OK"
40,47,"Glyphosate",2014,69956,77556.5,"Garfield County","OK"
40,47,"Chlorpyrifos",2014,695.7,1364.5,"Garfield County","OK"
40,47,"Malathion",2014,15.9,1854.2,"Garfield County","OK"
40,49,"2,4-D",2014,27279.4,28217.6,"Garvin County","OK"
40,49,"Chlorpyrifos",2014,4162.1,4203.4,"Garvin County","OK"
40,49,"Paraquat",2014,145.8,263.3,"Garvin County","OK"
40,49,"Malathion",2014,173.4,594.8,"Garvin County","OK"
40,49,"Glyphosate",2014,26937.9,30201.4,"Garvin County","OK"
40,5,"Glyphosate",2014,134.3,2294.7,"Atoka County","OK"
40,5,"Malathion",2014,10.2,186.6,"Atoka County","OK"
40,5,"2,4-D",2014,20912.4,20917.8,"Atoka County","OK"
40,5,"Chlorpyrifos",2014,43.9,44.1,"Atoka County","OK"
40,5,"Paraquat",2014,61.1,61.5,"Atoka County","OK"
40,51,"Chlorpyrifos",2014,8193.9,9319.4,"Grady County","OK"
40,51,"Paraquat",2014,NA,298,"Grady County","OK"
40,51,"Glyphosate",2014,40016.2,41048.9,"Grady County","OK"
40,51,"2,4-D",2014,26879.6,26971.5,"Grady County","OK"
40,51,"Malathion",2014,11.6,154.9,"Grady County","OK"
40,53,"Paraquat",2014,129.8,1333.3,"Grant County","OK"
40,53,"Glyphosate",2014,64929.3,75145.7,"Grant County","OK"
40,53,"2,4-D",2014,4162.5,5010.1,"Grant County","OK"
40,53,"Malathion",2014,NA,1493.9,"Grant County","OK"
40,53,"Chlorpyrifos",2014,775.1,1409.4,"Grant County","OK"
40,55,"Paraquat",2014,42.1,213.9,"Greer County","OK"
40,55,"Glyphosate",2014,22766.5,24083.5,"Greer County","OK"
40,55,"Malathion",2014,19.5,175.7,"Greer County","OK"
40,55,"2,4-D",2014,5921.1,6006.1,"Greer County","OK"
40,55,"Chlorpyrifos",2014,432.1,464.2,"Greer County","OK"
40,57,"Glyphosate",2014,51893,52822.4,"Harmon County","OK"
40,57,"Paraquat",2014,482.3,568.7,"Harmon County","OK"
40,57,"Chlorpyrifos",2014,335.9,345.7,"Harmon County","OK"
40,57,"Malathion",2014,NA,547.4,"Harmon County","OK"
40,57,"2,4-D",2014,6602,6782.9,"Harmon County","OK"
40,59,"Glyphosate",2014,2890,3689.9,"Harper County","OK"
40,59,"Chlorpyrifos",2014,179.9,222.8,"Harper County","OK"
40,59,"Paraquat",2014,4.2,115.5,"Harper County","OK"
40,59,"Malathion",2014,NA,195.5,"Harper County","OK"
40,59,"2,4-D",2014,1545.7,2044.8,"Harper County","OK"
40,61,"Glyphosate",2014,1250.9,1259.4,"Haskell County","OK"
40,61,"Chlorpyrifos",2014,89.8,90,"Haskell County","OK"
40,61,"Paraquat",2014,NA,446.4,"Haskell County","OK"
40,61,"2,4-D",2014,29053.6,29063.9,"Haskell County","OK"
40,63,"Paraquat",2014,NA,1105.8,"Hughes County","OK"
40,63,"2,4-D",2014,52129.3,52390.6,"Hughes County","OK"
40,63,"Glyphosate",2014,2508.1,2613.4,"Hughes County","OK"
40,63,"Chlorpyrifos",2014,198,199.3,"Hughes County","OK"
40,63,"Malathion",2014,NA,0.1,"Hughes County","OK"
40,65,"Chlorpyrifos",2014,557.3,590.4,"Jackson County","OK"
40,65,"Glyphosate",2014,71506.7,72528.2,"Jackson County","OK"
40,65,"Malathion",2014,48.2,485.1,"Jackson County","OK"
40,65,"Paraquat",2014,270.1,763.4,"Jackson County","OK"
40,65,"2,4-D",2014,9952.5,9987.6,"Jackson County","OK"
40,67,"Glyphosate",2014,9657.1,13503.4,"Jefferson County","OK"
40,67,"Chlorpyrifos",2014,47.7,64.4,"Jefferson County","OK"
40,67,"Malathion",2014,2.4,229.4,"Jefferson County","OK"
40,67,"Paraquat",2014,81.2,104.7,"Jefferson County","OK"
40,67,"2,4-D",2014,32893.3,33258.7,"Jefferson County","OK"
40,69,"Malathion",2014,38.4,246.3,"Johnston County","OK"
40,69,"Paraquat",2014,72,79.8,"Johnston County","OK"
40,69,"Chlorpyrifos",2014,84.8,89.4,"Johnston County","OK"
40,69,"Glyphosate",2014,291.3,2202.6,"Johnston County","OK"
40,69,"2,4-D",2014,17133.5,17187.2,"Johnston County","OK"
40,7,"Glyphosate",2014,39661.9,40713.9,"Beaver County","OK"
40,7,"Chlorpyrifos",2014,226.2,792.4,"Beaver County","OK"
40,7,"2,4-D",2014,19357.7,20251.6,"Beaver County","OK"
40,7,"Malathion",2014,NA,577.5,"Beaver County","OK"
40,7,"Paraquat",2014,78.5,554.2,"Beaver County","OK"
40,71,"Malathion",2014,11.1,1273.2,"Kay County","OK"
40,71,"Paraquat",2014,28.1,1106.1,"Kay County","OK"
40,71,"Chlorpyrifos",2014,785.9,1454.4,"Kay County","OK"
40,71,"Glyphosate",2014,50122.1,62735.6,"Kay County","OK"
40,71,"2,4-D",2014,3941.4,5046.3,"Kay County","OK"
40,73,"Paraquat",2014,489.7,1446.7,"Kingfisher County","OK"
40,73,"Malathion",2014,NA,63.3,"Kingfisher County","OK"
40,73,"2,4-D",2014,36442.2,36541.2,"Kingfisher County","OK"
40,73,"Glyphosate",2014,90235.3,91358.5,"Kingfisher County","OK"
40,73,"Chlorpyrifos",2014,3324.6,7595.2,"Kingfisher County","OK"
40,75,"Malathion",2014,51.9,295.4,"Kiowa County","OK"
40,75,"2,4-D",2014,13843.3,14059.1,"Kiowa County","OK"
40,75,"Glyphosate",2014,92707.5,94635.7,"Kiowa County","OK"
40,75,"Paraquat",2014,286.5,1087,"Kiowa County","OK"
40,75,"Chlorpyrifos",2014,969.5,1080.3,"Kiowa County","OK"
40,77,"Malathion",2014,0,0,"Latimer County","OK"
40,77,"Chlorpyrifos",2014,3.5,4.1,"Latimer County","OK"
40,77,"2,4-D",2014,4027.4,4027.7,"Latimer County","OK"
40,77,"Glyphosate",2014,22.7,650.2,"Latimer County","OK"
40,77,"Paraquat",2014,0,355.8,"Latimer County","OK"
40,79,"2,4-D",2014,7923.4,7960.1,"Le Flore County","OK"
40,79,"Malathion",2014,0.1,0.1,"Le Flore County","OK"
40,79,"Paraquat",2014,425.8,2081.9,"Le Flore County","OK"
40,79,"Chlorpyrifos",2014,143.5,251.7,"Le Flore County","OK"
40,79,"Glyphosate",2014,5411.1,6715.7,"Le Flore County","OK"
40,81,"Malathion",2014,1,1,"Lincoln County","OK"
40,81,"2,4-D",2014,16747.8,16761,"Lincoln County","OK"
40,81,"Chlorpyrifos",2014,990.9,1066.5,"Lincoln County","OK"
40,81,"Paraquat",2014,NA,81.6,"Lincoln County","OK"
40,81,"Glyphosate",2014,6407.1,6605.4,"Lincoln County","OK"
40,83,"2,4-D",2014,16813.8,16879,"Logan County","OK"
40,83,"Chlorpyrifos",2014,775.3,1603.2,"Logan County","OK"
40,83,"Malathion",2014,1.1,1.1,"Logan County","OK"
40,83,"Glyphosate",2014,29982.1,30705.5,"Logan County","OK"
40,83,"Paraquat",2014,24.2,231.7,"Logan County","OK"
40,85,"2,4-D",2014,13461.9,13544.1,"Love County","OK"
40,85,"Malathion",2014,10.6,20.3,"Love County","OK"
40,85,"Glyphosate",2014,648.2,2252.4,"Love County","OK"
40,85,"Chlorpyrifos",2014,46.7,57.8,"Love County","OK"
40,85,"Paraquat",2014,3.4,16.3,"Love County","OK"
40,87,"2,4-D",2014,12863,12933.5,"McClain County","OK"
40,87,"Chlorpyrifos",2014,2286.3,2532.2,"McClain County","OK"
40,87,"Glyphosate",2014,29071.8,29857.7,"McClain County","OK"
40,87,"Malathion",2014,1.7,5.6,"McClain County","OK"
40,87,"Paraquat",2014,NA,103.8,"McClain County","OK"
40,89,"2,4-D",2014,7394,7503.9,"McCurtain County","OK"
40,89,"Malathion",2014,7.3,7.3,"McCurtain County","OK"
40,89,"Chlorpyrifos",2014,36.4,224.4,"McCurtain County","OK"
40,89,"Paraquat",2014,142.6,2225.4,"McCurtain County","OK"
40,89,"Glyphosate",2014,6230.3,7277.9,"McCurtain County","OK"
40,9,"Glyphosate",2014,22522.1,24969.5,"Beckham County","OK"
40,9,"2,4-D",2014,3548.5,3665.2,"Beckham County","OK"
40,9,"Chlorpyrifos",2014,14.5,294.9,"Beckham County","OK"
40,9,"Malathion",2014,449.4,449.4,"Beckham County","OK"
40,9,"Paraquat",2014,0.2,213.9,"Beckham County","OK"
40,91,"2,4-D",2014,25328.8,25431.5,"McIntosh County","OK"
40,91,"Glyphosate",2014,1202.2,1232.7,"McIntosh County","OK"
40,91,"Malathion",2014,NA,0,"McIntosh County","OK"
40,91,"Paraquat",2014,NA,456.8,"McIntosh County","OK"
40,91,"Chlorpyrifos",2014,53.6,66.4,"McIntosh County","OK"
40,93,"2,4-D",2014,2328.1,2590.1,"Major County","OK"
40,93,"Glyphosate",2014,29698.2,31636.3,"Major County","OK"
40,93,"Malathion",2014,1.3,587.7,"Major County","OK"
40,93,"Paraquat",2014,91,491.5,"Major County","OK"
40,93,"Chlorpyrifos",2014,756.7,942.1,"Major County","OK"
40,95,"2,4-D",2014,11514.1,11537.4,"Marshall County","OK"
40,95,"Glyphosate",2014,139.1,1391.2,"Marshall County","OK"
40,95,"Chlorpyrifos",2014,52.1,54.1,"Marshall County","OK"
40,95,"Paraquat",2014,59.3,63,"Marshall County","OK"
40,95,"Malathion",2014,12.9,184.2,"Marshall County","OK"
40,97,"Chlorpyrifos",2014,637.2,839.9,"Mayes County","OK"
40,97,"2,4-D",2014,6371.7,6633.2,"Mayes County","OK"
40,97,"Paraquat",2014,NA,136.6,"Mayes County","OK"
40,97,"Glyphosate",2014,2910.1,3452.2,"Mayes County","OK"
40,99,"2,4-D",2014,13838.3,13910.1,"Murray County","OK"
40,99,"Glyphosate",2014,1536.8,3073.2,"Murray County","OK"
40,99,"Paraquat",2014,50.1,56.1,"Murray County","OK"
40,99,"Chlorpyrifos",2014,270.3,274.9,"Murray County","OK"
40,99,"Malathion",2014,2.6,147.5,"Murray County","OK"
41,1,"Malathion",2014,21.6,21.6,"Baker County","OR"
41,1,"Glyphosate",2014,5809.7,7072.3,"Baker County","OR"
41,1,"Paraquat",2014,531.5,710.8,"Baker County","OR"
41,1,"2,4-D",2014,1892.9,2048.1,"Baker County","OR"
41,1,"Chlorpyrifos",2014,70.1,470.6,"Baker County","OR"
41,11,"Paraquat",2014,30.9,30.9,"Coos County","OR"
41,11,"2,4-D",2014,8,12.3,"Coos County","OR"
41,11,"Glyphosate",2014,387.8,388.6,"Coos County","OR"
41,11,"Chlorpyrifos",2014,9.1,45.6,"Coos County","OR"
41,11,"Malathion",2014,2.4,30.9,"Coos County","OR"
41,13,"Malathion",2014,14.4,601.5,"Crook County","OR"
41,13,"Paraquat",2014,95.9,97.6,"Crook County","OR"
41,13,"2,4-D",2014,335.6,335.6,"Crook County","OR"
41,13,"Glyphosate",2014,122,527.9,"Crook County","OR"
41,13,"Chlorpyrifos",2014,7.2,514,"Crook County","OR"
41,15,"Paraquat",2014,9.2,23.3,"Curry County","OR"
41,15,"Malathion",2014,2.1,6.1,"Curry County","OR"
41,15,"Glyphosate",2014,93.5,121.2,"Curry County","OR"
41,15,"Chlorpyrifos",2014,10.1,16.6,"Curry County","OR"
41,15,"2,4-D",2014,3.7,92.3,"Curry County","OR"
41,17,"Malathion",2014,21.4,282.3,"Deschutes County","OR"
41,17,"Chlorpyrifos",2014,7.3,236.2,"Deschutes County","OR"
41,17,"Glyphosate",2014,174.5,393.5,"Deschutes County","OR"
41,17,"Paraquat",2014,46.2,53.5,"Deschutes County","OR"
41,17,"2,4-D",2014,129.1,129.1,"Deschutes County","OR"
41,19,"Malathion",2014,30.4,57.8,"Douglas County","OR"
41,19,"Paraquat",2014,124.9,128.1,"Douglas County","OR"
41,19,"Chlorpyrifos",2014,59.8,129.1,"Douglas County","OR"
41,19,"Glyphosate",2014,1783.9,1796.1,"Douglas County","OR"
41,19,"2,4-D",2014,59.3,123.9,"Douglas County","OR"
41,21,"Malathion",2014,0.9,29.4,"Gilliam County","OR"
41,21,"Chlorpyrifos",2014,229.8,242.6,"Gilliam County","OR"
41,21,"Glyphosate",2014,26978.6,27004,"Gilliam County","OR"
41,21,"2,4-D",2014,15354.8,15358.9,"Gilliam County","OR"
41,21,"Paraquat",2014,6.4,15.5,"Gilliam County","OR"
41,23,"Malathion",2014,0.9,174.7,"Grant County","OR"
41,23,"Chlorpyrifos",2014,2.5,149.4,"Grant County","OR"
41,23,"Glyphosate",2014,36.1,386,"Grant County","OR"
41,23,"2,4-D",2014,190,190,"Grant County","OR"
41,23,"Paraquat",2014,27.3,28,"Grant County","OR"
41,25,"Chlorpyrifos",2014,1.1,1139.4,"Harney County","OR"
41,25,"Malathion",2014,0,1345.3,"Harney County","OR"
41,25,"Glyphosate",2014,111.7,730.6,"Harney County","OR"
41,25,"2,4-D",2014,639.6,639.6,"Harney County","OR"
41,25,"Paraquat",2014,210.1,210.7,"Harney County","OR"
41,27,"Chlorpyrifos",2014,1810,1816.5,"Hood River County","OR"
41,27,"Glyphosate",2014,6206.5,6218.7,"Hood River County","OR"
41,27,"Malathion",2014,161.4,174.2,"Hood River County","OR"
41,27,"2,4-D",2014,3998.2,4000.1,"Hood River County","OR"
41,27,"Paraquat",2014,322.4,326.5,"Hood River County","OR"
41,29,"Chlorpyrifos",2014,65.9,1261,"Jackson County","OR"
41,29,"Glyphosate",2014,2564.6,2611.3,"Jackson County","OR"
41,29,"2,4-D",2014,177.3,998.3,"Jackson County","OR"
41,29,"Paraquat",2014,110.4,179.9,"Jackson County","OR"
41,29,"Malathion",2014,9.3,97.2,"Jackson County","OR"
41,3,"Malathion",2014,72.6,72.9,"Benton County","OR"
41,3,"2,4-D",2014,948.6,1038.4,"Benton County","OR"
41,3,"Glyphosate",2014,1142.4,1199,"Benton County","OR"
41,3,"Chlorpyrifos",2014,707.9,708.9,"Benton County","OR"
41,3,"Paraquat",2014,294.7,304.5,"Benton County","OR"
41,31,"Glyphosate",2014,348.8,2263.2,"Jefferson County","OR"
41,31,"Chlorpyrifos",2014,45.6,459.6,"Jefferson County","OR"
41,31,"2,4-D",2014,876.2,876.2,"Jefferson County","OR"
41,31,"Paraquat",2014,72.6,74.7,"Jefferson County","OR"
41,31,"Malathion",2014,42,454,"Jefferson County","OR"
41,33,"2,4-D",2014,20.8,32.2,"Josephine County","OR"
41,33,"Glyphosate",2014,676,677.7,"Josephine County","OR"
41,33,"Chlorpyrifos",2014,34.7,56.2,"Josephine County","OR"
41,33,"Malathion",2014,5.3,17.7,"Josephine County","OR"
41,33,"Paraquat",2014,26.5,27.6,"Josephine County","OR"
41,35,"2,4-D",2014,6025.6,6025.6,"Klamath County","OR"
41,35,"Chlorpyrifos",2014,100.5,2102.3,"Klamath County","OR"
41,35,"Glyphosate",2014,955.9,25119.3,"Klamath County","OR"
41,35,"Paraquat",2014,381.5,432.4,"Klamath County","OR"
41,35,"Malathion",2014,117.3,2441.7,"Klamath County","OR"
41,37,"Chlorpyrifos",2014,51.2,1645.3,"Lake County","OR"
41,37,"Paraquat",2014,299.1,299.3,"Lake County","OR"
41,37,"2,4-D",2014,427.2,427.2,"Lake County","OR"
41,37,"Glyphosate",2014,139.2,247.1,"Lake County","OR"
41,37,"Malathion",2014,3.7,1898.1,"Lake County","OR"
41,39,"Glyphosate",2014,2701,2798.3,"Lane County","OR"
41,39,"2,4-D",2014,2897.2,3024.9,"Lane County","OR"
41,39,"Paraquat",2014,1155.5,1185.5,"Lane County","OR"
41,39,"Chlorpyrifos",2014,752.6,758.6,"Lane County","OR"
41,39,"Malathion",2014,114.2,115.6,"Lane County","OR"
41,41,"Glyphosate",2014,28.5,28.5,"Lincoln County","OR"
41,41,"2,4-D",2014,351.3,355.5,"Lincoln County","OR"
41,41,"Paraquat",2014,1.8,4.2,"Lincoln County","OR"
41,41,"Malathion",2014,6.3,6.3,"Lincoln County","OR"
41,41,"Chlorpyrifos",2014,29.2,29.3,"Lincoln County","OR"
41,43,"Glyphosate",2014,2530.6,3137,"Linn County","OR"
41,43,"2,4-D",2014,2965.7,3421.1,"Linn County","OR"
41,43,"Malathion",2014,261.5,261.6,"Linn County","OR"
41,43,"Paraquat",2014,762.9,779.6,"Linn County","OR"
41,43,"Chlorpyrifos",2014,1337.2,1346.5,"Linn County","OR"
41,45,"Glyphosate",2014,28532.8,31566.6,"Malheur County","OR"
41,45,"2,4-D",2014,1266.7,1266.7,"Malheur County","OR"
41,45,"Malathion",2014,809.8,2179.7,"Malheur County","OR"
41,45,"Chlorpyrifos",2014,1605,2939.1,"Malheur County","OR"
41,45,"Paraquat",2014,263.6,380.7,"Malheur County","OR"
41,47,"Glyphosate",2014,8941,9962.9,"Marion County","OR"
41,47,"2,4-D",2014,3689.7,4475.2,"Marion County","OR"
41,47,"Paraquat",2014,3231.6,3260.9,"Marion County","OR"
41,47,"Chlorpyrifos",2014,3311.8,3338,"Marion County","OR"
41,47,"Malathion",2014,3132.2,3150.1,"Marion County","OR"
41,49,"2,4-D",2014,27448.4,27543.4,"Morrow County","OR"
41,49,"Glyphosate",2014,118604.6,119955.7,"Morrow County","OR"
41,49,"Paraquat",2014,1557.7,1771.8,"Morrow County","OR"
41,49,"Malathion",2014,468.2,1114.1,"Morrow County","OR"
41,49,"Chlorpyrifos",2014,803.2,1873.9,"Morrow County","OR"
41,5,"Malathion",2014,1273.2,1273.5,"Clackamas County","OR"
41,5,"Glyphosate",2014,3062.5,3378.6,"Clackamas County","OR"
41,5,"2,4-D",2014,2228.4,2486.9,"Clackamas County","OR"
41,5,"Chlorpyrifos",2014,733.8,758.9,"Clackamas County","OR"
41,5,"Paraquat",2014,2029.8,2039.6,"Clackamas County","OR"
41,51,"Glyphosate",2014,592.2,866.2,"Multnomah County","OR"
41,51,"Paraquat",2014,212.1,226.5,"Multnomah County","OR"
41,51,"2,4-D",2014,298.7,521.9,"Multnomah County","OR"
41,51,"Chlorpyrifos",2014,195.4,198.3,"Multnomah County","OR"
41,51,"Malathion",2014,703.4,703.8,"Multnomah County","OR"
41,53,"Glyphosate",2014,2909.1,3138.3,"Polk County","OR"
41,53,"Chlorpyrifos",2014,926.4,930.7,"Polk County","OR"
41,53,"Paraquat",2014,910.8,922.9,"Polk County","OR"
41,53,"2,4-D",2014,1559.3,1730.1,"Polk County","OR"
41,53,"Malathion",2014,267.3,267.5,"Polk County","OR"
41,55,"Chlorpyrifos",2014,274.5,274.7,"Sherman County","OR"
41,55,"Glyphosate",2014,125521.8,125522.3,"Sherman County","OR"
41,55,"2,4-D",2014,21884.4,21884.5,"Sherman County","OR"
41,55,"Paraquat",2014,102.3,102.5,"Sherman County","OR"
41,55,"Malathion",2014,0.9,1.5,"Sherman County","OR"
41,57,"Glyphosate",2014,561.1,561.1,"Tillamook County","OR"
41,57,"Chlorpyrifos",2014,0.7,8,"Tillamook County","OR"
41,57,"2,4-D",2014,809.1,1153.5,"Tillamook County","OR"
41,57,"Paraquat",2014,51.1,57.2,"Tillamook County","OR"
41,57,"Malathion",2014,1.2,1.2,"Tillamook County","OR"
41,59,"Chlorpyrifos",2014,2722.1,3641.6,"Umatilla County","OR"
41,59,"Glyphosate",2014,72264.3,73526.9,"Umatilla County","OR"
41,59,"Paraquat",2014,1643.6,2891.1,"Umatilla County","OR"
41,59,"2,4-D",2014,13534.1,13745.7,"Umatilla County","OR"
41,59,"Malathion",2014,263.7,263.7,"Umatilla County","OR"
41,61,"Chlorpyrifos",2014,221.3,718.5,"Union County","OR"
41,61,"Paraquat",2014,609.3,667.4,"Union County","OR"
41,61,"Glyphosate",2014,6238,7657.8,"Union County","OR"
41,61,"2,4-D",2014,1819.4,2237,"Union County","OR"
41,61,"Malathion",2014,49.7,49.7,"Union County","OR"
41,63,"Chlorpyrifos",2014,13.1,304,"Wallowa County","OR"
41,63,"Glyphosate",2014,2105.2,3016.3,"Wallowa County","OR"
41,63,"Paraquat",2014,382.2,395.5,"Wallowa County","OR"
41,63,"2,4-D",2014,1142.9,1375.4,"Wallowa County","OR"
41,63,"Malathion",2014,1,1,"Wallowa County","OR"
41,65,"Chlorpyrifos",2014,7753.9,7801.5,"Wasco County","OR"
41,65,"Paraquat",2014,250.2,284.6,"Wasco County","OR"
41,65,"Glyphosate",2014,55513.1,55605.6,"Wasco County","OR"
41,65,"2,4-D",2014,13308.4,13323.3,"Wasco County","OR"
41,65,"Malathion",2014,717.8,819.1,"Wasco County","OR"
41,67,"Glyphosate",2014,3672.6,4512.9,"Washington County","OR"
41,67,"Chlorpyrifos",2014,1261.6,1271.6,"Washington County","OR"
41,67,"Paraquat",2014,1919.7,1955.9,"Washington County","OR"
41,67,"2,4-D",2014,2030.5,2589.5,"Washington County","OR"
41,67,"Malathion",2014,1760.3,1761.1,"Washington County","OR"
41,69,"Glyphosate",2014,10.6,167.7,"Wheeler County","OR"
41,69,"Paraquat",2014,24.7,25,"Wheeler County","OR"
41,69,"Chlorpyrifos",2014,0.3,133.4,"Wheeler County","OR"
41,69,"2,4-D",2014,155.5,155.5,"Wheeler County","OR"
41,69,"Malathion",2014,0.2,158.2,"Wheeler County","OR"
41,7,"Glyphosate",2014,2.9,3,"Clatsop County","OR"
41,7,"Paraquat",2014,0.1,0.4,"Clatsop County","OR"
41,7,"Malathion",2014,0.4,0.4,"Clatsop County","OR"
41,7,"2,4-D",2014,166.2,167.9,"Clatsop County","OR"
41,7,"Chlorpyrifos",2014,0.5,0.5,"Clatsop County","OR"
41,71,"Paraquat",2014,2660.1,2677.1,"Yamhill County","OR"
41,71,"Chlorpyrifos",2014,1412.3,1433.3,"Yamhill County","OR"
41,71,"Glyphosate",2014,5210.8,6079.9,"Yamhill County","OR"
41,71,"Malathion",2014,640.5,640.9,"Yamhill County","OR"
41,71,"2,4-D",2014,2901.7,3452.7,"Yamhill County","OR"
41,9,"2,4-D",2014,467,506.6,"Columbia County","OR"
41,9,"Malathion",2014,5.4,5.4,"Columbia County","OR"
41,9,"Paraquat",2014,38.4,42.7,"Columbia County","OR"
41,9,"Glyphosate",2014,89.1,133.3,"Columbia County","OR"
41,9,"Chlorpyrifos",2014,54.9,60.2,"Columbia County","OR"
42,1,"Paraquat",2014,4740.1,6495.5,"Adams County","PA"
42,1,"Glyphosate",2014,28503.7,28554,"Adams County","PA"
42,1,"Chlorpyrifos",2014,10140.4,10195.5,"Adams County","PA"
42,1,"2,4-D",2014,9767.5,9792.2,"Adams County","PA"
42,101,"2,4-D",2014,1.6,1.6,"Philadelphia County","PA"
42,101,"Chlorpyrifos",2014,0.5,0.5,"Philadelphia County","PA"
42,101,"Glyphosate",2014,0.2,0.6,"Philadelphia County","PA"
42,101,"Paraquat",2014,0.1,0.1,"Philadelphia County","PA"
42,103,"2,4-D",2014,10.9,90.8,"Pike County","PA"
42,103,"Paraquat",2014,14.7,24.3,"Pike County","PA"
42,103,"Chlorpyrifos",2014,13.2,61.2,"Pike County","PA"
42,103,"Glyphosate",2014,636.6,642.3,"Pike County","PA"
42,105,"2,4-D",2014,102,967.1,"Potter County","PA"
42,105,"Chlorpyrifos",2014,0.1,58.1,"Potter County","PA"
42,105,"Paraquat",2014,40.2,242.8,"Potter County","PA"
42,105,"Glyphosate",2014,3513.6,3559.6,"Potter County","PA"
42,107,"2,4-D",2014,51.6,2543.8,"Schuylkill County","PA"
42,107,"Chlorpyrifos",2014,84.5,1598.7,"Schuylkill County","PA"
42,107,"Glyphosate",2014,24626.1,24726.3,"Schuylkill County","PA"
42,107,"Paraquat",2014,464.1,770.5,"Schuylkill County","PA"
42,109,"Chlorpyrifos",2014,228,236.4,"Snyder County","PA"
42,109,"Paraquat",2014,1400.4,1458.6,"Snyder County","PA"
42,109,"Glyphosate",2014,25304,25391.2,"Snyder County","PA"
42,109,"2,4-D",2014,1726.3,1727.5,"Snyder County","PA"
42,11,"Paraquat",2014,3524,4530.9,"Berks County","PA"
42,11,"Glyphosate",2014,51005.2,51388.6,"Berks County","PA"
42,11,"Chlorpyrifos",2014,387.6,510.6,"Berks County","PA"
42,11,"2,4-D",2014,3441.1,3470.6,"Berks County","PA"
42,111,"Paraquat",2014,18.5,1739.9,"Somerset County","PA"
42,111,"Chlorpyrifos",2014,3.7,49.3,"Somerset County","PA"
42,111,"Glyphosate",2014,19121.9,19171.3,"Somerset County","PA"
42,111,"2,4-D",2014,808.1,968.6,"Somerset County","PA"
42,113,"Paraquat",2014,8.4,175,"Sullivan County","PA"
42,113,"Chlorpyrifos",2014,0.9,53.1,"Sullivan County","PA"
42,113,"2,4-D",2014,36.9,766,"Sullivan County","PA"
42,113,"Glyphosate",2014,2197.1,2223.2,"Sullivan County","PA"
42,115,"Paraquat",2014,70,179.9,"Susquehanna County","PA"
42,115,"Chlorpyrifos",2014,1391.9,1391.9,"Susquehanna County","PA"
42,115,"2,4-D",2014,4251.6,4484.9,"Susquehanna County","PA"
42,115,"Glyphosate",2014,1905.9,1977,"Susquehanna County","PA"
42,117,"Chlorpyrifos",2014,2.4,160.9,"Tioga County","PA"
42,117,"Paraquat",2014,8.7,531,"Tioga County","PA"
42,117,"2,4-D",2014,255.5,2434.4,"Tioga County","PA"
42,117,"Glyphosate",2014,6983.6,7125,"Tioga County","PA"
42,119,"Chlorpyrifos",2014,76.1,76.7,"Union County","PA"
42,119,"2,4-D",2014,1807.3,1807.5,"Union County","PA"
42,119,"Paraquat",2014,1359.8,1368.3,"Union County","PA"
42,119,"Glyphosate",2014,27152.1,27173.3,"Union County","PA"
42,121,"Chlorpyrifos",2014,NA,86.9,"Venango County","PA"
42,121,"Paraquat",2014,0.7,48,"Venango County","PA"
42,121,"2,4-D",2014,269.3,343.5,"Venango County","PA"
42,121,"Glyphosate",2014,2878.2,3254.4,"Venango County","PA"
42,123,"Chlorpyrifos",2014,NA,74.1,"Warren County","PA"
42,123,"Paraquat",2014,0.2,38,"Warren County","PA"
42,123,"2,4-D",2014,202,328.3,"Warren County","PA"
42,123,"Glyphosate",2014,2077.2,2658.9,"Warren County","PA"
42,125,"Chlorpyrifos",2014,13.1,41.6,"Washington County","PA"
42,125,"Paraquat",2014,26.5,361.1,"Washington County","PA"
42,125,"2,4-D",2014,591.3,702.5,"Washington County","PA"
42,125,"Glyphosate",2014,5028.2,5204.5,"Washington County","PA"
42,127,"Chlorpyrifos",2014,428.4,428.4,"Wayne County","PA"
42,127,"Paraquat",2014,91.1,123.4,"Wayne County","PA"
42,127,"Glyphosate",2014,648.2,679.1,"Wayne County","PA"
42,127,"2,4-D",2014,1261,1431.5,"Wayne County","PA"
42,129,"Chlorpyrifos",2014,9.9,50.1,"Westmoreland County","PA"
42,129,"Paraquat",2014,10.4,1266.6,"Westmoreland County","PA"
42,129,"Glyphosate",2014,15708.2,15783,"Westmoreland County","PA"
42,129,"2,4-D",2014,695.1,871.7,"Westmoreland County","PA"
42,13,"Paraquat",2014,1731.4,1796.3,"Blair County","PA"
42,13,"Glyphosate",2014,23928.7,23990.9,"Blair County","PA"
42,13,"Chlorpyrifos",2014,257.2,268.7,"Blair County","PA"
42,13,"2,4-D",2014,2635.5,2636.1,"Blair County","PA"
42,131,"Chlorpyrifos",2014,1214.9,1214.9,"Wyoming County","PA"
42,131,"Paraquat",2014,55.6,152.6,"Wyoming County","PA"
42,131,"Glyphosate",2014,1785.4,1837.5,"Wyoming County","PA"
42,131,"2,4-D",2014,3762.3,3815.7,"Wyoming County","PA"
42,133,"Chlorpyrifos",2014,594.1,722.4,"York County","PA"
42,133,"Paraquat",2014,5554.2,8157.2,"York County","PA"
42,133,"Glyphosate",2014,54209.3,54291.9,"York County","PA"
42,133,"2,4-D",2014,9049,9083.8,"York County","PA"
42,15,"Paraquat",2014,23.9,1725.9,"Bradford County","PA"
42,15,"Glyphosate",2014,22440.9,22640.6,"Bradford County","PA"
42,15,"2,4-D",2014,321.4,7755.1,"Bradford County","PA"
42,15,"Chlorpyrifos",2014,2.6,453.4,"Bradford County","PA"
42,17,"Glyphosate",2014,12434.8,12509.6,"Bucks County","PA"
42,17,"2,4-D",2014,838.7,851.4,"Bucks County","PA"
42,17,"Paraquat",2014,845.4,1167,"Bucks County","PA"
42,17,"Chlorpyrifos",2014,89.2,123,"Bucks County","PA"
42,19,"2,4-D",2014,7156.5,7766.9,"Butler County","PA"
42,19,"Paraquat",2014,22.4,756.2,"Butler County","PA"
42,19,"Chlorpyrifos",2014,313.6,345.6,"Butler County","PA"
42,19,"Glyphosate",2014,17746.1,17674,"Butler County","PA"
42,21,"2,4-D",2014,1196.9,1213.9,"Cambria County","PA"
42,21,"Chlorpyrifos",2014,50.1,51.6,"Cambria County","PA"
42,21,"Paraquat",2014,907.8,918,"Cambria County","PA"
42,21,"Glyphosate",2014,18817.6,18826.7,"Cambria County","PA"
42,23,"2,4-D",2014,5.5,34.1,"Cameron County","PA"
42,23,"Chlorpyrifos",2014,NA,2,"Cameron County","PA"
42,23,"Glyphosate",2014,89.1,94,"Cameron County","PA"
42,23,"Paraquat",2014,0,6.7,"Cameron County","PA"
42,25,"Paraquat",2014,30.6,77.1,"Carbon County","PA"
42,25,"Chlorpyrifos",2014,11.5,112.3,"Carbon County","PA"
42,25,"2,4-D",2014,6.7,185.5,"Carbon County","PA"
42,25,"Glyphosate",2014,1707.2,1734.6,"Carbon County","PA"
42,27,"2,4-D",2014,2809.7,2817.5,"Centre County","PA"
42,27,"Chlorpyrifos",2014,149.6,154.3,"Centre County","PA"
42,27,"Paraquat",2014,2025.3,2057.4,"Centre County","PA"
42,27,"Glyphosate",2014,37982.4,38025.8,"Centre County","PA"
42,29,"2,4-D",2014,2212.4,2231.3,"Chester County","PA"
42,29,"Chlorpyrifos",2014,228.4,289.7,"Chester County","PA"
42,29,"Paraquat",2014,2075.8,2671.4,"Chester County","PA"
42,29,"Glyphosate",2014,30059.2,30356.1,"Chester County","PA"
42,3,"Chlorpyrifos",2014,5.1,21.3,"Allegheny County","PA"
42,3,"Paraquat",2014,18,141.9,"Allegheny County","PA"
42,3,"2,4-D",2014,81.7,126.5,"Allegheny County","PA"
42,3,"Glyphosate",2014,836,896.2,"Allegheny County","PA"
42,31,"2,4-D",2014,4505.4,4880.4,"Clarion County","PA"
42,31,"Paraquat",2014,11.2,474.7,"Clarion County","PA"
42,31,"Glyphosate",2014,9868.2,9824.2,"Clarion County","PA"
42,31,"Chlorpyrifos",2014,55.3,74.4,"Clarion County","PA"
42,33,"Paraquat",2014,406.4,416.6,"Clearfield County","PA"
42,33,"Glyphosate",2014,5569.5,5581.9,"Clearfield County","PA"
42,33,"2,4-D",2014,653.9,654,"Clearfield County","PA"
42,33,"Chlorpyrifos",2014,52.7,53.9,"Clearfield County","PA"
42,35,"Chlorpyrifos",2014,2.3,113.8,"Clinton County","PA"
42,35,"Paraquat",2014,34.2,477.4,"Clinton County","PA"
42,35,"2,4-D",2014,62.9,1818.9,"Clinton County","PA"
42,35,"Glyphosate",2014,6790.3,6840.7,"Clinton County","PA"
42,37,"Chlorpyrifos",2014,150.5,172.4,"Columbia County","PA"
42,37,"Paraquat",2014,1798.7,1936.4,"Columbia County","PA"
42,37,"2,4-D",2014,2338,2344.1,"Columbia County","PA"
42,37,"Glyphosate",2014,35942.8,36106.9,"Columbia County","PA"
42,39,"Paraquat",2014,0.7,219.7,"Crawford County","PA"
42,39,"Chlorpyrifos",2014,NA,333.8,"Crawford County","PA"
42,39,"2,4-D",2014,1437.8,1691.3,"Crawford County","PA"
42,39,"Glyphosate",2014,17169.8,18482.6,"Crawford County","PA"
42,41,"Paraquat",2014,3021.7,4386.3,"Cumberland County","PA"
42,41,"2,4-D",2014,4936.7,4957.9,"Cumberland County","PA"
42,41,"Chlorpyrifos",2014,694.7,760,"Cumberland County","PA"
42,41,"Glyphosate",2014,28734.8,28781.4,"Cumberland County","PA"
42,43,"Paraquat",2014,1544.8,1552.7,"Dauphin County","PA"
42,43,"2,4-D",2014,1949.7,1957.7,"Dauphin County","PA"
42,43,"Chlorpyrifos",2014,65.2,66.2,"Dauphin County","PA"
42,43,"Glyphosate",2014,33824.4,33863.6,"Dauphin County","PA"
42,45,"2,4-D",2014,21.7,23.4,"Delaware County","PA"
42,45,"Paraquat",2014,7,19.4,"Delaware County","PA"
42,45,"Chlorpyrifos",2014,6.7,7.4,"Delaware County","PA"
42,45,"Glyphosate",2014,72.3,82.9,"Delaware County","PA"
42,47,"2,4-D",2014,27.5,190.8,"Elk County","PA"
42,47,"Paraquat",2014,6,46.2,"Elk County","PA"
42,47,"Chlorpyrifos",2014,0.1,11.9,"Elk County","PA"
42,47,"Glyphosate",2014,599.5,625.2,"Elk County","PA"
42,49,"Chlorpyrifos",2014,NA,235.3,"Erie County","PA"
42,49,"Paraquat",2014,1048.6,1223.3,"Erie County","PA"
42,49,"2,4-D",2014,873,1215.3,"Erie County","PA"
42,49,"Glyphosate",2014,16852,18039.4,"Erie County","PA"
42,5,"Paraquat",2014,10.9,593.1,"Armstrong County","PA"
42,5,"Glyphosate",2014,12221.9,12193,"Armstrong County","PA"
42,5,"Chlorpyrifos",2014,55,78.2,"Armstrong County","PA"
42,5,"2,4-D",2014,5908.1,6331.3,"Armstrong County","PA"
42,51,"Chlorpyrifos",2014,3.9,32.3,"Fayette County","PA"
42,51,"2,4-D",2014,435.7,523.6,"Fayette County","PA"
42,51,"Paraquat",2014,5.2,923.9,"Fayette County","PA"
42,51,"Glyphosate",2014,10117.5,10202.3,"Fayette County","PA"
42,53,"Chlorpyrifos",2014,NA,8,"Forest County","PA"
42,53,"2,4-D",2014,16.1,25.3,"Forest County","PA"
42,53,"Glyphosate",2014,147.4,186.6,"Forest County","PA"
42,53,"Paraquat",2014,0,3.8,"Forest County","PA"
42,55,"Chlorpyrifos",2014,1029.2,1138.1,"Franklin County","PA"
42,55,"Paraquat",2014,5196.3,6554.9,"Franklin County","PA"
42,55,"2,4-D",2014,8404,8426.9,"Franklin County","PA"
42,55,"Glyphosate",2014,43468.3,43566,"Franklin County","PA"
42,57,"2,4-D",2014,1029.7,1030.3,"Fulton County","PA"
42,57,"Glyphosate",2014,5294.5,5327.9,"Fulton County","PA"
42,57,"Chlorpyrifos",2014,3.4,17.6,"Fulton County","PA"
42,57,"Paraquat",2014,643.9,752.1,"Fulton County","PA"
42,59,"2,4-D",2014,355.8,372,"Greene County","PA"
42,59,"Glyphosate",2014,725.7,819.9,"Greene County","PA"
42,59,"Chlorpyrifos",2014,2,11.1,"Greene County","PA"
42,59,"Paraquat",2014,4.9,85.1,"Greene County","PA"
42,61,"Glyphosate",2014,22531.7,22559.4,"Huntingdon County","PA"
42,61,"2,4-D",2014,2482.7,2483,"Huntingdon County","PA"
42,61,"Chlorpyrifos",2014,86.2,87.2,"Huntingdon County","PA"
42,61,"Paraquat",2014,1511.1,1517.6,"Huntingdon County","PA"
42,63,"Glyphosate",2014,18464.6,18437,"Indiana County","PA"
42,63,"2,4-D",2014,8230.6,8906.5,"Indiana County","PA"
42,63,"Chlorpyrifos",2014,99.2,133,"Indiana County","PA"
42,63,"Paraquat",2014,25.4,870.4,"Indiana County","PA"
42,65,"Glyphosate",2014,6914.9,6888,"Jefferson County","PA"
42,65,"2,4-D",2014,3267.4,3556.5,"Jefferson County","PA"
42,65,"Chlorpyrifos",2014,44.8,57.8,"Jefferson County","PA"
42,65,"Paraquat",2014,11.9,353.9,"Jefferson County","PA"
42,67,"2,4-D",2014,2096.9,2098.3,"Juniata County","PA"
42,67,"Glyphosate",2014,28915.4,28950.1,"Juniata County","PA"
42,67,"Chlorpyrifos",2014,120.9,122.2,"Juniata County","PA"
42,67,"Paraquat",2014,1540.2,1548.2,"Juniata County","PA"
42,69,"2,4-D",2014,1513.4,1550.4,"Lackawanna County","PA"
42,69,"Glyphosate",2014,884.3,910.1,"Lackawanna County","PA"
42,69,"Chlorpyrifos",2014,495.9,495.9,"Lackawanna County","PA"
42,69,"Paraquat",2014,148.1,186.9,"Lackawanna County","PA"
42,7,"Paraquat",2014,17.9,243.6,"Beaver County","PA"
42,7,"Glyphosate",2014,4275.8,4255.9,"Beaver County","PA"
42,7,"2,4-D",2014,1978.8,2191.2,"Beaver County","PA"
42,7,"Chlorpyrifos",2014,63,76,"Beaver County","PA"
42,71,"2,4-D",2014,6403.1,6499,"Lancaster County","PA"
42,71,"Glyphosate",2014,84727,85436.3,"Lancaster County","PA"
42,71,"Paraquat",2014,6719.5,8316.3,"Lancaster County","PA"
42,71,"Chlorpyrifos",2014,1216.4,1450.8,"Lancaster County","PA"
42,73,"Glyphosate",2014,14223.6,14131.3,"Lawrence County","PA"
42,73,"2,4-D",2014,6316,6830.8,"Lawrence County","PA"
42,73,"Paraquat",2014,10.9,653.4,"Lawrence County","PA"
42,73,"Chlorpyrifos",2014,70.3,96.6,"Lawrence County","PA"
42,75,"2,4-D",2014,2191.7,2198.2,"Lebanon County","PA"
42,75,"Paraquat",2014,2180.6,2796.4,"Lebanon County","PA"
42,75,"Glyphosate",2014,32804.3,32992.2,"Lebanon County","PA"
42,75,"Chlorpyrifos",2014,35.8,106.2,"Lebanon County","PA"
42,77,"Paraquat",2014,470.8,1017.3,"Lehigh County","PA"
42,77,"2,4-D",2014,61.8,2607.3,"Lehigh County","PA"
42,77,"Glyphosate",2014,25839.6,25962.4,"Lehigh County","PA"
42,77,"Chlorpyrifos",2014,91.6,1605.8,"Lehigh County","PA"
42,79,"2,4-D",2014,78.8,1121.4,"Luzerne County","PA"
42,79,"Paraquat",2014,189.4,433.8,"Luzerne County","PA"
42,79,"Glyphosate",2014,9406,9479.8,"Luzerne County","PA"
42,79,"Chlorpyrifos",2014,106.7,721.4,"Luzerne County","PA"
42,81,"Paraquat",2014,29.3,1119.7,"Lycoming County","PA"
42,81,"2,4-D",2014,133.8,3939.4,"Lycoming County","PA"
42,81,"Glyphosate",2014,17658,17791.9,"Lycoming County","PA"
42,81,"Chlorpyrifos",2014,9,324.4,"Lycoming County","PA"
42,83,"Paraquat",2014,3.9,42.7,"McKean County","PA"
42,83,"Glyphosate",2014,430,447.7,"McKean County","PA"
42,83,"2,4-D",2014,57.1,181.7,"McKean County","PA"
42,83,"Chlorpyrifos",2014,0.1,19.3,"McKean County","PA"
42,85,"Paraquat",2014,1.7,223.1,"Mercer County","PA"
42,85,"2,4-D",2014,1510,1721,"Mercer County","PA"
42,85,"Glyphosate",2014,18296.6,19552.7,"Mercer County","PA"
42,85,"Chlorpyrifos",2014,NA,328.6,"Mercer County","PA"
42,87,"Paraquat",2014,1286.3,1304.4,"Mifflin County","PA"
42,87,"Chlorpyrifos",2014,116,119.2,"Mifflin County","PA"
42,87,"Glyphosate",2014,21824.5,21856.7,"Mifflin County","PA"
42,87,"2,4-D",2014,1836.9,1845,"Mifflin County","PA"
42,89,"Paraquat",2014,67.7,160,"Monroe County","PA"
42,89,"Chlorpyrifos",2014,34,245.4,"Monroe County","PA"
42,89,"2,4-D",2014,20.4,392.3,"Monroe County","PA"
42,89,"Glyphosate",2014,3738.6,3769.8,"Monroe County","PA"
42,9,"Paraquat",2014,2507.4,2904.2,"Bedford County","PA"
42,9,"Chlorpyrifos",2014,893.2,943.2,"Bedford County","PA"
42,9,"Glyphosate",2014,19135.4,19217.6,"Bedford County","PA"
42,9,"2,4-D",2014,3989.1,3991.2,"Bedford County","PA"
42,91,"Paraquat",2014,228.3,324,"Montgomery County","PA"
42,91,"2,4-D",2014,286,292.2,"Montgomery County","PA"
42,91,"Chlorpyrifos",2014,51.2,59.1,"Montgomery County","PA"
42,91,"Glyphosate",2014,3236.7,3276.7,"Montgomery County","PA"
42,93,"2,4-D",2014,749.7,749.8,"Montour County","PA"
42,93,"Paraquat",2014,751.6,755.6,"Montour County","PA"
42,93,"Chlorpyrifos",2014,129.9,130,"Montour County","PA"
42,93,"Glyphosate",2014,17389,17406.5,"Montour County","PA"
42,95,"2,4-D",2014,30.9,2423.4,"Northampton County","PA"
42,95,"Paraquat",2014,443.5,798.1,"Northampton County","PA"
42,95,"Chlorpyrifos",2014,62.1,1505.2,"Northampton County","PA"
42,95,"Glyphosate",2014,24590.7,24679.5,"Northampton County","PA"
42,97,"2,4-D",2014,3382.2,3402.6,"Northumberland County","PA"
42,97,"Glyphosate",2014,54460.2,54518.9,"Northumberland County","PA"
42,97,"Paraquat",2014,2703.8,2749.3,"Northumberland County","PA"
42,97,"Chlorpyrifos",2014,293.8,301.3,"Northumberland County","PA"
42,99,"2,4-D",2014,2359.7,2360.2,"Perry County","PA"
42,99,"Paraquat",2014,1699.2,1712.9,"Perry County","PA"
42,99,"Glyphosate",2014,34433.4,34454.7,"Perry County","PA"
42,99,"Chlorpyrifos",2014,48.2,50.3,"Perry County","PA"
44,1,"Chlorpyrifos",2014,0.4,1.1,"Bristol County","RI"
44,1,"Paraquat",2014,1.7,1.6,"Bristol County","RI"
44,1,"2,4-D",2014,2.8,2.7,"Bristol County","RI"
44,1,"Glyphosate",2014,6,9,"Bristol County","RI"
44,3,"Chlorpyrifos",2014,19,21.6,"Kent County","RI"
44,3,"Glyphosate",2014,51.5,61.2,"Kent County","RI"
44,3,"Paraquat",2014,11.1,10,"Kent County","RI"
44,3,"2,4-D",2014,17.7,16.7,"Kent County","RI"
44,5,"Paraquat",2014,46,39.3,"Newport County","RI"
44,5,"Glyphosate",2014,354.5,383.9,"Newport County","RI"
44,5,"Chlorpyrifos",2014,25.7,58,"Newport County","RI"
44,5,"2,4-D",2014,45,39.2,"Newport County","RI"
44,7,"Chlorpyrifos",2014,108.6,97.5,"Providence County","RI"
44,7,"Paraquat",2014,41.5,40.6,"Providence County","RI"
44,7,"Glyphosate",2014,115.5,151.5,"Providence County","RI"
44,7,"2,4-D",2014,70.7,70,"Providence County","RI"
44,9,"Glyphosate",2014,150.7,183.1,"Washington County","RI"
44,9,"Paraquat",2014,28.2,24.4,"Washington County","RI"
44,9,"2,4-D",2014,41.8,38.5,"Washington County","RI"
44,9,"Chlorpyrifos",2014,23.8,42.5,"Washington County","RI"
45,1,"Chlorpyrifos",2014,23.2,28.2,"Abbeville County","SC"
45,1,"Glyphosate",2014,137.4,911.9,"Abbeville County","SC"
45,1,"Paraquat",2014,36.5,40,"Abbeville County","SC"
45,1,"2,4-D",2014,1636.7,1655,"Abbeville County","SC"
45,11,"Paraquat",2014,1062.7,1077.5,"Barnwell County","SC"
45,11,"Glyphosate",2014,17449.8,18064.4,"Barnwell County","SC"
45,11,"2,4-D",2014,2515.7,3846.2,"Barnwell County","SC"
45,11,"Chlorpyrifos",2014,46,972.3,"Barnwell County","SC"
45,13,"Paraquat",2014,97.4,146.4,"Beaufort County","SC"
45,13,"Glyphosate",2014,1595.4,1707.3,"Beaufort County","SC"
45,13,"Chlorpyrifos",2014,61.6,144.3,"Beaufort County","SC"
45,13,"2,4-D",2014,194.5,930.8,"Beaufort County","SC"
45,15,"Paraquat",2014,346.6,393.9,"Berkeley County","SC"
45,15,"2,4-D",2014,417.7,1375.8,"Berkeley County","SC"
45,15,"Glyphosate",2014,5383.1,5534.3,"Berkeley County","SC"
45,15,"Chlorpyrifos",2014,65.9,338.5,"Berkeley County","SC"
45,17,"Paraquat",2014,1214.3,1215.7,"Calhoun County","SC"
45,17,"2,4-D",2014,8486.3,8491,"Calhoun County","SC"
45,17,"Glyphosate",2014,27635.4,27767.3,"Calhoun County","SC"
45,17,"Chlorpyrifos",2014,261,1655.5,"Calhoun County","SC"
45,19,"2,4-D",2014,348.7,1539.9,"Charleston County","SC"
45,19,"Glyphosate",2014,2222.8,2406.8,"Charleston County","SC"
45,19,"Paraquat",2014,135.3,156.3,"Charleston County","SC"
45,19,"Chlorpyrifos",2014,29.7,110.5,"Charleston County","SC"
45,21,"2,4-D",2014,995.9,1008.8,"Cherokee County","SC"
45,21,"Glyphosate",2014,1644.6,1644.8,"Cherokee County","SC"
45,21,"Paraquat",2014,58.2,1198.9,"Cherokee County","SC"
45,21,"Chlorpyrifos",2014,4.3,34.3,"Cherokee County","SC"
45,23,"Glyphosate",2014,2167.4,3044.3,"Chester County","SC"
45,23,"2,4-D",2014,419,5518.1,"Chester County","SC"
45,23,"Paraquat",2014,305.8,2014.1,"Chester County","SC"
45,23,"Chlorpyrifos",2014,46.6,82.2,"Chester County","SC"
45,25,"2,4-D",2014,4033.6,4057.4,"Chesterfield County","SC"
45,25,"Paraquat",2014,2877,3798.6,"Chesterfield County","SC"
45,25,"Chlorpyrifos",2014,151.2,1010.8,"Chesterfield County","SC"
45,25,"Glyphosate",2014,19668.1,20082.3,"Chesterfield County","SC"
45,27,"2,4-D",2014,7569.4,7597.2,"Clarendon County","SC"
45,27,"Paraquat",2014,2857.8,2866.5,"Clarendon County","SC"
45,27,"Chlorpyrifos",2014,470.8,3171.1,"Clarendon County","SC"
45,27,"Glyphosate",2014,51204.6,51341.1,"Clarendon County","SC"
45,29,"Paraquat",2014,827,961.2,"Colleton County","SC"
45,29,"Glyphosate",2014,13255.2,13892.5,"Colleton County","SC"
45,29,"2,4-D",2014,1713.3,3547,"Colleton County","SC"
45,29,"Chlorpyrifos",2014,213.8,1100.2,"Colleton County","SC"
45,3,"Chlorpyrifos",2014,126.5,446.9,"Aiken County","SC"
45,3,"2,4-D",2014,3370.5,3862.7,"Aiken County","SC"
45,3,"Paraquat",2014,632.8,987.4,"Aiken County","SC"
45,3,"Glyphosate",2014,11053.7,11789.3,"Aiken County","SC"
45,31,"2,4-D",2014,6322.1,6459.3,"Darlington County","SC"
45,31,"Glyphosate",2014,57008.5,57148.2,"Darlington County","SC"
45,31,"Paraquat",2014,9614,9947.8,"Darlington County","SC"
45,31,"Chlorpyrifos",2014,332.4,2549.8,"Darlington County","SC"
45,33,"Glyphosate",2014,46208.3,46305.1,"Dillon County","SC"
45,33,"Paraquat",2014,7181.6,7381.1,"Dillon County","SC"
45,33,"2,4-D",2014,3308,3340.6,"Dillon County","SC"
45,33,"Chlorpyrifos",2014,59.4,2154.7,"Dillon County","SC"
45,35,"Glyphosate",2014,18498.2,19053.8,"Dorchester County","SC"
45,35,"Paraquat",2014,1180.9,1193.7,"Dorchester County","SC"
45,35,"Chlorpyrifos",2014,14.2,1087.5,"Dorchester County","SC"
45,35,"2,4-D",2014,2068.8,3403.1,"Dorchester County","SC"
45,37,"Glyphosate",2014,1978.1,2248.5,"Edgefield County","SC"
45,37,"Chlorpyrifos",2014,195.8,269.3,"Edgefield County","SC"
45,37,"Paraquat",2014,228.5,283.7,"Edgefield County","SC"
45,37,"2,4-D",2014,930.9,1065.7,"Edgefield County","SC"
45,39,"Glyphosate",2014,318.9,637,"Fairfield County","SC"
45,39,"Chlorpyrifos",2014,3,8.1,"Fairfield County","SC"
45,39,"Paraquat",2014,4.3,609.9,"Fairfield County","SC"
45,39,"2,4-D",2014,0.7,1849.9,"Fairfield County","SC"
45,41,"Glyphosate",2014,63075,63271.1,"Florence County","SC"
45,41,"Paraquat",2014,8222,8535.2,"Florence County","SC"
45,41,"Chlorpyrifos",2014,193.3,2801.7,"Florence County","SC"
45,41,"2,4-D",2014,4859.8,4906.1,"Florence County","SC"
45,43,"Paraquat",2014,742.9,1070.9,"Georgetown County","SC"
45,43,"Chlorpyrifos",2014,61.7,226.5,"Georgetown County","SC"
45,43,"Glyphosate",2014,5096.2,5245.8,"Georgetown County","SC"
45,43,"2,4-D",2014,1554.7,1559.7,"Georgetown County","SC"
45,45,"Chlorpyrifos",2014,152.5,179.9,"Greenville County","SC"
45,45,"2,4-D",2014,1503.4,1664.7,"Greenville County","SC"
45,45,"Glyphosate",2014,1292.2,1292.4,"Greenville County","SC"
45,45,"Paraquat",2014,45.1,1317.6,"Greenville County","SC"
45,47,"Paraquat",2014,26.7,27.8,"Greenwood County","SC"
45,47,"2,4-D",2014,905.3,911.7,"Greenwood County","SC"
45,47,"Chlorpyrifos",2014,18.8,20.5,"Greenwood County","SC"
45,47,"Glyphosate",2014,60.8,492.7,"Greenwood County","SC"
45,49,"Paraquat",2014,1480.5,1487.4,"Hampton County","SC"
45,49,"Chlorpyrifos",2014,8.7,1227.8,"Hampton County","SC"
45,49,"2,4-D",2014,4189.2,5764.6,"Hampton County","SC"
45,49,"Glyphosate",2014,25945.8,26788,"Hampton County","SC"
45,5,"Chlorpyrifos",2014,203.6,1487,"Allendale County","SC"
45,5,"2,4-D",2014,2258.8,3636.4,"Allendale County","SC"
45,5,"Paraquat",2014,1347.8,1494,"Allendale County","SC"
45,5,"Glyphosate",2014,21698.2,22222.6,"Allendale County","SC"
45,51,"Paraquat",2014,7088.8,7700.4,"Horry County","SC"
45,51,"Chlorpyrifos",2014,839.6,2931.9,"Horry County","SC"
45,51,"2,4-D",2014,5212.7,5237.4,"Horry County","SC"
45,51,"Glyphosate",2014,49065,49728.7,"Horry County","SC"
45,53,"2,4-D",2014,9.2,841.2,"Jasper County","SC"
45,53,"Chlorpyrifos",2014,2.9,29.1,"Jasper County","SC"
45,53,"Glyphosate",2014,428,558,"Jasper County","SC"
45,53,"Paraquat",2014,33.2,36.1,"Jasper County","SC"
45,55,"Paraquat",2014,210.8,946.7,"Kershaw County","SC"
45,55,"2,4-D",2014,9.3,1792.2,"Kershaw County","SC"
45,55,"Chlorpyrifos",2014,8.3,161.3,"Kershaw County","SC"
45,55,"Glyphosate",2014,7066.1,7360.8,"Kershaw County","SC"
45,57,"Chlorpyrifos",2014,13.6,112.4,"Lancaster County","SC"
45,57,"2,4-D",2014,16.6,3451.2,"Lancaster County","SC"
45,57,"Paraquat",2014,113.3,1328.4,"Lancaster County","SC"
45,57,"Glyphosate",2014,4930.2,5513.8,"Lancaster County","SC"
45,59,"Chlorpyrifos",2014,32.7,36.9,"Laurens County","SC"
45,59,"2,4-D",2014,1966.3,1980.3,"Laurens County","SC"
45,59,"Paraquat",2014,73.2,2130.5,"Laurens County","SC"
45,59,"Glyphosate",2014,984.8,984.9,"Laurens County","SC"
45,61,"Chlorpyrifos",2014,473.6,3013.4,"Lee County","SC"
45,61,"Paraquat",2014,3081.9,3098.8,"Lee County","SC"
45,61,"Glyphosate",2014,53671.4,53800.3,"Lee County","SC"
45,61,"2,4-D",2014,7557.1,7610.7,"Lee County","SC"
45,63,"Paraquat",2014,564.3,574.1,"Lexington County","SC"
45,63,"Chlorpyrifos",2014,243.8,827.3,"Lexington County","SC"
45,63,"Glyphosate",2014,10151.8,10533.1,"Lexington County","SC"
45,63,"2,4-D",2014,4611.7,4642.9,"Lexington County","SC"
45,65,"Chlorpyrifos",2014,0,0.2,"McCormick County","SC"
45,65,"Paraquat",2014,0.1,0.2,"McCormick County","SC"
45,65,"2,4-D",2014,266.3,267.1,"McCormick County","SC"
45,65,"Glyphosate",2014,1.6,131.6,"McCormick County","SC"
45,67,"Chlorpyrifos",2014,216.3,1365.5,"Marion County","SC"
45,67,"Paraquat",2014,4121,4473.1,"Marion County","SC"
45,67,"Glyphosate",2014,25830,26017.2,"Marion County","SC"
45,67,"2,4-D",2014,3087.8,3118.5,"Marion County","SC"
45,69,"Chlorpyrifos",2014,152,1665.2,"Marlboro County","SC"
45,69,"2,4-D",2014,4262.5,4273.5,"Marlboro County","SC"
45,69,"Glyphosate",2014,39933,40076.2,"Marlboro County","SC"
45,69,"Paraquat",2014,6170.5,6443.8,"Marlboro County","SC"
45,7,"Chlorpyrifos",2014,12.7,196.7,"Anderson County","SC"
45,7,"Glyphosate",2014,8094,8094,"Anderson County","SC"
45,7,"2,4-D",2014,3702.3,3777.3,"Anderson County","SC"
45,7,"Paraquat",2014,408.3,3613.6,"Anderson County","SC"
45,71,"Chlorpyrifos",2014,42.9,286.3,"Newberry County","SC"
45,71,"Paraquat",2014,782.1,896,"Newberry County","SC"
45,71,"2,4-D",2014,1606.8,2040.3,"Newberry County","SC"
45,71,"Glyphosate",2014,5538.3,5997,"Newberry County","SC"
45,73,"Chlorpyrifos",2014,47.3,130,"Oconee County","SC"
45,73,"2,4-D",2014,1858.5,1886.8,"Oconee County","SC"
45,73,"Glyphosate",2014,3403.5,3403.6,"Oconee County","SC"
45,73,"Paraquat",2014,123.7,1529.2,"Oconee County","SC"
45,75,"Chlorpyrifos",2014,199.7,3872.1,"Orangeburg County","SC"
45,75,"Glyphosate",2014,67754.7,68072.2,"Orangeburg County","SC"
45,75,"2,4-D",2014,15039.1,15073.7,"Orangeburg County","SC"
45,75,"Paraquat",2014,2957.4,2968.3,"Orangeburg County","SC"
45,77,"2,4-D",2014,1369.6,1394.9,"Pickens County","SC"
45,77,"Glyphosate",2014,1126.1,1126,"Pickens County","SC"
45,77,"Chlorpyrifos",2014,29.1,63.8,"Pickens County","SC"
45,77,"Paraquat",2014,2.3,794.8,"Pickens County","SC"
45,79,"2,4-D",2014,3015.6,3031.6,"Richland County","SC"
45,79,"Glyphosate",2014,9329.8,9465.7,"Richland County","SC"
45,79,"Chlorpyrifos",2014,14.4,888.8,"Richland County","SC"
45,79,"Paraquat",2014,621.1,626.1,"Richland County","SC"
45,81,"2,4-D",2014,5938.7,6152.6,"Saluda County","SC"
45,81,"Paraquat",2014,3134.8,3175.6,"Saluda County","SC"
45,81,"Glyphosate",2014,2150.6,3439.4,"Saluda County","SC"
45,81,"Chlorpyrifos",2014,5912.6,6019.6,"Saluda County","SC"
45,83,"Chlorpyrifos",2014,961.7,1110.7,"Spartanburg County","SC"
45,83,"Paraquat",2014,206.1,2740.5,"Spartanburg County","SC"
45,83,"Glyphosate",2014,6070,6070.5,"Spartanburg County","SC"
45,83,"2,4-D",2014,2651.9,3762.5,"Spartanburg County","SC"
45,85,"Chlorpyrifos",2014,60.5,2507.4,"Sumter County","SC"
45,85,"Paraquat",2014,2317.8,2333.7,"Sumter County","SC"
45,85,"2,4-D",2014,5639.3,5689.7,"Sumter County","SC"
45,85,"Glyphosate",2014,44824,45007.4,"Sumter County","SC"
45,87,"2,4-D",2014,811.1,821.8,"Union County","SC"
45,87,"Chlorpyrifos",2014,9,10.7,"Union County","SC"
45,87,"Paraquat",2014,5.4,829.8,"Union County","SC"
45,87,"Glyphosate",2014,387.2,387.3,"Union County","SC"
45,89,"Chlorpyrifos",2014,200.8,2169,"Williamsburg County","SC"
45,89,"2,4-D",2014,5811.9,5836.5,"Williamsburg County","SC"
45,89,"Paraquat",2014,7491.6,8031.4,"Williamsburg County","SC"
45,89,"Glyphosate",2014,49612.1,49918.5,"Williamsburg County","SC"
45,9,"Paraquat",2014,1162.2,1219.7,"Bamberg County","SC"
45,9,"Chlorpyrifos",2014,76.8,1190.1,"Bamberg County","SC"
45,9,"2,4-D",2014,2736.9,4200.4,"Bamberg County","SC"
45,9,"Glyphosate",2014,19475.3,20188.8,"Bamberg County","SC"
45,91,"Chlorpyrifos",2014,181,268.8,"York County","SC"
45,91,"2,4-D",2014,997.6,7442.1,"York County","SC"
45,91,"Glyphosate",2014,5997.2,7102.4,"York County","SC"
45,91,"Paraquat",2014,614.5,2816.7,"York County","SC"
46,101,"Chlorpyrifos",2014,1571.6,1877.8,"Moody County","SD"
46,101,"2,4-D",2014,554.2,699.7,"Moody County","SD"
46,101,"Glyphosate",2014,128902.3,129091.6,"Moody County","SD"
46,101,"Paraquat",2014,NA,1684.8,"Moody County","SD"
46,103,"2,4-D",2014,4034.9,4666.1,"Pennington County","SD"
46,103,"Chlorpyrifos",2014,296.9,1491.2,"Pennington County","SD"
46,103,"Paraquat",2014,3.9,227.4,"Pennington County","SD"
46,103,"Glyphosate",2014,51372.2,57981.2,"Pennington County","SD"
46,105,"Chlorpyrifos",2014,NA,705.7,"Perkins County","SD"
46,105,"2,4-D",2014,3219.6,3881.5,"Perkins County","SD"
46,105,"Paraquat",2014,68.4,634.1,"Perkins County","SD"
46,105,"Glyphosate",2014,26752.5,40095.7,"Perkins County","SD"
46,107,"2,4-D",2014,11287,11534.3,"Potter County","SD"
46,107,"Glyphosate",2014,139121.8,146013.8,"Potter County","SD"
46,107,"Chlorpyrifos",2014,2793,5502.5,"Potter County","SD"
46,107,"Paraquat",2014,17.9,1780.6,"Potter County","SD"
46,109,"Chlorpyrifos",2014,137.3,3776.4,"Roberts County","SD"
46,109,"2,4-D",2014,2034.3,3995.9,"Roberts County","SD"
46,109,"Paraquat",2014,48.1,39,"Roberts County","SD"
46,109,"Glyphosate",2014,204190.8,205027.4,"Roberts County","SD"
46,11,"2,4-D",2014,1633.3,2120.6,"Brookings County","SD"
46,11,"Chlorpyrifos",2014,2206.8,2559.7,"Brookings County","SD"
46,11,"Paraquat",2014,NA,1966.1,"Brookings County","SD"
46,11,"Glyphosate",2014,155728.2,156310.6,"Brookings County","SD"
46,111,"2,4-D",2014,5001,5458.6,"Sanborn County","SD"
46,111,"Chlorpyrifos",2014,1294,1475.9,"Sanborn County","SD"
46,111,"Glyphosate",2014,87380,88335.7,"Sanborn County","SD"
46,111,"Paraquat",2014,NA,1219.4,"Sanborn County","SD"
46,113,"Chlorpyrifos",2014,NA,811.3,"Shannon County","SD"
46,113,"2,4-D",2014,3531.6,4024.2,"Shannon County","SD"
46,113,"Glyphosate",2014,7758.6,8402.7,"Shannon County","SD"
46,113,"Paraquat",2014,1.7,520.6,"Shannon County","SD"
46,115,"Glyphosate",2014,421471.5,424204.6,"Spink County","SD"
46,115,"Chlorpyrifos",2014,444,6368.6,"Spink County","SD"
46,115,"2,4-D",2014,8959,9432.4,"Spink County","SD"
46,115,"Paraquat",2014,27.4,307.6,"Spink County","SD"
46,117,"Glyphosate",2014,51252.7,52146,"Stanley County","SD"
46,117,"Chlorpyrifos",2014,753.2,2241.4,"Stanley County","SD"
46,117,"2,4-D",2014,2294.5,2685.3,"Stanley County","SD"
46,117,"Paraquat",2014,NA,577.3,"Stanley County","SD"
46,119,"Chlorpyrifos",2014,2403.8,5753.3,"Sully County","SD"
46,119,"Glyphosate",2014,129632.9,136861.6,"Sully County","SD"
46,119,"2,4-D",2014,2810.1,5581.9,"Sully County","SD"
46,119,"Paraquat",2014,18.5,18.3,"Sully County","SD"
46,121,"2,4-D",2014,2278.3,2474.5,"Todd County","SD"
46,121,"Chlorpyrifos",2014,459.6,637,"Todd County","SD"
46,121,"Glyphosate",2014,12570.4,12600.9,"Todd County","SD"
46,121,"Paraquat",2014,NA,372,"Todd County","SD"
46,123,"2,4-D",2014,17848.4,18275.7,"Tripp County","SD"
46,123,"Chlorpyrifos",2014,563.9,1797.8,"Tripp County","SD"
46,123,"Glyphosate",2014,75746.6,75764.3,"Tripp County","SD"
46,123,"Paraquat",2014,NA,207.8,"Tripp County","SD"
46,125,"Chlorpyrifos",2014,0.1,1216.2,"Turner County","SD"
46,125,"2,4-D",2014,1334.8,1388.8,"Turner County","SD"
46,125,"Glyphosate",2014,147028.7,147782.6,"Turner County","SD"
46,125,"Paraquat",2014,NA,2023.8,"Turner County","SD"
46,127,"2,4-D",2014,827.7,848,"Union County","SD"
46,127,"Chlorpyrifos",2014,0,911.6,"Union County","SD"
46,127,"Glyphosate",2014,106731,107101.1,"Union County","SD"
46,127,"Paraquat",2014,NA,1423.4,"Union County","SD"
46,129,"2,4-D",2014,4990.8,5462.2,"Walworth County","SD"
46,129,"Chlorpyrifos",2014,342.1,2078.4,"Walworth County","SD"
46,129,"Glyphosate",2014,92305.1,95183.5,"Walworth County","SD"
46,129,"Paraquat",2014,15.9,231.8,"Walworth County","SD"
46,13,"2,4-D",2014,8177.6,8639.8,"Brown County","SD"
46,13,"Glyphosate",2014,456638.2,459183.7,"Brown County","SD"
46,13,"Paraquat",2014,45.6,68.8,"Brown County","SD"
46,13,"Chlorpyrifos",2014,36.8,6353.6,"Brown County","SD"
46,135,"2,4-D",2014,1397.9,1469.5,"Yankton County","SD"
46,135,"Glyphosate",2014,103321,103887.4,"Yankton County","SD"
46,135,"Chlorpyrifos",2014,NA,895.5,"Yankton County","SD"
46,135,"Paraquat",2014,NA,1606.4,"Yankton County","SD"
46,137,"Glyphosate",2014,15316.2,24986.7,"Ziebach County","SD"
46,137,"2,4-D",2014,1974.1,2295.9,"Ziebach County","SD"
46,137,"Chlorpyrifos",2014,NA,1056.6,"Ziebach County","SD"
46,137,"Paraquat",2014,2.7,322.9,"Ziebach County","SD"
46,15,"Paraquat",2014,3.6,3.6,"Brule County","SD"
46,15,"Glyphosate",2014,99418.6,100934.8,"Brule County","SD"
46,15,"2,4-D",2014,2945.5,3740.3,"Brule County","SD"
46,15,"Chlorpyrifos",2014,97.4,1979.5,"Brule County","SD"
46,17,"2,4-D",2014,2279.6,2586.2,"Buffalo County","SD"
46,17,"Glyphosate",2014,26965.3,27471.9,"Buffalo County","SD"
46,17,"Chlorpyrifos",2014,111.6,542,"Buffalo County","SD"
46,19,"2,4-D",2014,488.9,682.3,"Butte County","SD"
46,19,"Chlorpyrifos",2014,NA,206.8,"Butte County","SD"
46,19,"Paraquat",2014,2.5,8.4,"Butte County","SD"
46,19,"Glyphosate",2014,8884.1,15321.4,"Butte County","SD"
46,21,"Chlorpyrifos",2014,556.2,1794.3,"Campbell County","SD"
46,21,"Paraquat",2014,2.8,353.8,"Campbell County","SD"
46,21,"2,4-D",2014,4180.9,4572.5,"Campbell County","SD"
46,21,"Glyphosate",2014,76385.6,78452.4,"Campbell County","SD"
46,23,"Paraquat",2014,NA,3184,"Charles Mix County","SD"
46,23,"Chlorpyrifos",2014,111.2,1607.5,"Charles Mix County","SD"
46,23,"Glyphosate",2014,163508.4,165539.8,"Charles Mix County","SD"
46,23,"2,4-D",2014,5243.9,5353.7,"Charles Mix County","SD"
46,25,"2,4-D",2014,2015.7,3846.2,"Clark County","SD"
46,25,"Chlorpyrifos",2014,125.9,3388.7,"Clark County","SD"
46,25,"Glyphosate",2014,183621.5,184496.2,"Clark County","SD"
46,25,"Paraquat",2014,38.4,31.1,"Clark County","SD"
46,27,"2,4-D",2014,805.6,859.5,"Clay County","SD"
46,27,"Glyphosate",2014,98471.9,99248.3,"Clay County","SD"
46,27,"Paraquat",2014,NA,1368.4,"Clay County","SD"
46,27,"Chlorpyrifos",2014,0,830.3,"Clay County","SD"
46,29,"2,4-D",2014,2149.1,3298.7,"Codington County","SD"
46,29,"Glyphosate",2014,119144.3,120194.6,"Codington County","SD"
46,29,"Paraquat",2014,42.1,35.4,"Codington County","SD"
46,29,"Chlorpyrifos",2014,126.8,2436.8,"Codington County","SD"
46,3,"Chlorpyrifos",2014,11.5,1699.6,"Aurora County","SD"
46,3,"2,4-D",2014,2455.3,3162.7,"Aurora County","SD"
46,3,"Glyphosate",2014,100388.3,101318.9,"Aurora County","SD"
46,31,"Glyphosate",2014,62049,71971.1,"Corson County","SD"
46,31,"2,4-D",2014,3809.4,5042.1,"Corson County","SD"
46,31,"Chlorpyrifos",2014,NA,1108.8,"Corson County","SD"
46,31,"Paraquat",2014,25.5,1761.5,"Corson County","SD"
46,33,"2,4-D",2014,361.1,605.3,"Custer County","SD"
46,33,"Glyphosate",2014,1438.3,2792.4,"Custer County","SD"
46,33,"Chlorpyrifos",2014,NA,471.3,"Custer County","SD"
46,33,"Paraquat",2014,NA,146.5,"Custer County","SD"
46,35,"Glyphosate",2014,94577,94922.9,"Davison County","SD"
46,35,"2,4-D",2014,7250.7,7537.1,"Davison County","SD"
46,35,"Chlorpyrifos",2014,1389.6,1583.6,"Davison County","SD"
46,35,"Paraquat",2014,NA,1369.2,"Davison County","SD"
46,37,"Chlorpyrifos",2014,201.2,3237.4,"Day County","SD"
46,37,"2,4-D",2014,2830.7,4695.4,"Day County","SD"
46,37,"Glyphosate",2014,172496.3,173077.2,"Day County","SD"
46,37,"Paraquat",2014,60.2,50.5,"Day County","SD"
46,39,"Chlorpyrifos",2014,55.3,2078.8,"Deuel County","SD"
46,39,"2,4-D",2014,1337.7,2305.4,"Deuel County","SD"
46,39,"Paraquat",2014,5.7,5.7,"Deuel County","SD"
46,39,"Glyphosate",2014,103796.5,104643.9,"Deuel County","SD"
46,41,"2,4-D",2014,2489.5,3268.3,"Dewey County","SD"
46,41,"Glyphosate",2014,32425.6,41718.5,"Dewey County","SD"
46,41,"Chlorpyrifos",2014,NA,954.8,"Dewey County","SD"
46,41,"Paraquat",2014,5.2,1036.2,"Dewey County","SD"
46,43,"2,4-D",2014,1531.9,1534.7,"Douglas County","SD"
46,43,"Chlorpyrifos",2014,NA,743.8,"Douglas County","SD"
46,43,"Glyphosate",2014,83359.4,83714.5,"Douglas County","SD"
46,43,"Paraquat",2014,NA,1358.1,"Douglas County","SD"
46,45,"Chlorpyrifos",2014,617.4,4789.2,"Edmunds County","SD"
46,45,"2,4-D",2014,6996,7472.9,"Edmunds County","SD"
46,45,"Glyphosate",2014,262201,265022.5,"Edmunds County","SD"
46,45,"Paraquat",2014,NA,389.6,"Edmunds County","SD"
46,47,"Glyphosate",2014,772,2234.1,"Fall River County","SD"
46,47,"Chlorpyrifos",2014,1.5,643.3,"Fall River County","SD"
46,47,"2,4-D",2014,618.5,735.8,"Fall River County","SD"
46,47,"Paraquat",2014,NA,127.7,"Fall River County","SD"
46,49,"Chlorpyrifos",2014,559.8,3668.8,"Faulk County","SD"
46,49,"Glyphosate",2014,192007.5,194709.9,"Faulk County","SD"
46,49,"2,4-D",2014,5563,6058.7,"Faulk County","SD"
46,49,"Paraquat",2014,7.4,360.7,"Faulk County","SD"
46,5,"Chlorpyrifos",2014,158.2,3910.7,"Beadle County","SD"
46,5,"2,4-D",2014,3649.5,5105.8,"Beadle County","SD"
46,5,"Glyphosate",2014,244403.8,244788.6,"Beadle County","SD"
46,51,"Glyphosate",2014,127849.1,128703.8,"Grant County","SD"
46,51,"Chlorpyrifos",2014,110.6,2448.2,"Grant County","SD"
46,51,"2,4-D",2014,2153.5,3332.4,"Grant County","SD"
46,51,"Paraquat",2014,7,7,"Grant County","SD"
46,53,"2,4-D",2014,9024.5,9366,"Gregory County","SD"
46,53,"Chlorpyrifos",2014,399.9,1201,"Gregory County","SD"
46,53,"Glyphosate",2014,45837.1,45853.5,"Gregory County","SD"
46,53,"Paraquat",2014,NA,107.8,"Gregory County","SD"
46,55,"Chlorpyrifos",2014,570,2789.5,"Haakon County","SD"
46,55,"2,4-D",2014,3145.4,3886.6,"Haakon County","SD"
46,55,"Paraquat",2014,NA,469.5,"Haakon County","SD"
46,55,"Glyphosate",2014,76151.5,78736.7,"Haakon County","SD"
46,57,"Glyphosate",2014,118925.9,119386.6,"Hamlin County","SD"
46,57,"2,4-D",2014,781.3,1903.1,"Hamlin County","SD"
46,57,"Chlorpyrifos",2014,44.6,2000.2,"Hamlin County","SD"
46,57,"Paraquat",2014,28.9,23.4,"Hamlin County","SD"
46,59,"2,4-D",2014,4454.5,6052.6,"Hand County","SD"
46,59,"Chlorpyrifos",2014,178,4225.5,"Hand County","SD"
46,59,"Paraquat",2014,16.8,16.7,"Hand County","SD"
46,59,"Glyphosate",2014,204142.9,205478,"Hand County","SD"
46,61,"Chlorpyrifos",2014,1421.2,1636.9,"Hanson County","SD"
46,61,"2,4-D",2014,1939.2,2059.5,"Hanson County","SD"
46,61,"Glyphosate",2014,103305.6,103634.6,"Hanson County","SD"
46,61,"Paraquat",2014,NA,1322,"Hanson County","SD"
46,63,"2,4-D",2014,1126.8,1373,"Harding County","SD"
46,63,"Paraquat",2014,45.2,119.5,"Harding County","SD"
46,63,"Chlorpyrifos",2014,NA,198.1,"Harding County","SD"
46,63,"Glyphosate",2014,4883.1,11808.4,"Harding County","SD"
46,65,"Chlorpyrifos",2014,1136,3117.7,"Hughes County","SD"
46,65,"Paraquat",2014,12.8,12.7,"Hughes County","SD"
46,65,"2,4-D",2014,2317.3,3757.8,"Hughes County","SD"
46,65,"Glyphosate",2014,63769.2,67839.6,"Hughes County","SD"
46,67,"Chlorpyrifos",2014,0,1608.2,"Hutchinson County","SD"
46,67,"2,4-D",2014,2322.6,2430.1,"Hutchinson County","SD"
46,67,"Paraquat",2014,NA,2703.2,"Hutchinson County","SD"
46,67,"Glyphosate",2014,186103,187192.8,"Hutchinson County","SD"
46,69,"Chlorpyrifos",2014,94.8,1288.1,"Hyde County","SD"
46,69,"2,4-D",2014,3308.5,3962.9,"Hyde County","SD"
46,69,"Glyphosate",2014,49874,51335.7,"Hyde County","SD"
46,7,"2,4-D",2014,3404,4005,"Bennett County","SD"
46,7,"Chlorpyrifos",2014,NA,1762.2,"Bennett County","SD"
46,7,"Glyphosate",2014,7771.2,10155.9,"Bennett County","SD"
46,7,"Paraquat",2014,6.3,1468.8,"Bennett County","SD"
46,71,"Chlorpyrifos",2014,261.6,1418.6,"Jackson County","SD"
46,71,"Paraquat",2014,1.6,217.1,"Jackson County","SD"
46,71,"2,4-D",2014,2545.6,2946.3,"Jackson County","SD"
46,71,"Glyphosate",2014,33422.7,38811.1,"Jackson County","SD"
46,73,"Chlorpyrifos",2014,60.9,1048.7,"Jerauld County","SD"
46,73,"Glyphosate",2014,56928.5,57701.5,"Jerauld County","SD"
46,73,"2,4-D",2014,2912.4,3395,"Jerauld County","SD"
46,75,"Chlorpyrifos",2014,361.1,1216.5,"Jones County","SD"
46,75,"Paraquat",2014,NA,1002.1,"Jones County","SD"
46,75,"Glyphosate",2014,28896.9,28919.5,"Jones County","SD"
46,75,"2,4-D",2014,14786.2,14856,"Jones County","SD"
46,77,"Chlorpyrifos",2014,2682.4,3066,"Kingsbury County","SD"
46,77,"Paraquat",2014,NA,2276,"Kingsbury County","SD"
46,77,"2,4-D",2014,3670.6,4193.2,"Kingsbury County","SD"
46,77,"Glyphosate",2014,180847.3,181613.8,"Kingsbury County","SD"
46,79,"Chlorpyrifos",2014,1888.2,2176.2,"Lake County","SD"
46,79,"Paraquat",2014,NA,1674.4,"Lake County","SD"
46,79,"Glyphosate",2014,136791.6,137024.5,"Lake County","SD"
46,79,"2,4-D",2014,829.5,1023.7,"Lake County","SD"
46,81,"Chlorpyrifos",2014,NA,115.3,"Lawrence County","SD"
46,81,"Glyphosate",2014,445,2168.6,"Lawrence County","SD"
46,81,"2,4-D",2014,24.6,90.6,"Lawrence County","SD"
46,83,"Chlorpyrifos",2014,0,1156,"Lincoln County","SD"
46,83,"Paraquat",2014,NA,1921,"Lincoln County","SD"
46,83,"Glyphosate",2014,142257.7,142838.1,"Lincoln County","SD"
46,83,"2,4-D",2014,1061.7,1149.3,"Lincoln County","SD"
46,85,"Chlorpyrifos",2014,534,1867.5,"Lyman County","SD"
46,85,"Paraquat",2014,NA,1801.6,"Lyman County","SD"
46,85,"Glyphosate",2014,75368.5,75382.1,"Lyman County","SD"
46,85,"2,4-D",2014,24491.5,24574.9,"Lyman County","SD"
46,87,"Paraquat",2014,NA,1761.1,"McCook County","SD"
46,87,"Chlorpyrifos",2014,1940.4,2237.8,"McCook County","SD"
46,87,"Glyphosate",2014,141970.2,142247.3,"McCook County","SD"
46,87,"2,4-D",2014,1237.3,1392.6,"McCook County","SD"
46,89,"Paraquat",2014,NA,354.3,"McPherson County","SD"
46,89,"Chlorpyrifos",2014,561.3,2819.1,"McPherson County","SD"
46,89,"Glyphosate",2014,117709.3,122349,"McPherson County","SD"
46,89,"2,4-D",2014,4762.3,5639.8,"McPherson County","SD"
46,9,"Chlorpyrifos",2014,0,1012.7,"Bon Homme County","SD"
46,9,"2,4-D",2014,1515.3,1584.9,"Bon Homme County","SD"
46,9,"Glyphosate",2014,114854.4,115553.3,"Bon Homme County","SD"
46,9,"Paraquat",2014,NA,1740.2,"Bon Homme County","SD"
46,91,"Chlorpyrifos",2014,39.7,2252.4,"Marshall County","SD"
46,91,"Paraquat",2014,6.6,6.6,"Marshall County","SD"
46,91,"Glyphosate",2014,125319.6,126017.9,"Marshall County","SD"
46,91,"2,4-D",2014,1041.3,2314.6,"Marshall County","SD"
46,93,"Chlorpyrifos",2014,420.4,2060.5,"Meade County","SD"
46,93,"Paraquat",2014,NA,342.1,"Meade County","SD"
46,93,"Glyphosate",2014,67419.6,79726.4,"Meade County","SD"
46,93,"2,4-D",2014,4362.1,5153.7,"Meade County","SD"
46,95,"Paraquat",2014,NA,300.1,"Mellette County","SD"
46,95,"Glyphosate",2014,14761.8,14793.6,"Mellette County","SD"
46,95,"2,4-D",2014,6987.3,7126.4,"Mellette County","SD"
46,95,"Chlorpyrifos",2014,347.7,735.7,"Mellette County","SD"
46,97,"Paraquat",2014,NA,1337.7,"Miner County","SD"
46,97,"Glyphosate",2014,98290.3,98936.7,"Miner County","SD"
46,97,"Chlorpyrifos",2014,1445,1646.8,"Miner County","SD"
46,97,"2,4-D",2014,2801.4,3076.6,"Miner County","SD"
46,99,"Chlorpyrifos",2014,2455,2844.3,"Minnehaha County","SD"
46,99,"Glyphosate",2014,179168.4,179517.8,"Minnehaha County","SD"
46,99,"Paraquat",2014,NA,2250.1,"Minnehaha County","SD"
46,99,"2,4-D",2014,1071,1428.8,"Minnehaha County","SD"
47,1,"2,4-D",2014,477.3,477.4,"Anderson County","TN"
47,1,"Glyphosate",2014,18,18,"Anderson County","TN"
47,1,"Chlorpyrifos",2014,2.2,2.4,"Anderson County","TN"
47,1,"Paraquat",2014,1.3,57.1,"Anderson County","TN"
47,101,"Glyphosate",2014,592.1,610,"Lewis County","TN"
47,101,"2,4-D",2014,1593.1,1593.1,"Lewis County","TN"
47,101,"Malathion",2014,NA,5,"Lewis County","TN"
47,101,"Paraquat",2014,0.9,10.5,"Lewis County","TN"
47,103,"Chlorpyrifos",2014,136,753.6,"Lincoln County","TN"
47,103,"2,4-D",2014,11358.2,11798.1,"Lincoln County","TN"
47,103,"Glyphosate",2014,57965.7,57969.4,"Lincoln County","TN"
47,103,"Paraquat",2014,1896.8,2405,"Lincoln County","TN"
47,105,"Chlorpyrifos",2014,5.1,959,"Loudon County","TN"
47,105,"Glyphosate",2014,4712.7,6746.2,"Loudon County","TN"
47,105,"Paraquat",2014,92.4,757.8,"Loudon County","TN"
47,105,"2,4-D",2014,746.8,1437.3,"Loudon County","TN"
47,107,"Chlorpyrifos",2014,1.8,960.5,"McMinn County","TN"
47,107,"Glyphosate",2014,4628.6,7762.7,"McMinn County","TN"
47,107,"2,4-D",2014,1382.5,2289.7,"McMinn County","TN"
47,107,"Paraquat",2014,90.4,1138.9,"McMinn County","TN"
47,109,"Glyphosate",2014,39674.4,39714.4,"McNairy County","TN"
47,109,"Chlorpyrifos",2014,10.4,10.4,"McNairy County","TN"
47,109,"2,4-D",2014,7937.4,7937.4,"McNairy County","TN"
47,109,"Paraquat",2014,1168.7,1495.7,"McNairy County","TN"
47,109,"Malathion",2014,NA,1214.8,"McNairy County","TN"
47,11,"2,4-D",2014,1156.9,1532.6,"Bradley County","TN"
47,11,"Chlorpyrifos",2014,0.8,489.6,"Bradley County","TN"
47,11,"Paraquat",2014,48.8,516.3,"Bradley County","TN"
47,11,"Glyphosate",2014,2442,3599.3,"Bradley County","TN"
47,111,"Glyphosate",2014,11219.8,11719.9,"Macon County","TN"
47,111,"Chlorpyrifos",2014,4.4,383,"Macon County","TN"
47,111,"2,4-D",2014,4289.6,4421.3,"Macon County","TN"
47,111,"Paraquat",2014,185.8,380,"Macon County","TN"
47,113,"2,4-D",2014,22993.1,22993.1,"Madison County","TN"
47,113,"Glyphosate",2014,101181.9,101215.2,"Madison County","TN"
47,113,"Chlorpyrifos",2014,19.6,19.6,"Madison County","TN"
47,113,"Paraquat",2014,3041.7,4026.4,"Madison County","TN"
47,113,"Malathion",2014,NA,3280.1,"Madison County","TN"
47,115,"Chlorpyrifos",2014,1,60.8,"Marion County","TN"
47,115,"Glyphosate",2014,408.4,408.5,"Marion County","TN"
47,115,"Paraquat",2014,44.6,172.1,"Marion County","TN"
47,115,"2,4-D",2014,1730.9,1935.7,"Marion County","TN"
47,117,"Glyphosate",2014,14718.4,14719.8,"Marshall County","TN"
47,117,"Chlorpyrifos",2014,4.5,208.7,"Marshall County","TN"
47,117,"Paraquat",2014,401.5,698.9,"Marshall County","TN"
47,117,"2,4-D",2014,6809.8,6988.4,"Marshall County","TN"
47,119,"Chlorpyrifos",2014,7.8,332.3,"Maury County","TN"
47,119,"Glyphosate",2014,30082.4,30084.8,"Maury County","TN"
47,119,"2,4-D",2014,10209.3,10338.7,"Maury County","TN"
47,119,"Paraquat",2014,459.5,921.9,"Maury County","TN"
47,121,"Chlorpyrifos",2014,0.6,225.5,"Meigs County","TN"
47,121,"Glyphosate",2014,1125.2,1761.5,"Meigs County","TN"
47,121,"2,4-D",2014,690.8,879.6,"Meigs County","TN"
47,121,"Paraquat",2014,21.9,300.7,"Meigs County","TN"
47,123,"Glyphosate",2014,4272.1,7136.1,"Monroe County","TN"
47,123,"2,4-D",2014,1321.5,2132.1,"Monroe County","TN"
47,123,"Chlorpyrifos",2014,3.1,890.6,"Monroe County","TN"
47,123,"Paraquat",2014,113.2,1128.1,"Monroe County","TN"
47,125,"2,4-D",2014,14440.3,14440.7,"Montgomery County","TN"
47,125,"Glyphosate",2014,37977.9,38055.5,"Montgomery County","TN"
47,125,"Chlorpyrifos",2014,213.5,213.5,"Montgomery County","TN"
47,125,"Paraquat",2014,99,847.2,"Montgomery County","TN"
47,125,"Malathion",2014,NA,506.2,"Montgomery County","TN"
47,127,"2,4-D",2014,2887.8,2890.3,"Moore County","TN"
47,127,"Chlorpyrifos",2014,NA,39.3,"Moore County","TN"
47,127,"Glyphosate",2014,1113.6,1113.6,"Moore County","TN"
47,127,"Paraquat",2014,40.2,160.7,"Moore County","TN"
47,129,"Chlorpyrifos",2014,0.2,15,"Morgan County","TN"
47,129,"Glyphosate",2014,48.7,48.9,"Morgan County","TN"
47,129,"2,4-D",2014,1707,1730.3,"Morgan County","TN"
47,129,"Paraquat",2014,0.1,70.7,"Morgan County","TN"
47,13,"Chlorpyrifos",2014,NA,106.7,"Campbell County","TN"
47,13,"Glyphosate",2014,544.9,545,"Campbell County","TN"
47,13,"2,4-D",2014,460.8,492.1,"Campbell County","TN"
47,13,"Paraquat",2014,10.3,64.3,"Campbell County","TN"
47,131,"2,4-D",2014,6884.6,7822.3,"Obion County","TN"
47,131,"Glyphosate",2014,62436.3,62559.4,"Obion County","TN"
47,131,"Paraquat",2014,331.5,12349.5,"Obion County","TN"
47,131,"Chlorpyrifos",2014,81.2,378.3,"Obion County","TN"
47,131,"Malathion",2014,NA,2544.5,"Obion County","TN"
47,133,"Chlorpyrifos",2014,5.3,64.8,"Overton County","TN"
47,133,"2,4-D",2014,4967.5,5105,"Overton County","TN"
47,133,"Glyphosate",2014,259.4,259.6,"Overton County","TN"
47,133,"Paraquat",2014,3,231.2,"Overton County","TN"
47,135,"Glyphosate",2014,1894.7,1918.9,"Perry County","TN"
47,135,"Malathion",2014,NA,9.9,"Perry County","TN"
47,135,"2,4-D",2014,2277.3,2277.3,"Perry County","TN"
47,135,"Paraquat",2014,1.9,40.4,"Perry County","TN"
47,137,"2,4-D",2014,1689.5,1758,"Pickett County","TN"
47,137,"Chlorpyrifos",2014,4.6,39.3,"Pickett County","TN"
47,137,"Glyphosate",2014,104.5,104.5,"Pickett County","TN"
47,137,"Paraquat",2014,5.1,88.6,"Pickett County","TN"
47,139,"2,4-D",2014,333.3,863.7,"Polk County","TN"
47,139,"Chlorpyrifos",2014,1.6,412,"Polk County","TN"
47,139,"Glyphosate",2014,2031.5,4021.4,"Polk County","TN"
47,139,"Paraquat",2014,40.4,622.1,"Polk County","TN"
47,141,"2,4-D",2014,3763.8,3866.6,"Putnam County","TN"
47,141,"Paraquat",2014,38.7,207.7,"Putnam County","TN"
47,141,"Glyphosate",2014,326.5,326.6,"Putnam County","TN"
47,141,"Chlorpyrifos",2014,22,78.1,"Putnam County","TN"
47,143,"Chlorpyrifos",2014,3.9,306.1,"Rhea County","TN"
47,143,"2,4-D",2014,611.9,889,"Rhea County","TN"
47,143,"Paraquat",2014,32.9,372.9,"Rhea County","TN"
47,143,"Glyphosate",2014,1520.7,2458.5,"Rhea County","TN"
47,145,"Chlorpyrifos",2014,2.8,25.4,"Roane County","TN"
47,145,"2,4-D",2014,569.3,575.8,"Roane County","TN"
47,145,"Paraquat",2014,2.5,69,"Roane County","TN"
47,145,"Glyphosate",2014,137.4,137.9,"Roane County","TN"
47,147,"2,4-D",2014,27424.2,27425.2,"Robertson County","TN"
47,147,"Chlorpyrifos",2014,403.9,403.9,"Robertson County","TN"
47,147,"Glyphosate",2014,92654.4,92730.8,"Robertson County","TN"
47,147,"Malathion",2014,NA,1137.9,"Robertson County","TN"
47,147,"Paraquat",2014,224,2219.6,"Robertson County","TN"
47,149,"2,4-D",2014,6757.3,6955.5,"Rutherford County","TN"
47,149,"Chlorpyrifos",2014,12.4,242.8,"Rutherford County","TN"
47,149,"Glyphosate",2014,30169.8,30173.4,"Rutherford County","TN"
47,149,"Paraquat",2014,491,816,"Rutherford County","TN"
47,15,"2,4-D",2014,3603.7,3697.4,"Cannon County","TN"
47,15,"Glyphosate",2014,21172.8,21175.2,"Cannon County","TN"
47,15,"Chlorpyrifos",2014,2,226.2,"Cannon County","TN"
47,15,"Paraquat",2014,319.8,493.8,"Cannon County","TN"
47,151,"2,4-D",2014,1151.4,1172.6,"Scott County","TN"
47,151,"Glyphosate",2014,36.9,37,"Scott County","TN"
47,151,"Chlorpyrifos",2014,NA,13.6,"Scott County","TN"
47,151,"Paraquat",2014,NA,49.2,"Scott County","TN"
47,153,"2,4-D",2014,1398.2,1462.4,"Sequatchie County","TN"
47,153,"Chlorpyrifos",2014,0.2,31.3,"Sequatchie County","TN"
47,153,"Paraquat",2014,1.7,73.4,"Sequatchie County","TN"
47,153,"Glyphosate",2014,78.5,78.5,"Sequatchie County","TN"
47,155,"Chlorpyrifos",2014,18.6,64.4,"Sevier County","TN"
47,155,"Paraquat",2014,6.4,155.3,"Sevier County","TN"
47,155,"Glyphosate",2014,279,477.8,"Sevier County","TN"
47,155,"2,4-D",2014,772.4,824.8,"Sevier County","TN"
47,157,"Malathion",2014,NA,2073.1,"Shelby County","TN"
47,157,"Chlorpyrifos",2014,18.6,69.5,"Shelby County","TN"
47,157,"Paraquat",2014,1687.5,3957.2,"Shelby County","TN"
47,157,"2,4-D",2014,1965.5,2092.1,"Shelby County","TN"
47,157,"Glyphosate",2014,21706.3,21760.2,"Shelby County","TN"
47,159,"Chlorpyrifos",2014,3.8,152.6,"Smith County","TN"
47,159,"Glyphosate",2014,8287.8,8392.9,"Smith County","TN"
47,159,"Paraquat",2014,202.3,456,"Smith County","TN"
47,159,"2,4-D",2014,5809.7,5921.3,"Smith County","TN"
47,161,"Chlorpyrifos",2014,23.8,23.8,"Stewart County","TN"
47,161,"Malathion",2014,NA,83.6,"Stewart County","TN"
47,161,"Paraquat",2014,15.4,89.3,"Stewart County","TN"
47,161,"Glyphosate",2014,5867.4,5904.6,"Stewart County","TN"
47,161,"2,4-D",2014,3631.5,3631.5,"Stewart County","TN"
47,163,"Paraquat",2014,26.8,161.9,"Sullivan County","TN"
47,163,"Chlorpyrifos",2014,5.9,280.2,"Sullivan County","TN"
47,163,"Glyphosate",2014,1444.6,1455,"Sullivan County","TN"
47,163,"2,4-D",2014,1140.5,1221.2,"Sullivan County","TN"
47,165,"Chlorpyrifos",2014,14.8,494,"Sumner County","TN"
47,165,"Glyphosate",2014,39335.5,39433.5,"Sumner County","TN"
47,165,"2,4-D",2014,6722.8,7244.6,"Sumner County","TN"
47,165,"Paraquat",2014,999.6,1320.1,"Sumner County","TN"
47,167,"Malathion",2014,NA,3753.7,"Tipton County","TN"
47,167,"Paraquat",2014,1984.2,7943.1,"Tipton County","TN"
47,167,"Chlorpyrifos",2014,31.3,167.2,"Tipton County","TN"
47,167,"2,4-D",2014,4643.3,5571,"Tipton County","TN"
47,167,"Glyphosate",2014,42816.9,42892.2,"Tipton County","TN"
47,169,"Chlorpyrifos",2014,0.6,60.4,"Trousdale County","TN"
47,169,"Glyphosate",2014,4760.1,4829.2,"Trousdale County","TN"
47,169,"2,4-D",2014,1796.3,1810.6,"Trousdale County","TN"
47,169,"Paraquat",2014,28.4,112.6,"Trousdale County","TN"
47,17,"2,4-D",2014,21224.9,21224.9,"Carroll County","TN"
47,17,"Malathion",2014,NA,2944.1,"Carroll County","TN"
47,17,"Chlorpyrifos",2014,22.4,22.4,"Carroll County","TN"
47,17,"Glyphosate",2014,94307.8,94348.8,"Carroll County","TN"
47,17,"Paraquat",2014,2725.3,3780.2,"Carroll County","TN"
47,171,"Glyphosate",2014,8.4,8.4,"Unicoi County","TN"
47,171,"Chlorpyrifos",2014,5.1,5.2,"Unicoi County","TN"
47,171,"2,4-D",2014,58,58,"Unicoi County","TN"
47,171,"Paraquat",2014,0.5,6.9,"Unicoi County","TN"
47,173,"Chlorpyrifos",2014,NA,14.5,"Union County","TN"
47,173,"Paraquat",2014,1.4,73.8,"Union County","TN"
47,173,"Glyphosate",2014,92,96,"Union County","TN"
47,173,"2,4-D",2014,606.9,611.9,"Union County","TN"
47,175,"Chlorpyrifos",2014,0.2,19,"Van Buren County","TN"
47,175,"Paraquat",2014,0.1,65.1,"Van Buren County","TN"
47,175,"2,4-D",2014,1409,1449.3,"Van Buren County","TN"
47,175,"Glyphosate",2014,55.6,55.6,"Van Buren County","TN"
47,177,"Chlorpyrifos",2014,8.8,285.7,"Warren County","TN"
47,177,"Paraquat",2014,106.8,558.5,"Warren County","TN"
47,177,"Glyphosate",2014,1272.2,1272.5,"Warren County","TN"
47,177,"2,4-D",2014,5338.6,6157.5,"Warren County","TN"
47,179,"Paraquat",2014,69.4,412.8,"Washington County","TN"
47,179,"Chlorpyrifos",2014,4.8,762.9,"Washington County","TN"
47,179,"2,4-D",2014,1416.1,1742.6,"Washington County","TN"
47,179,"Glyphosate",2014,3618.9,4222.8,"Washington County","TN"
47,181,"Chlorpyrifos",2014,29,29,"Wayne County","TN"
47,181,"Malathion",2014,NA,110,"Wayne County","TN"
47,181,"Paraquat",2014,20.3,117,"Wayne County","TN"
47,181,"2,4-D",2014,9010.2,9010.2,"Wayne County","TN"
47,181,"Glyphosate",2014,7066.2,7160.6,"Wayne County","TN"
47,183,"Malathion",2014,NA,2155.3,"Weakley County","TN"
47,183,"Chlorpyrifos",2014,44.2,44.2,"Weakley County","TN"
47,183,"Paraquat",2014,2404.1,4846.3,"Weakley County","TN"
47,183,"2,4-D",2014,44400.9,44400.9,"Weakley County","TN"
47,183,"Glyphosate",2014,194015.9,194054.2,"Weakley County","TN"
47,185,"Chlorpyrifos",2014,5.6,141.3,"White County","TN"
47,185,"Paraquat",2014,32.3,329.4,"White County","TN"
47,185,"Glyphosate",2014,515.1,515.2,"White County","TN"
47,185,"2,4-D",2014,5281,5609.5,"White County","TN"
47,187,"Chlorpyrifos",2014,13,81.3,"Williamson County","TN"
47,187,"Paraquat",2014,151,395,"Williamson County","TN"
47,187,"2,4-D",2014,5167.5,5238.8,"Williamson County","TN"
47,187,"Glyphosate",2014,14982.4,14984.1,"Williamson County","TN"
47,189,"Chlorpyrifos",2014,8.5,65.1,"Wilson County","TN"
47,189,"Paraquat",2014,90.9,448.2,"Wilson County","TN"
47,189,"2,4-D",2014,8188.7,8219.9,"Wilson County","TN"
47,189,"Glyphosate",2014,7186.1,7194.3,"Wilson County","TN"
47,19,"2,4-D",2014,587.6,623,"Carter County","TN"
47,19,"Glyphosate",2014,583.1,598.6,"Carter County","TN"
47,19,"Chlorpyrifos",2014,10.6,122.4,"Carter County","TN"
47,19,"Paraquat",2014,12.7,85.4,"Carter County","TN"
47,21,"2,4-D",2014,2844.7,2844.7,"Cheatham County","TN"
47,21,"Glyphosate",2014,3922.2,3951.1,"Cheatham County","TN"
47,21,"Malathion",2014,NA,83.6,"Cheatham County","TN"
47,21,"Paraquat",2014,16.2,47.5,"Cheatham County","TN"
47,21,"Chlorpyrifos",2014,40.4,40.4,"Cheatham County","TN"
47,23,"Malathion",2014,NA,678.1,"Chester County","TN"
47,23,"2,4-D",2014,4429.2,4429.2,"Chester County","TN"
47,23,"Paraquat",2014,668.1,775.6,"Chester County","TN"
47,23,"Glyphosate",2014,22600.8,22625.3,"Chester County","TN"
47,23,"Chlorpyrifos",2014,1.1,1.1,"Chester County","TN"
47,25,"Glyphosate",2014,1490.5,1533.2,"Claiborne County","TN"
47,25,"Chlorpyrifos",2014,8.3,337.5,"Claiborne County","TN"
47,25,"2,4-D",2014,1737.7,1827.9,"Claiborne County","TN"
47,25,"Paraquat",2014,29.3,244.8,"Claiborne County","TN"
47,27,"2,4-D",2014,2715.9,2738.6,"Clay County","TN"
47,27,"Chlorpyrifos",2014,3.9,139.2,"Clay County","TN"
47,27,"Glyphosate",2014,3032.6,3169.8,"Clay County","TN"
47,27,"Paraquat",2014,66.7,181.6,"Clay County","TN"
47,29,"2,4-D",2014,738.9,924.1,"Cocke County","TN"
47,29,"Glyphosate",2014,1354.9,1914.3,"Cocke County","TN"
47,29,"Paraquat",2014,26.2,291.7,"Cocke County","TN"
47,29,"Chlorpyrifos",2014,0.4,272.6,"Cocke County","TN"
47,3,"2,4-D",2014,10470.4,10756.6,"Bedford County","TN"
47,3,"Glyphosate",2014,33669.1,33673.4,"Bedford County","TN"
47,3,"Paraquat",2014,625.9,1109.3,"Bedford County","TN"
47,3,"Chlorpyrifos",2014,8.8,303.1,"Bedford County","TN"
47,31,"2,4-D",2014,4199,6178.3,"Coffee County","TN"
47,31,"Glyphosate",2014,2049.9,2050,"Coffee County","TN"
47,31,"Chlorpyrifos",2014,3.3,753.3,"Coffee County","TN"
47,31,"Paraquat",2014,103.1,871.2,"Coffee County","TN"
47,33,"2,4-D",2014,26007.4,26007.4,"Crockett County","TN"
47,33,"Malathion",2014,NA,4740.2,"Crockett County","TN"
47,33,"Glyphosate",2014,128037,128059.6,"Crockett County","TN"
47,33,"Chlorpyrifos",2014,10.2,10.2,"Crockett County","TN"
47,33,"Paraquat",2014,4399,5208.7,"Crockett County","TN"
47,35,"2,4-D",2014,4754.1,4932.7,"Cumberland County","TN"
47,35,"Glyphosate",2014,289,289.3,"Cumberland County","TN"
47,35,"Paraquat",2014,8.8,238.7,"Cumberland County","TN"
47,35,"Chlorpyrifos",2014,16.3,120.4,"Cumberland County","TN"
47,37,"2,4-D",2014,1083.6,1083.6,"Davidson County","TN"
47,37,"Chlorpyrifos",2014,4.2,5.4,"Davidson County","TN"
47,37,"Glyphosate",2014,700.5,700.6,"Davidson County","TN"
47,37,"Paraquat",2014,3,50.3,"Davidson County","TN"
47,39,"Malathion",2014,NA,162.9,"Decatur County","TN"
47,39,"Paraquat",2014,187.6,224.1,"Decatur County","TN"
47,39,"Glyphosate",2014,9571.2,9621.2,"Decatur County","TN"
47,39,"2,4-D",2014,4336,4336,"Decatur County","TN"
47,41,"Chlorpyrifos",2014,6,153.4,"DeKalb County","TN"
47,41,"Paraquat",2014,155.9,317.3,"DeKalb County","TN"
47,41,"Glyphosate",2014,14354.3,14356.6,"DeKalb County","TN"
47,41,"2,4-D",2014,3448.6,3460.9,"DeKalb County","TN"
47,43,"Malathion",2014,NA,22,"Dickson County","TN"
47,43,"Chlorpyrifos",2014,111.8,111.8,"Dickson County","TN"
47,43,"Paraquat",2014,4.4,40.2,"Dickson County","TN"
47,43,"Glyphosate",2014,2022,2125.4,"Dickson County","TN"
47,43,"2,4-D",2014,9333,9333,"Dickson County","TN"
47,45,"Malathion",2014,NA,4874.1,"Dyer County","TN"
47,45,"Chlorpyrifos",2014,26.8,219.3,"Dyer County","TN"
47,45,"2,4-D",2014,6322.4,8052.4,"Dyer County","TN"
47,45,"Paraquat",2014,2398.6,10648.8,"Dyer County","TN"
47,45,"Glyphosate",2014,55801.4,55869.9,"Dyer County","TN"
47,47,"Chlorpyrifos",2014,52.7,52.7,"Fayette County","TN"
47,47,"Malathion",2014,NA,4188.9,"Fayette County","TN"
47,47,"2,4-D",2014,20895.4,20895.4,"Fayette County","TN"
47,47,"Paraquat",2014,3898.7,4584.1,"Fayette County","TN"
47,47,"Glyphosate",2014,104920,104990.8,"Fayette County","TN"
47,49,"2,4-D",2014,4028.7,4131.1,"Fentress County","TN"
47,49,"Chlorpyrifos",2014,0.6,49.4,"Fentress County","TN"
47,49,"Paraquat",2014,5.2,186.7,"Fentress County","TN"
47,49,"Glyphosate",2014,172.1,172.2,"Fentress County","TN"
47,5,"2,4-D",2014,6093.6,6093.6,"Benton County","TN"
47,5,"Glyphosate",2014,18498.8,18546,"Benton County","TN"
47,5,"Paraquat",2014,255.1,455.8,"Benton County","TN"
47,5,"Malathion",2014,NA,224.5,"Benton County","TN"
47,5,"Chlorpyrifos",2014,9.5,9.5,"Benton County","TN"
47,51,"2,4-D",2014,4024.2,5880.7,"Franklin County","TN"
47,51,"Chlorpyrifos",2014,39.5,807.4,"Franklin County","TN"
47,51,"Glyphosate",2014,8278.8,8278.9,"Franklin County","TN"
47,51,"Paraquat",2014,754.2,1444.7,"Franklin County","TN"
47,53,"Malathion",2014,NA,5267.2,"Gibson County","TN"
47,53,"Paraquat",2014,5229.6,7762.3,"Gibson County","TN"
47,53,"Chlorpyrifos",2014,18.5,18.5,"Gibson County","TN"
47,53,"2,4-D",2014,59381.6,59381.6,"Gibson County","TN"
47,53,"Glyphosate",2014,253266.2,253306.9,"Gibson County","TN"
47,55,"Paraquat",2014,691.6,1246.2,"Giles County","TN"
47,55,"Chlorpyrifos",2014,4.4,453.4,"Giles County","TN"
47,55,"2,4-D",2014,12531.5,12751.6,"Giles County","TN"
47,55,"Glyphosate",2014,34036.2,34039.3,"Giles County","TN"
47,57,"Paraquat",2014,15.9,171.7,"Grainger County","TN"
47,57,"Chlorpyrifos",2014,0.1,180.2,"Grainger County","TN"
47,57,"2,4-D",2014,1246.4,1304.7,"Grainger County","TN"
47,57,"Glyphosate",2014,865.8,911.8,"Grainger County","TN"
47,59,"Paraquat",2014,118.1,898.1,"Greene County","TN"
47,59,"2,4-D",2014,2889.7,3504.7,"Greene County","TN"
47,59,"Glyphosate",2014,6159.5,7553.7,"Greene County","TN"
47,59,"Chlorpyrifos",2014,8.6,1301,"Greene County","TN"
47,61,"Paraquat",2014,5.5,88.5,"Grundy County","TN"
47,61,"Glyphosate",2014,155,155.1,"Grundy County","TN"
47,61,"Chlorpyrifos",2014,0.6,71.7,"Grundy County","TN"
47,61,"2,4-D",2014,964,1119.3,"Grundy County","TN"
47,63,"Paraquat",2014,38.1,360.1,"Hamblen County","TN"
47,63,"Chlorpyrifos",2014,0.1,421.2,"Hamblen County","TN"
47,63,"Glyphosate",2014,1987.7,2766.9,"Hamblen County","TN"
47,63,"2,4-D",2014,752.6,1020.8,"Hamblen County","TN"
47,65,"Paraquat",2014,9,117.7,"Hamilton County","TN"
47,65,"Glyphosate",2014,451,576.7,"Hamilton County","TN"
47,65,"2,4-D",2014,622.8,673.3,"Hamilton County","TN"
47,65,"Chlorpyrifos",2014,5.5,91.4,"Hamilton County","TN"
47,67,"2,4-D",2014,961.6,969.5,"Hancock County","TN"
47,67,"Glyphosate",2014,158.6,159.5,"Hancock County","TN"
47,67,"Paraquat",2014,2.6,115.4,"Hancock County","TN"
47,67,"Chlorpyrifos",2014,NA,31.3,"Hancock County","TN"
47,69,"Paraquat",2014,2045.1,2366.8,"Hardeman County","TN"
47,69,"Chlorpyrifos",2014,41.4,41.4,"Hardeman County","TN"
47,69,"Glyphosate",2014,50269.7,50334.6,"Hardeman County","TN"
47,69,"2,4-D",2014,12314.4,12314.4,"Hardeman County","TN"
47,69,"Malathion",2014,NA,2207.6,"Hardeman County","TN"
47,7,"Glyphosate",2014,345.5,345.9,"Bledsoe County","TN"
47,7,"2,4-D",2014,4038.1,4270.4,"Bledsoe County","TN"
47,7,"Chlorpyrifos",2014,1.2,116.5,"Bledsoe County","TN"
47,7,"Paraquat",2014,19.6,239.4,"Bledsoe County","TN"
47,71,"Chlorpyrifos",2014,44.1,44.1,"Hardin County","TN"
47,71,"Paraquat",2014,698.4,893,"Hardin County","TN"
47,71,"Malathion",2014,NA,605,"Hardin County","TN"
47,71,"2,4-D",2014,8663,8663,"Hardin County","TN"
47,71,"Glyphosate",2014,35994.3,36046.1,"Hardin County","TN"
47,73,"Chlorpyrifos",2014,4,289.7,"Hawkins County","TN"
47,73,"Paraquat",2014,23.5,309.8,"Hawkins County","TN"
47,73,"2,4-D",2014,1665.4,1782.8,"Hawkins County","TN"
47,73,"Glyphosate",2014,1142.8,1442.2,"Hawkins County","TN"
47,75,"Paraquat",2014,7616.8,8695.3,"Haywood County","TN"
47,75,"Chlorpyrifos",2014,60.5,60.5,"Haywood County","TN"
47,75,"2,4-D",2014,34292.1,34292.1,"Haywood County","TN"
47,75,"Glyphosate",2014,184778.6,184797.4,"Haywood County","TN"
47,75,"Malathion",2014,NA,8362.2,"Haywood County","TN"
47,77,"Chlorpyrifos",2014,21,21,"Henderson County","TN"
47,77,"Paraquat",2014,923.8,1404.3,"Henderson County","TN"
47,77,"2,4-D",2014,12757.2,12757.2,"Henderson County","TN"
47,77,"Glyphosate",2014,46990.4,47072.2,"Henderson County","TN"
47,77,"Malathion",2014,NA,896.5,"Henderson County","TN"
47,79,"Chlorpyrifos",2014,75.6,75.6,"Henry County","TN"
47,79,"Glyphosate",2014,103924.7,103991.4,"Henry County","TN"
47,79,"Paraquat",2014,1251.6,2605.2,"Henry County","TN"
47,79,"2,4-D",2014,26623.8,26623.8,"Henry County","TN"
47,79,"Malathion",2014,NA,1124.8,"Henry County","TN"
47,81,"Glyphosate",2014,9620.5,9693.2,"Hickman County","TN"
47,81,"2,4-D",2014,7240.9,7240.9,"Hickman County","TN"
47,81,"Chlorpyrifos",2014,30.4,30.4,"Hickman County","TN"
47,81,"Paraquat",2014,24,164.5,"Hickman County","TN"
47,81,"Malathion",2014,NA,129.9,"Hickman County","TN"
47,83,"Glyphosate",2014,326.5,363.7,"Houston County","TN"
47,83,"Paraquat",2014,0.9,4.7,"Houston County","TN"
47,83,"Chlorpyrifos",2014,22.8,22.8,"Houston County","TN"
47,83,"2,4-D",2014,3278.1,3278.1,"Houston County","TN"
47,83,"Malathion",2014,NA,4.7,"Houston County","TN"
47,85,"Glyphosate",2014,11321.6,11387.2,"Humphreys County","TN"
47,85,"Paraquat",2014,26.6,182.2,"Humphreys County","TN"
47,85,"Chlorpyrifos",2014,24,24,"Humphreys County","TN"
47,85,"Malathion",2014,NA,144.2,"Humphreys County","TN"
47,85,"2,4-D",2014,6414.3,6414.3,"Humphreys County","TN"
47,87,"Glyphosate",2014,1555.5,1586.7,"Jackson County","TN"
47,87,"Paraquat",2014,24.5,144.6,"Jackson County","TN"
47,87,"2,4-D",2014,2818.3,2822.1,"Jackson County","TN"
47,87,"Chlorpyrifos",2014,0.8,43,"Jackson County","TN"
47,89,"Glyphosate",2014,2115,3238.8,"Jefferson County","TN"
47,89,"Paraquat",2014,40.9,517.1,"Jefferson County","TN"
47,89,"2,4-D",2014,1244.7,1590.1,"Jefferson County","TN"
47,89,"Chlorpyrifos",2014,3.1,427.2,"Jefferson County","TN"
47,9,"Glyphosate",2014,2152.1,3785.2,"Blount County","TN"
47,9,"2,4-D",2014,1269.8,1715.7,"Blount County","TN"
47,9,"Paraquat",2014,42.4,681.8,"Blount County","TN"
47,9,"Chlorpyrifos",2014,3.5,431.8,"Blount County","TN"
47,91,"Glyphosate",2014,946,947.2,"Johnson County","TN"
47,91,"Paraquat",2014,17.7,89.6,"Johnson County","TN"
47,91,"Chlorpyrifos",2014,0.1,190.7,"Johnson County","TN"
47,91,"2,4-D",2014,611.7,665.6,"Johnson County","TN"
47,93,"Glyphosate",2014,308.5,324.3,"Knox County","TN"
47,93,"Paraquat",2014,7.9,110,"Knox County","TN"
47,93,"2,4-D",2014,839.6,858.8,"Knox County","TN"
47,93,"Chlorpyrifos",2014,5.4,61.1,"Knox County","TN"
47,95,"Glyphosate",2014,27133.3,27137.1,"Lake County","TN"
47,95,"Paraquat",2014,1345.3,5100.3,"Lake County","TN"
47,95,"Malathion",2014,NA,2229.4,"Lake County","TN"
47,95,"2,4-D",2014,2191.7,2521,"Lake County","TN"
47,95,"Chlorpyrifos",2014,NA,82.7,"Lake County","TN"
47,97,"Glyphosate",2014,43172.8,43253.1,"Lauderdale County","TN"
47,97,"Paraquat",2014,2465.2,7920.5,"Lauderdale County","TN"
47,97,"2,4-D",2014,4520.2,5307.4,"Lauderdale County","TN"
47,97,"Malathion",2014,NA,4069.7,"Lauderdale County","TN"
47,97,"Chlorpyrifos",2014,3.2,123.6,"Lauderdale County","TN"
47,99,"Glyphosate",2014,61336.9,61473.3,"Lawrence County","TN"
47,99,"Chlorpyrifos",2014,214.3,216.3,"Lawrence County","TN"
47,99,"Malathion",2014,NA,646.3,"Lawrence County","TN"
47,99,"2,4-D",2014,17591.1,17593.4,"Lawrence County","TN"
47,99,"Paraquat",2014,116.4,894.1,"Lawrence County","TN"
48,1,"Chlorpyrifos",2014,26.1,27,"Anderson County","TX"
48,1,"2,4-D",2014,19091.3,19271.4,"Anderson County","TX"
48,1,"Paraquat",2014,8.7,223.7,"Anderson County","TX"
48,1,"Malathion",2014,NA,22.8,"Anderson County","TX"
48,1,"Glyphosate",2014,9287.5,9470.5,"Anderson County","TX"
48,101,"Paraquat",2014,600.7,635.6,"Cottle County","TX"
48,101,"Malathion",2014,35.7,632.7,"Cottle County","TX"
48,101,"2,4-D",2014,469.1,1087.5,"Cottle County","TX"
48,101,"Chlorpyrifos",2014,661.7,813,"Cottle County","TX"
48,101,"Glyphosate",2014,29725.4,29900.7,"Cottle County","TX"
48,103,"2,4-D",2014,NA,49.9,"Crane County","TX"
48,103,"Glyphosate",2014,31.2,31.2,"Crane County","TX"
48,103,"Chlorpyrifos",2014,42.1,42.1,"Crane County","TX"
48,105,"Chlorpyrifos",2014,NA,0.4,"Crockett County","TX"
48,105,"Paraquat",2014,NA,0.2,"Crockett County","TX"
48,105,"2,4-D",2014,322.5,322.5,"Crockett County","TX"
48,105,"Glyphosate",2014,126.7,126.7,"Crockett County","TX"
48,107,"Chlorpyrifos",2014,108.6,297.6,"Crosby County","TX"
48,107,"Paraquat",2014,16824.2,16950.2,"Crosby County","TX"
48,107,"Glyphosate",2014,390629.5,391243.5,"Crosby County","TX"
48,107,"2,4-D",2014,6047.6,7087.2,"Crosby County","TX"
48,109,"Chlorpyrifos",2014,253.8,346.5,"Culberson County","TX"
48,109,"Paraquat",2014,NA,55.2,"Culberson County","TX"
48,109,"2,4-D",2014,NA,384.9,"Culberson County","TX"
48,109,"Glyphosate",2014,2387.7,3790.5,"Culberson County","TX"
48,11,"Paraquat",2014,210.9,381.4,"Armstrong County","TX"
48,11,"Glyphosate",2014,15609.2,15752.3,"Armstrong County","TX"
48,11,"Chlorpyrifos",2014,536.3,548.2,"Armstrong County","TX"
48,11,"Malathion",2014,NA,42.3,"Armstrong County","TX"
48,11,"2,4-D",2014,1191.7,1205.6,"Armstrong County","TX"
48,111,"Paraquat",2014,937.7,1245.8,"Dallam County","TX"
48,111,"Chlorpyrifos",2014,999.9,1730,"Dallam County","TX"
48,111,"Malathion",2014,NA,208.3,"Dallam County","TX"
48,111,"2,4-D",2014,3133.1,3213.4,"Dallam County","TX"
48,111,"Glyphosate",2014,74094.3,74930.7,"Dallam County","TX"
48,113,"Paraquat",2014,NA,46.3,"Dallas County","TX"
48,113,"Chlorpyrifos",2014,19.5,47.8,"Dallas County","TX"
48,113,"2,4-D",2014,1244.5,1268.1,"Dallas County","TX"
48,113,"Malathion",2014,NA,16.5,"Dallas County","TX"
48,113,"Glyphosate",2014,1863.3,1983.4,"Dallas County","TX"
48,115,"Paraquat",2014,5066.5,5274.5,"Dawson County","TX"
48,115,"Chlorpyrifos",2014,146.2,793.3,"Dawson County","TX"
48,115,"2,4-D",2014,4165.4,5602.1,"Dawson County","TX"
48,115,"Glyphosate",2014,115192.5,116089.1,"Dawson County","TX"
48,117,"Paraquat",2014,906.5,1305.2,"Deaf Smith County","TX"
48,117,"Chlorpyrifos",2014,2116.3,2429.6,"Deaf Smith County","TX"
48,117,"2,4-D",2014,3799.1,3910.3,"Deaf Smith County","TX"
48,117,"Malathion",2014,NA,190,"Deaf Smith County","TX"
48,117,"Glyphosate",2014,65232.2,66675.7,"Deaf Smith County","TX"
48,119,"Paraquat",2014,1526.6,2041.2,"Delta County","TX"
48,119,"Malathion",2014,NA,21.2,"Delta County","TX"
48,119,"Chlorpyrifos",2014,26.3,163,"Delta County","TX"
48,119,"2,4-D",2014,3846.8,3946.1,"Delta County","TX"
48,119,"Glyphosate",2014,29238.6,29480.2,"Delta County","TX"
48,121,"Malathion",2014,1.5,50.2,"Denton County","TX"
48,121,"Paraquat",2014,264.8,649.3,"Denton County","TX"
48,121,"Chlorpyrifos",2014,43,270.5,"Denton County","TX"
48,121,"2,4-D",2014,6824.4,6854.4,"Denton County","TX"
48,121,"Glyphosate",2014,12040.2,13433.9,"Denton County","TX"
48,123,"Malathion",2014,1.8,1.8,"DeWitt County","TX"
48,123,"Paraquat",2014,52.5,73.2,"DeWitt County","TX"
48,123,"Glyphosate",2014,5678.7,5678.7,"DeWitt County","TX"
48,123,"2,4-D",2014,4193.4,4240.8,"DeWitt County","TX"
48,123,"Chlorpyrifos",2014,142.8,171.3,"DeWitt County","TX"
48,125,"Malathion",2014,19.3,881.6,"Dickens County","TX"
48,125,"Paraquat",2014,867.2,913,"Dickens County","TX"
48,125,"Chlorpyrifos",2014,246.1,482.6,"Dickens County","TX"
48,125,"Glyphosate",2014,38799.4,39074.8,"Dickens County","TX"
48,125,"2,4-D",2014,673,1294.4,"Dickens County","TX"
48,127,"Malathion",2014,NA,27.5,"Dimmit County","TX"
48,127,"Paraquat",2014,27.8,35.1,"Dimmit County","TX"
48,127,"Glyphosate",2014,2008.9,2177.7,"Dimmit County","TX"
48,127,"Chlorpyrifos",2014,2.1,8.1,"Dimmit County","TX"
48,127,"2,4-D",2014,1186.7,1195.4,"Dimmit County","TX"
48,129,"Malathion",2014,31.8,383.1,"Donley County","TX"
48,129,"Paraquat",2014,348.9,445.7,"Donley County","TX"
48,129,"Chlorpyrifos",2014,728.6,1043.1,"Donley County","TX"
48,129,"Glyphosate",2014,21141.4,21516.6,"Donley County","TX"
48,129,"2,4-D",2014,353.4,1112.3,"Donley County","TX"
48,13,"Paraquat",2014,126.9,146.5,"Atascosa County","TX"
48,13,"Chlorpyrifos",2014,NA,11.1,"Atascosa County","TX"
48,13,"Malathion",2014,NA,126.8,"Atascosa County","TX"
48,13,"Glyphosate",2014,17041.7,17804.5,"Atascosa County","TX"
48,13,"2,4-D",2014,1632.7,1664.2,"Atascosa County","TX"
48,131,"Malathion",2014,NA,36.2,"Duval County","TX"
48,131,"Paraquat",2014,36.2,36.2,"Duval County","TX"
48,131,"Chlorpyrifos",2014,NA,0.1,"Duval County","TX"
48,131,"Glyphosate",2014,2232.9,2514.4,"Duval County","TX"
48,131,"2,4-D",2014,1656.4,1656.4,"Duval County","TX"
48,133,"Malathion",2014,192.7,192.7,"Eastland County","TX"
48,133,"Chlorpyrifos",2014,678.6,695.1,"Eastland County","TX"
48,133,"Paraquat",2014,85.6,119.2,"Eastland County","TX"
48,133,"Glyphosate",2014,22846.8,23210.1,"Eastland County","TX"
48,133,"2,4-D",2014,373.5,726.5,"Eastland County","TX"
48,135,"Chlorpyrifos",2014,24.1,33.1,"Ector County","TX"
48,135,"Paraquat",2014,NA,0,"Ector County","TX"
48,135,"2,4-D",2014,NA,90.6,"Ector County","TX"
48,135,"Glyphosate",2014,31.7,162.4,"Ector County","TX"
48,137,"Chlorpyrifos",2014,0,0,"Edwards County","TX"
48,137,"2,4-D",2014,197.7,198.7,"Edwards County","TX"
48,137,"Glyphosate",2014,77.2,77.2,"Edwards County","TX"
48,137,"Paraquat",2014,NA,0.2,"Edwards County","TX"
48,137,"Malathion",2014,NA,0.1,"Edwards County","TX"
48,139,"Chlorpyrifos",2014,86.2,1566.2,"Ellis County","TX"
48,139,"Paraquat",2014,5682.3,6161.7,"Ellis County","TX"
48,139,"2,4-D",2014,7700.8,8632.8,"Ellis County","TX"
48,139,"Glyphosate",2014,62332.2,62913.7,"Ellis County","TX"
48,139,"Malathion",2014,8.2,103.3,"Ellis County","TX"
48,141,"2,4-D",2014,NA,380.1,"El Paso County","TX"
48,141,"Chlorpyrifos",2014,2197,2532.4,"El Paso County","TX"
48,141,"Paraquat",2014,NA,105.5,"El Paso County","TX"
48,141,"Glyphosate",2014,7257.1,11742.6,"El Paso County","TX"
48,143,"2,4-D",2014,447.9,782.4,"Erath County","TX"
48,143,"Chlorpyrifos",2014,664.1,728.3,"Erath County","TX"
48,143,"Paraquat",2014,19,130.3,"Erath County","TX"
48,143,"Malathion",2014,154.1,154.1,"Erath County","TX"
48,143,"Glyphosate",2014,6827.7,8599,"Erath County","TX"
48,145,"2,4-D",2014,7171.1,7332.2,"Falls County","TX"
48,145,"Chlorpyrifos",2014,100.2,592.5,"Falls County","TX"
48,145,"Paraquat",2014,1384.6,1729.2,"Falls County","TX"
48,145,"Glyphosate",2014,51825,52027.9,"Falls County","TX"
48,145,"Malathion",2014,22.8,125.3,"Falls County","TX"
48,147,"Chlorpyrifos",2014,149.2,806,"Fannin County","TX"
48,147,"2,4-D",2014,10490.7,11071.1,"Fannin County","TX"
48,147,"Paraquat",2014,903.9,1710.1,"Fannin County","TX"
48,147,"Malathion",2014,2.4,143.7,"Fannin County","TX"
48,147,"Glyphosate",2014,30275.6,30870.1,"Fannin County","TX"
48,149,"2,4-D",2014,3455.8,3611.9,"Fayette County","TX"
48,149,"Paraquat",2014,56.2,81.9,"Fayette County","TX"
48,149,"Glyphosate",2014,9766,9766.3,"Fayette County","TX"
48,149,"Malathion",2014,9.2,9.2,"Fayette County","TX"
48,149,"Chlorpyrifos",2014,126.9,176.4,"Fayette County","TX"
48,15,"Malathion",2014,8.3,8.3,"Austin County","TX"
48,15,"Chlorpyrifos",2014,96.2,131.2,"Austin County","TX"
48,15,"Paraquat",2014,251,283.9,"Austin County","TX"
48,15,"2,4-D",2014,2737.6,2811.8,"Austin County","TX"
48,15,"Glyphosate",2014,11112.8,11124.4,"Austin County","TX"
48,151,"2,4-D",2014,5474.6,5581.8,"Fisher County","TX"
48,151,"Malathion",2014,99.8,99.8,"Fisher County","TX"
48,151,"Paraquat",2014,4670.1,4741.8,"Fisher County","TX"
48,151,"Glyphosate",2014,159779,159779,"Fisher County","TX"
48,151,"Chlorpyrifos",2014,737,742.4,"Fisher County","TX"
48,153,"Malathion",2014,NA,3687.6,"Floyd County","TX"
48,153,"2,4-D",2014,25850.1,25992.2,"Floyd County","TX"
48,153,"Chlorpyrifos",2014,1811.9,1927.1,"Floyd County","TX"
48,153,"Glyphosate",2014,298909.3,299897.6,"Floyd County","TX"
48,153,"Paraquat",2014,15561.6,15733.8,"Floyd County","TX"
48,155,"Paraquat",2014,43.3,280.5,"Foard County","TX"
48,155,"2,4-D",2014,40.8,1615,"Foard County","TX"
48,155,"Malathion",2014,NA,43.1,"Foard County","TX"
48,155,"Chlorpyrifos",2014,5489.3,5679.5,"Foard County","TX"
48,155,"Glyphosate",2014,35559,35795.9,"Foard County","TX"
48,157,"Malathion",2014,NA,0.5,"Fort Bend County","TX"
48,157,"2,4-D",2014,5169.9,5629,"Fort Bend County","TX"
48,157,"Chlorpyrifos",2014,32.8,174.4,"Fort Bend County","TX"
48,157,"Glyphosate",2014,66685.1,66767.3,"Fort Bend County","TX"
48,157,"Paraquat",2014,1353.1,1758.4,"Fort Bend County","TX"
48,159,"2,4-D",2014,6374.2,6382.9,"Franklin County","TX"
48,159,"Glyphosate",2014,2253.1,2299.7,"Franklin County","TX"
48,159,"Chlorpyrifos",2014,8,8.2,"Franklin County","TX"
48,159,"Malathion",2014,NA,13.3,"Franklin County","TX"
48,159,"Paraquat",2014,31.8,231.7,"Franklin County","TX"
48,161,"Chlorpyrifos",2014,2.8,2.8,"Freestone County","TX"
48,161,"Paraquat",2014,NA,19.1,"Freestone County","TX"
48,161,"Malathion",2014,105.4,105.4,"Freestone County","TX"
48,161,"2,4-D",2014,13191.8,13214.6,"Freestone County","TX"
48,161,"Glyphosate",2014,1351.3,1387.4,"Freestone County","TX"
48,163,"2,4-D",2014,1661.2,1817.3,"Frio County","TX"
48,163,"Chlorpyrifos",2014,NA,39.4,"Frio County","TX"
48,163,"Glyphosate",2014,34537.2,37287.7,"Frio County","TX"
48,163,"Paraquat",2014,131.8,159.4,"Frio County","TX"
48,163,"Malathion",2014,NA,131.7,"Frio County","TX"
48,165,"Paraquat",2014,12465.1,12694.5,"Gaines County","TX"
48,165,"Glyphosate",2014,286522.9,287516.5,"Gaines County","TX"
48,165,"Chlorpyrifos",2014,169.6,907.9,"Gaines County","TX"
48,165,"2,4-D",2014,6881.7,9163.3,"Gaines County","TX"
48,165,"Malathion",2014,NA,52.1,"Gaines County","TX"
48,167,"Chlorpyrifos",2014,1.4,2,"Galveston County","TX"
48,167,"Paraquat",2014,NA,2.2,"Galveston County","TX"
48,167,"Malathion",2014,NA,5.5,"Galveston County","TX"
48,167,"2,4-D",2014,385.1,423.7,"Galveston County","TX"
48,167,"Glyphosate",2014,95.3,839.7,"Galveston County","TX"
48,169,"Malathion",2014,23.2,1138.8,"Garza County","TX"
48,169,"2,4-D",2014,870.6,1310.3,"Garza County","TX"
48,169,"Chlorpyrifos",2014,252.2,254.4,"Garza County","TX"
48,169,"Paraquat",2014,1121.9,1141.1,"Garza County","TX"
48,169,"Glyphosate",2014,48953.3,48953.3,"Garza County","TX"
48,17,"Paraquat",2014,3527.5,3672.5,"Bailey County","TX"
48,17,"Chlorpyrifos",2014,139.8,583.8,"Bailey County","TX"
48,17,"Glyphosate",2014,77410.6,78336.8,"Bailey County","TX"
48,17,"2,4-D",2014,2086,3992.7,"Bailey County","TX"
48,171,"2,4-D",2014,274.8,347.9,"Gillespie County","TX"
48,171,"Malathion",2014,2,1084.4,"Gillespie County","TX"
48,171,"Paraquat",2014,NA,37.9,"Gillespie County","TX"
48,171,"Glyphosate",2014,10087.9,10166.4,"Gillespie County","TX"
48,171,"Chlorpyrifos",2014,7.3,250,"Gillespie County","TX"
48,173,"Paraquat",2014,5769.6,5801,"Glasscock County","TX"
48,173,"Malathion",2014,NA,40.5,"Glasscock County","TX"
48,173,"2,4-D",2014,2243.4,2613.2,"Glasscock County","TX"
48,173,"Chlorpyrifos",2014,33.6,104.9,"Glasscock County","TX"
48,173,"Glyphosate",2014,132574.2,132652.9,"Glasscock County","TX"
48,175,"Paraquat",2014,112.4,116,"Goliad County","TX"
48,175,"Malathion",2014,0.9,0.9,"Goliad County","TX"
48,175,"2,4-D",2014,3709.3,3842.7,"Goliad County","TX"
48,175,"Glyphosate",2014,5223.3,5223.3,"Goliad County","TX"
48,175,"Chlorpyrifos",2014,35.9,58.1,"Goliad County","TX"
48,177,"Malathion",2014,16.6,16.6,"Gonzales County","TX"
48,177,"2,4-D",2014,4463,4521.7,"Gonzales County","TX"
48,177,"Glyphosate",2014,6083.8,6096.2,"Gonzales County","TX"
48,177,"Chlorpyrifos",2014,42.8,69.7,"Gonzales County","TX"
48,177,"Paraquat",2014,77.6,83.9,"Gonzales County","TX"
48,179,"2,4-D",2014,3513.9,3513.9,"Gray County","TX"
48,179,"Malathion",2014,NA,413.1,"Gray County","TX"
48,179,"Glyphosate",2014,43757.9,43875.1,"Gray County","TX"
48,179,"Chlorpyrifos",2014,399.9,446.1,"Gray County","TX"
48,179,"Paraquat",2014,1739.6,1909.4,"Gray County","TX"
48,181,"2,4-D",2014,6941.7,7048.9,"Grayson County","TX"
48,181,"Malathion",2014,5.1,168.3,"Grayson County","TX"
48,181,"Glyphosate",2014,17172.4,17669,"Grayson County","TX"
48,181,"Chlorpyrifos",2014,167.5,366.1,"Grayson County","TX"
48,181,"Paraquat",2014,307.9,694.8,"Grayson County","TX"
48,183,"Glyphosate",2014,264,264.7,"Gregg County","TX"
48,183,"2,4-D",2014,2110.7,2110.8,"Gregg County","TX"
48,183,"Paraquat",2014,4.8,5,"Gregg County","TX"
48,183,"Chlorpyrifos",2014,0.5,0.5,"Gregg County","TX"
48,185,"2,4-D",2014,12485.6,12984.2,"Grimes County","TX"
48,185,"Paraquat",2014,45.5,161.9,"Grimes County","TX"
48,185,"Glyphosate",2014,3748,3755,"Grimes County","TX"
48,185,"Malathion",2014,130.5,130.5,"Grimes County","TX"
48,185,"Chlorpyrifos",2014,13.3,13.6,"Grimes County","TX"
48,187,"Glyphosate",2014,22468.2,22468.8,"Guadalupe County","TX"
48,187,"Paraquat",2014,445,529.3,"Guadalupe County","TX"
48,187,"2,4-D",2014,3273.7,3646.5,"Guadalupe County","TX"
48,187,"Malathion",2014,17.5,17.5,"Guadalupe County","TX"
48,187,"Chlorpyrifos",2014,366.3,470,"Guadalupe County","TX"
48,189,"Glyphosate",2014,255843.2,257736.5,"Hale County","TX"
48,189,"Paraquat",2014,12426.2,12701.8,"Hale County","TX"
48,189,"2,4-D",2014,21169.1,21469.2,"Hale County","TX"
48,189,"Malathion",2014,0.8,2913.5,"Hale County","TX"
48,189,"Chlorpyrifos",2014,2411.9,2719.8,"Hale County","TX"
48,19,"Chlorpyrifos",2014,0.3,7.3,"Bandera County","TX"
48,19,"Paraquat",2014,NA,2.7,"Bandera County","TX"
48,19,"Malathion",2014,0.1,14.3,"Bandera County","TX"
48,19,"Glyphosate",2014,1180.5,1180.5,"Bandera County","TX"
48,19,"2,4-D",2014,74.7,89.8,"Bandera County","TX"
48,191,"Glyphosate",2014,99932.7,99932.7,"Hall County","TX"
48,191,"Paraquat",2014,2146.8,2236.7,"Hall County","TX"
48,191,"2,4-D",2014,1688.1,2374.3,"Hall County","TX"
48,191,"Chlorpyrifos",2014,1416.5,1436.5,"Hall County","TX"
48,191,"Malathion",2014,50.2,2185,"Hall County","TX"
48,193,"Glyphosate",2014,2086.1,2495.7,"Hamilton County","TX"
48,193,"Malathion",2014,1,62.6,"Hamilton County","TX"
48,193,"Paraquat",2014,NA,89.5,"Hamilton County","TX"
48,193,"Chlorpyrifos",2014,12.4,78,"Hamilton County","TX"
48,193,"2,4-D",2014,8566.4,8654.1,"Hamilton County","TX"
48,195,"Glyphosate",2014,91513.3,91568.7,"Hansford County","TX"
48,195,"Paraquat",2014,1738.5,2510.4,"Hansford County","TX"
48,195,"2,4-D",2014,5501.5,5501.5,"Hansford County","TX"
48,195,"Malathion",2014,NA,412.6,"Hansford County","TX"
48,195,"Chlorpyrifos",2014,489.7,896.3,"Hansford County","TX"
48,197,"Glyphosate",2014,45751.3,45849.3,"Hardeman County","TX"
48,197,"2,4-D",2014,152.8,1836.9,"Hardeman County","TX"
48,197,"Malathion",2014,82.2,284.4,"Hardeman County","TX"
48,197,"Chlorpyrifos",2014,6115.4,6174,"Hardeman County","TX"
48,197,"Paraquat",2014,191.9,458.4,"Hardeman County","TX"
48,199,"Glyphosate",2014,157.8,160,"Hardin County","TX"
48,199,"2,4-D",2014,1582.9,1584.8,"Hardin County","TX"
48,199,"Paraquat",2014,NA,0.9,"Hardin County","TX"
48,199,"Malathion",2014,26.4,26.4,"Hardin County","TX"
48,199,"Chlorpyrifos",2014,0.1,0.1,"Hardin County","TX"
48,201,"Malathion",2014,NA,143.6,"Harris County","TX"
48,201,"2,4-D",2014,1763.4,1854.4,"Harris County","TX"
48,201,"Glyphosate",2014,3241.3,3301.4,"Harris County","TX"
48,201,"Paraquat",2014,NA,13.6,"Harris County","TX"
48,201,"Chlorpyrifos",2014,3.3,6.1,"Harris County","TX"
48,203,"2,4-D",2014,8825.2,8830.5,"Harrison County","TX"
48,203,"Chlorpyrifos",2014,18.7,18.7,"Harrison County","TX"
48,203,"Paraquat",2014,0.7,2.1,"Harrison County","TX"
48,203,"Malathion",2014,NA,10.9,"Harrison County","TX"
48,203,"Glyphosate",2014,1106.3,1144.5,"Harrison County","TX"
48,205,"2,4-D",2014,1878.1,1917.7,"Hartley County","TX"
48,205,"Malathion",2014,NA,81.4,"Hartley County","TX"
48,205,"Chlorpyrifos",2014,1769,2461.9,"Hartley County","TX"
48,205,"Paraquat",2014,385,541,"Hartley County","TX"
48,205,"Glyphosate",2014,56594.5,58167.9,"Hartley County","TX"
48,207,"2,4-D",2014,4001.3,4612.6,"Haskell County","TX"
48,207,"Paraquat",2014,2960.9,3525.3,"Haskell County","TX"
48,207,"Malathion",2014,2.1,2.1,"Haskell County","TX"
48,207,"Glyphosate",2014,123260.7,123260.7,"Haskell County","TX"
48,207,"Chlorpyrifos",2014,3887.8,3908.8,"Haskell County","TX"
48,209,"2,4-D",2014,1772.1,1841.4,"Hays County","TX"
48,209,"Glyphosate",2014,4144.1,4144.7,"Hays County","TX"
48,209,"Malathion",2014,0.9,0.9,"Hays County","TX"
48,209,"Paraquat",2014,36.9,44.9,"Hays County","TX"
48,209,"Chlorpyrifos",2014,23.6,45.4,"Hays County","TX"
48,21,"2,4-D",2014,3016.6,3130.6,"Bastrop County","TX"
48,21,"Glyphosate",2014,4020.6,4020.7,"Bastrop County","TX"
48,21,"Malathion",2014,4.6,4.6,"Bastrop County","TX"
48,21,"Chlorpyrifos",2014,266.8,274,"Bastrop County","TX"
48,21,"Paraquat",2014,93.3,127.4,"Bastrop County","TX"
48,211,"2,4-D",2014,216.9,216.9,"Hemphill County","TX"
48,211,"Malathion",2014,NA,7.5,"Hemphill County","TX"
48,211,"Chlorpyrifos",2014,223.7,223.7,"Hemphill County","TX"
48,211,"Paraquat",2014,31.5,68.3,"Hemphill County","TX"
48,211,"Glyphosate",2014,2519.1,2862.6,"Hemphill County","TX"
48,213,"2,4-D",2014,17941.2,17947.7,"Henderson County","TX"
48,213,"Malathion",2014,NA,29.7,"Henderson County","TX"
48,213,"Chlorpyrifos",2014,29.4,29.4,"Henderson County","TX"
48,213,"Paraquat",2014,1.3,13.8,"Henderson County","TX"
48,213,"Glyphosate",2014,2274.3,2351.8,"Henderson County","TX"
48,215,"2,4-D",2014,9128.6,11608.5,"Hidalgo County","TX"
48,215,"Glyphosate",2014,138128.3,138343.2,"Hidalgo County","TX"
48,215,"Chlorpyrifos",2014,25660.8,25660.8,"Hidalgo County","TX"
48,215,"Paraquat",2014,5484.9,5484.9,"Hidalgo County","TX"
48,215,"Malathion",2014,4889.3,4889.3,"Hidalgo County","TX"
48,217,"2,4-D",2014,8472.2,8810,"Hill County","TX"
48,217,"Chlorpyrifos",2014,60.8,1011.6,"Hill County","TX"
48,217,"Glyphosate",2014,72104.2,72711.2,"Hill County","TX"
48,217,"Paraquat",2014,3800.9,4310.2,"Hill County","TX"
48,217,"Malathion",2014,1.5,46.8,"Hill County","TX"
48,219,"2,4-D",2014,5279.4,7002.1,"Hockley County","TX"
48,219,"Chlorpyrifos",2014,108.3,310.7,"Hockley County","TX"
48,219,"Paraquat",2014,14502.7,14525.2,"Hockley County","TX"
48,219,"Malathion",2014,NA,35.2,"Hockley County","TX"
48,219,"Glyphosate",2014,327503.7,327720.7,"Hockley County","TX"
48,221,"2,4-D",2014,171.3,193.9,"Hood County","TX"
48,221,"Glyphosate",2014,4170.8,4290.7,"Hood County","TX"
48,221,"Chlorpyrifos",2014,1215.5,1224.8,"Hood County","TX"
48,221,"Paraquat",2014,5.4,11.5,"Hood County","TX"
48,221,"Malathion",2014,292.3,292.3,"Hood County","TX"
48,223,"2,4-D",2014,20950.4,20989.2,"Hopkins County","TX"
48,223,"Paraquat",2014,0.5,436.6,"Hopkins County","TX"
48,223,"Chlorpyrifos",2014,15.6,16.7,"Hopkins County","TX"
48,223,"Glyphosate",2014,3138.2,3947.9,"Hopkins County","TX"
48,223,"Malathion",2014,NA,20.5,"Hopkins County","TX"
48,225,"2,4-D",2014,26298.4,26702.3,"Houston County","TX"
48,225,"Chlorpyrifos",2014,279.3,280.8,"Houston County","TX"
48,225,"Glyphosate",2014,17147.5,17895.1,"Houston County","TX"
48,225,"Paraquat",2014,0.5,363.7,"Houston County","TX"
48,225,"Malathion",2014,NA,226,"Houston County","TX"
48,227,"Chlorpyrifos",2014,26.5,26.5,"Howard County","TX"
48,227,"2,4-D",2014,1363.7,1818.8,"Howard County","TX"
48,227,"Glyphosate",2014,92378,92378,"Howard County","TX"
48,227,"Paraquat",2014,4172.4,4174.8,"Howard County","TX"
48,229,"Chlorpyrifos",2014,223.7,772.9,"Hudspeth County","TX"
48,229,"2,4-D",2014,NA,741.3,"Hudspeth County","TX"
48,229,"Paraquat",2014,NA,124.2,"Hudspeth County","TX"
48,229,"Glyphosate",2014,7730.1,15634.5,"Hudspeth County","TX"
48,23,"Glyphosate",2014,27897.1,27897.1,"Baylor County","TX"
48,23,"2,4-D",2014,756,857.6,"Baylor County","TX"
48,23,"Malathion",2014,88.3,88.3,"Baylor County","TX"
48,23,"Chlorpyrifos",2014,3450.3,3451.2,"Baylor County","TX"
48,23,"Paraquat",2014,202.6,490.6,"Baylor County","TX"
48,231,"Chlorpyrifos",2014,52.8,194.3,"Hunt County","TX"
48,231,"2,4-D",2014,8534.3,8577.8,"Hunt County","TX"
48,231,"Paraquat",2014,290.2,888.4,"Hunt County","TX"
48,231,"Malathion",2014,27.9,105.1,"Hunt County","TX"
48,231,"Glyphosate",2014,19831.3,20255.4,"Hunt County","TX"
48,233,"Chlorpyrifos",2014,220.1,345.5,"Hutchinson County","TX"
48,233,"Malathion",2014,NA,93.5,"Hutchinson County","TX"
48,233,"2,4-D",2014,1354.3,1354.3,"Hutchinson County","TX"
48,233,"Paraquat",2014,397.5,549.8,"Hutchinson County","TX"
48,233,"Glyphosate",2014,22729,22816.3,"Hutchinson County","TX"
48,235,"Malathion",2014,NA,0.9,"Irion County","TX"
48,235,"Glyphosate",2014,1074.3,1074.3,"Irion County","TX"
48,235,"Paraquat",2014,NA,12,"Irion County","TX"
48,235,"Chlorpyrifos",2014,0.2,21.8,"Irion County","TX"
48,235,"2,4-D",2014,159.8,179.2,"Irion County","TX"
48,237,"Malathion",2014,10.5,10.5,"Jack County","TX"
48,237,"Glyphosate",2014,294.2,577.4,"Jack County","TX"
48,237,"Chlorpyrifos",2014,34.3,55.5,"Jack County","TX"
48,237,"2,4-D",2014,454.4,499.1,"Jack County","TX"
48,237,"Paraquat",2014,0.1,14.8,"Jack County","TX"
48,239,"Glyphosate",2014,80429.9,80621.8,"Jackson County","TX"
48,239,"Paraquat",2014,439.7,630.6,"Jackson County","TX"
48,239,"2,4-D",2014,20922.8,21208.3,"Jackson County","TX"
48,239,"Chlorpyrifos",2014,43.5,94,"Jackson County","TX"
48,241,"Glyphosate",2014,249.8,259.6,"Jasper County","TX"
48,241,"Malathion",2014,158.1,158.1,"Jasper County","TX"
48,241,"Paraquat",2014,NA,1,"Jasper County","TX"
48,241,"2,4-D",2014,1989.6,1990,"Jasper County","TX"
48,241,"Chlorpyrifos",2014,17.1,17.1,"Jasper County","TX"
48,243,"2,4-D",2014,NA,262.1,"Jeff Davis County","TX"
48,243,"Glyphosate",2014,13.1,13.1,"Jeff Davis County","TX"
48,243,"Chlorpyrifos",2014,16.2,16.2,"Jeff Davis County","TX"
48,245,"Glyphosate",2014,9284.9,11702.1,"Jefferson County","TX"
48,245,"Paraquat",2014,56,72.7,"Jefferson County","TX"
48,245,"2,4-D",2014,1949.5,2077.3,"Jefferson County","TX"
48,245,"Chlorpyrifos",2014,5.1,8.9,"Jefferson County","TX"
48,247,"2,4-D",2014,995.3,995.6,"Jim Hogg County","TX"
48,247,"Glyphosate",2014,NA,152.1,"Jim Hogg County","TX"
48,247,"Chlorpyrifos",2014,NA,0.1,"Jim Hogg County","TX"
48,249,"Malathion",2014,NA,468.9,"Jim Wells County","TX"
48,249,"Paraquat",2014,470.8,959.1,"Jim Wells County","TX"
48,249,"2,4-D",2014,2844.8,3111.3,"Jim Wells County","TX"
48,249,"Glyphosate",2014,111703.3,112688.3,"Jim Wells County","TX"
48,249,"Chlorpyrifos",2014,14.1,249.1,"Jim Wells County","TX"
48,25,"2,4-D",2014,3983.4,4403.3,"Bee County","TX"
48,25,"Paraquat",2014,540.1,543.7,"Bee County","TX"
48,25,"Malathion",2014,72,72,"Bee County","TX"
48,25,"Glyphosate",2014,21466.8,21466.8,"Bee County","TX"
48,25,"Chlorpyrifos",2014,218.5,309.4,"Bee County","TX"
48,251,"Malathion",2014,2.4,173.9,"Johnson County","TX"
48,251,"Glyphosate",2014,7857.3,8251.6,"Johnson County","TX"
48,251,"2,4-D",2014,7089,7184.7,"Johnson County","TX"
48,251,"Paraquat",2014,160.3,348.5,"Johnson County","TX"
48,251,"Chlorpyrifos",2014,97.6,221.9,"Johnson County","TX"
48,253,"Malathion",2014,100.4,100.4,"Jones County","TX"
48,253,"2,4-D",2014,3857.7,4196.5,"Jones County","TX"
48,253,"Glyphosate",2014,118012.1,118012.1,"Jones County","TX"
48,253,"Chlorpyrifos",2014,2274.7,2295.9,"Jones County","TX"
48,253,"Paraquat",2014,3043.8,3336.3,"Jones County","TX"
48,255,"2,4-D",2014,3540.3,3771.2,"Karnes County","TX"
48,255,"Malathion",2014,27.3,27.3,"Karnes County","TX"
48,255,"Glyphosate",2014,23664.1,23664.1,"Karnes County","TX"
48,255,"Paraquat",2014,651.4,672.1,"Karnes County","TX"
48,255,"Chlorpyrifos",2014,114.6,176.8,"Karnes County","TX"
48,257,"Malathion",2014,0.6,259.2,"Kaufman County","TX"
48,257,"2,4-D",2014,9636.5,9660.5,"Kaufman County","TX"
48,257,"Glyphosate",2014,16277.5,16577,"Kaufman County","TX"
48,257,"Paraquat",2014,NA,540.9,"Kaufman County","TX"
48,257,"Chlorpyrifos",2014,30.2,146.5,"Kaufman County","TX"
48,259,"Malathion",2014,0.2,32.7,"Kendall County","TX"
48,259,"Chlorpyrifos",2014,3.4,24.1,"Kendall County","TX"
48,259,"Glyphosate",2014,3418.5,3419.3,"Kendall County","TX"
48,259,"Paraquat",2014,NA,6.3,"Kendall County","TX"
48,259,"2,4-D",2014,75.7,110.5,"Kendall County","TX"
48,261,"2,4-D",2014,1437.4,1438.6,"Kenedy County","TX"
48,261,"Glyphosate",2014,NA,220.2,"Kenedy County","TX"
48,261,"Chlorpyrifos",2014,NA,0.4,"Kenedy County","TX"
48,263,"Malathion",2014,9.7,229.9,"Kent County","TX"
48,263,"Chlorpyrifos",2014,138.5,138.5,"Kent County","TX"
48,263,"Glyphosate",2014,10167.9,10167.9,"Kent County","TX"
48,263,"Paraquat",2014,221.4,231.1,"Kent County","TX"
48,263,"2,4-D",2014,171.9,718.2,"Kent County","TX"
48,265,"Malathion",2014,0.1,16.3,"Kerr County","TX"
48,265,"Glyphosate",2014,579.1,579.1,"Kerr County","TX"
48,265,"Chlorpyrifos",2014,5.8,9.6,"Kerr County","TX"
48,265,"2,4-D",2014,118.4,148.1,"Kerr County","TX"
48,265,"Paraquat",2014,NA,4.8,"Kerr County","TX"
48,267,"Malathion",2014,NA,100.6,"Kimble County","TX"
48,267,"Glyphosate",2014,1729.2,1736.6,"Kimble County","TX"
48,267,"2,4-D",2014,153.7,220.6,"Kimble County","TX"
48,267,"Paraquat",2014,0.2,5.2,"Kimble County","TX"
48,267,"Chlorpyrifos",2014,35.5,48.4,"Kimble County","TX"
48,269,"Malathion",2014,NA,6.4,"King County","TX"
48,269,"Glyphosate",2014,1298.5,1298.5,"King County","TX"
48,269,"2,4-D",2014,5,414.5,"King County","TX"
48,269,"Chlorpyrifos",2014,167.5,167.5,"King County","TX"
48,269,"Paraquat",2014,6.4,13.1,"King County","TX"
48,27,"Chlorpyrifos",2014,216,742.6,"Bell County","TX"
48,27,"Paraquat",2014,883.8,1229.8,"Bell County","TX"
48,27,"Malathion",2014,0.9,316,"Bell County","TX"
48,27,"Glyphosate",2014,46874.9,47144,"Bell County","TX"
48,27,"2,4-D",2014,7293.9,7487.2,"Bell County","TX"
48,271,"Malathion",2014,NA,0.5,"Kinney County","TX"
48,271,"Glyphosate",2014,1929.1,1929.1,"Kinney County","TX"
48,271,"2,4-D",2014,149,162.9,"Kinney County","TX"
48,271,"Paraquat",2014,59.8,61.4,"Kinney County","TX"
48,271,"Chlorpyrifos",2014,0.2,2.9,"Kinney County","TX"
48,273,"Paraquat",2014,402.7,983.2,"Kleberg County","TX"
48,273,"2,4-D",2014,1289.7,2094.5,"Kleberg County","TX"
48,273,"Chlorpyrifos",2014,18.6,252.4,"Kleberg County","TX"
48,273,"Glyphosate",2014,30305.7,30390.4,"Kleberg County","TX"
48,275,"2,4-D",2014,1434.7,1480.8,"Knox County","TX"
48,275,"Chlorpyrifos",2014,3330.2,3330.5,"Knox County","TX"
48,275,"Malathion",2014,82.3,82.3,"Knox County","TX"
48,275,"Paraquat",2014,834.5,1092.6,"Knox County","TX"
48,275,"Glyphosate",2014,47143.5,47143.5,"Knox County","TX"
48,277,"Paraquat",2014,347.6,1145.7,"Lamar County","TX"
48,277,"Malathion",2014,3.4,140.1,"Lamar County","TX"
48,277,"2,4-D",2014,10628.4,10717.9,"Lamar County","TX"
48,277,"Chlorpyrifos",2014,132.2,517.4,"Lamar County","TX"
48,277,"Glyphosate",2014,33312.6,35262.3,"Lamar County","TX"
48,279,"Malathion",2014,NA,36,"Lamb County","TX"
48,279,"Paraquat",2014,8817,9140.3,"Lamb County","TX"
48,279,"Glyphosate",2014,215480,217609.9,"Lamb County","TX"
48,279,"Chlorpyrifos",2014,214.6,1650,"Lamb County","TX"
48,279,"2,4-D",2014,8073.2,10641.1,"Lamb County","TX"
48,281,"2,4-D",2014,140.6,205.9,"Lampasas County","TX"
48,281,"Paraquat",2014,0.2,20,"Lampasas County","TX"
48,281,"Malathion",2014,NA,3.4,"Lampasas County","TX"
48,281,"Glyphosate",2014,1672.6,1674.9,"Lampasas County","TX"
48,281,"Chlorpyrifos",2014,0.8,22.6,"Lampasas County","TX"
48,283,"2,4-D",2014,1043.4,1107.7,"La Salle County","TX"
48,283,"Paraquat",2014,24.6,104.8,"La Salle County","TX"
48,283,"Malathion",2014,NA,24.3,"La Salle County","TX"
48,283,"Glyphosate",2014,19235.7,19461.9,"La Salle County","TX"
48,283,"Chlorpyrifos",2014,3.1,42.6,"La Salle County","TX"
48,285,"Malathion",2014,20.3,20.3,"Lavaca County","TX"
48,285,"2,4-D",2014,3814.9,4030.4,"Lavaca County","TX"
48,285,"Paraquat",2014,5.8,23.5,"Lavaca County","TX"
48,285,"Chlorpyrifos",2014,63.1,75.7,"Lavaca County","TX"
48,285,"Glyphosate",2014,3674.1,3682.1,"Lavaca County","TX"
48,287,"Paraquat",2014,1.8,10.6,"Lee County","TX"
48,287,"Malathion",2014,16.6,16.6,"Lee County","TX"
48,287,"2,4-D",2014,2236.4,2268.9,"Lee County","TX"
48,287,"Glyphosate",2014,792.4,796.3,"Lee County","TX"
48,287,"Chlorpyrifos",2014,56.8,60,"Lee County","TX"
48,289,"Paraquat",2014,4.9,6.6,"Leon County","TX"
48,289,"Malathion",2014,52.7,53.3,"Leon County","TX"
48,289,"2,4-D",2014,17755,17759.2,"Leon County","TX"
48,289,"Chlorpyrifos",2014,11.5,11.6,"Leon County","TX"
48,289,"Glyphosate",2014,1963.7,1967.5,"Leon County","TX"
48,29,"Chlorpyrifos",2014,108.9,149.5,"Bexar County","TX"
48,29,"Glyphosate",2014,8988.6,8991.7,"Bexar County","TX"
48,29,"Paraquat",2014,194,242.3,"Bexar County","TX"
48,29,"2,4-D",2014,2445.1,2777.6,"Bexar County","TX"
48,29,"Malathion",2014,12,12,"Bexar County","TX"
48,291,"2,4-D",2014,1260.5,1362.1,"Liberty County","TX"
48,291,"Paraquat",2014,NA,347.8,"Liberty County","TX"
48,291,"Malathion",2014,NA,4.6,"Liberty County","TX"
48,291,"Chlorpyrifos",2014,7.9,71.9,"Liberty County","TX"
48,291,"Glyphosate",2014,6469.1,7404.2,"Liberty County","TX"
48,293,"Paraquat",2014,650.8,730.5,"Limestone County","TX"
48,293,"Malathion",2014,2.7,249.9,"Limestone County","TX"
48,293,"2,4-D",2014,9261.1,9326.2,"Limestone County","TX"
48,293,"Glyphosate",2014,12986.5,13361,"Limestone County","TX"
48,293,"Chlorpyrifos",2014,12.7,180.4,"Limestone County","TX"
48,295,"Paraquat",2014,130.7,266.9,"Lipscomb County","TX"
48,295,"Malathion",2014,NA,29.1,"Lipscomb County","TX"
48,295,"Glyphosate",2014,13255.2,13666.3,"Lipscomb County","TX"
48,295,"2,4-D",2014,794.3,803.9,"Lipscomb County","TX"
48,295,"Chlorpyrifos",2014,376.1,439.4,"Lipscomb County","TX"
48,297,"Paraquat",2014,31.1,106.1,"Live Oak County","TX"
48,297,"Malathion",2014,NA,31.1,"Live Oak County","TX"
48,297,"Glyphosate",2014,21578.7,21789.7,"Live Oak County","TX"
48,297,"2,4-D",2014,896.2,969.3,"Live Oak County","TX"
48,297,"Chlorpyrifos",2014,NA,39.6,"Live Oak County","TX"
48,299,"Paraquat",2014,NA,1.9,"Llano County","TX"
48,299,"Malathion",2014,NA,21.8,"Llano County","TX"
48,299,"Chlorpyrifos",2014,7.9,11,"Llano County","TX"
48,299,"Glyphosate",2014,380.9,382.9,"Llano County","TX"
48,299,"2,4-D",2014,111.4,128.6,"Llano County","TX"
48,3,"2,4-D",2014,882.8,1225.3,"Andrews County","TX"
48,3,"Chlorpyrifos",2014,14.1,130.5,"Andrews County","TX"
48,3,"Paraquat",2014,911.1,934.7,"Andrews County","TX"
48,3,"Glyphosate",2014,19212.8,19212.8,"Andrews County","TX"
48,301,"2,4-D",2014,NA,79.2,"Loving County","TX"
48,301,"Glyphosate",2014,0.4,0.4,"Loving County","TX"
48,303,"Malathion",2014,NA,2.9,"Lubbock County","TX"
48,303,"Paraquat",2014,12152.7,12237.1,"Lubbock County","TX"
48,303,"Glyphosate",2014,263328,263873.9,"Lubbock County","TX"
48,303,"Chlorpyrifos",2014,126.7,333.3,"Lubbock County","TX"
48,303,"2,4-D",2014,4465.5,6391.5,"Lubbock County","TX"
48,305,"Glyphosate",2014,378574.1,378888.6,"Lynn County","TX"
48,305,"Paraquat",2014,16970.6,17098.9,"Lynn County","TX"
48,305,"2,4-D",2014,6729.5,8580.3,"Lynn County","TX"
48,305,"Chlorpyrifos",2014,191.6,479.5,"Lynn County","TX"
48,307,"Glyphosate",2014,25095.5,25162.2,"McCulloch County","TX"
48,307,"Malathion",2014,8.5,37.7,"McCulloch County","TX"
48,307,"Chlorpyrifos",2014,8.3,293.6,"McCulloch County","TX"
48,307,"2,4-D",2014,1408.3,1521.2,"McCulloch County","TX"
48,307,"Paraquat",2014,1001.5,1131.5,"McCulloch County","TX"
48,309,"Glyphosate",2014,47680.4,47855.7,"McLennan County","TX"
48,309,"Chlorpyrifos",2014,100,505.7,"McLennan County","TX"
48,309,"2,4-D",2014,8904.3,9023.9,"McLennan County","TX"
48,309,"Malathion",2014,8.2,105.6,"McLennan County","TX"
48,309,"Paraquat",2014,1967.9,2351.6,"McLennan County","TX"
48,31,"2,4-D",2014,70,98.3,"Blanco County","TX"
48,31,"Malathion",2014,0.4,17.8,"Blanco County","TX"
48,31,"Chlorpyrifos",2014,1.5,8.5,"Blanco County","TX"
48,31,"Glyphosate",2014,1286.8,1287.3,"Blanco County","TX"
48,31,"Paraquat",2014,NA,4.8,"Blanco County","TX"
48,311,"Glyphosate",2014,NA,684,"McMullen County","TX"
48,311,"2,4-D",2014,760.5,760.5,"McMullen County","TX"
48,313,"Glyphosate",2014,917.3,946,"Madison County","TX"
48,313,"Paraquat",2014,0.8,2.5,"Madison County","TX"
48,313,"Chlorpyrifos",2014,1.9,1.9,"Madison County","TX"
48,313,"2,4-D",2014,9337.5,9342.7,"Madison County","TX"
48,313,"Malathion",2014,566.6,566.6,"Madison County","TX"
48,315,"2,4-D",2014,1076.4,1076.4,"Marion County","TX"
48,315,"Chlorpyrifos",2014,0.2,0.2,"Marion County","TX"
48,315,"Glyphosate",2014,132,132.5,"Marion County","TX"
48,315,"Malathion",2014,NA,0.1,"Marion County","TX"
48,317,"2,4-D",2014,706.7,2550.1,"Martin County","TX"
48,317,"Glyphosate",2014,45712.1,45909.6,"Martin County","TX"
48,317,"Paraquat",2014,2837.1,2876.4,"Martin County","TX"
48,317,"Chlorpyrifos",2014,154,195.3,"Martin County","TX"
48,317,"Malathion",2014,NA,21.1,"Martin County","TX"
48,319,"2,4-D",2014,114.1,314.7,"Mason County","TX"
48,319,"Malathion",2014,1.1,212,"Mason County","TX"
48,319,"Paraquat",2014,7,20.5,"Mason County","TX"
48,319,"Glyphosate",2014,1599,1608,"Mason County","TX"
48,319,"Chlorpyrifos",2014,79.3,85.9,"Mason County","TX"
48,321,"Glyphosate",2014,57059.7,57770.2,"Matagorda County","TX"
48,321,"2,4-D",2014,10445.1,10626.4,"Matagorda County","TX"
48,321,"Paraquat",2014,691.5,1211,"Matagorda County","TX"
48,321,"Chlorpyrifos",2014,27.2,191.2,"Matagorda County","TX"
48,323,"Glyphosate",2014,483.2,716.5,"Maverick County","TX"
48,323,"2,4-D",2014,852.4,959,"Maverick County","TX"
48,323,"Paraquat",2014,NA,2.7,"Maverick County","TX"
48,323,"Chlorpyrifos",2014,NA,40.5,"Maverick County","TX"
48,325,"2,4-D",2014,6859.2,7462.6,"Medina County","TX"
48,325,"Glyphosate",2014,41146.7,41147.6,"Medina County","TX"
48,325,"Malathion",2014,34.1,34.1,"Medina County","TX"
48,325,"Paraquat",2014,1312.4,1451.4,"Medina County","TX"
48,325,"Chlorpyrifos",2014,310.5,430.2,"Medina County","TX"
48,327,"2,4-D",2014,203.1,217.5,"Menard County","TX"
48,327,"Malathion",2014,0.5,2.4,"Menard County","TX"
48,327,"Glyphosate",2014,1815,1818.5,"Menard County","TX"
48,327,"Paraquat",2014,NA,16.8,"Menard County","TX"
48,327,"Chlorpyrifos",2014,0.4,37.3,"Menard County","TX"
48,329,"Glyphosate",2014,26496.1,26786.2,"Midland County","TX"
48,329,"Malathion",2014,NA,4,"Midland County","TX"
48,329,"2,4-D",2014,819,965.5,"Midland County","TX"
48,329,"Paraquat",2014,1041.6,1073.1,"Midland County","TX"
48,329,"Chlorpyrifos",2014,5.8,155.2,"Midland County","TX"
48,33,"Chlorpyrifos",2014,96.7,158.3,"Borden County","TX"
48,33,"2,4-D",2014,317.1,890.9,"Borden County","TX"
48,33,"Paraquat",2014,406.3,461.6,"Borden County","TX"
48,33,"Malathion",2014,9,413,"Borden County","TX"
48,33,"Glyphosate",2014,20328.9,20328.9,"Borden County","TX"
48,331,"Glyphosate",2014,38179.1,38741.9,"Milam County","TX"
48,331,"Paraquat",2014,1856,2097.2,"Milam County","TX"
48,331,"2,4-D",2014,9925,10055.2,"Milam County","TX"
48,331,"Malathion",2014,1.8,187.5,"Milam County","TX"
48,331,"Chlorpyrifos",2014,202.3,544.6,"Milam County","TX"
48,333,"Glyphosate",2014,7245.9,7637.2,"Mills County","TX"
48,333,"Chlorpyrifos",2014,2189.6,2210,"Mills County","TX"
48,333,"Paraquat",2014,9.9,32.1,"Mills County","TX"
48,333,"2,4-D",2014,410.7,472.4,"Mills County","TX"
48,333,"Malathion",2014,525.4,525.4,"Mills County","TX"
48,335,"Paraquat",2014,2374.4,2423.7,"Mitchell County","TX"
48,335,"2,4-D",2014,2815.9,2928.2,"Mitchell County","TX"
48,335,"Malathion",2014,30.3,30.3,"Mitchell County","TX"
48,335,"Glyphosate",2014,80264,80264,"Mitchell County","TX"
48,335,"Chlorpyrifos",2014,298.3,299.9,"Mitchell County","TX"
48,337,"2,4-D",2014,377.7,488.9,"Montague County","TX"
48,337,"Glyphosate",2014,5101.2,5563.2,"Montague County","TX"
48,337,"Paraquat",2014,11,38.5,"Montague County","TX"
48,337,"Malathion",2014,307,307,"Montague County","TX"
48,337,"Chlorpyrifos",2014,963.5,997.4,"Montague County","TX"
48,339,"2,4-D",2014,3962.5,3969.4,"Montgomery County","TX"
48,339,"Glyphosate",2014,650.9,657.9,"Montgomery County","TX"
48,339,"Malathion",2014,118.6,118.6,"Montgomery County","TX"
48,339,"Paraquat",2014,16.3,17.3,"Montgomery County","TX"
48,339,"Chlorpyrifos",2014,2.4,2.5,"Montgomery County","TX"
48,341,"Glyphosate",2014,55010.6,55354.9,"Moore County","TX"
48,341,"2,4-D",2014,3067.3,3067.3,"Moore County","TX"
48,341,"Paraquat",2014,1043.5,1273.7,"Moore County","TX"
48,341,"Malathion",2014,NA,241.2,"Moore County","TX"
48,341,"Chlorpyrifos",2014,1245.3,1610.1,"Moore County","TX"
48,343,"Chlorpyrifos",2014,2.6,2.6,"Morris County","TX"
48,343,"Glyphosate",2014,593.8,604.1,"Morris County","TX"
48,343,"2,4-D",2014,4675.3,4675.9,"Morris County","TX"
48,343,"Malathion",2014,NA,5.2,"Morris County","TX"
48,343,"Paraquat",2014,0,1.3,"Morris County","TX"
48,345,"Chlorpyrifos",2014,237.1,237.1,"Motley County","TX"
48,345,"Glyphosate",2014,32619.9,32619.9,"Motley County","TX"
48,345,"2,4-D",2014,574.3,1163.4,"Motley County","TX"
48,345,"Malathion",2014,19.5,755.3,"Motley County","TX"
48,345,"Paraquat",2014,739.9,756,"Motley County","TX"
48,347,"Paraquat",2014,4.4,5,"Nacogdoches County","TX"
48,347,"Chlorpyrifos",2014,9,9,"Nacogdoches County","TX"
48,347,"Malathion",2014,NA,15.7,"Nacogdoches County","TX"
48,347,"2,4-D",2014,11949,11951,"Nacogdoches County","TX"
48,347,"Glyphosate",2014,1477.3,1509.9,"Nacogdoches County","TX"
48,349,"Chlorpyrifos",2014,198.6,416.5,"Navarro County","TX"
48,349,"Paraquat",2014,3440.7,3603.5,"Navarro County","TX"
48,349,"2,4-D",2014,9797.5,9963.2,"Navarro County","TX"
48,349,"Malathion",2014,2.1,177.6,"Navarro County","TX"
48,349,"Glyphosate",2014,36645.3,36813.7,"Navarro County","TX"
48,35,"Chlorpyrifos",2014,85.3,153.3,"Bosque County","TX"
48,35,"Malathion",2014,1,81.4,"Bosque County","TX"
48,35,"Glyphosate",2014,4685.6,4843.6,"Bosque County","TX"
48,35,"Paraquat",2014,459.7,532.5,"Bosque County","TX"
48,35,"2,4-D",2014,10903.2,11143.5,"Bosque County","TX"
48,351,"Paraquat",2014,0,0,"Newton County","TX"
48,351,"Malathion",2014,52.7,52.7,"Newton County","TX"
48,351,"2,4-D",2014,929.4,929.4,"Newton County","TX"
48,351,"Glyphosate",2014,88.6,91.2,"Newton County","TX"
48,351,"Chlorpyrifos",2014,0.2,0.2,"Newton County","TX"
48,353,"Paraquat",2014,2345.5,2402.1,"Nolan County","TX"
48,353,"Chlorpyrifos",2014,326.3,329,"Nolan County","TX"
48,353,"2,4-D",2014,2790.6,2892.3,"Nolan County","TX"
48,353,"Glyphosate",2014,80170,80188.7,"Nolan County","TX"
48,353,"Malathion",2014,17.8,17.8,"Nolan County","TX"
48,355,"Paraquat",2014,1150.7,3162.7,"Nueces County","TX"
48,355,"2,4-D",2014,3392.9,8091.2,"Nueces County","TX"
48,355,"Chlorpyrifos",2014,61.4,872,"Nueces County","TX"
48,355,"Glyphosate",2014,98294,98328.3,"Nueces County","TX"
48,357,"Paraquat",2014,846.3,1511.4,"Ochiltree County","TX"
48,357,"Chlorpyrifos",2014,1318.7,1517,"Ochiltree County","TX"
48,357,"2,4-D",2014,4303.3,4303.3,"Ochiltree County","TX"
48,357,"Glyphosate",2014,66911.1,67048.6,"Ochiltree County","TX"
48,357,"Malathion",2014,NA,190,"Ochiltree County","TX"
48,359,"Glyphosate",2014,6513.7,6666.4,"Oldham County","TX"
48,359,"Paraquat",2014,138.2,195.7,"Oldham County","TX"
48,359,"Chlorpyrifos",2014,135,136.8,"Oldham County","TX"
48,359,"2,4-D",2014,549.6,549.6,"Oldham County","TX"
48,359,"Malathion",2014,NA,31.9,"Oldham County","TX"
48,361,"Chlorpyrifos",2014,2.2,2.2,"Orange County","TX"
48,361,"Glyphosate",2014,34.3,52.5,"Orange County","TX"
48,361,"2,4-D",2014,226.7,235.5,"Orange County","TX"
48,363,"Paraquat",2014,6.3,27.2,"Palo Pinto County","TX"
48,363,"Chlorpyrifos",2014,1411.9,1427.4,"Palo Pinto County","TX"
48,363,"Glyphosate",2014,4889.4,5167.3,"Palo Pinto County","TX"
48,363,"2,4-D",2014,512.4,585.6,"Palo Pinto County","TX"
48,363,"Malathion",2014,370.9,370.9,"Palo Pinto County","TX"
48,365,"Paraquat",2014,3.1,6.4,"Panola County","TX"
48,365,"Chlorpyrifos",2014,49.7,49.7,"Panola County","TX"
48,365,"Glyphosate",2014,1199.8,1269.6,"Panola County","TX"
48,365,"2,4-D",2014,9590.6,9602,"Panola County","TX"
48,365,"Malathion",2014,NA,4.7,"Panola County","TX"
48,367,"Chlorpyrifos",2014,1069,1082.2,"Parker County","TX"
48,367,"2,4-D",2014,368.1,426.6,"Parker County","TX"
48,367,"Paraquat",2014,8.3,24.4,"Parker County","TX"
48,367,"Malathion",2014,435.9,435.9,"Parker County","TX"
48,367,"Glyphosate",2014,3814.8,4094.3,"Parker County","TX"
48,369,"Malathion",2014,NA,373.9,"Parmer County","TX"
48,369,"Glyphosate",2014,74448.6,75629.4,"Parmer County","TX"
48,369,"Paraquat",2014,1624.5,1849.1,"Parmer County","TX"
48,369,"Chlorpyrifos",2014,2714.7,3082.8,"Parmer County","TX"
48,369,"2,4-D",2014,4342.9,4342.9,"Parmer County","TX"
48,37,"Chlorpyrifos",2014,16,16.4,"Bowie County","TX"
48,37,"Malathion",2014,NA,126.4,"Bowie County","TX"
48,37,"Glyphosate",2014,8072.2,8240.5,"Bowie County","TX"
48,37,"Paraquat",2014,421.5,853.7,"Bowie County","TX"
48,37,"2,4-D",2014,13765.4,13782.2,"Bowie County","TX"
48,371,"Chlorpyrifos",2014,1468.6,1479.9,"Pecos County","TX"
48,371,"2,4-D",2014,NA,843.9,"Pecos County","TX"
48,371,"Glyphosate",2014,11901.4,11995.9,"Pecos County","TX"
48,371,"Paraquat",2014,NA,207,"Pecos County","TX"
48,373,"Chlorpyrifos",2014,3.2,3.2,"Polk County","TX"
48,373,"Malathion",2014,1.3,1.3,"Polk County","TX"
48,373,"Glyphosate",2014,338,339.8,"Polk County","TX"
48,373,"2,4-D",2014,3306,3306,"Polk County","TX"
48,373,"Paraquat",2014,NA,0.8,"Polk County","TX"
48,375,"Chlorpyrifos",2014,51.7,52.5,"Potter County","TX"
48,375,"2,4-D",2014,371,375.4,"Potter County","TX"
48,375,"Glyphosate",2014,4454.3,4586,"Potter County","TX"
48,375,"Malathion",2014,2.8,25,"Potter County","TX"
48,375,"Paraquat",2014,96.9,142.8,"Potter County","TX"
48,377,"Chlorpyrifos",2014,151.6,188.3,"Presidio County","TX"
48,377,"2,4-D",2014,NA,341.3,"Presidio County","TX"
48,377,"Glyphosate",2014,148.1,702.4,"Presidio County","TX"
48,379,"Chlorpyrifos",2014,13,13,"Rains County","TX"
48,379,"2,4-D",2014,5865.6,5868.5,"Rains County","TX"
48,379,"Malathion",2014,NA,4,"Rains County","TX"
48,379,"Glyphosate",2014,719.6,741.3,"Rains County","TX"
48,379,"Paraquat",2014,0.1,0.1,"Rains County","TX"
48,381,"2,4-D",2014,1399.7,1399.7,"Randall County","TX"
48,381,"Chlorpyrifos",2014,805.9,819.7,"Randall County","TX"
48,381,"Glyphosate",2014,18064.9,18392.1,"Randall County","TX"
48,381,"Malathion",2014,16,90.5,"Randall County","TX"
48,381,"Paraquat",2014,330.7,489.9,"Randall County","TX"
48,383,"Glyphosate",2014,46822.7,46966.9,"Reagan County","TX"
48,383,"Malathion",2014,NA,15.7,"Reagan County","TX"
48,383,"Chlorpyrifos",2014,5.9,76.9,"Reagan County","TX"
48,383,"2,4-D",2014,2721.2,2760.3,"Reagan County","TX"
48,383,"Paraquat",2014,4371.6,4416.3,"Reagan County","TX"
48,385,"Glyphosate",2014,48.7,48.9,"Real County","TX"
48,385,"2,4-D",2014,62.8,70.2,"Real County","TX"
48,385,"Malathion",2014,NA,8.9,"Real County","TX"
48,385,"Chlorpyrifos",2014,3.3,3.3,"Real County","TX"
48,385,"Paraquat",2014,NA,0.5,"Real County","TX"
48,387,"Chlorpyrifos",2014,166.7,169,"Red River County","TX"
48,387,"2,4-D",2014,22387,22546.7,"Red River County","TX"
48,387,"Glyphosate",2014,11552.7,12573.4,"Red River County","TX"
48,387,"Malathion",2014,NA,174.1,"Red River County","TX"
48,387,"Paraquat",2014,557,1088.1,"Red River County","TX"
48,389,"Glyphosate",2014,5079.7,8576,"Reeves County","TX"
48,389,"2,4-D",2014,NA,406.8,"Reeves County","TX"
48,389,"Paraquat",2014,NA,82.2,"Reeves County","TX"
48,389,"Chlorpyrifos",2014,3177.6,3422,"Reeves County","TX"
48,39,"Glyphosate",2014,23813.2,26061.8,"Brazoria County","TX"
48,39,"Chlorpyrifos",2014,65.6,169.2,"Brazoria County","TX"
48,39,"Paraquat",2014,136.6,519,"Brazoria County","TX"
48,39,"Malathion",2014,NA,92.1,"Brazoria County","TX"
48,39,"2,4-D",2014,5512.2,5863.1,"Brazoria County","TX"
48,391,"Glyphosate",2014,39097.4,39176.9,"Refugio County","TX"
48,391,"2,4-D",2014,1679,3105.6,"Refugio County","TX"
48,391,"Chlorpyrifos",2014,17.5,231.1,"Refugio County","TX"
48,391,"Paraquat",2014,484.7,1015.1,"Refugio County","TX"
48,393,"Malathion",2014,NA,28.2,"Roberts County","TX"
48,393,"Glyphosate",2014,5340.2,5447,"Roberts County","TX"
48,393,"Paraquat",2014,119.6,161.2,"Roberts County","TX"
48,393,"2,4-D",2014,399.6,399.6,"Roberts County","TX"
48,393,"Chlorpyrifos",2014,55.3,68.3,"Roberts County","TX"
48,395,"Glyphosate",2014,13262.4,13273.8,"Robertson County","TX"
48,395,"Malathion",2014,210.8,215.9,"Robertson County","TX"
48,395,"Paraquat",2014,373,689.6,"Robertson County","TX"
48,395,"Chlorpyrifos",2014,39.9,42.2,"Robertson County","TX"
48,395,"2,4-D",2014,13316.9,14722.7,"Robertson County","TX"
48,397,"Paraquat",2014,NA,9.9,"Rockwall County","TX"
48,397,"Glyphosate",2014,184.4,186.3,"Rockwall County","TX"
48,397,"Malathion",2014,0.8,5.9,"Rockwall County","TX"
48,397,"Chlorpyrifos",2014,3.1,4.8,"Rockwall County","TX"
48,397,"2,4-D",2014,745.1,752.6,"Rockwall County","TX"
48,399,"Paraquat",2014,1539.4,2053.5,"Runnels County","TX"
48,399,"Glyphosate",2014,86447.7,86447.7,"Runnels County","TX"
48,399,"Chlorpyrifos",2014,5598.3,5608.6,"Runnels County","TX"
48,399,"Malathion",2014,66.7,66.7,"Runnels County","TX"
48,399,"2,4-D",2014,2578.6,2770.5,"Runnels County","TX"
48,401,"Paraquat",2014,1.7,3.8,"Rusk County","TX"
48,401,"Malathion",2014,NA,98.6,"Rusk County","TX"
48,401,"2,4-D",2014,14246.3,14246.8,"Rusk County","TX"
48,401,"Glyphosate",2014,1760.7,1898.1,"Rusk County","TX"
48,401,"Chlorpyrifos",2014,2.1,2.1,"Rusk County","TX"
48,403,"Paraquat",2014,NA,0.2,"Sabine County","TX"
48,403,"Glyphosate",2014,66,66,"Sabine County","TX"
48,403,"Malathion",2014,1.3,1.3,"Sabine County","TX"
48,403,"2,4-D",2014,675.4,676.1,"Sabine County","TX"
48,403,"Chlorpyrifos",2014,0,0,"Sabine County","TX"
48,405,"Paraquat",2014,NA,3.1,"San Augustine County","TX"
48,405,"Chlorpyrifos",2014,0,0,"San Augustine County","TX"
48,405,"2,4-D",2014,1629.8,1643,"San Augustine County","TX"
48,405,"Glyphosate",2014,212,212,"San Augustine County","TX"
48,407,"Paraquat",2014,NA,0.4,"San Jacinto County","TX"
48,407,"Glyphosate",2014,311.2,313,"San Jacinto County","TX"
48,407,"2,4-D",2014,2955.3,2956.1,"San Jacinto County","TX"
48,407,"Malathion",2014,26.4,26.4,"San Jacinto County","TX"
48,407,"Chlorpyrifos",2014,8.8,8.8,"San Jacinto County","TX"
48,409,"Paraquat",2014,425.7,1679.7,"San Patricio County","TX"
48,409,"Glyphosate",2014,44773.7,44799.2,"San Patricio County","TX"
48,409,"Chlorpyrifos",2014,0.9,506,"San Patricio County","TX"
48,409,"2,4-D",2014,1146.7,4748.3,"San Patricio County","TX"
48,41,"Malathion",2014,52.7,55.4,"Brazos County","TX"
48,41,"Chlorpyrifos",2014,39.4,41.5,"Brazos County","TX"
48,41,"Glyphosate",2014,6983.6,6986.5,"Brazos County","TX"
48,41,"2,4-D",2014,8987.9,9300.4,"Brazos County","TX"
48,41,"Paraquat",2014,292.3,348.7,"Brazos County","TX"
48,411,"Paraquat",2014,56,122.6,"San Saba County","TX"
48,411,"Glyphosate",2014,8391.7,8391.7,"San Saba County","TX"
48,411,"2,4-D",2014,518.1,888.1,"San Saba County","TX"
48,411,"Chlorpyrifos",2014,188,327.2,"San Saba County","TX"
48,411,"Malathion",2014,1.3,511.6,"San Saba County","TX"
48,413,"Glyphosate",2014,15229.6,15259.2,"Schleicher County","TX"
48,413,"Chlorpyrifos",2014,0.2,9.9,"Schleicher County","TX"
48,413,"Malathion",2014,NA,0.7,"Schleicher County","TX"
48,413,"2,4-D",2014,996.4,1025.7,"Schleicher County","TX"
48,413,"Paraquat",2014,1462.7,1474.2,"Schleicher County","TX"
48,415,"2,4-D",2014,4226.5,4432,"Scurry County","TX"
48,415,"Glyphosate",2014,122096.2,122136.6,"Scurry County","TX"
48,415,"Malathion",2014,45,45,"Scurry County","TX"
48,415,"Chlorpyrifos",2014,322.8,324.3,"Scurry County","TX"
48,415,"Paraquat",2014,3609.1,3689.2,"Scurry County","TX"
48,417,"2,4-D",2014,434.8,516.4,"Shackelford County","TX"
48,417,"Paraquat",2014,6.1,27.1,"Shackelford County","TX"
48,417,"Malathion",2014,15.1,15.1,"Shackelford County","TX"
48,417,"Chlorpyrifos",2014,64.2,91.6,"Shackelford County","TX"
48,417,"Glyphosate",2014,1856.4,2207,"Shackelford County","TX"
48,419,"2,4-D",2014,9302.9,9303.1,"Shelby County","TX"
48,419,"Glyphosate",2014,1139.5,2143.6,"Shelby County","TX"
48,419,"Chlorpyrifos",2014,0.9,0.9,"Shelby County","TX"
48,419,"Malathion",2014,NA,530.4,"Shelby County","TX"
48,419,"Paraquat",2014,2.7,154.5,"Shelby County","TX"
48,421,"2,4-D",2014,4965.5,4965.5,"Sherman County","TX"
48,421,"Glyphosate",2014,92861.1,92911.3,"Sherman County","TX"
48,421,"Malathion",2014,NA,446.2,"Sherman County","TX"
48,421,"Chlorpyrifos",2014,543.5,1210.9,"Sherman County","TX"
48,421,"Paraquat",2014,1882.9,2246.4,"Sherman County","TX"
48,423,"Glyphosate",2014,1733.6,2153.9,"Smith County","TX"
48,423,"2,4-D",2014,12809.4,12859.5,"Smith County","TX"
48,423,"Malathion",2014,NA,136.8,"Smith County","TX"
48,423,"Chlorpyrifos",2014,186.4,186.6,"Smith County","TX"
48,423,"Paraquat",2014,5.6,12.3,"Smith County","TX"
48,425,"Glyphosate",2014,437.2,455.5,"Somervell County","TX"
48,425,"2,4-D",2014,72.6,76.8,"Somervell County","TX"
48,425,"Chlorpyrifos",2014,125.2,126.2,"Somervell County","TX"
48,425,"Malathion",2014,29.4,29.4,"Somervell County","TX"
48,425,"Paraquat",2014,0.6,1.7,"Somervell County","TX"
48,427,"2,4-D",2014,1016.3,1960.4,"Starr County","TX"
48,427,"Paraquat",2014,303.9,303.9,"Starr County","TX"
48,427,"Chlorpyrifos",2014,41.3,41.4,"Starr County","TX"
48,427,"Glyphosate",2014,14136.1,14415.3,"Starr County","TX"
48,427,"Malathion",2014,544.3,544.3,"Starr County","TX"
48,429,"Glyphosate",2014,315.7,509.6,"Stephens County","TX"
48,429,"2,4-D",2014,452.2,493.9,"Stephens County","TX"
48,429,"Paraquat",2014,0.2,12.4,"Stephens County","TX"
48,429,"Chlorpyrifos",2014,39.3,52.5,"Stephens County","TX"
48,429,"Malathion",2014,12.7,12.7,"Stephens County","TX"
48,43,"Paraquat",2014,NA,0.5,"Brewster County","TX"
48,43,"2,4-D",2014,NA,394.7,"Brewster County","TX"
48,43,"Chlorpyrifos",2014,505.4,505.5,"Brewster County","TX"
48,43,"Glyphosate",2014,504.7,505.9,"Brewster County","TX"
48,431,"2,4-D",2014,121.1,121.1,"Sterling County","TX"
48,431,"Glyphosate",2014,47.7,47.7,"Sterling County","TX"
48,431,"Paraquat",2014,NA,0.1,"Sterling County","TX"
48,431,"Chlorpyrifos",2014,NA,0.2,"Sterling County","TX"
48,433,"Glyphosate",2014,11065.7,11065.7,"Stonewall County","TX"
48,433,"Malathion",2014,29.4,29.4,"Stonewall County","TX"
48,433,"2,4-D",2014,387.3,461.3,"Stonewall County","TX"
48,433,"Paraquat",2014,222.3,278.1,"Stonewall County","TX"
48,433,"Chlorpyrifos",2014,554.3,554.3,"Stonewall County","TX"
48,435,"2,4-D",2014,186.6,186.6,"Sutton County","TX"
48,435,"Glyphosate",2014,68.6,68.7,"Sutton County","TX"
48,435,"Chlorpyrifos",2014,0,0.1,"Sutton County","TX"
48,435,"Paraquat",2014,NA,0,"Sutton County","TX"
48,435,"Malathion",2014,NA,0,"Sutton County","TX"
48,437,"2,4-D",2014,9537,9537,"Swisher County","TX"
48,437,"Chlorpyrifos",2014,1749.9,1826.7,"Swisher County","TX"
48,437,"Glyphosate",2014,114140.3,114288,"Swisher County","TX"
48,437,"Paraquat",2014,5064.6,5292.3,"Swisher County","TX"
48,437,"Malathion",2014,NA,1197,"Swisher County","TX"
48,439,"Chlorpyrifos",2014,33.1,78.6,"Tarrant County","TX"
48,439,"Malathion",2014,1.5,37.3,"Tarrant County","TX"
48,439,"2,4-D",2014,2450.1,2469.7,"Tarrant County","TX"
48,439,"Glyphosate",2014,1247.4,1571.8,"Tarrant County","TX"
48,439,"Paraquat",2014,NA,47.4,"Tarrant County","TX"
48,441,"2,4-D",2014,800.7,951.5,"Taylor County","TX"
48,441,"Chlorpyrifos",2014,1508.3,1511.2,"Taylor County","TX"
48,441,"Malathion",2014,29.7,29.7,"Taylor County","TX"
48,441,"Glyphosate",2014,25875.3,25899.3,"Taylor County","TX"
48,441,"Paraquat",2014,461.2,618.7,"Taylor County","TX"
48,443,"2,4-D",2014,NA,227.8,"Terrell County","TX"
48,443,"Glyphosate",2014,1,1,"Terrell County","TX"
48,445,"Malathion",2014,NA,158.6,"Terry County","TX"
48,445,"2,4-D",2014,4968.1,7575.6,"Terry County","TX"
48,445,"Chlorpyrifos",2014,201.5,429.3,"Terry County","TX"
48,445,"Paraquat",2014,12238.5,12333.5,"Terry County","TX"
48,445,"Glyphosate",2014,257250.4,257688.6,"Terry County","TX"
48,447,"Chlorpyrifos",2014,170.7,539.1,"Throckmorton County","TX"
48,447,"Malathion",2014,40.6,40.6,"Throckmorton County","TX"
48,447,"Glyphosate",2014,5158.4,9438.3,"Throckmorton County","TX"
48,447,"2,4-D",2014,385.9,776.5,"Throckmorton County","TX"
48,447,"Paraquat",2014,18.1,180.3,"Throckmorton County","TX"
48,449,"Chlorpyrifos",2014,2.3,2.3,"Titus County","TX"
48,449,"Glyphosate",2014,892.6,900.4,"Titus County","TX"
48,449,"2,4-D",2014,7279,7279.5,"Titus County","TX"
48,449,"Malathion",2014,NA,3.6,"Titus County","TX"
48,45,"Chlorpyrifos",2014,589.8,589.8,"Briscoe County","TX"
48,45,"Paraquat",2014,1534.6,1572.5,"Briscoe County","TX"
48,45,"2,4-D",2014,2788.8,2788.8,"Briscoe County","TX"
48,45,"Glyphosate",2014,31712.3,31902.9,"Briscoe County","TX"
48,45,"Malathion",2014,NA,361.8,"Briscoe County","TX"
48,451,"2,4-D",2014,8110.6,8431.2,"Tom Green County","TX"
48,451,"Malathion",2014,18.2,94.1,"Tom Green County","TX"
48,451,"Glyphosate",2014,152891.3,155413.9,"Tom Green County","TX"
48,451,"Chlorpyrifos",2014,17.9,552.5,"Tom Green County","TX"
48,451,"Paraquat",2014,12260.3,12709.3,"Tom Green County","TX"
48,453,"2,4-D",2014,1986.8,2269.6,"Travis County","TX"
48,453,"Malathion",2014,1.8,1.8,"Travis County","TX"
48,453,"Glyphosate",2014,22211.9,22213.4,"Travis County","TX"
48,453,"Chlorpyrifos",2014,90.9,192,"Travis County","TX"
48,453,"Paraquat",2014,382.7,416,"Travis County","TX"
48,455,"Malathion",2014,13.2,13.2,"Trinity County","TX"
48,455,"2,4-D",2014,2753,2753,"Trinity County","TX"
48,455,"Paraquat",2014,NA,0.3,"Trinity County","TX"
48,455,"Glyphosate",2014,273.5,274.8,"Trinity County","TX"
48,455,"Chlorpyrifos",2014,4.3,4.3,"Trinity County","TX"
48,457,"Paraquat",2014,NA,0.5,"Tyler County","TX"
48,457,"2,4-D",2014,1684.4,1686,"Tyler County","TX"
48,457,"Malathion",2014,118.6,118.6,"Tyler County","TX"
48,457,"Glyphosate",2014,179,185.2,"Tyler County","TX"
48,457,"Chlorpyrifos",2014,4.3,4.3,"Tyler County","TX"
48,459,"Malathion",2014,NA,2,"Upshur County","TX"
48,459,"Paraquat",2014,1.9,7,"Upshur County","TX"
48,459,"Glyphosate",2014,1192.7,1202.7,"Upshur County","TX"
48,459,"2,4-D",2014,9568.5,9569,"Upshur County","TX"
48,459,"Chlorpyrifos",2014,2.4,2.4,"Upshur County","TX"
48,461,"Malathion",2014,3.4,14.3,"Upton County","TX"
48,461,"2,4-D",2014,980.6,1068,"Upton County","TX"
48,461,"Paraquat",2014,1413.4,1441.1,"Upton County","TX"
48,461,"Glyphosate",2014,15953,15979.6,"Upton County","TX"
48,461,"Chlorpyrifos",2014,4.1,31.3,"Upton County","TX"
48,463,"Paraquat",2014,955.4,1206.5,"Uvalde County","TX"
48,463,"Glyphosate",2014,80968.4,81922.2,"Uvalde County","TX"
48,463,"Malathion",2014,15.2,58.2,"Uvalde County","TX"
48,463,"2,4-D",2014,1559.3,2068.3,"Uvalde County","TX"
48,463,"Chlorpyrifos",2014,22.7,476.5,"Uvalde County","TX"
48,465,"Paraquat",2014,NA,0.5,"Val Verde County","TX"
48,465,"Malathion",2014,NA,2.4,"Val Verde County","TX"
48,465,"2,4-D",2014,309.2,311,"Val Verde County","TX"
48,465,"Chlorpyrifos",2014,0.8,1.9,"Val Verde County","TX"
48,465,"Glyphosate",2014,154,154,"Val Verde County","TX"
48,467,"Glyphosate",2014,2343.5,2543.2,"Van Zandt County","TX"
48,467,"2,4-D",2014,18300.5,18310,"Van Zandt County","TX"
48,467,"Paraquat",2014,5.3,21.2,"Van Zandt County","TX"
48,467,"Chlorpyrifos",2014,42.6,42.6,"Van Zandt County","TX"
48,467,"Malathion",2014,NA,107.1,"Van Zandt County","TX"
48,469,"Paraquat",2014,311.6,569.7,"Victoria County","TX"
48,469,"Glyphosate",2014,36660.8,37057.5,"Victoria County","TX"
48,469,"Malathion",2014,NA,12.9,"Victoria County","TX"
48,469,"Chlorpyrifos",2014,12,96.4,"Victoria County","TX"
48,469,"2,4-D",2014,8883.9,9157.4,"Victoria County","TX"
48,47,"Chlorpyrifos",2014,1.5,6.8,"Brooks County","TX"
48,47,"2,4-D",2014,891.3,897.4,"Brooks County","TX"
48,47,"Paraquat",2014,0.2,7.7,"Brooks County","TX"
48,47,"Glyphosate",2014,397.1,774.3,"Brooks County","TX"
48,471,"Paraquat",2014,1.4,121,"Walker County","TX"
48,471,"Malathion",2014,237.2,237.4,"Walker County","TX"
48,471,"Glyphosate",2014,2638,2649.8,"Walker County","TX"
48,471,"Chlorpyrifos",2014,5.4,5.4,"Walker County","TX"
48,471,"2,4-D",2014,7408.6,7909.3,"Walker County","TX"
48,473,"Glyphosate",2014,7603,7623.7,"Waller County","TX"
48,473,"Malathion",2014,400.6,403.4,"Waller County","TX"
48,473,"Chlorpyrifos",2014,14.4,14.5,"Waller County","TX"
48,473,"Paraquat",2014,32.3,275.9,"Waller County","TX"
48,473,"2,4-D",2014,8988.4,10002.9,"Waller County","TX"
48,475,"Chlorpyrifos",2014,120.3,147.1,"Ward County","TX"
48,475,"2,4-D",2014,NA,83.1,"Ward County","TX"
48,475,"Glyphosate",2014,88.8,486.2,"Ward County","TX"
48,477,"Malathion",2014,21.2,21.2,"Washington County","TX"
48,477,"Glyphosate",2014,5356.3,5356.3,"Washington County","TX"
48,477,"Paraquat",2014,132.5,150.2,"Washington County","TX"
48,477,"2,4-D",2014,2473.5,2485.8,"Washington County","TX"
48,477,"Chlorpyrifos",2014,204.9,200.3,"Washington County","TX"
48,479,"Malathion",2014,NA,1.7,"Webb County","TX"
48,479,"Glyphosate",2014,1313.4,1806.5,"Webb County","TX"
48,479,"2,4-D",2014,3222.2,3223.7,"Webb County","TX"
48,479,"Paraquat",2014,1.7,2,"Webb County","TX"
48,479,"Chlorpyrifos",2014,0.5,1.1,"Webb County","TX"
48,481,"Malathion",2014,NA,56.2,"Wharton County","TX"
48,481,"Glyphosate",2014,146501.9,150318,"Wharton County","TX"
48,481,"2,4-D",2014,19542.7,20036.3,"Wharton County","TX"
48,481,"Paraquat",2014,2245.2,2897.3,"Wharton County","TX"
48,481,"Chlorpyrifos",2014,58.6,225.2,"Wharton County","TX"
48,483,"2,4-D",2014,252.3,860.3,"Wheeler County","TX"
48,483,"Glyphosate",2014,18038.7,18245.5,"Wheeler County","TX"
48,483,"Malathion",2014,32.8,348.4,"Wheeler County","TX"
48,483,"Chlorpyrifos",2014,718.2,875.7,"Wheeler County","TX"
48,483,"Paraquat",2014,313,355.4,"Wheeler County","TX"
48,485,"Malathion",2014,91.1,245.3,"Wichita County","TX"
48,485,"Glyphosate",2014,46691.5,46765.2,"Wichita County","TX"
48,485,"2,4-D",2014,118.4,1900.6,"Wichita County","TX"
48,485,"Chlorpyrifos",2014,6606.8,6636.6,"Wichita County","TX"
48,485,"Paraquat",2014,143.4,419.7,"Wichita County","TX"
48,487,"Malathion",2014,13.3,354,"Wilbarger County","TX"
48,487,"Glyphosate",2014,85364.2,86363.9,"Wilbarger County","TX"
48,487,"Chlorpyrifos",2014,11424.7,12244.3,"Wilbarger County","TX"
48,487,"2,4-D",2014,413,3547.7,"Wilbarger County","TX"
48,487,"Paraquat",2014,342.7,913.5,"Wilbarger County","TX"
48,489,"Malathion",2014,481.2,481.2,"Willacy County","TX"
48,489,"Paraquat",2014,269.4,269.4,"Willacy County","TX"
48,489,"2,4-D",2014,898.5,1326.5,"Willacy County","TX"
48,489,"Glyphosate",2014,18104.2,18082.8,"Willacy County","TX"
48,489,"Chlorpyrifos",2014,65.6,65.9,"Willacy County","TX"
48,49,"Malathion",2014,311.9,311.9,"Brown County","TX"
48,49,"Paraquat",2014,16.2,75.1,"Brown County","TX"
48,49,"Chlorpyrifos",2014,1132.2,1184.3,"Brown County","TX"
48,49,"Glyphosate",2014,7264.5,8044.1,"Brown County","TX"
48,49,"2,4-D",2014,480.4,719.6,"Brown County","TX"
48,491,"Malathion",2014,3.9,89.4,"Williamson County","TX"
48,491,"Glyphosate",2014,70774.6,71020.4,"Williamson County","TX"
48,491,"Chlorpyrifos",2014,96.5,769.8,"Williamson County","TX"
48,491,"Paraquat",2014,2592.5,2848.3,"Williamson County","TX"
48,491,"2,4-D",2014,9759.2,9862.2,"Williamson County","TX"
48,493,"Malathion",2014,866.3,866.3,"Wilson County","TX"
48,493,"Glyphosate",2014,12946.9,12964.5,"Wilson County","TX"
48,493,"Paraquat",2014,311.9,334.6,"Wilson County","TX"
48,493,"2,4-D",2014,2872.7,3132.2,"Wilson County","TX"
48,493,"Chlorpyrifos",2014,121.3,157,"Wilson County","TX"
48,495,"Glyphosate",2014,25.2,25.2,"Winkler County","TX"
48,495,"2,4-D",2014,NA,110.2,"Winkler County","TX"
48,495,"Chlorpyrifos",2014,33.7,33.7,"Winkler County","TX"
48,497,"2,4-D",2014,346.2,558.6,"Wise County","TX"
48,497,"Chlorpyrifos",2014,913.3,1029.2,"Wise County","TX"
48,497,"Glyphosate",2014,3841.7,5530.7,"Wise County","TX"
48,497,"Malathion",2014,269.5,269.5,"Wise County","TX"
48,497,"Paraquat",2014,3.8,85.6,"Wise County","TX"
48,499,"Paraquat",2014,0.5,11.8,"Wood County","TX"
48,499,"Glyphosate",2014,1351.1,1584.3,"Wood County","TX"
48,499,"Chlorpyrifos",2014,18,18.2,"Wood County","TX"
48,499,"Malathion",2014,NA,146.3,"Wood County","TX"
48,499,"2,4-D",2014,10033.2,10043.9,"Wood County","TX"
48,5,"Chlorpyrifos",2014,1.1,1.1,"Angelina County","TX"
48,5,"Malathion",2014,250.4,250.4,"Angelina County","TX"
48,5,"2,4-D",2014,2718.1,2718.1,"Angelina County","TX"
48,5,"Glyphosate",2014,260.1,275.5,"Angelina County","TX"
48,5,"Paraquat",2014,NA,1.4,"Angelina County","TX"
48,501,"Chlorpyrifos",2014,131.8,523.4,"Yoakum County","TX"
48,501,"Malathion",2014,NA,204,"Yoakum County","TX"
48,501,"Glyphosate",2014,171018.6,171652.2,"Yoakum County","TX"
48,501,"2,4-D",2014,3838.7,5946.6,"Yoakum County","TX"
48,501,"Paraquat",2014,8033.2,8200,"Yoakum County","TX"
48,503,"Chlorpyrifos",2014,197.3,438.8,"Young County","TX"
48,503,"Glyphosate",2014,4622.4,7483.1,"Young County","TX"
48,503,"Malathion",2014,63.1,63.1,"Young County","TX"
48,503,"Paraquat",2014,15.7,130.7,"Young County","TX"
48,503,"2,4-D",2014,416,723.5,"Young County","TX"
48,505,"Glyphosate",2014,NA,129.9,"Zapata County","TX"
48,505,"2,4-D",2014,851.2,851.2,"Zapata County","TX"
48,507,"Glyphosate",2014,20093.5,20653.7,"Zavala County","TX"
48,507,"Chlorpyrifos",2014,NA,30.5,"Zavala County","TX"
48,507,"Malathion",2014,NA,207.3,"Zavala County","TX"
48,507,"Paraquat",2014,207.5,241.7,"Zavala County","TX"
48,507,"2,4-D",2014,2034.8,2104.6,"Zavala County","TX"
48,51,"Chlorpyrifos",2014,143.6,223.4,"Burleson County","TX"
48,51,"Malathion",2014,42.3,42.3,"Burleson County","TX"
48,51,"Paraquat",2014,1430.6,1491.8,"Burleson County","TX"
48,51,"2,4-D",2014,3026.1,3423.2,"Burleson County","TX"
48,51,"Glyphosate",2014,44179.9,44179.9,"Burleson County","TX"
48,53,"2,4-D",2014,94,121,"Burnet County","TX"
48,53,"Paraquat",2014,NA,2.5,"Burnet County","TX"
48,53,"Chlorpyrifos",2014,9.2,23.4,"Burnet County","TX"
48,53,"Glyphosate",2014,2070.6,2070.6,"Burnet County","TX"
48,53,"Malathion",2014,2.7,58.1,"Burnet County","TX"
48,55,"Chlorpyrifos",2014,85.5,117.7,"Caldwell County","TX"
48,55,"Paraquat",2014,627.1,638.7,"Caldwell County","TX"
48,55,"2,4-D",2014,2351.8,2458.5,"Caldwell County","TX"
48,55,"Malathion",2014,38.7,38.7,"Caldwell County","TX"
48,55,"Glyphosate",2014,19100,19107.9,"Caldwell County","TX"
48,57,"2,4-D",2014,6945.8,6985.5,"Calhoun County","TX"
48,57,"Paraquat",2014,328.7,559.7,"Calhoun County","TX"
48,57,"Chlorpyrifos",2014,11.1,101.7,"Calhoun County","TX"
48,57,"Glyphosate",2014,34215.2,34215.2,"Calhoun County","TX"
48,59,"Paraquat",2014,6.7,78.8,"Callahan County","TX"
48,59,"Chlorpyrifos",2014,82.7,174.5,"Callahan County","TX"
48,59,"Glyphosate",2014,2703.4,3849.7,"Callahan County","TX"
48,59,"2,4-D",2014,452,693.1,"Callahan County","TX"
48,59,"Malathion",2014,40.4,40.4,"Callahan County","TX"
48,61,"Chlorpyrifos",2014,1558.9,1558.9,"Cameron County","TX"
48,61,"2,4-D",2014,5051.5,7074.7,"Cameron County","TX"
48,61,"Glyphosate",2014,67204.1,67348.4,"Cameron County","TX"
48,61,"Paraquat",2014,1663.8,1663.8,"Cameron County","TX"
48,61,"Malathion",2014,2705.6,2705.6,"Cameron County","TX"
48,63,"Chlorpyrifos",2014,3.7,3.7,"Camp County","TX"
48,63,"Paraquat",2014,0,2,"Camp County","TX"
48,63,"Glyphosate",2014,470.9,478.7,"Camp County","TX"
48,63,"Malathion",2014,NA,2.4,"Camp County","TX"
48,63,"2,4-D",2014,3742.1,3742.9,"Camp County","TX"
48,65,"2,4-D",2014,8079.7,8104.3,"Carson County","TX"
48,65,"Paraquat",2014,3987.4,4310.7,"Carson County","TX"
48,65,"Chlorpyrifos",2014,1274.9,1425.8,"Carson County","TX"
48,65,"Glyphosate",2014,102603.2,102948.1,"Carson County","TX"
48,65,"Malathion",2014,NA,940.7,"Carson County","TX"
48,67,"Chlorpyrifos",2014,0.6,0.6,"Cass County","TX"
48,67,"Paraquat",2014,0.2,10.1,"Cass County","TX"
48,67,"Glyphosate",2014,883.7,914.6,"Cass County","TX"
48,67,"2,4-D",2014,6688.7,6689.3,"Cass County","TX"
48,67,"Malathion",2014,NA,21.8,"Cass County","TX"
48,69,"Chlorpyrifos",2014,1061.5,1714.3,"Castro County","TX"
48,69,"Paraquat",2014,2473.5,2732.5,"Castro County","TX"
48,69,"2,4-D",2014,5615.3,5615.3,"Castro County","TX"
48,69,"Glyphosate",2014,97283.2,97554.3,"Castro County","TX"
48,69,"Malathion",2014,NA,584.9,"Castro County","TX"
48,7,"Glyphosate",2014,NA,113.8,"Aransas County","TX"
48,7,"2,4-D",2014,226.3,226.3,"Aransas County","TX"
48,71,"Chlorpyrifos",2014,1.1,10.5,"Chambers County","TX"
48,71,"Glyphosate",2014,7180.9,8618.1,"Chambers County","TX"
48,71,"Paraquat",2014,NA,29.6,"Chambers County","TX"
48,71,"2,4-D",2014,1449.9,1529.5,"Chambers County","TX"
48,73,"Chlorpyrifos",2014,7.2,7.6,"Cherokee County","TX"
48,73,"Paraquat",2014,7.6,16.3,"Cherokee County","TX"
48,73,"2,4-D",2014,14027.3,14041.6,"Cherokee County","TX"
48,73,"Glyphosate",2014,1950,2006.1,"Cherokee County","TX"
48,73,"Malathion",2014,NA,34.4,"Cherokee County","TX"
48,75,"Chlorpyrifos",2014,2386.4,2507.6,"Childress County","TX"
48,75,"Paraquat",2014,1283,1393.5,"Childress County","TX"
48,75,"Glyphosate",2014,69048.7,69180.5,"Childress County","TX"
48,75,"2,4-D",2014,1005,1863.1,"Childress County","TX"
48,75,"Malathion",2014,48,1323.5,"Childress County","TX"
48,77,"Paraquat",2014,3,102.3,"Clay County","TX"
48,77,"Chlorpyrifos",2014,697.2,933.8,"Clay County","TX"
48,77,"Glyphosate",2014,2957.9,5645.6,"Clay County","TX"
48,77,"2,4-D",2014,560.9,776.7,"Clay County","TX"
48,77,"Malathion",2014,186.2,186.2,"Clay County","TX"
48,79,"Glyphosate",2014,127364.5,127374.3,"Cochran County","TX"
48,79,"Paraquat",2014,6667,6756.6,"Cochran County","TX"
48,79,"2,4-D",2014,4038.3,6842.8,"Cochran County","TX"
48,79,"Chlorpyrifos",2014,144.4,614.8,"Cochran County","TX"
48,81,"2,4-D",2014,393.7,471.4,"Coke County","TX"
48,81,"Paraquat",2014,147.7,195.2,"Coke County","TX"
48,81,"Chlorpyrifos",2014,0.2,81.3,"Coke County","TX"
48,81,"Malathion",2014,1,1.4,"Coke County","TX"
48,81,"Glyphosate",2014,5451.1,5468,"Coke County","TX"
48,83,"2,4-D",2014,577.6,882.2,"Coleman County","TX"
48,83,"Chlorpyrifos",2014,2054.3,2065.5,"Coleman County","TX"
48,83,"Paraquat",2014,167,438.3,"Coleman County","TX"
48,83,"Glyphosate",2014,20708.8,20708.8,"Coleman County","TX"
48,83,"Malathion",2014,47.1,47.1,"Coleman County","TX"
48,85,"2,4-D",2014,5359.3,5411.7,"Collin County","TX"
48,85,"Paraquat",2014,404.1,791,"Collin County","TX"
48,85,"Chlorpyrifos",2014,73.8,317.8,"Collin County","TX"
48,85,"Malathion",2014,14.6,106.5,"Collin County","TX"
48,85,"Glyphosate",2014,22346.5,22665.1,"Collin County","TX"
48,87,"2,4-D",2014,1682.5,2434.8,"Collingsworth County","TX"
48,87,"Chlorpyrifos",2014,1119.1,1285.3,"Collingsworth County","TX"
48,87,"Paraquat",2014,1852.7,2072.8,"Collingsworth County","TX"
48,87,"Malathion",2014,74.3,1916.6,"Collingsworth County","TX"
48,87,"Glyphosate",2014,86480.2,86658.1,"Collingsworth County","TX"
48,89,"2,4-D",2014,3687.2,4738.2,"Colorado County","TX"
48,89,"Glyphosate",2014,23139.4,23139.4,"Colorado County","TX"
48,89,"Chlorpyrifos",2014,126.8,198.3,"Colorado County","TX"
48,89,"Paraquat",2014,375.5,441.9,"Colorado County","TX"
48,89,"Malathion",2014,110.2,110.2,"Colorado County","TX"
48,9,"Chlorpyrifos",2014,7.6,425.6,"Archer County","TX"
48,9,"Paraquat",2014,19.3,181.7,"Archer County","TX"
48,9,"Glyphosate",2014,4688.3,9510.7,"Archer County","TX"
48,9,"Malathion",2014,10.2,10.2,"Archer County","TX"
48,9,"2,4-D",2014,410.7,762.6,"Archer County","TX"
48,91,"2,4-D",2014,1521.2,1609,"Comal County","TX"
48,91,"Chlorpyrifos",2014,14.8,15.8,"Comal County","TX"
48,91,"Glyphosate",2014,283.1,283.4,"Comal County","TX"
48,91,"Paraquat",2014,0.8,7.4,"Comal County","TX"
48,91,"Malathion",2014,3.6,3.6,"Comal County","TX"
48,93,"2,4-D",2014,441.8,909.5,"Comanche County","TX"
48,93,"Chlorpyrifos",2014,5971.7,6031.6,"Comanche County","TX"
48,93,"Glyphosate",2014,34604.8,36046,"Comanche County","TX"
48,93,"Malathion",2014,1505.4,1505.4,"Comanche County","TX"
48,93,"Paraquat",2014,85.1,159.9,"Comanche County","TX"
48,95,"2,4-D",2014,3119.2,3225.1,"Concho County","TX"
48,95,"Chlorpyrifos",2014,9,417.6,"Concho County","TX"
48,95,"Paraquat",2014,3549.9,3770.2,"Concho County","TX"
48,95,"Malathion",2014,NA,24.1,"Concho County","TX"
48,95,"Glyphosate",2014,52367.1,52900.8,"Concho County","TX"
48,97,"2,4-D",2014,9008.5,9204.2,"Cooke County","TX"
48,97,"Chlorpyrifos",2014,169.9,278.6,"Cooke County","TX"
48,97,"Paraquat",2014,271.8,499.7,"Cooke County","TX"
48,97,"Malathion",2014,3.6,168.3,"Cooke County","TX"
48,97,"Glyphosate",2014,7667.8,8297.3,"Cooke County","TX"
48,99,"Paraquat",2014,111.9,229.7,"Coryell County","TX"
48,99,"Malathion",2014,1.8,99.9,"Coryell County","TX"
48,99,"Glyphosate",2014,5951,6040.8,"Coryell County","TX"
48,99,"2,4-D",2014,8981.2,9124.2,"Coryell County","TX"
48,99,"Chlorpyrifos",2014,115.9,173.3,"Coryell County","TX"
49,1,"Glyphosate",2014,1976.3,2157.8,"Beaver County","UT"
49,1,"Chlorpyrifos",2014,82.6,82.6,"Beaver County","UT"
49,1,"2,4-D",2014,205,293.8,"Beaver County","UT"
49,1,"Paraquat",2014,1,171.8,"Beaver County","UT"
49,1,"Malathion",2014,0.1,344.9,"Beaver County","UT"
49,11,"Paraquat",2014,11.6,56.4,"Davis County","UT"
49,11,"Chlorpyrifos",2014,91.1,91.1,"Davis County","UT"
49,11,"Malathion",2014,7.5,98.2,"Davis County","UT"
49,11,"2,4-D",2014,127,127.6,"Davis County","UT"
49,11,"Glyphosate",2014,849.6,870.9,"Davis County","UT"
49,13,"Chlorpyrifos",2014,1400.2,1400.2,"Duchesne County","UT"
49,13,"Paraquat",2014,0.3,336.1,"Duchesne County","UT"
49,13,"Malathion",2014,0,957,"Duchesne County","UT"
49,13,"Glyphosate",2014,4034.3,4132.2,"Duchesne County","UT"
49,13,"2,4-D",2014,253.3,684.4,"Duchesne County","UT"
49,15,"Chlorpyrifos",2014,897.7,897.7,"Emery County","UT"
49,15,"Malathion",2014,0.2,612.6,"Emery County","UT"
49,15,"Paraquat",2014,0.6,217,"Emery County","UT"
49,15,"Glyphosate",2014,2903.4,2957.3,"Emery County","UT"
49,15,"2,4-D",2014,309.8,454,"Emery County","UT"
49,17,"Chlorpyrifos",2014,57.1,57.1,"Garfield County","UT"
49,17,"Paraquat",2014,0.3,121.2,"Garfield County","UT"
49,17,"Malathion",2014,0.1,245.2,"Garfield County","UT"
49,17,"2,4-D",2014,73,123.5,"Garfield County","UT"
49,17,"Glyphosate",2014,933.1,971.4,"Garfield County","UT"
49,19,"Chlorpyrifos",2014,104.3,104.3,"Grand County","UT"
49,19,"Malathion",2014,0.5,69.4,"Grand County","UT"
49,19,"Glyphosate",2014,396.6,409.5,"Grand County","UT"
49,19,"Paraquat",2014,1.3,25.9,"Grand County","UT"
49,19,"2,4-D",2014,59.4,100.6,"Grand County","UT"
49,21,"Chlorpyrifos",2014,267.5,267.5,"Iron County","UT"
49,21,"Malathion",2014,0.1,1107.4,"Iron County","UT"
49,21,"Glyphosate",2014,4765,5058.2,"Iron County","UT"
49,21,"2,4-D",2014,397.6,709.1,"Iron County","UT"
49,21,"Paraquat",2014,6.3,553.4,"Iron County","UT"
49,23,"Chlorpyrifos",2014,985.2,985.2,"Juab County","UT"
49,23,"Glyphosate",2014,2597.5,2817.5,"Juab County","UT"
49,23,"Paraquat",2014,212,220.3,"Juab County","UT"
49,23,"Malathion",2014,428.2,428.2,"Juab County","UT"
49,23,"2,4-D",2014,476.2,556.3,"Juab County","UT"
49,25,"Glyphosate",2014,94.9,152,"Kane County","UT"
49,25,"Chlorpyrifos",2014,7.1,7.1,"Kane County","UT"
49,25,"Malathion",2014,NA,27.2,"Kane County","UT"
49,25,"Paraquat",2014,0.4,14.1,"Kane County","UT"
49,25,"2,4-D",2014,14,92.3,"Kane County","UT"
49,27,"Chlorpyrifos",2014,2792.9,2792.9,"Millard County","UT"
49,27,"Malathion",2014,1217.7,1217.7,"Millard County","UT"
49,27,"2,4-D",2014,1175,1402.9,"Millard County","UT"
49,27,"Glyphosate",2014,7956.3,8883.2,"Millard County","UT"
49,27,"Paraquat",2014,601.6,605.4,"Millard County","UT"
49,29,"Malathion",2014,0,254.1,"Morgan County","UT"
49,29,"Paraquat",2014,0.1,125.4,"Morgan County","UT"
49,29,"Chlorpyrifos",2014,142.6,142.6,"Morgan County","UT"
49,29,"Glyphosate",2014,703.7,795.9,"Morgan County","UT"
49,29,"2,4-D",2014,321.7,323.3,"Morgan County","UT"
49,3,"Chlorpyrifos",2014,655.1,655.1,"Box Elder County","UT"
49,3,"2,4-D",2014,5701.7,5706.6,"Box Elder County","UT"
49,3,"Malathion",2014,47.8,828.3,"Box Elder County","UT"
49,3,"Paraquat",2014,26.6,476.3,"Box Elder County","UT"
49,3,"Glyphosate",2014,13229.3,13506.5,"Box Elder County","UT"
49,31,"Glyphosate",2014,426.8,524.8,"Piute County","UT"
49,31,"Paraquat",2014,NA,49.8,"Piute County","UT"
49,31,"2,4-D",2014,40.6,57.9,"Piute County","UT"
49,31,"Chlorpyrifos",2014,23,23,"Piute County","UT"
49,31,"Malathion",2014,NA,99.8,"Piute County","UT"
49,33,"Glyphosate",2014,517.8,604.6,"Rich County","UT"
49,33,"Malathion",2014,NA,226.9,"Rich County","UT"
49,33,"2,4-D",2014,249.4,250.8,"Rich County","UT"
49,33,"Paraquat",2014,NA,111.8,"Rich County","UT"
49,33,"Chlorpyrifos",2014,127.1,127.1,"Rich County","UT"
49,35,"Malathion",2014,0.1,45.5,"Salt Lake County","UT"
49,35,"Paraquat",2014,1.7,25.4,"Salt Lake County","UT"
49,35,"Glyphosate",2014,349.1,369.6,"Salt Lake County","UT"
49,35,"2,4-D",2014,193.7,194,"Salt Lake County","UT"
49,35,"Chlorpyrifos",2014,33.1,33.1,"Salt Lake County","UT"
49,37,"Malathion",2014,0.7,99,"San Juan County","UT"
49,37,"Paraquat",2014,2.6,86,"San Juan County","UT"
49,37,"2,4-D",2014,5775.4,6160.4,"San Juan County","UT"
49,37,"Chlorpyrifos",2014,190.1,190.1,"San Juan County","UT"
49,37,"Glyphosate",2014,13822.8,13930.2,"San Juan County","UT"
49,39,"Paraquat",2014,568.4,571.8,"Sanpete County","UT"
49,39,"Malathion",2014,1150.8,1150.8,"Sanpete County","UT"
49,39,"Chlorpyrifos",2014,2633.9,2633.9,"Sanpete County","UT"
49,39,"Glyphosate",2014,3759.1,4129,"Sanpete County","UT"
49,39,"2,4-D",2014,424.8,640.2,"Sanpete County","UT"
49,41,"Malathion",2014,642.7,642.7,"Sevier County","UT"
49,41,"Paraquat",2014,320.5,322.9,"Sevier County","UT"
49,41,"Chlorpyrifos",2014,1485.6,1485.6,"Sevier County","UT"
49,41,"Glyphosate",2014,3183.9,3592.4,"Sevier County","UT"
49,41,"2,4-D",2014,536.5,656.7,"Sevier County","UT"
49,43,"Malathion",2014,NA,186.3,"Summit County","UT"
49,43,"Chlorpyrifos",2014,272.2,272.2,"Summit County","UT"
49,43,"Paraquat",2014,0,65.4,"Summit County","UT"
49,43,"Glyphosate",2014,756.9,772.8,"Summit County","UT"
49,43,"2,4-D",2014,13.7,110.6,"Summit County","UT"
49,45,"Paraquat",2014,0.4,101.3,"Tooele County","UT"
49,45,"Malathion",2014,0.9,200.6,"Tooele County","UT"
49,45,"Chlorpyrifos",2014,117.4,117.4,"Tooele County","UT"
49,45,"Glyphosate",2014,996.7,1077.7,"Tooele County","UT"
49,45,"2,4-D",2014,444.9,446.2,"Tooele County","UT"
49,47,"Paraquat",2014,2.8,325.7,"Uintah County","UT"
49,47,"Malathion",2014,0.4,906.4,"Uintah County","UT"
49,47,"2,4-D",2014,902.1,1496.1,"Uintah County","UT"
49,47,"Chlorpyrifos",2014,1331.9,1331.9,"Uintah County","UT"
49,47,"Glyphosate",2014,4961.6,5212.6,"Uintah County","UT"
49,49,"Chlorpyrifos",2014,3964.6,3964.6,"Utah County","UT"
49,49,"Malathion",2014,1299.6,1299.6,"Utah County","UT"
49,49,"Paraquat",2014,1075.5,1092.1,"Utah County","UT"
49,49,"Glyphosate",2014,8748.9,9649.9,"Utah County","UT"
49,49,"2,4-D",2014,1889.3,2047.1,"Utah County","UT"
49,5,"Chlorpyrifos",2014,532.4,532.4,"Cache County","UT"
49,5,"2,4-D",2014,2936.9,2942.2,"Cache County","UT"
49,5,"Malathion",2014,54.1,907.2,"Cache County","UT"
49,5,"Paraquat",2014,8.3,442.2,"Cache County","UT"
49,5,"Glyphosate",2014,6415.8,6725.1,"Cache County","UT"
49,51,"Malathion",2014,NA,153.1,"Wasatch County","UT"
49,51,"2,4-D",2014,71,128.9,"Wasatch County","UT"
49,51,"Glyphosate",2014,745.5,752.3,"Wasatch County","UT"
49,51,"Chlorpyrifos",2014,225,225,"Wasatch County","UT"
49,51,"Paraquat",2014,0.6,54.9,"Wasatch County","UT"
49,53,"Paraquat",2014,7.1,51.7,"Washington County","UT"
49,53,"Malathion",2014,2.9,84.6,"Washington County","UT"
49,53,"2,4-D",2014,131.3,216.6,"Washington County","UT"
49,53,"Glyphosate",2014,510.9,1228.9,"Washington County","UT"
49,53,"Chlorpyrifos",2014,37.8,37.8,"Washington County","UT"
49,55,"2,4-D",2014,50.5,93.9,"Wayne County","UT"
49,55,"Malathion",2014,0.1,181.6,"Wayne County","UT"
49,55,"Paraquat",2014,5.3,94.7,"Wayne County","UT"
49,55,"Chlorpyrifos",2014,52.3,52.3,"Wayne County","UT"
49,55,"Glyphosate",2014,1233,1234.5,"Wayne County","UT"
49,57,"Chlorpyrifos",2014,185.8,185.8,"Weber County","UT"
49,57,"Paraquat",2014,2.3,137,"Weber County","UT"
49,57,"2,4-D",2014,321.9,323.6,"Weber County","UT"
49,57,"Malathion",2014,4.2,276.4,"Weber County","UT"
49,57,"Glyphosate",2014,2008.6,2040.4,"Weber County","UT"
49,7,"Paraquat",2014,1.8,60.7,"Carbon County","UT"
49,7,"Chlorpyrifos",2014,246,246,"Carbon County","UT"
49,7,"2,4-D",2014,107.4,194.7,"Carbon County","UT"
49,7,"Glyphosate",2014,836.9,864.3,"Carbon County","UT"
49,7,"Malathion",2014,NA,165.9,"Carbon County","UT"
49,9,"Malathion",2014,NA,57.5,"Daggett County","UT"
49,9,"Chlorpyrifos",2014,84.1,84.1,"Daggett County","UT"
49,9,"Glyphosate",2014,224.4,231.3,"Daggett County","UT"
49,9,"Paraquat",2014,NA,20.2,"Daggett County","UT"
49,9,"2,4-D",2014,NA,39.3,"Daggett County","UT"
5,1,"2,4-D",2014,4190.9,7455.6,"Arkansas County","AR"
5,1,"Glyphosate",2014,133079.5,135255.2,"Arkansas County","AR"
5,1,"Malathion",2014,NA,3677.8,"Arkansas County","AR"
5,1,"Paraquat",2014,3570.7,7720.6,"Arkansas County","AR"
5,101,"2,4-D",2014,651.7,653.2,"Newton County","AR"
5,101,"Paraquat",2014,NA,147.9,"Newton County","AR"
5,101,"Glyphosate",2014,270.1,270.1,"Newton County","AR"
5,101,"Chlorpyrifos",2014,3.9,3.9,"Newton County","AR"
5,103,"2,4-D",2014,329.8,329.8,"Ouachita County","AR"
5,103,"Glyphosate",2014,23.2,61.5,"Ouachita County","AR"
5,105,"Glyphosate",2014,2013.3,2043.3,"Perry County","AR"
5,105,"2,4-D",2014,4947.3,5076,"Perry County","AR"
5,105,"Paraquat",2014,962.7,1171.5,"Perry County","AR"
5,105,"Chlorpyrifos",2014,4.1,18.6,"Perry County","AR"
5,107,"Glyphosate",2014,194165.6,198845.5,"Phillips County","AR"
5,107,"2,4-D",2014,4707.2,7932,"Phillips County","AR"
5,107,"Paraquat",2014,4897.6,8438.6,"Phillips County","AR"
5,107,"Malathion",2014,NA,7729.5,"Phillips County","AR"
5,107,"Chlorpyrifos",2014,NA,3.7,"Phillips County","AR"
5,109,"Glyphosate",2014,208.5,208.5,"Pike County","AR"
5,109,"Paraquat",2014,NA,94,"Pike County","AR"
5,109,"2,4-D",2014,5623.8,5623.8,"Pike County","AR"
5,11,"Glyphosate",2014,22.8,52.2,"Bradley County","AR"
5,11,"2,4-D",2014,253.5,253.5,"Bradley County","AR"
5,111,"2,4-D",2014,13252.6,13252.6,"Poinsett County","AR"
5,111,"Paraquat",2014,16186.8,16324.9,"Poinsett County","AR"
5,111,"Malathion",2014,NA,6302.7,"Poinsett County","AR"
5,111,"Glyphosate",2014,109736.6,109774.1,"Poinsett County","AR"
5,111,"Chlorpyrifos",2014,0.1,99.3,"Poinsett County","AR"
5,113,"Glyphosate",2014,80.9,77.2,"Polk County","AR"
5,113,"2,4-D",2014,20466.2,20467.1,"Polk County","AR"
5,113,"Malathion",2014,0.1,0.1,"Polk County","AR"
5,113,"Paraquat",2014,165.8,165.8,"Polk County","AR"
5,113,"Chlorpyrifos",2014,8.7,9.6,"Polk County","AR"
5,115,"2,4-D",2014,21126.2,22355.4,"Pope County","AR"
5,115,"Paraquat",2014,1803,1803,"Pope County","AR"
5,115,"Malathion",2014,0.1,0.1,"Pope County","AR"
5,115,"Glyphosate",2014,1267.8,1954.4,"Pope County","AR"
5,115,"Chlorpyrifos",2014,15.6,162.9,"Pope County","AR"
5,117,"2,4-D",2014,2545.8,5039,"Prairie County","AR"
5,117,"Paraquat",2014,2198.8,3709.6,"Prairie County","AR"
5,117,"Malathion",2014,NA,2380.6,"Prairie County","AR"
5,117,"Chlorpyrifos",2014,NA,0.2,"Prairie County","AR"
5,117,"Glyphosate",2014,78537.3,79412.3,"Prairie County","AR"
5,119,"2,4-D",2014,4712.1,5811.6,"Pulaski County","AR"
5,119,"Paraquat",2014,5601.4,7365.1,"Pulaski County","AR"
5,119,"Glyphosate",2014,25667,25776.9,"Pulaski County","AR"
5,119,"Chlorpyrifos",2014,12.3,168.5,"Pulaski County","AR"
5,121,"2,4-D",2014,25092.9,25092.9,"Randolph County","AR"
5,121,"Malathion",2014,NA,794.5,"Randolph County","AR"
5,121,"Paraquat",2014,2451.9,2462,"Randolph County","AR"
5,121,"Glyphosate",2014,22792.1,23176.7,"Randolph County","AR"
5,121,"Chlorpyrifos",2014,6.6,29.3,"Randolph County","AR"
5,123,"2,4-D",2014,2833.1,5357.5,"St. Francis County","AR"
5,123,"Malathion",2014,NA,4325.1,"St. Francis County","AR"
5,123,"Paraquat",2014,2966.2,4418.7,"St. Francis County","AR"
5,123,"Chlorpyrifos",2014,NA,1.8,"St. Francis County","AR"
5,123,"Glyphosate",2014,112470.5,114207.8,"St. Francis County","AR"
5,125,"2,4-D",2014,3240.6,3243.4,"Saline County","AR"
5,125,"Paraquat",2014,42.5,89.4,"Saline County","AR"
5,125,"Glyphosate",2014,54.8,74.9,"Saline County","AR"
5,125,"Chlorpyrifos",2014,2.9,2.9,"Saline County","AR"
5,127,"Glyphosate",2014,68.3,61.8,"Scott County","AR"
5,127,"Paraquat",2014,127.8,127.8,"Scott County","AR"
5,127,"2,4-D",2014,16487.5,16494.6,"Scott County","AR"
5,127,"Chlorpyrifos",2014,7.2,7.2,"Scott County","AR"
5,129,"Glyphosate",2014,121.6,121.6,"Searcy County","AR"
5,129,"Paraquat",2014,NA,243.3,"Searcy County","AR"
5,129,"2,4-D",2014,3278.4,3279.1,"Searcy County","AR"
5,13,"Glyphosate",2014,17.5,40.3,"Calhoun County","AR"
5,13,"2,4-D",2014,196.8,196.8,"Calhoun County","AR"
5,131,"Malathion",2014,0,0,"Sebastian County","AR"
5,131,"2,4-D",2014,19668,20113.9,"Sebastian County","AR"
5,131,"Paraquat",2014,489.3,489.3,"Sebastian County","AR"
5,131,"Chlorpyrifos",2014,15.7,36.4,"Sebastian County","AR"
5,131,"Glyphosate",2014,508.7,593.8,"Sebastian County","AR"
5,133,"Paraquat",2014,0.3,149.9,"Sevier County","AR"
5,133,"2,4-D",2014,8948,8948,"Sevier County","AR"
5,133,"Glyphosate",2014,375.1,363,"Sevier County","AR"
5,133,"Chlorpyrifos",2014,13.5,13.5,"Sevier County","AR"
5,135,"2,4-D",2014,3309,3309,"Sharp County","AR"
5,135,"Chlorpyrifos",2014,6,6,"Sharp County","AR"
5,135,"Paraquat",2014,NA,245.6,"Sharp County","AR"
5,135,"Glyphosate",2014,143.3,135.8,"Sharp County","AR"
5,137,"Glyphosate",2014,114.2,114.2,"Stone County","AR"
5,137,"Paraquat",2014,NA,172,"Stone County","AR"
5,137,"2,4-D",2014,2318.2,2323.8,"Stone County","AR"
5,137,"Chlorpyrifos",2014,NA,0,"Stone County","AR"
5,139,"2,4-D",2014,545.3,545.3,"Union County","AR"
5,139,"Glyphosate",2014,NA,63.6,"Union County","AR"
5,141,"Paraquat",2014,NA,136,"Van Buren County","AR"
5,141,"Chlorpyrifos",2014,3.8,3.8,"Van Buren County","AR"
5,141,"Glyphosate",2014,107.6,102.8,"Van Buren County","AR"
5,141,"2,4-D",2014,1832.3,1837,"Van Buren County","AR"
5,143,"2,4-D",2014,1690.4,1698.4,"Washington County","AR"
5,143,"Paraquat",2014,99.6,473.3,"Washington County","AR"
5,143,"Glyphosate",2014,1047.1,1047.1,"Washington County","AR"
5,143,"Chlorpyrifos",2014,21.8,21.8,"Washington County","AR"
5,145,"2,4-D",2014,34110.9,34110.9,"White County","AR"
5,145,"Malathion",2014,NA,636.1,"White County","AR"
5,145,"Glyphosate",2014,17117.9,17650.3,"White County","AR"
5,145,"Chlorpyrifos",2014,1.5,31.7,"White County","AR"
5,145,"Paraquat",2014,2149.4,2181.5,"White County","AR"
5,147,"Malathion",2014,NA,3126.8,"Woodruff County","AR"
5,147,"2,4-D",2014,2873.9,5441.1,"Woodruff County","AR"
5,147,"Chlorpyrifos",2014,NA,0.9,"Woodruff County","AR"
5,147,"Paraquat",2014,2407.9,4491.9,"Woodruff County","AR"
5,147,"Glyphosate",2014,94762.7,96570.6,"Woodruff County","AR"
5,149,"Chlorpyrifos",2014,11.5,97.6,"Yell County","AR"
5,149,"2,4-D",2014,21834.4,22948.2,"Yell County","AR"
5,149,"Paraquat",2014,1406.8,1409,"Yell County","AR"
5,149,"Glyphosate",2014,1920.3,2319.8,"Yell County","AR"
5,15,"Chlorpyrifos",2014,6,6,"Carroll County","AR"
5,15,"2,4-D",2014,1714.7,1717,"Carroll County","AR"
5,15,"Glyphosate",2014,739.5,739.5,"Carroll County","AR"
5,15,"Paraquat",2014,5.5,394.2,"Carroll County","AR"
5,17,"2,4-D",2014,7224.6,8397.5,"Chicot County","AR"
5,17,"Glyphosate",2014,140043.3,142658,"Chicot County","AR"
5,17,"Chlorpyrifos",2014,1.5,1.5,"Chicot County","AR"
5,17,"Malathion",2014,1247.7,6481.6,"Chicot County","AR"
5,17,"Paraquat",2014,17360.3,17622.2,"Chicot County","AR"
5,19,"2,4-D",2014,1317.5,1646.3,"Clark County","AR"
5,19,"Malathion",2014,NA,150.4,"Clark County","AR"
5,19,"Paraquat",2014,5.4,469.4,"Clark County","AR"
5,19,"Glyphosate",2014,6415.4,6562.9,"Clark County","AR"
5,21,"2,4-D",2014,15546.3,15546.3,"Clay County","AR"
5,21,"Malathion",2014,NA,6913,"Clay County","AR"
5,21,"Chlorpyrifos",2014,2.3,108,"Clay County","AR"
5,21,"Glyphosate",2014,103146.7,103213.4,"Clay County","AR"
5,21,"Paraquat",2014,18635.7,18696.6,"Clay County","AR"
5,23,"Glyphosate",2014,947.9,940.8,"Cleburne County","AR"
5,23,"2,4-D",2014,2659.9,2733.4,"Cleburne County","AR"
5,23,"Paraquat",2014,NA,365.8,"Cleburne County","AR"
5,23,"Chlorpyrifos",2014,5.7,5.7,"Cleburne County","AR"
5,25,"Glyphosate",2014,100.4,140.2,"Cleveland County","AR"
5,25,"2,4-D",2014,342.4,346.4,"Cleveland County","AR"
5,25,"Malathion",2014,NA,1.8,"Cleveland County","AR"
5,25,"Paraquat",2014,NA,5.7,"Cleveland County","AR"
5,27,"2,4-D",2014,634.5,634.5,"Columbia County","AR"
5,27,"Glyphosate",2014,32.4,106.2,"Columbia County","AR"
5,29,"Glyphosate",2014,18335.2,18439.6,"Conway County","AR"
5,29,"Chlorpyrifos",2014,7.4,173.7,"Conway County","AR"
5,29,"Paraquat",2014,4930.4,6816.1,"Conway County","AR"
5,29,"2,4-D",2014,11000.5,12011.4,"Conway County","AR"
5,3,"Glyphosate",2014,74586.5,75304.5,"Ashley County","AR"
5,3,"2,4-D",2014,5409,5990.7,"Ashley County","AR"
5,3,"Chlorpyrifos",2014,1.9,1.9,"Ashley County","AR"
5,3,"Malathion",2014,1535.6,3525.6,"Ashley County","AR"
5,3,"Paraquat",2014,6669.6,6991.9,"Ashley County","AR"
5,31,"Glyphosate",2014,128498.6,128548.3,"Craighead County","AR"
5,31,"Malathion",2014,NA,10066.2,"Craighead County","AR"
5,31,"Paraquat",2014,27036.7,27082.8,"Craighead County","AR"
5,31,"Chlorpyrifos",2014,2,118.9,"Craighead County","AR"
5,31,"2,4-D",2014,18204.5,18204.5,"Craighead County","AR"
5,33,"Malathion",2014,0.6,0.6,"Crawford County","AR"
5,33,"Glyphosate",2014,2074.9,2312.5,"Crawford County","AR"
5,33,"2,4-D",2014,16947.3,18667.9,"Crawford County","AR"
5,33,"Chlorpyrifos",2014,4.2,54.8,"Crawford County","AR"
5,33,"Paraquat",2014,1303,1303,"Crawford County","AR"
5,35,"Paraquat",2014,4168.3,5294.3,"Crittenden County","AR"
5,35,"Glyphosate",2014,139327.2,144574.8,"Crittenden County","AR"
5,35,"Malathion",2014,NA,5208.3,"Crittenden County","AR"
5,35,"2,4-D",2014,4858.4,6379.8,"Crittenden County","AR"
5,35,"Chlorpyrifos",2014,NA,1.3,"Crittenden County","AR"
5,37,"Glyphosate",2014,119797.7,121991,"Cross County","AR"
5,37,"Paraquat",2014,3371.3,4642.5,"Cross County","AR"
5,37,"Malathion",2014,NA,4051.9,"Cross County","AR"
5,37,"Chlorpyrifos",2014,NA,0.8,"Cross County","AR"
5,37,"2,4-D",2014,4067.1,6652.4,"Cross County","AR"
5,39,"Glyphosate",2014,NA,28,"Dallas County","AR"
5,39,"2,4-D",2014,240.1,240.1,"Dallas County","AR"
5,41,"Chlorpyrifos",2014,1.1,1.1,"Desha County","AR"
5,41,"Glyphosate",2014,143624.2,144618.4,"Desha County","AR"
5,41,"2,4-D",2014,6306.2,6732.8,"Desha County","AR"
5,41,"Paraquat",2014,19083.9,19262.9,"Desha County","AR"
5,41,"Malathion",2014,853.1,6605.1,"Desha County","AR"
5,43,"2,4-D",2014,2204.5,2909.8,"Drew County","AR"
5,43,"Glyphosate",2014,40350.8,40875.9,"Drew County","AR"
5,43,"Chlorpyrifos",2014,0.5,0.5,"Drew County","AR"
5,43,"Paraquat",2014,4552,4641.5,"Drew County","AR"
5,43,"Malathion",2014,426.6,1791.3,"Drew County","AR"
5,45,"2,4-D",2014,15060.7,15291.8,"Faulkner County","AR"
5,45,"Chlorpyrifos",2014,17.5,46.2,"Faulkner County","AR"
5,45,"Glyphosate",2014,4450.1,4570.5,"Faulkner County","AR"
5,45,"Paraquat",2014,1578,2122.3,"Faulkner County","AR"
5,47,"2,4-D",2014,28661.1,28893.3,"Franklin County","AR"
5,47,"Chlorpyrifos",2014,7.8,17,"Franklin County","AR"
5,47,"Glyphosate",2014,1250.4,1288.2,"Franklin County","AR"
5,47,"Paraquat",2014,468.8,472.4,"Franklin County","AR"
5,49,"2,4-D",2014,4484.8,4497.9,"Fulton County","AR"
5,49,"Glyphosate",2014,235,235,"Fulton County","AR"
5,49,"Paraquat",2014,NA,334.4,"Fulton County","AR"
5,49,"Chlorpyrifos",2014,NA,0,"Fulton County","AR"
5,5,"Chlorpyrifos",2014,NA,0,"Baxter County","AR"
5,5,"Glyphosate",2014,68.8,68.8,"Baxter County","AR"
5,5,"2,4-D",2014,1861.1,1861.3,"Baxter County","AR"
5,5,"Paraquat",2014,NA,138.6,"Baxter County","AR"
5,51,"Glyphosate",2014,37.7,57.6,"Garland County","AR"
5,51,"Paraquat",2014,NA,46.4,"Garland County","AR"
5,51,"Chlorpyrifos",2014,2.8,2.8,"Garland County","AR"
5,51,"2,4-D",2014,3208.1,3213.5,"Garland County","AR"
5,53,"2,4-D",2014,4771.6,4782.3,"Grant County","AR"
5,53,"Glyphosate",2014,212.1,237.1,"Grant County","AR"
5,53,"Chlorpyrifos",2014,9.3,11.3,"Grant County","AR"
5,53,"Paraquat",2014,40.5,129.9,"Grant County","AR"
5,55,"2,4-D",2014,11386.7,11386.7,"Greene County","AR"
5,55,"Malathion",2014,NA,2792.4,"Greene County","AR"
5,55,"Glyphosate",2014,62768.2,62853.3,"Greene County","AR"
5,55,"Chlorpyrifos",2014,9.2,83.9,"Greene County","AR"
5,55,"Paraquat",2014,8524.6,8592.5,"Greene County","AR"
5,57,"Paraquat",2014,2.6,403.1,"Hempstead County","AR"
5,57,"2,4-D",2014,16097,16122,"Hempstead County","AR"
5,57,"Chlorpyrifos",2014,9.5,9.5,"Hempstead County","AR"
5,57,"Glyphosate",2014,827.2,883.8,"Hempstead County","AR"
5,57,"Malathion",2014,1,1,"Hempstead County","AR"
5,59,"Glyphosate",2014,194.3,233.7,"Hot Spring County","AR"
5,59,"Paraquat",2014,130.5,212.9,"Hot Spring County","AR"
5,59,"2,4-D",2014,5631.3,5640.6,"Hot Spring County","AR"
5,59,"Chlorpyrifos",2014,NA,0.1,"Hot Spring County","AR"
5,61,"Malathion",2014,0.1,0.1,"Howard County","AR"
5,61,"Paraquat",2014,1.8,188.4,"Howard County","AR"
5,61,"Glyphosate",2014,437.7,429.7,"Howard County","AR"
5,61,"2,4-D",2014,11158.2,11158.2,"Howard County","AR"
5,61,"Chlorpyrifos",2014,8.9,8.9,"Howard County","AR"
5,63,"2,4-D",2014,28641.5,28641.5,"Independence County","AR"
5,63,"Glyphosate",2014,16626.6,17067.1,"Independence County","AR"
5,63,"Paraquat",2014,2344.4,2391.2,"Independence County","AR"
5,63,"Malathion",2014,NA,664.7,"Independence County","AR"
5,63,"Chlorpyrifos",2014,2.5,32.6,"Independence County","AR"
5,65,"Chlorpyrifos",2014,NA,0,"Izard County","AR"
5,65,"Paraquat",2014,NA,248.3,"Izard County","AR"
5,65,"Glyphosate",2014,242.2,242.2,"Izard County","AR"
5,65,"2,4-D",2014,3268.8,3279.9,"Izard County","AR"
5,67,"Glyphosate",2014,74129.3,74202.3,"Jackson County","AR"
5,67,"2,4-D",2014,11377.9,11377.9,"Jackson County","AR"
5,67,"Paraquat",2014,8422.8,8547.6,"Jackson County","AR"
5,67,"Chlorpyrifos",2014,0,87.6,"Jackson County","AR"
5,67,"Malathion",2014,NA,2835.6,"Jackson County","AR"
5,69,"Glyphosate",2014,108635.9,110939.5,"Jefferson County","AR"
5,69,"Chlorpyrifos",2014,0.4,0.4,"Jefferson County","AR"
5,69,"Paraquat",2014,13324.6,13385,"Jefferson County","AR"
5,69,"2,4-D",2014,4903.5,5987.5,"Jefferson County","AR"
5,69,"Malathion",2014,287.9,4289.3,"Jefferson County","AR"
5,7,"2,4-D",2014,1836.1,1836.1,"Benton County","AR"
5,7,"Glyphosate",2014,1411.9,1411.9,"Benton County","AR"
5,7,"Chlorpyrifos",2014,58.9,58.9,"Benton County","AR"
5,7,"Paraquat",2014,286.7,684.4,"Benton County","AR"
5,71,"2,4-D",2014,18915.5,19150.7,"Johnson County","AR"
5,71,"Glyphosate",2014,857.3,1199.8,"Johnson County","AR"
5,71,"Chlorpyrifos",2014,0.1,72.1,"Johnson County","AR"
5,71,"Malathion",2014,0,0,"Johnson County","AR"
5,71,"Paraquat",2014,982.9,982.9,"Johnson County","AR"
5,73,"Glyphosate",2014,33392.1,34503.5,"Lafayette County","AR"
5,73,"Chlorpyrifos",2014,11.2,11.2,"Lafayette County","AR"
5,73,"2,4-D",2014,10426.1,14226.2,"Lafayette County","AR"
5,73,"Paraquat",2014,455.8,5139.1,"Lafayette County","AR"
5,75,"Glyphosate",2014,45451,45675.4,"Lawrence County","AR"
5,75,"2,4-D",2014,17110.7,17110.7,"Lawrence County","AR"
5,75,"Chlorpyrifos",2014,3.3,47.4,"Lawrence County","AR"
5,75,"Malathion",2014,NA,1311.8,"Lawrence County","AR"
5,75,"Paraquat",2014,4074.1,4118.6,"Lawrence County","AR"
5,77,"Glyphosate",2014,140409.7,144438.4,"Lee County","AR"
5,77,"Chlorpyrifos",2014,NA,2.7,"Lee County","AR"
5,77,"Malathion",2014,NA,5503.5,"Lee County","AR"
5,77,"2,4-D",2014,3754.8,6500.9,"Lee County","AR"
5,77,"Paraquat",2014,3430.6,6285.6,"Lee County","AR"
5,79,"Glyphosate",2014,80422,81261.6,"Lincoln County","AR"
5,79,"Chlorpyrifos",2014,1,1,"Lincoln County","AR"
5,79,"Malathion",2014,789.1,3618.7,"Lincoln County","AR"
5,79,"2,4-D",2014,4296.5,5211,"Lincoln County","AR"
5,79,"Paraquat",2014,9409.9,9575.5,"Lincoln County","AR"
5,81,"Malathion",2014,0.3,0.3,"Little River County","AR"
5,81,"Glyphosate",2014,19069.2,19929.9,"Little River County","AR"
5,81,"Chlorpyrifos",2014,840.4,840.4,"Little River County","AR"
5,81,"2,4-D",2014,12959.2,14584.2,"Little River County","AR"
5,81,"Paraquat",2014,214.5,3112.1,"Little River County","AR"
5,83,"Chlorpyrifos",2014,7.4,96.1,"Logan County","AR"
5,83,"Malathion",2014,0,0,"Logan County","AR"
5,83,"Glyphosate",2014,1906.1,2321.7,"Logan County","AR"
5,83,"2,4-D",2014,31591.8,32543.2,"Logan County","AR"
5,83,"Paraquat",2014,1575,1575,"Logan County","AR"
5,85,"Chlorpyrifos",2014,NA,0.9,"Lonoke County","AR"
5,85,"Malathion",2014,NA,3100.3,"Lonoke County","AR"
5,85,"Glyphosate",2014,108733.8,110316.6,"Lonoke County","AR"
5,85,"Paraquat",2014,2387.4,6654,"Lonoke County","AR"
5,85,"2,4-D",2014,3294.5,9553.9,"Lonoke County","AR"
5,87,"Chlorpyrifos",2014,17.3,17.3,"Madison County","AR"
5,87,"2,4-D",2014,1509.3,1525,"Madison County","AR"
5,87,"Paraquat",2014,4.2,346.5,"Madison County","AR"
5,87,"Glyphosate",2014,712.9,712.9,"Madison County","AR"
5,89,"Chlorpyrifos",2014,0.8,0.8,"Marion County","AR"
5,89,"Glyphosate",2014,157.1,156.1,"Marion County","AR"
5,89,"Paraquat",2014,NA,224.3,"Marion County","AR"
5,89,"2,4-D",2014,3022,3030.3,"Marion County","AR"
5,9,"Glyphosate",2014,729.7,729.7,"Boone County","AR"
5,9,"Chlorpyrifos",2014,13.8,13.8,"Boone County","AR"
5,9,"2,4-D",2014,1737.1,1740.8,"Boone County","AR"
5,9,"Paraquat",2014,6.6,400.6,"Boone County","AR"
5,91,"Glyphosate",2014,26825.5,29601.8,"Miller County","AR"
5,91,"Chlorpyrifos",2014,20.3,20.3,"Miller County","AR"
5,91,"Paraquat",2014,474.7,7188.3,"Miller County","AR"
5,91,"Malathion",2014,0.3,0.3,"Miller County","AR"
5,91,"2,4-D",2014,12843.7,15815.2,"Miller County","AR"
5,93,"Glyphosate",2014,195239.8,195278.8,"Mississippi County","AR"
5,93,"Chlorpyrifos",2014,0.4,180,"Mississippi County","AR"
5,93,"Malathion",2014,NA,17761.7,"Mississippi County","AR"
5,93,"2,4-D",2014,28681,28681,"Mississippi County","AR"
5,93,"Paraquat",2014,41125.7,41531.5,"Mississippi County","AR"
5,95,"Glyphosate",2014,90893.6,93702.1,"Monroe County","AR"
5,95,"Chlorpyrifos",2014,NA,0.7,"Monroe County","AR"
5,95,"Malathion",2014,NA,2747.2,"Monroe County","AR"
5,95,"Paraquat",2014,2187.2,5144.9,"Monroe County","AR"
5,95,"2,4-D",2014,3210.8,5232.4,"Monroe County","AR"
5,99,"Glyphosate",2014,97.8,237.4,"Nevada County","AR"
5,99,"Paraquat",2014,0.5,0.5,"Nevada County","AR"
5,99,"2,4-D",2014,1206.2,1206.2,"Nevada County","AR"
50,1,"Paraquat",2014,1420.6,1184.2,"Addison County","VT"
50,1,"Glyphosate",2014,8986,9247.7,"Addison County","VT"
50,1,"2,4-D",2014,302.4,301.7,"Addison County","VT"
50,1,"Chlorpyrifos",2014,264.3,1491.5,"Addison County","VT"
50,11,"Paraquat",2014,1281.5,1051.3,"Franklin County","VT"
50,11,"2,4-D",2014,242.8,242.5,"Franklin County","VT"
50,11,"Chlorpyrifos",2014,207.6,1402.6,"Franklin County","VT"
50,11,"Glyphosate",2014,7428.8,7700.9,"Franklin County","VT"
50,13,"Chlorpyrifos",2014,41,180.9,"Grand Isle County","VT"
50,13,"Paraquat",2014,168,141.1,"Grand Isle County","VT"
50,13,"Glyphosate",2014,881.8,902.1,"Grand Isle County","VT"
50,13,"2,4-D",2014,42.9,42.8,"Grand Isle County","VT"
50,15,"Paraquat",2014,67.5,56,"Lamoille County","VT"
50,15,"Glyphosate",2014,425.5,483.4,"Lamoille County","VT"
50,15,"2,4-D",2014,46.9,46.9,"Lamoille County","VT"
50,15,"Chlorpyrifos",2014,11.4,71.4,"Lamoille County","VT"
50,17,"Glyphosate",2014,1431.6,1598.2,"Orange County","VT"
50,17,"Paraquat",2014,286.1,240.7,"Orange County","VT"
50,17,"2,4-D",2014,159.7,159.7,"Orange County","VT"
50,17,"Chlorpyrifos",2014,59.4,295.1,"Orange County","VT"
50,19,"2,4-D",2014,163.5,163.3,"Orleans County","VT"
50,19,"Paraquat",2014,437.8,359.7,"Orleans County","VT"
50,19,"Chlorpyrifos",2014,74.8,480.8,"Orleans County","VT"
50,19,"Glyphosate",2014,2510.5,2701.9,"Orleans County","VT"
50,21,"Paraquat",2014,221.8,184.5,"Rutland County","VT"
50,21,"Glyphosate",2014,1244.3,1455.6,"Rutland County","VT"
50,21,"Chlorpyrifos",2014,49.4,243.8,"Rutland County","VT"
50,21,"2,4-D",2014,183.1,183.1,"Rutland County","VT"
50,23,"Paraquat",2014,153.5,127.4,"Washington County","VT"
50,23,"Chlorpyrifos",2014,30.4,166.1,"Washington County","VT"
50,23,"2,4-D",2014,83,83,"Washington County","VT"
50,23,"Glyphosate",2014,838.2,932.7,"Washington County","VT"
50,25,"Chlorpyrifos",2014,76.3,168.3,"Windham County","VT"
50,25,"Glyphosate",2014,611.1,675.5,"Windham County","VT"
50,25,"Paraquat",2014,165.9,148.3,"Windham County","VT"
50,25,"2,4-D",2014,134,133.9,"Windham County","VT"
50,27,"Chlorpyrifos",2014,43.2,138.5,"Windsor County","VT"
50,27,"Glyphosate",2014,610.3,755.1,"Windsor County","VT"
50,27,"Paraquat",2014,128.6,110.3,"Windsor County","VT"
50,27,"2,4-D",2014,146.7,146.7,"Windsor County","VT"
50,3,"Paraquat",2014,141.3,127.1,"Bennington County","VT"
50,3,"Glyphosate",2014,488.2,537.2,"Bennington County","VT"
50,3,"2,4-D",2014,122.5,122.1,"Bennington County","VT"
50,3,"Chlorpyrifos",2014,70.3,144,"Bennington County","VT"
50,5,"Paraquat",2014,186.9,156.1,"Caledonia County","VT"
50,5,"Chlorpyrifos",2014,41.4,201.8,"Caledonia County","VT"
50,5,"2,4-D",2014,115.6,115.5,"Caledonia County","VT"
50,5,"Glyphosate",2014,1068.8,1191.8,"Caledonia County","VT"
50,7,"Paraquat",2014,202.8,169.5,"Chittenden County","VT"
50,7,"Glyphosate",2014,1218,1299.4,"Chittenden County","VT"
50,7,"2,4-D",2014,69,69,"Chittenden County","VT"
50,7,"Chlorpyrifos",2014,43.2,217.2,"Chittenden County","VT"
50,9,"Paraquat",2014,53.4,43.9,"Essex County","VT"
50,9,"2,4-D",2014,11.9,11.9,"Essex County","VT"
50,9,"Glyphosate",2014,288.4,299.9,"Essex County","VT"
50,9,"Chlorpyrifos",2014,9.7,59.1,"Essex County","VT"
51,1,"Glyphosate",2014,59807.4,59838,"Accomack County","VA"
51,1,"Chlorpyrifos",2014,40.3,2451.1,"Accomack County","VA"
51,1,"Paraquat",2014,6329,6332.6,"Accomack County","VA"
51,1,"2,4-D",2014,10907.6,10991.9,"Accomack County","VA"
51,101,"Glyphosate",2014,32691.2,32712.1,"King William County","VA"
51,101,"2,4-D",2014,6451.6,6638.5,"King William County","VA"
51,101,"Paraquat",2014,3303.1,3291.5,"King William County","VA"
51,101,"Chlorpyrifos",2014,13.6,1241.9,"King William County","VA"
51,103,"Paraquat",2014,700.1,700.1,"Lancaster County","VA"
51,103,"Glyphosate",2014,6651.7,6657.7,"Lancaster County","VA"
51,103,"2,4-D",2014,1417.8,1449.8,"Lancaster County","VA"
51,103,"Chlorpyrifos",2014,NA,263.5,"Lancaster County","VA"
51,105,"Glyphosate",2014,1165.4,1324.4,"Lee County","VA"
51,105,"Chlorpyrifos",2014,366.4,381.7,"Lee County","VA"
51,105,"2,4-D",2014,1232,1279.4,"Lee County","VA"
51,105,"Paraquat",2014,2,255,"Lee County","VA"
51,107,"Glyphosate",2014,8805.3,9290.6,"Loudoun County","VA"
51,107,"Paraquat",2014,288.2,888.9,"Loudoun County","VA"
51,107,"2,4-D",2014,7205.4,7396.8,"Loudoun County","VA"
51,107,"Chlorpyrifos",2014,92.3,659.3,"Loudoun County","VA"
51,109,"Glyphosate",2014,2128.5,2144.3,"Louisa County","VA"
51,109,"2,4-D",2014,555.2,668.5,"Louisa County","VA"
51,109,"Paraquat",2014,47.2,680.3,"Louisa County","VA"
51,109,"Malathion",2014,NA,2.4,"Louisa County","VA"
51,109,"Chlorpyrifos",2014,21,356.2,"Louisa County","VA"
51,11,"Glyphosate",2014,1178.7,1197.8,"Appomattox County","VA"
51,11,"2,4-D",2014,862.1,940.9,"Appomattox County","VA"
51,11,"Chlorpyrifos",2014,17.8,146.6,"Appomattox County","VA"
51,11,"Malathion",2014,NA,3.2,"Appomattox County","VA"
51,11,"Paraquat",2014,21.5,345.7,"Appomattox County","VA"
51,111,"Paraquat",2014,69.3,485.2,"Lunenburg County","VA"
51,111,"Glyphosate",2014,4018.1,4018.9,"Lunenburg County","VA"
51,111,"Chlorpyrifos",2014,53.4,356,"Lunenburg County","VA"
51,111,"2,4-D",2014,1206.6,1669,"Lunenburg County","VA"
51,113,"Chlorpyrifos",2014,80.8,664.2,"Madison County","VA"
51,113,"Paraquat",2014,199.3,886.9,"Madison County","VA"
51,113,"Glyphosate",2014,10037.3,10299.8,"Madison County","VA"
51,113,"2,4-D",2014,5826.3,5946,"Madison County","VA"
51,115,"Chlorpyrifos",2014,32.5,140.7,"Mathews County","VA"
51,115,"2,4-D",2014,580.2,604.3,"Mathews County","VA"
51,115,"Glyphosate",2014,2966.6,2971.6,"Mathews County","VA"
51,115,"Paraquat",2014,323,323,"Mathews County","VA"
51,117,"Paraquat",2014,14.9,969.2,"Mecklenburg County","VA"
51,117,"Chlorpyrifos",2014,11,837.8,"Mecklenburg County","VA"
51,117,"Glyphosate",2014,14067.1,14781.9,"Mecklenburg County","VA"
51,117,"2,4-D",2014,2516.6,3821.8,"Mecklenburg County","VA"
51,119,"Chlorpyrifos",2014,89.1,677.2,"Middlesex County","VA"
51,119,"Paraquat",2014,1432.3,1432.3,"Middlesex County","VA"
51,119,"Glyphosate",2014,14648.2,14657.5,"Middlesex County","VA"
51,119,"2,4-D",2014,2992.1,3041.8,"Middlesex County","VA"
51,121,"Paraquat",2014,87.1,400.8,"Montgomery County","VA"
51,121,"2,4-D",2014,1100.5,1207.4,"Montgomery County","VA"
51,121,"Chlorpyrifos",2014,665.1,665.9,"Montgomery County","VA"
51,121,"Glyphosate",2014,2531.9,2677.4,"Montgomery County","VA"
51,125,"Chlorpyrifos",2014,712.8,730.1,"Nelson County","VA"
51,125,"Malathion",2014,NA,143,"Nelson County","VA"
51,125,"Paraquat",2014,365.7,518.7,"Nelson County","VA"
51,125,"2,4-D",2014,918.3,918.3,"Nelson County","VA"
51,125,"Glyphosate",2014,391.3,473.5,"Nelson County","VA"
51,127,"Chlorpyrifos",2014,69,453.6,"New Kent County","VA"
51,127,"Paraquat",2014,908.2,908.2,"New Kent County","VA"
51,127,"Glyphosate",2014,9397.1,9430.4,"New Kent County","VA"
51,127,"2,4-D",2014,1943.9,2113.2,"New Kent County","VA"
51,131,"Paraquat",2014,4153.4,4138.5,"Northampton County","VA"
51,131,"Chlorpyrifos",2014,23.4,1205.5,"Northampton County","VA"
51,131,"2,4-D",2014,5806.9,5817.1,"Northampton County","VA"
51,131,"Glyphosate",2014,33468.3,33461.4,"Northampton County","VA"
51,133,"Chlorpyrifos",2014,122.3,1423.4,"Northumberland County","VA"
51,133,"Paraquat",2014,3337.1,3328.3,"Northumberland County","VA"
51,133,"2,4-D",2014,7216.8,7284.2,"Northumberland County","VA"
51,133,"Glyphosate",2014,34152,34149,"Northumberland County","VA"
51,135,"Malathion",2014,1,1,"Nottoway County","VA"
51,135,"Paraquat",2014,390.7,660.6,"Nottoway County","VA"
51,135,"Chlorpyrifos",2014,9.6,589.3,"Nottoway County","VA"
51,135,"Glyphosate",2014,5723.6,5724.6,"Nottoway County","VA"
51,135,"2,4-D",2014,983.6,1284.6,"Nottoway County","VA"
51,137,"Malathion",2014,NA,9.5,"Orange County","VA"
51,137,"Paraquat",2014,94,1026,"Orange County","VA"
51,137,"Glyphosate",2014,3379.8,3396,"Orange County","VA"
51,137,"Chlorpyrifos",2014,12.3,637.1,"Orange County","VA"
51,137,"2,4-D",2014,1013.7,1192,"Orange County","VA"
51,139,"2,4-D",2014,4119.2,4215.8,"Page County","VA"
51,139,"Chlorpyrifos",2014,22.3,339.2,"Page County","VA"
51,139,"Glyphosate",2014,3207.6,3412.3,"Page County","VA"
51,139,"Paraquat",2014,156.3,324.5,"Page County","VA"
51,141,"Malathion",2014,0.3,0.3,"Patrick County","VA"
51,141,"2,4-D",2014,1302.3,1328.5,"Patrick County","VA"
51,141,"Chlorpyrifos",2014,243.5,628.7,"Patrick County","VA"
51,141,"Glyphosate",2014,3579.5,3600.6,"Patrick County","VA"
51,141,"Paraquat",2014,427.5,454.7,"Patrick County","VA"
51,143,"2,4-D",2014,5027,5381.5,"Pittsylvania County","VA"
51,143,"Chlorpyrifos",2014,257.6,2552.8,"Pittsylvania County","VA"
51,143,"Malathion",2014,9.5,9.5,"Pittsylvania County","VA"
51,143,"Paraquat",2014,1778,2235.7,"Pittsylvania County","VA"
51,143,"Glyphosate",2014,22031.5,22035.1,"Pittsylvania County","VA"
51,145,"2,4-D",2014,250,288.7,"Powhatan County","VA"
51,145,"Paraquat",2014,9.8,309.3,"Powhatan County","VA"
51,145,"Chlorpyrifos",2014,17.5,174,"Powhatan County","VA"
51,145,"Glyphosate",2014,983.6,987.3,"Powhatan County","VA"
51,147,"2,4-D",2014,620.3,638.8,"Prince Edward County","VA"
51,147,"Paraquat",2014,7.8,173.5,"Prince Edward County","VA"
51,147,"Glyphosate",2014,697,716.7,"Prince Edward County","VA"
51,147,"Chlorpyrifos",2014,12.2,138.4,"Prince Edward County","VA"
51,149,"2,4-D",2014,1734.9,2012.3,"Prince George County","VA"
51,149,"Chlorpyrifos",2014,199.6,866,"Prince George County","VA"
51,149,"Glyphosate",2014,9630.3,9857.4,"Prince George County","VA"
51,149,"Paraquat",2014,76.3,1026.7,"Prince George County","VA"
51,15,"Chlorpyrifos",2014,10.9,3735.8,"Augusta County","VA"
51,15,"Glyphosate",2014,36311.7,37419.7,"Augusta County","VA"
51,15,"2,4-D",2014,3443.4,3724.5,"Augusta County","VA"
51,15,"Paraquat",2014,5.4,2083.7,"Augusta County","VA"
51,153,"2,4-D",2014,1467.4,1518.8,"Prince William County","VA"
51,153,"Chlorpyrifos",2014,10.1,177.1,"Prince William County","VA"
51,153,"Glyphosate",2014,2545.7,2650.1,"Prince William County","VA"
51,153,"Paraquat",2014,86.1,262.2,"Prince William County","VA"
51,155,"2,4-D",2014,1184.1,1230.6,"Pulaski County","VA"
51,155,"Glyphosate",2014,1091.9,1243.8,"Pulaski County","VA"
51,155,"Paraquat",2014,42.5,285.4,"Pulaski County","VA"
51,155,"Chlorpyrifos",2014,287.4,287.4,"Pulaski County","VA"
51,157,"2,4-D",2014,3137.8,3145.5,"Rappahannock County","VA"
51,157,"Chlorpyrifos",2014,219.8,241.2,"Rappahannock County","VA"
51,157,"Glyphosate",2014,649.2,672.5,"Rappahannock County","VA"
51,157,"Paraquat",2014,19.5,31.4,"Rappahannock County","VA"
51,159,"2,4-D",2014,5802.2,5848,"Richmond County","VA"
51,159,"Paraquat",2014,2908.1,2900.2,"Richmond County","VA"
51,159,"Glyphosate",2014,28341,28340.5,"Richmond County","VA"
51,159,"Chlorpyrifos",2014,119.8,1214.3,"Richmond County","VA"
51,161,"2,4-D",2014,244.2,244.2,"Roanoke County","VA"
51,161,"Chlorpyrifos",2014,37.2,43.1,"Roanoke County","VA"
51,161,"Glyphosate",2014,45.9,123.5,"Roanoke County","VA"
51,161,"Paraquat",2014,20,56.7,"Roanoke County","VA"
51,163,"Paraquat",2014,7.9,550.6,"Rockbridge County","VA"
51,163,"Glyphosate",2014,5454.9,6124,"Rockbridge County","VA"
51,163,"2,4-D",2014,1968.1,2010.8,"Rockbridge County","VA"
51,163,"Chlorpyrifos",2014,17.4,659.5,"Rockbridge County","VA"
51,165,"Paraquat",2014,946,1881.8,"Rockingham County","VA"
51,165,"2,4-D",2014,12045,12345.2,"Rockingham County","VA"
51,165,"Chlorpyrifos",2014,458.9,2279.4,"Rockingham County","VA"
51,165,"Glyphosate",2014,18992.9,19497.1,"Rockingham County","VA"
51,167,"Glyphosate",2014,740.3,1070.5,"Russell County","VA"
51,167,"Chlorpyrifos",2014,185.9,191.8,"Russell County","VA"
51,167,"2,4-D",2014,2638.7,2666.5,"Russell County","VA"
51,167,"Paraquat",2014,NA,440.8,"Russell County","VA"
51,169,"2,4-D",2014,1547,1562.7,"Scott County","VA"
51,169,"Glyphosate",2014,511.2,706.1,"Scott County","VA"
51,169,"Paraquat",2014,0.2,257.8,"Scott County","VA"
51,169,"Chlorpyrifos",2014,124.1,136.7,"Scott County","VA"
51,17,"Chlorpyrifos",2014,4.4,185.9,"Bath County","VA"
51,17,"2,4-D",2014,363.9,367.7,"Bath County","VA"
51,17,"Glyphosate",2014,1299.9,1410.2,"Bath County","VA"
51,17,"Paraquat",2014,2,101.2,"Bath County","VA"
51,171,"Glyphosate",2014,10608.4,10874.7,"Shenandoah County","VA"
51,171,"Paraquat",2014,361.9,950.7,"Shenandoah County","VA"
51,171,"2,4-D",2014,7372.8,7494.3,"Shenandoah County","VA"
51,171,"Chlorpyrifos",2014,53.5,900.4,"Shenandoah County","VA"
51,173,"Glyphosate",2014,1613.5,1886.2,"Smyth County","VA"
51,173,"Paraquat",2014,0.5,414.8,"Smyth County","VA"
51,173,"2,4-D",2014,2154.8,2217,"Smyth County","VA"
51,173,"Chlorpyrifos",2014,438.8,440.6,"Smyth County","VA"
51,175,"Glyphosate",2014,58777.2,59287,"Southampton County","VA"
51,175,"Paraquat",2014,4152.2,7059.6,"Southampton County","VA"
51,175,"2,4-D",2014,11282.2,11865.4,"Southampton County","VA"
51,175,"Chlorpyrifos",2014,1118,2998.4,"Southampton County","VA"
51,177,"Malathion",2014,NA,10,"Spotsylvania County","VA"
51,177,"Glyphosate",2014,2035.7,2044.4,"Spotsylvania County","VA"
51,177,"Paraquat",2014,25.7,662.4,"Spotsylvania County","VA"
51,177,"2,4-D",2014,371.7,482.5,"Spotsylvania County","VA"
51,177,"Chlorpyrifos",2014,0.7,324.8,"Spotsylvania County","VA"
51,179,"Paraquat",2014,38,212.9,"Stafford County","VA"
51,179,"Glyphosate",2014,2416.7,2459.2,"Stafford County","VA"
51,179,"2,4-D",2014,689.1,709.1,"Stafford County","VA"
51,179,"Chlorpyrifos",2014,81.4,205,"Stafford County","VA"
51,181,"Malathion",2014,25.3,25.3,"Surry County","VA"
51,181,"Paraquat",2014,310.4,1832.8,"Surry County","VA"
51,181,"Glyphosate",2014,15113.3,15578.8,"Surry County","VA"
51,181,"2,4-D",2014,2779.7,3209.1,"Surry County","VA"
51,181,"Chlorpyrifos",2014,382,1374.6,"Surry County","VA"
51,183,"2,4-D",2014,4776.1,5054.2,"Sussex County","VA"
51,183,"Glyphosate",2014,25751.8,26105.1,"Sussex County","VA"
51,183,"Paraquat",2014,832.7,2533.5,"Sussex County","VA"
51,183,"Chlorpyrifos",2014,485.3,1691.8,"Sussex County","VA"
51,185,"Glyphosate",2014,960.6,1192.6,"Tazewell County","VA"
51,185,"Paraquat",2014,0.2,318.7,"Tazewell County","VA"
51,185,"Chlorpyrifos",2014,215.5,215.5,"Tazewell County","VA"
51,185,"2,4-D",2014,1849.7,1877,"Tazewell County","VA"
51,187,"Chlorpyrifos",2014,44.5,70,"Warren County","VA"
51,187,"Paraquat",2014,14.2,27,"Warren County","VA"
51,187,"Glyphosate",2014,509.2,537.6,"Warren County","VA"
51,187,"2,4-D",2014,2233,2241.9,"Warren County","VA"
51,19,"Glyphosate",2014,1416.3,1456.9,"Bedford County","VA"
51,19,"Malathion",2014,NA,2,"Bedford County","VA"
51,19,"Chlorpyrifos",2014,159.6,341.8,"Bedford County","VA"
51,19,"2,4-D",2014,2261.6,2342.5,"Bedford County","VA"
51,19,"Paraquat",2014,136.1,370.5,"Bedford County","VA"
51,191,"2,4-D",2014,2160.2,2262.3,"Washington County","VA"
51,191,"Chlorpyrifos",2014,689.9,703.6,"Washington County","VA"
51,191,"Paraquat",2014,23,495.1,"Washington County","VA"
51,191,"Glyphosate",2014,2542,2819.1,"Washington County","VA"
51,193,"Chlorpyrifos",2014,198.6,1531.7,"Westmoreland County","VA"
51,193,"2,4-D",2014,6543.9,6708,"Westmoreland County","VA"
51,193,"Paraquat",2014,3702.5,3707.4,"Westmoreland County","VA"
51,193,"Glyphosate",2014,33442,33480.3,"Westmoreland County","VA"
51,195,"2,4-D",2014,337.6,341.5,"Wise County","VA"
51,195,"Chlorpyrifos",2014,31.4,31.4,"Wise County","VA"
51,195,"Paraquat",2014,NA,56.6,"Wise County","VA"
51,195,"Glyphosate",2014,99.4,141.7,"Wise County","VA"
51,197,"Paraquat",2014,264.8,809.4,"Wythe County","VA"
51,197,"Glyphosate",2014,5056.4,5327.9,"Wythe County","VA"
51,197,"2,4-D",2014,2233.3,2393,"Wythe County","VA"
51,197,"Chlorpyrifos",2014,1209.3,1209.9,"Wythe County","VA"
51,199,"Glyphosate",2014,7.4,11.8,"York County","VA"
51,199,"Chlorpyrifos",2014,13.3,13.3,"York County","VA"
51,199,"Paraquat",2014,5.3,5.3,"York County","VA"
51,199,"2,4-D",2014,5.5,28.6,"York County","VA"
51,21,"Glyphosate",2014,877.7,971.3,"Bland County","VA"
51,21,"Paraquat",2014,NA,154.1,"Bland County","VA"
51,21,"Chlorpyrifos",2014,241.6,241.6,"Bland County","VA"
51,21,"2,4-D",2014,745.8,775.5,"Bland County","VA"
51,23,"Glyphosate",2014,3299.6,3570.9,"Botetourt County","VA"
51,23,"2,4-D",2014,959.2,969.9,"Botetourt County","VA"
51,23,"Paraquat",2014,82.1,358.8,"Botetourt County","VA"
51,23,"Chlorpyrifos",2014,191.2,637.9,"Botetourt County","VA"
51,25,"Glyphosate",2014,8175.7,8534.1,"Brunswick County","VA"
51,25,"2,4-D",2014,1469.3,1949,"Brunswick County","VA"
51,25,"Paraquat",2014,80.1,626,"Brunswick County","VA"
51,25,"Chlorpyrifos",2014,48.5,518.2,"Brunswick County","VA"
51,25,"Malathion",2014,0.3,0.3,"Brunswick County","VA"
51,27,"2,4-D",2014,82.9,83.2,"Buchanan County","VA"
51,27,"Glyphosate",2014,10.4,20.9,"Buchanan County","VA"
51,27,"Chlorpyrifos",2014,2.1,2.1,"Buchanan County","VA"
51,27,"Paraquat",2014,NA,13,"Buchanan County","VA"
51,29,"Glyphosate",2014,686.9,697.5,"Buckingham County","VA"
51,29,"Chlorpyrifos",2014,12.5,95.5,"Buckingham County","VA"
51,29,"Paraquat",2014,7.7,154.2,"Buckingham County","VA"
51,29,"2,4-D",2014,748.5,764.6,"Buckingham County","VA"
51,3,"Malathion",2014,NA,1.4,"Albemarle County","VA"
51,3,"Glyphosate",2014,1606.7,1619.8,"Albemarle County","VA"
51,3,"Chlorpyrifos",2014,21.8,261.4,"Albemarle County","VA"
51,3,"2,4-D",2014,1494.3,1521.2,"Albemarle County","VA"
51,3,"Paraquat",2014,26,377.3,"Albemarle County","VA"
51,31,"Glyphosate",2014,2926.1,2945.5,"Campbell County","VA"
51,31,"Chlorpyrifos",2014,21.6,401.5,"Campbell County","VA"
51,31,"Malathion",2014,NA,1.5,"Campbell County","VA"
51,31,"Paraquat",2014,22.6,860.9,"Campbell County","VA"
51,31,"2,4-D",2014,1427.9,1567.2,"Campbell County","VA"
51,33,"Chlorpyrifos",2014,325.6,1822.5,"Caroline County","VA"
51,33,"Glyphosate",2014,8594,8610.4,"Caroline County","VA"
51,33,"Malathion",2014,NA,11.5,"Caroline County","VA"
51,33,"2,4-D",2014,719.4,1285.3,"Caroline County","VA"
51,33,"Paraquat",2014,294,3071,"Caroline County","VA"
51,35,"Glyphosate",2014,1126.8,1407.6,"Carroll County","VA"
51,35,"Paraquat",2014,25.6,395.7,"Carroll County","VA"
51,35,"Chlorpyrifos",2014,736.3,735.7,"Carroll County","VA"
51,35,"2,4-D",2014,1546.1,1661.3,"Carroll County","VA"
51,36,"Glyphosate",2014,18632.5,18623.8,"Charles City County","VA"
51,36,"Chlorpyrifos",2014,73.6,747.4,"Charles City County","VA"
51,36,"Paraquat",2014,1833.4,1817.6,"Charles City County","VA"
51,36,"2,4-D",2014,3771.8,3851.6,"Charles City County","VA"
51,37,"Malathion",2014,4.8,4.8,"Charlotte County","VA"
51,37,"Glyphosate",2014,7926.3,7929.6,"Charlotte County","VA"
51,37,"Chlorpyrifos",2014,35.8,737.5,"Charlotte County","VA"
51,37,"2,4-D",2014,2003.1,2600,"Charlotte County","VA"
51,37,"Paraquat",2014,340.8,892.5,"Charlotte County","VA"
51,41,"Malathion",2014,NA,3.6,"Chesterfield County","VA"
51,41,"Chlorpyrifos",2014,53.5,141.1,"Chesterfield County","VA"
51,41,"Glyphosate",2014,639.6,642.9,"Chesterfield County","VA"
51,41,"2,4-D",2014,107.9,138.8,"Chesterfield County","VA"
51,41,"Paraquat",2014,32.3,232.5,"Chesterfield County","VA"
51,43,"Chlorpyrifos",2014,23.3,307.7,"Clarke County","VA"
51,43,"Glyphosate",2014,4586.3,4736.1,"Clarke County","VA"
51,43,"2,4-D",2014,4130.6,4196,"Clarke County","VA"
51,43,"Paraquat",2014,104.4,399,"Clarke County","VA"
51,45,"Chlorpyrifos",2014,14,98.7,"Craig County","VA"
51,45,"Glyphosate",2014,511.8,646.2,"Craig County","VA"
51,45,"2,4-D",2014,433.5,433.5,"Craig County","VA"
51,45,"Paraquat",2014,6.5,127,"Craig County","VA"
51,47,"Chlorpyrifos",2014,9,865,"Culpeper County","VA"
51,47,"2,4-D",2014,6736.8,6888.8,"Culpeper County","VA"
51,47,"Glyphosate",2014,18342.8,18591.9,"Culpeper County","VA"
51,47,"Paraquat",2014,231.8,1594.6,"Culpeper County","VA"
51,49,"Chlorpyrifos",2014,15.2,165.7,"Cumberland County","VA"
51,49,"2,4-D",2014,405.4,468.5,"Cumberland County","VA"
51,49,"Paraquat",2014,16.5,322.3,"Cumberland County","VA"
51,49,"Glyphosate",2014,1017.6,1031.4,"Cumberland County","VA"
51,5,"Chlorpyrifos",2014,4.7,5.8,"Alleghany County","VA"
51,5,"Glyphosate",2014,17.3,83.4,"Alleghany County","VA"
51,5,"2,4-D",2014,204.1,204.1,"Alleghany County","VA"
51,5,"Paraquat",2014,2.2,46.3,"Alleghany County","VA"
51,51,"Chlorpyrifos",2014,13.1,13.1,"Dickenson County","VA"
51,51,"2,4-D",2014,149.3,151.4,"Dickenson County","VA"
51,51,"Glyphosate",2014,18.2,38.8,"Dickenson County","VA"
51,51,"Paraquat",2014,0,25,"Dickenson County","VA"
51,53,"Glyphosate",2014,12478.9,12964.1,"Dinwiddie County","VA"
51,53,"Chlorpyrifos",2014,259.1,1012.1,"Dinwiddie County","VA"
51,53,"Paraquat",2014,242.9,1305.2,"Dinwiddie County","VA"
51,53,"2,4-D",2014,2273.7,2938.9,"Dinwiddie County","VA"
51,550,"Glyphosate",2014,19667.3,20034.7,"Chesapeake city","VA"
51,550,"Chlorpyrifos",2014,34,1360.6,"Chesapeake city","VA"
51,550,"2,4-D",2014,3504.4,3854.6,"Chesapeake city","VA"
51,550,"Malathion",2014,5.4,5.4,"Chesapeake city","VA"
51,550,"Paraquat",2014,20,1875,"Chesapeake city","VA"
51,57,"Glyphosate",2014,39564,39583.8,"Essex County","VA"
51,57,"Paraquat",2014,3848.7,3848.7,"Essex County","VA"
51,57,"Chlorpyrifos",2014,NA,1565.3,"Essex County","VA"
51,57,"2,4-D",2014,8476.8,8583.3,"Essex County","VA"
51,59,"Paraquat",2014,1.7,38.1,"Fairfax County","VA"
51,59,"2,4-D",2014,241.4,241.9,"Fairfax County","VA"
51,59,"Chlorpyrifos",2014,20.5,36.6,"Fairfax County","VA"
51,59,"Glyphosate",2014,498.7,500.2,"Fairfax County","VA"
51,61,"Paraquat",2014,377.4,1603.4,"Fauquier County","VA"
51,61,"2,4-D",2014,13400,13615.8,"Fauquier County","VA"
51,61,"Glyphosate",2014,18124.3,18581.1,"Fauquier County","VA"
51,61,"Chlorpyrifos",2014,122.9,1105.8,"Fauquier County","VA"
51,63,"2,4-D",2014,1427.5,1486.8,"Floyd County","VA"
51,63,"Chlorpyrifos",2014,413.8,413.7,"Floyd County","VA"
51,63,"Paraquat",2014,14.5,306.4,"Floyd County","VA"
51,63,"Glyphosate",2014,1369.2,1571.2,"Floyd County","VA"
51,65,"Chlorpyrifos",2014,23.5,166.2,"Fluvanna County","VA"
51,65,"Paraquat",2014,12.5,260.2,"Fluvanna County","VA"
51,65,"2,4-D",2014,384.4,428.6,"Fluvanna County","VA"
51,65,"Glyphosate",2014,828.5,831.4,"Fluvanna County","VA"
51,67,"2,4-D",2014,3068.6,3395.6,"Franklin County","VA"
51,67,"Chlorpyrifos",2014,106.8,2644.3,"Franklin County","VA"
51,67,"Malathion",2014,1,1,"Franklin County","VA"
51,67,"Paraquat",2014,2061.5,2357.5,"Franklin County","VA"
51,67,"Glyphosate",2014,22368.9,22376.4,"Franklin County","VA"
51,69,"2,4-D",2014,6050.5,6104.3,"Frederick County","VA"
51,69,"Paraquat",2014,242.8,466.3,"Frederick County","VA"
51,69,"Chlorpyrifos",2014,3652.8,3861.6,"Frederick County","VA"
51,69,"Glyphosate",2014,4655.7,4803.8,"Frederick County","VA"
51,7,"Chlorpyrifos",2014,2.3,629.9,"Amelia County","VA"
51,7,"Glyphosate",2014,3893.5,3924.3,"Amelia County","VA"
51,7,"2,4-D",2014,562,782.7,"Amelia County","VA"
51,7,"Paraquat",2014,48.4,1268.2,"Amelia County","VA"
51,71,"2,4-D",2014,711,722.9,"Giles County","VA"
51,71,"Paraquat",2014,0.2,123.9,"Giles County","VA"
51,71,"Glyphosate",2014,290.7,381.9,"Giles County","VA"
51,71,"Chlorpyrifos",2014,92.1,92.1,"Giles County","VA"
51,73,"Glyphosate",2014,11806.7,11827.7,"Gloucester County","VA"
51,73,"Paraquat",2014,1079,1079,"Gloucester County","VA"
51,73,"Chlorpyrifos",2014,92.5,624.8,"Gloucester County","VA"
51,73,"2,4-D",2014,2415.7,2507.4,"Gloucester County","VA"
51,75,"Paraquat",2014,15.6,625.1,"Goochland County","VA"
51,75,"Chlorpyrifos",2014,23.7,373.6,"Goochland County","VA"
51,75,"2,4-D",2014,518.7,645.5,"Goochland County","VA"
51,75,"Glyphosate",2014,1858.3,1862.8,"Goochland County","VA"
51,77,"Paraquat",2014,0.2,277.3,"Grayson County","VA"
51,77,"2,4-D",2014,1562,1591.5,"Grayson County","VA"
51,77,"Chlorpyrifos",2014,233.6,235.9,"Grayson County","VA"
51,77,"Glyphosate",2014,777.4,975.6,"Grayson County","VA"
51,79,"Paraquat",2014,6.7,24.9,"Greene County","VA"
51,79,"Chlorpyrifos",2014,12,26.8,"Greene County","VA"
51,79,"Glyphosate",2014,156.3,159.6,"Greene County","VA"
51,79,"2,4-D",2014,294.6,295.4,"Greene County","VA"
51,800,"Glyphosate",2014,26673.5,27176,"Suffolk city","VA"
51,800,"2,4-D",2014,5075.6,5554.9,"Suffolk city","VA"
51,800,"Paraquat",2014,1662.7,3369.7,"Suffolk city","VA"
51,800,"Malathion",2014,3.2,3.2,"Suffolk city","VA"
51,800,"Chlorpyrifos",2014,533.7,1625.7,"Suffolk city","VA"
51,81,"2,4-D",2014,3243.4,3388,"Greensville County","VA"
51,81,"Paraquat",2014,1230.7,1870.8,"Greensville County","VA"
51,81,"Chlorpyrifos",2014,343.3,791.2,"Greensville County","VA"
51,81,"Glyphosate",2014,16903.2,17054.2,"Greensville County","VA"
51,81,"Malathion",2014,24.1,24.1,"Greensville County","VA"
51,810,"Glyphosate",2014,9995.8,10263.4,"Virginia Beach city","VA"
51,810,"2,4-D",2014,1774.8,2038.5,"Virginia Beach city","VA"
51,810,"Malathion",2014,14.1,14.1,"Virginia Beach city","VA"
51,810,"Paraquat",2014,117,1185,"Virginia Beach city","VA"
51,810,"Chlorpyrifos",2014,97.5,838.7,"Virginia Beach city","VA"
51,83,"2,4-D",2014,2938,3594.7,"Halifax County","VA"
51,83,"Paraquat",2014,300.4,914.7,"Halifax County","VA"
51,83,"Glyphosate",2014,8207.1,8209.6,"Halifax County","VA"
51,83,"Malathion",2014,15.9,15.9,"Halifax County","VA"
51,83,"Chlorpyrifos",2014,121.7,798.4,"Halifax County","VA"
51,85,"2,4-D",2014,776.2,1226.5,"Hanover County","VA"
51,85,"Paraquat",2014,81.5,2597.2,"Hanover County","VA"
51,85,"Chlorpyrifos",2014,7,1335.2,"Hanover County","VA"
51,85,"Glyphosate",2014,7757.1,7782.6,"Hanover County","VA"
51,85,"Malathion",2014,NA,23,"Hanover County","VA"
51,87,"Malathion",2014,NA,19.1,"Henrico County","VA"
51,87,"2,4-D",2014,154.8,218.9,"Henrico County","VA"
51,87,"Paraquat",2014,19.5,527.1,"Henrico County","VA"
51,87,"Glyphosate",2014,1578.1,1588.9,"Henrico County","VA"
51,87,"Chlorpyrifos",2014,17,270.9,"Henrico County","VA"
51,89,"Glyphosate",2014,437.7,438.2,"Henry County","VA"
51,89,"Malathion",2014,0.1,0.1,"Henry County","VA"
51,89,"Paraquat",2014,27.2,29,"Henry County","VA"
51,89,"2,4-D",2014,792.1,792.2,"Henry County","VA"
51,89,"Chlorpyrifos",2014,8.4,39.2,"Henry County","VA"
51,9,"2,4-D",2014,959.1,967.5,"Amherst County","VA"
51,9,"Malathion",2014,NA,0.6,"Amherst County","VA"
51,9,"Paraquat",2014,5,20.4,"Amherst County","VA"
51,9,"Glyphosate",2014,325.7,336.1,"Amherst County","VA"
51,9,"Chlorpyrifos",2014,9.7,17.5,"Amherst County","VA"
51,91,"Glyphosate",2014,446.8,845,"Highland County","VA"
51,91,"Chlorpyrifos",2014,10,69.1,"Highland County","VA"
51,91,"2,4-D",2014,1209.1,1210.9,"Highland County","VA"
51,91,"Paraquat",2014,4.5,202.6,"Highland County","VA"
51,93,"Glyphosate",2014,29482.5,30075.8,"Isle of Wight County","VA"
51,93,"2,4-D",2014,5553.5,6056.5,"Isle of Wight County","VA"
51,93,"Malathion",2014,45.9,45.9,"Isle of Wight County","VA"
51,93,"Paraquat",2014,1641.3,3375.9,"Isle of Wight County","VA"
51,93,"Chlorpyrifos",2014,456.9,1603.8,"Isle of Wight County","VA"
51,95,"Glyphosate",2014,2739.5,2752.9,"James City County","VA"
51,95,"2,4-D",2014,607.2,667.9,"James City County","VA"
51,95,"Paraquat",2014,276.5,276.5,"James City County","VA"
51,95,"Chlorpyrifos",2014,16,105.6,"James City County","VA"
51,97,"2,4-D",2014,6407.7,6515.2,"King and Queen County","VA"
51,97,"Chlorpyrifos",2014,NA,1312,"King and Queen County","VA"
51,97,"Paraquat",2014,2877.3,2877.3,"King and Queen County","VA"
51,97,"Glyphosate",2014,30927.2,30946.7,"King and Queen County","VA"
51,99,"Glyphosate",2014,5233.3,5300.5,"King George County","VA"
51,99,"Chlorpyrifos",2014,13.2,250.6,"King George County","VA"
51,99,"Paraquat",2014,537.9,537.9,"King George County","VA"
51,99,"2,4-D",2014,960.3,1342.2,"King George County","VA"
53,1,"Glyphosate",2014,83856.7,83891.2,"Adams County","WA"
53,1,"Paraquat",2014,3748,5806.4,"Adams County","WA"
53,1,"2,4-D",2014,41727.6,44429.3,"Adams County","WA"
53,1,"Malathion",2014,261.6,298.7,"Adams County","WA"
53,1,"Chlorpyrifos",2014,1329.3,1378.1,"Adams County","WA"
53,11,"2,4-D",2014,2700.4,2725.1,"Clark County","WA"
53,11,"Glyphosate",2014,2944.5,3261.9,"Clark County","WA"
53,11,"Chlorpyrifos",2014,97.2,167.6,"Clark County","WA"
53,11,"Malathion",2014,384.3,384.3,"Clark County","WA"
53,11,"Paraquat",2014,153.1,391.1,"Clark County","WA"
53,13,"Glyphosate",2014,29739.8,29771.1,"Columbia County","WA"
53,13,"2,4-D",2014,3585.8,3654.6,"Columbia County","WA"
53,13,"Chlorpyrifos",2014,71.4,236.9,"Columbia County","WA"
53,13,"Malathion",2014,11.7,24.4,"Columbia County","WA"
53,13,"Paraquat",2014,287.2,344.4,"Columbia County","WA"
53,15,"Glyphosate",2014,5926.9,5969.6,"Cowlitz County","WA"
53,15,"2,4-D",2014,4521.3,4526.4,"Cowlitz County","WA"
53,15,"Malathion",2014,24.6,24.6,"Cowlitz County","WA"
53,15,"Paraquat",2014,11.1,11.2,"Cowlitz County","WA"
53,15,"Chlorpyrifos",2014,269,922.9,"Cowlitz County","WA"
53,17,"Glyphosate",2014,42496.6,42635.5,"Douglas County","WA"
53,17,"Paraquat",2014,4208.2,5592.7,"Douglas County","WA"
53,17,"2,4-D",2014,26002.2,26173.9,"Douglas County","WA"
53,17,"Malathion",2014,2940.4,3089.4,"Douglas County","WA"
53,17,"Chlorpyrifos",2014,2453.4,2649.7,"Douglas County","WA"
53,19,"Glyphosate",2014,366.4,416.7,"Ferry County","WA"
53,19,"2,4-D",2014,2358.1,2362.8,"Ferry County","WA"
53,19,"Chlorpyrifos",2014,98.7,145,"Ferry County","WA"
53,19,"Paraquat",2014,33.3,711.3,"Ferry County","WA"
53,19,"Malathion",2014,18.5,18.6,"Ferry County","WA"
53,21,"Glyphosate",2014,46717.4,47325.1,"Franklin County","WA"
53,21,"2,4-D",2014,10738.7,16201.4,"Franklin County","WA"
53,21,"Malathion",2014,3236.5,3888.4,"Franklin County","WA"
53,21,"Chlorpyrifos",2014,4339.3,5198,"Franklin County","WA"
53,21,"Paraquat",2014,12596.5,13720.4,"Franklin County","WA"
53,23,"Glyphosate",2014,46601.4,46634,"Garfield County","WA"
53,23,"Paraquat",2014,470.8,509.5,"Garfield County","WA"
53,23,"Malathion",2014,3.2,13.4,"Garfield County","WA"
53,23,"2,4-D",2014,4792.4,4861.2,"Garfield County","WA"
53,23,"Chlorpyrifos",2014,56.9,177.1,"Garfield County","WA"
53,25,"Paraquat",2014,25572.1,27456.9,"Grant County","WA"
53,25,"Chlorpyrifos",2014,11288.8,11509.8,"Grant County","WA"
53,25,"Malathion",2014,7403,7570.9,"Grant County","WA"
53,25,"Glyphosate",2014,98201.5,98358,"Grant County","WA"
53,25,"2,4-D",2014,24674.6,34942.6,"Grant County","WA"
53,27,"Chlorpyrifos",2014,464,470.7,"Grays Harbor County","WA"
53,27,"2,4-D",2014,953.4,958.5,"Grays Harbor County","WA"
53,27,"Paraquat",2014,7.7,43.3,"Grays Harbor County","WA"
53,27,"Malathion",2014,4.8,4.8,"Grays Harbor County","WA"
53,27,"Glyphosate",2014,3770.1,3813.9,"Grays Harbor County","WA"
53,29,"Chlorpyrifos",2014,7,32.1,"Island County","WA"
53,29,"2,4-D",2014,230,235.9,"Island County","WA"
53,29,"Paraquat",2014,4.6,154.1,"Island County","WA"
53,29,"Malathion",2014,8.6,8.6,"Island County","WA"
53,29,"Glyphosate",2014,326.4,432,"Island County","WA"
53,3,"Glyphosate",2014,3539.6,3566.4,"Asotin County","WA"
53,3,"Paraquat",2014,28.9,132.6,"Asotin County","WA"
53,3,"2,4-D",2014,628.8,730.1,"Asotin County","WA"
53,3,"Malathion",2014,12.5,20.2,"Asotin County","WA"
53,3,"Chlorpyrifos",2014,44,100.8,"Asotin County","WA"
53,31,"Chlorpyrifos",2014,26.2,27.5,"Jefferson County","WA"
53,31,"Paraquat",2014,13.3,20,"Jefferson County","WA"
53,31,"2,4-D",2014,3.7,7.6,"Jefferson County","WA"
53,31,"Malathion",2014,9.7,9.7,"Jefferson County","WA"
53,31,"Glyphosate",2014,14.5,21.2,"Jefferson County","WA"
53,33,"Chlorpyrifos",2014,108.1,130.9,"King County","WA"
53,33,"2,4-D",2014,913.2,928.5,"King County","WA"
53,33,"Malathion",2014,43.7,43.7,"King County","WA"
53,33,"Paraquat",2014,51.5,81.9,"King County","WA"
53,33,"Glyphosate",2014,1318.1,1477.8,"King County","WA"
53,35,"Chlorpyrifos",2014,31,34.1,"Kitsap County","WA"
53,35,"Paraquat",2014,16.1,17.5,"Kitsap County","WA"
53,35,"2,4-D",2014,6.8,10.3,"Kitsap County","WA"
53,35,"Malathion",2014,17.7,17.7,"Kitsap County","WA"
53,35,"Glyphosate",2014,39.6,50.1,"Kitsap County","WA"
53,37,"Chlorpyrifos",2014,240.8,343.1,"Kittitas County","WA"
53,37,"Paraquat",2014,77.4,382.6,"Kittitas County","WA"
53,37,"2,4-D",2014,170.3,234.2,"Kittitas County","WA"
53,37,"Malathion",2014,18.1,18.2,"Kittitas County","WA"
53,37,"Glyphosate",2014,896.3,1087.3,"Kittitas County","WA"
53,39,"Chlorpyrifos",2014,1090.2,1425.4,"Klickitat County","WA"
53,39,"2,4-D",2014,4215.3,4372.3,"Klickitat County","WA"
53,39,"Glyphosate",2014,8930.4,10780.1,"Klickitat County","WA"
53,39,"Malathion",2014,255.2,259,"Klickitat County","WA"
53,39,"Paraquat",2014,301.5,1467.8,"Klickitat County","WA"
53,41,"Chlorpyrifos",2014,228.3,499.9,"Lewis County","WA"
53,41,"2,4-D",2014,2512.8,2546.1,"Lewis County","WA"
53,41,"Glyphosate",2014,3420.5,3608.5,"Lewis County","WA"
53,41,"Paraquat",2014,28.2,102.7,"Lewis County","WA"
53,41,"Malathion",2014,7.3,7.3,"Lewis County","WA"
53,43,"Chlorpyrifos",2014,920.3,920.3,"Lincoln County","WA"
53,43,"Glyphosate",2014,91433.5,91433.5,"Lincoln County","WA"
53,43,"2,4-D",2014,50355.8,50615.9,"Lincoln County","WA"
53,43,"Paraquat",2014,1346.8,3541.1,"Lincoln County","WA"
53,43,"Malathion",2014,43.2,43.2,"Lincoln County","WA"
53,45,"Chlorpyrifos",2014,6.8,15.9,"Mason County","WA"
53,45,"Glyphosate",2014,22.7,26.1,"Mason County","WA"
53,45,"2,4-D",2014,2,2.6,"Mason County","WA"
53,45,"Paraquat",2014,3,7.9,"Mason County","WA"
53,45,"Malathion",2014,2.6,2.6,"Mason County","WA"
53,47,"Chlorpyrifos",2014,17535.6,17807.7,"Okanogan County","WA"
53,47,"Glyphosate",2014,17119.2,18091,"Okanogan County","WA"
53,47,"Paraquat",2014,5180.6,6375,"Okanogan County","WA"
53,47,"Malathion",2014,1110.2,1111.3,"Okanogan County","WA"
53,47,"2,4-D",2014,4980.3,5341,"Okanogan County","WA"
53,49,"Chlorpyrifos",2014,0.7,0.7,"Pacific County","WA"
53,49,"Glyphosate",2014,579.9,580.6,"Pacific County","WA"
53,49,"Malathion",2014,0.5,0.5,"Pacific County","WA"
53,49,"Paraquat",2014,1.1,1.1,"Pacific County","WA"
53,49,"2,4-D",2014,357.3,357.4,"Pacific County","WA"
53,5,"2,4-D",2014,9720.1,15412.6,"Benton County","WA"
53,5,"Glyphosate",2014,46035.5,49969.3,"Benton County","WA"
53,5,"Malathion",2014,1029.9,1041.2,"Benton County","WA"
53,5,"Paraquat",2014,6138.8,8114.9,"Benton County","WA"
53,5,"Chlorpyrifos",2014,18464.9,19070.7,"Benton County","WA"
53,51,"Glyphosate",2014,418.7,420.1,"Pend Oreille County","WA"
53,51,"Chlorpyrifos",2014,1.6,19.2,"Pend Oreille County","WA"
53,51,"Paraquat",2014,0.6,263.9,"Pend Oreille County","WA"
53,51,"Malathion",2014,0.3,0.3,"Pend Oreille County","WA"
53,51,"2,4-D",2014,149.9,151.7,"Pend Oreille County","WA"
53,53,"Glyphosate",2014,318.5,489.3,"Pierce County","WA"
53,53,"2,4-D",2014,75,90.9,"Pierce County","WA"
53,53,"Chlorpyrifos",2014,81.9,116.3,"Pierce County","WA"
53,53,"Malathion",2014,75.5,75.5,"Pierce County","WA"
53,53,"Paraquat",2014,45.6,62,"Pierce County","WA"
53,55,"Glyphosate",2014,158,173.5,"San Juan County","WA"
53,55,"Chlorpyrifos",2014,32.4,36.5,"San Juan County","WA"
53,55,"2,4-D",2014,157.4,162.5,"San Juan County","WA"
53,55,"Paraquat",2014,11.3,32.9,"San Juan County","WA"
53,55,"Malathion",2014,2.3,2.3,"San Juan County","WA"
53,57,"Glyphosate",2014,9667.6,10208,"Skagit County","WA"
53,57,"2,4-D",2014,9121.8,9172.3,"Skagit County","WA"
53,57,"Chlorpyrifos",2014,276.5,416.4,"Skagit County","WA"
53,57,"Paraquat",2014,233.8,480.4,"Skagit County","WA"
53,57,"Malathion",2014,567.9,567.9,"Skagit County","WA"
53,59,"Glyphosate",2014,0.5,2.5,"Skamania County","WA"
53,59,"Chlorpyrifos",2014,0.5,1,"Skamania County","WA"
53,59,"2,4-D",2014,0.5,0.6,"Skamania County","WA"
53,59,"Malathion",2014,1,1,"Skamania County","WA"
53,59,"Paraquat",2014,0.4,3,"Skamania County","WA"
53,61,"Glyphosate",2014,3331.2,3576.2,"Snohomish County","WA"
53,61,"2,4-D",2014,2706.2,2739.1,"Snohomish County","WA"
53,61,"Chlorpyrifos",2014,61.1,103.7,"Snohomish County","WA"
53,61,"Paraquat",2014,34.4,51,"Snohomish County","WA"
53,61,"Malathion",2014,31.5,31.5,"Snohomish County","WA"
53,63,"Glyphosate",2014,30922.9,31089.8,"Spokane County","WA"
53,63,"2,4-D",2014,26024.8,26044.4,"Spokane County","WA"
53,63,"Chlorpyrifos",2014,253.5,641.8,"Spokane County","WA"
53,63,"Paraquat",2014,185.2,3137.9,"Spokane County","WA"
53,63,"Malathion",2014,74.6,90.6,"Spokane County","WA"
53,65,"Glyphosate",2014,5782.2,5812,"Stevens County","WA"
53,65,"2,4-D",2014,3743.8,3759.8,"Stevens County","WA"
53,65,"Chlorpyrifos",2014,92.2,256.6,"Stevens County","WA"
53,65,"Malathion",2014,40.4,41.7,"Stevens County","WA"
53,65,"Paraquat",2014,19.8,2335.7,"Stevens County","WA"
53,67,"Glyphosate",2014,88.1,159.7,"Thurston County","WA"
53,67,"2,4-D",2014,21.5,26.5,"Thurston County","WA"
53,67,"Chlorpyrifos",2014,36.5,52.3,"Thurston County","WA"
53,67,"Paraquat",2014,27,75,"Thurston County","WA"
53,67,"Malathion",2014,52.1,52.1,"Thurston County","WA"
53,69,"2,4-D",2014,83.4,83.5,"Wahkiakum County","WA"
53,69,"Glyphosate",2014,530.8,531.6,"Wahkiakum County","WA"
53,69,"Chlorpyrifos",2014,1.1,1.3,"Wahkiakum County","WA"
53,69,"Malathion",2014,3.4,3.4,"Wahkiakum County","WA"
53,69,"Paraquat",2014,2.8,2.8,"Wahkiakum County","WA"
53,7,"Glyphosate",2014,7547.7,7610.1,"Chelan County","WA"
53,7,"2,4-D",2014,2269.3,2271.9,"Chelan County","WA"
53,7,"Paraquat",2014,2791.9,2833.8,"Chelan County","WA"
53,7,"Malathion",2014,1348.4,1348.5,"Chelan County","WA"
53,7,"Chlorpyrifos",2014,9855.4,9866.2,"Chelan County","WA"
53,71,"Glyphosate",2014,113710.6,115294.7,"Walla Walla County","WA"
53,71,"2,4-D",2014,6360.3,7187.5,"Walla Walla County","WA"
53,71,"Paraquat",2014,11718.9,12593.6,"Walla Walla County","WA"
53,71,"Chlorpyrifos",2014,8234.8,8658.9,"Walla Walla County","WA"
53,71,"Malathion",2014,8.9,415,"Walla Walla County","WA"
53,73,"Glyphosate",2014,13596.4,14596.8,"Whatcom County","WA"
53,73,"2,4-D",2014,12130,12220.7,"Whatcom County","WA"
53,73,"Chlorpyrifos",2014,191.4,254.5,"Whatcom County","WA"
53,73,"Paraquat",2014,2347,2415.8,"Whatcom County","WA"
53,73,"Malathion",2014,5344.2,5344.2,"Whatcom County","WA"
53,75,"2,4-D",2014,26919.7,27052,"Whitman County","WA"
53,75,"Glyphosate",2014,226816.4,227007.1,"Whitman County","WA"
53,75,"Chlorpyrifos",2014,341.4,1028.8,"Whitman County","WA"
53,75,"Paraquat",2014,2084.7,2472.5,"Whitman County","WA"
53,75,"Malathion",2014,62.9,117.2,"Whitman County","WA"
53,77,"2,4-D",2014,9713.1,18995.5,"Yakima County","WA"
53,77,"Glyphosate",2014,34241,35796.3,"Yakima County","WA"
53,77,"Chlorpyrifos",2014,41991.2,42312.4,"Yakima County","WA"
53,77,"Malathion",2014,3621.8,3623.3,"Yakima County","WA"
53,77,"Paraquat",2014,11990,13462,"Yakima County","WA"
53,9,"2,4-D",2014,162.4,171.6,"Clallam County","WA"
53,9,"Glyphosate",2014,192.9,293,"Clallam County","WA"
53,9,"Paraquat",2014,18.9,174.7,"Clallam County","WA"
53,9,"Chlorpyrifos",2014,37,63.8,"Clallam County","WA"
53,9,"Malathion",2014,20.1,20.1,"Clallam County","WA"
54,1,"Glyphosate",2014,68,201.5,"Barbour County","WV"
54,1,"2,4-D",2014,1705.2,1705.2,"Barbour County","WV"
54,1,"Paraquat",2014,4.3,130.2,"Barbour County","WV"
54,1,"Chlorpyrifos",2014,3.6,3.6,"Barbour County","WV"
54,101,"Chlorpyrifos",2014,6.7,6.7,"Webster County","WV"
54,101,"2,4-D",2014,48.4,48.4,"Webster County","WV"
54,101,"Glyphosate",2014,15.3,15.3,"Webster County","WV"
54,101,"Paraquat",2014,2.3,10.3,"Webster County","WV"
54,103,"2,4-D",2014,667,667,"Wetzel County","WV"
54,103,"Chlorpyrifos",2014,2.7,2.7,"Wetzel County","WV"
54,103,"Paraquat",2014,2.5,51.6,"Wetzel County","WV"
54,103,"Glyphosate",2014,24.2,76.3,"Wetzel County","WV"
54,105,"Chlorpyrifos",2014,29.3,29.2,"Wirt County","WV"
54,105,"2,4-D",2014,345.3,345.3,"Wirt County","WV"
54,105,"Paraquat",2014,7.6,65.3,"Wirt County","WV"
54,105,"Glyphosate",2014,93.4,93.4,"Wirt County","WV"
54,107,"Glyphosate",2014,407.3,529.4,"Wood County","WV"
54,107,"2,4-D",2014,1619.6,1619.9,"Wood County","WV"
54,107,"Chlorpyrifos",2014,27.6,27.6,"Wood County","WV"
54,107,"Paraquat",2014,28.1,144.1,"Wood County","WV"
54,109,"2,4-D",2014,14.4,14.4,"Wyoming County","WV"
54,109,"Glyphosate",2014,9.4,9.4,"Wyoming County","WV"
54,109,"Paraquat",2014,NA,2.5,"Wyoming County","WV"
54,11,"2,4-D",2014,341,341,"Cabell County","WV"
54,11,"Glyphosate",2014,157.4,157.4,"Cabell County","WV"
54,11,"Paraquat",2014,7.9,63.6,"Cabell County","WV"
54,11,"Chlorpyrifos",2014,38.3,38.3,"Cabell County","WV"
54,13,"2,4-D",2014,383.4,383.4,"Calhoun County","WV"
54,13,"Glyphosate",2014,83,83,"Calhoun County","WV"
54,13,"Paraquat",2014,5.2,70.2,"Calhoun County","WV"
54,13,"Chlorpyrifos",2014,19,19,"Calhoun County","WV"
54,15,"2,4-D",2014,177.6,177.6,"Clay County","WV"
54,15,"Glyphosate",2014,34.1,34.1,"Clay County","WV"
54,15,"Chlorpyrifos",2014,10.6,10.6,"Clay County","WV"
54,15,"Paraquat",2014,3,33.1,"Clay County","WV"
54,17,"2,4-D",2014,1236.7,1236.7,"Doddridge County","WV"
54,17,"Paraquat",2014,4.3,95,"Doddridge County","WV"
54,17,"Glyphosate",2014,29.4,125.7,"Doddridge County","WV"
54,17,"Chlorpyrifos",2014,5.4,5.3,"Doddridge County","WV"
54,19,"2,4-D",2014,167.1,167.1,"Fayette County","WV"
54,19,"Paraquat",2014,5.6,32.6,"Fayette County","WV"
54,19,"Chlorpyrifos",2014,24.4,24.4,"Fayette County","WV"
54,19,"Glyphosate",2014,79.3,79.3,"Fayette County","WV"
54,21,"Glyphosate",2014,157.3,157.3,"Gilmer County","WV"
54,21,"Paraquat",2014,8.4,123,"Gilmer County","WV"
54,21,"Chlorpyrifos",2014,27.6,27.6,"Gilmer County","WV"
54,21,"2,4-D",2014,675.1,675.1,"Gilmer County","WV"
54,23,"2,4-D",2014,335.7,337.8,"Grant County","WV"
54,23,"Glyphosate",2014,343.5,820.4,"Grant County","WV"
54,23,"Paraquat",2014,43.2,43.2,"Grant County","WV"
54,23,"Chlorpyrifos",2014,96.6,96.6,"Grant County","WV"
54,25,"Glyphosate",2014,1485.4,2514,"Greenbrier County","WV"
54,25,"2,4-D",2014,774.4,778.7,"Greenbrier County","WV"
54,25,"Paraquat",2014,193.3,195.2,"Greenbrier County","WV"
54,25,"Chlorpyrifos",2014,437.6,437.6,"Greenbrier County","WV"
54,27,"Paraquat",2014,373.7,373.7,"Hampshire County","WV"
54,27,"2,4-D",2014,525.6,724.4,"Hampshire County","WV"
54,27,"Glyphosate",2014,845.2,1412.1,"Hampshire County","WV"
54,27,"Chlorpyrifos",2014,687.7,686.4,"Hampshire County","WV"
54,29,"2,4-D",2014,103.1,104.2,"Hancock County","WV"
54,29,"Paraquat",2014,2.7,9.7,"Hancock County","WV"
54,29,"Glyphosate",2014,70.9,74.2,"Hancock County","WV"
54,29,"Chlorpyrifos",2014,2.8,2.8,"Hancock County","WV"
54,3,"Glyphosate",2014,5682.2,6313.6,"Berkeley County","WV"
54,3,"Chlorpyrifos",2014,2450.1,2446.9,"Berkeley County","WV"
54,3,"2,4-D",2014,1079.5,1750.9,"Berkeley County","WV"
54,3,"Paraquat",2014,1590.5,1671.8,"Berkeley County","WV"
54,31,"Glyphosate",2014,5233.7,5804.8,"Hardy County","WV"
54,31,"Chlorpyrifos",2014,1276.1,1276.1,"Hardy County","WV"
54,31,"2,4-D",2014,758.4,768,"Hardy County","WV"
54,31,"Paraquat",2014,708.7,722.5,"Hardy County","WV"
54,33,"2,4-D",2014,2502.8,2502.8,"Harrison County","WV"
54,33,"Paraquat",2014,8.8,193.1,"Harrison County","WV"
54,33,"Glyphosate",2014,101.1,296.7,"Harrison County","WV"
54,33,"Chlorpyrifos",2014,9,9,"Harrison County","WV"
54,35,"Glyphosate",2014,560.2,560.2,"Jackson County","WV"
54,35,"2,4-D",2014,1080.7,1080.7,"Jackson County","WV"
54,35,"Paraquat",2014,48.7,213.9,"Jackson County","WV"
54,35,"Chlorpyrifos",2014,237.6,237.6,"Jackson County","WV"
54,37,"Glyphosate",2014,17164.8,17398.8,"Jefferson County","WV"
54,37,"2,4-D",2014,1842.2,1933.9,"Jefferson County","WV"
54,37,"Chlorpyrifos",2014,2482,2481.4,"Jefferson County","WV"
54,37,"Paraquat",2014,2352.8,2710.2,"Jefferson County","WV"
54,39,"Glyphosate",2014,58.7,58.7,"Kanawha County","WV"
54,39,"2,4-D",2014,201.2,201.2,"Kanawha County","WV"
54,39,"Chlorpyrifos",2014,18.3,18.3,"Kanawha County","WV"
54,39,"Paraquat",2014,4.7,38.3,"Kanawha County","WV"
54,41,"Glyphosate",2014,39.2,171.2,"Lewis County","WV"
54,41,"2,4-D",2014,1697.7,1697.7,"Lewis County","WV"
54,41,"Chlorpyrifos",2014,17.3,17.3,"Lewis County","WV"
54,41,"Paraquat",2014,14,138.4,"Lewis County","WV"
54,43,"Chlorpyrifos",2014,24.2,24.1,"Lincoln County","WV"
54,43,"Glyphosate",2014,60.9,60.9,"Lincoln County","WV"
54,43,"2,4-D",2014,197.3,197.3,"Lincoln County","WV"
54,43,"Paraquat",2014,6.1,38.5,"Lincoln County","WV"
54,45,"Chlorpyrifos",2014,1.6,1.6,"Logan County","WV"
54,45,"2,4-D",2014,3.3,3.3,"Logan County","WV"
54,45,"Glyphosate",2014,3.8,3.8,"Logan County","WV"
54,45,"Paraquat",2014,0.3,0.7,"Logan County","WV"
54,47,"2,4-D",2014,2.1,2.1,"McDowell County","WV"
54,47,"Paraquat",2014,0,0.4,"McDowell County","WV"
54,47,"Chlorpyrifos",2014,0.2,0.2,"McDowell County","WV"
54,47,"Glyphosate",2014,0.4,0.4,"McDowell County","WV"
54,49,"Paraquat",2014,4.5,77.2,"Marion County","WV"
54,49,"2,4-D",2014,994.8,994.8,"Marion County","WV"
54,49,"Chlorpyrifos",2014,4.6,4.6,"Marion County","WV"
54,49,"Glyphosate",2014,76,153,"Marion County","WV"
54,5,"Glyphosate",2014,7.7,7.7,"Boone County","WV"
54,5,"2,4-D",2014,20.6,20.6,"Boone County","WV"
54,5,"Paraquat",2014,2,5.1,"Boone County","WV"
54,5,"Chlorpyrifos",2014,8.3,8.3,"Boone County","WV"
54,51,"2,4-D",2014,1360.4,1360.4,"Marshall County","WV"
54,51,"Paraquat",2014,10.6,110,"Marshall County","WV"
54,51,"Chlorpyrifos",2014,11.5,11.5,"Marshall County","WV"
54,51,"Glyphosate",2014,169.2,274.8,"Marshall County","WV"
54,53,"2,4-D",2014,2328.6,2328.6,"Mason County","WV"
54,53,"Chlorpyrifos",2014,921.6,921.5,"Mason County","WV"
54,53,"Paraquat",2014,238,432.4,"Mason County","WV"
54,53,"Glyphosate",2014,6980.3,6980.3,"Mason County","WV"
54,55,"Paraquat",2014,4.6,70.6,"Mercer County","WV"
54,55,"2,4-D",2014,394.7,394.7,"Mercer County","WV"
54,55,"Glyphosate",2014,145,145,"Mercer County","WV"
54,55,"Chlorpyrifos",2014,23.3,23.3,"Mercer County","WV"
54,57,"2,4-D",2014,213.9,222.9,"Mineral County","WV"
54,57,"Paraquat",2014,101.7,102.7,"Mineral County","WV"
54,57,"Glyphosate",2014,687.6,929.2,"Mineral County","WV"
54,57,"Chlorpyrifos",2014,217.7,217.6,"Mineral County","WV"
54,59,"Paraquat",2014,2.5,7.1,"Mingo County","WV"
54,59,"Glyphosate",2014,6.6,6.6,"Mingo County","WV"
54,59,"2,4-D",2014,29.5,29.5,"Mingo County","WV"
54,59,"Chlorpyrifos",2014,9.2,9.2,"Mingo County","WV"
54,61,"2,4-D",2014,1098.9,1098.9,"Monongalia County","WV"
54,61,"Paraquat",2014,6.4,86.8,"Monongalia County","WV"
54,61,"Chlorpyrifos",2014,6,5.9,"Monongalia County","WV"
54,61,"Glyphosate",2014,77.3,162.7,"Monongalia County","WV"
54,63,"2,4-D",2014,599.9,623.6,"Monroe County","WV"
54,63,"Paraquat",2014,213.4,229.7,"Monroe County","WV"
54,63,"Chlorpyrifos",2014,459.7,459.6,"Monroe County","WV"
54,63,"Glyphosate",2014,1491.5,2249,"Monroe County","WV"
54,65,"2,4-D",2014,56.1,61.8,"Morgan County","WV"
54,65,"Paraquat",2014,36.2,51.4,"Morgan County","WV"
54,65,"Glyphosate",2014,244.4,289.1,"Morgan County","WV"
54,65,"Chlorpyrifos",2014,78,78,"Morgan County","WV"
54,67,"2,4-D",2014,425,425,"Nicholas County","WV"
54,67,"Glyphosate",2014,103,103,"Nicholas County","WV"
54,67,"Paraquat",2014,9.2,80.4,"Nicholas County","WV"
54,67,"Chlorpyrifos",2014,34.7,34.6,"Nicholas County","WV"
54,69,"2,4-D",2014,474.9,474.9,"Ohio County","WV"
54,69,"Chlorpyrifos",2014,21.5,21.5,"Ohio County","WV"
54,69,"Paraquat",2014,22.2,55.2,"Ohio County","WV"
54,69,"Glyphosate",2014,420.4,455.4,"Ohio County","WV"
54,7,"Glyphosate",2014,177.5,177.5,"Braxton County","WV"
54,7,"Chlorpyrifos",2014,12.9,12.9,"Braxton County","WV"
54,7,"Paraquat",2014,3,129.1,"Braxton County","WV"
54,7,"2,4-D",2014,737.8,737.8,"Braxton County","WV"
54,71,"2,4-D",2014,646.1,650.4,"Pendleton County","WV"
54,71,"Chlorpyrifos",2014,467.6,467.6,"Pendleton County","WV"
54,71,"Paraquat",2014,208.5,208.5,"Pendleton County","WV"
54,71,"Glyphosate",2014,1539.4,2365.5,"Pendleton County","WV"
54,73,"Chlorpyrifos",2014,3.7,3.7,"Pleasants County","WV"
54,73,"2,4-D",2014,392.8,392.8,"Pleasants County","WV"
54,73,"Paraquat",2014,3.3,32,"Pleasants County","WV"
54,73,"Glyphosate",2014,28.5,59.1,"Pleasants County","WV"
54,75,"Chlorpyrifos",2014,178.8,178.8,"Pocahontas County","WV"
54,75,"Glyphosate",2014,609,1147.3,"Pocahontas County","WV"
54,75,"Paraquat",2014,91.5,94.3,"Pocahontas County","WV"
54,75,"2,4-D",2014,389.1,406,"Pocahontas County","WV"
54,77,"Paraquat",2014,98.5,285.3,"Preston County","WV"
54,77,"Chlorpyrifos",2014,95.6,95.6,"Preston County","WV"
54,77,"Glyphosate",2014,1525.3,1720.3,"Preston County","WV"
54,77,"2,4-D",2014,2675.8,2676.8,"Preston County","WV"
54,79,"Glyphosate",2014,159.9,159.9,"Putnam County","WV"
54,79,"Paraquat",2014,5.5,94.7,"Putnam County","WV"
54,79,"Chlorpyrifos",2014,24.9,24.8,"Putnam County","WV"
54,79,"2,4-D",2014,484.1,484.1,"Putnam County","WV"
54,81,"Paraquat",2014,7.1,46.6,"Raleigh County","WV"
54,81,"Chlorpyrifos",2014,28.9,28.9,"Raleigh County","WV"
54,81,"Glyphosate",2014,92.8,92.8,"Raleigh County","WV"
54,81,"2,4-D",2014,239.4,239.4,"Raleigh County","WV"
54,83,"Chlorpyrifos",2014,286,286,"Randolph County","WV"
54,83,"Paraquat",2014,146.4,146.4,"Randolph County","WV"
54,83,"2,4-D",2014,340,353.1,"Randolph County","WV"
54,83,"Glyphosate",2014,998.6,1412.8,"Randolph County","WV"
54,85,"Paraquat",2014,7.5,133.5,"Ritchie County","WV"
54,85,"Glyphosate",2014,81.7,215.4,"Ritchie County","WV"
54,85,"2,4-D",2014,1712.2,1712.2,"Ritchie County","WV"
54,85,"Chlorpyrifos",2014,8.5,8.4,"Ritchie County","WV"
54,87,"Glyphosate",2014,227.5,227.5,"Roane County","WV"
54,87,"Chlorpyrifos",2014,11.3,11.3,"Roane County","WV"
54,87,"2,4-D",2014,1045.5,1045.5,"Roane County","WV"
54,87,"Paraquat",2014,2.5,181.7,"Roane County","WV"
54,89,"Glyphosate",2014,80.2,323.5,"Summers County","WV"
54,89,"Chlorpyrifos",2014,23.5,23.5,"Summers County","WV"
54,89,"2,4-D",2014,165.4,167,"Summers County","WV"
54,89,"Paraquat",2014,11,11,"Summers County","WV"
54,9,"2,4-D",2014,222.5,222.7,"Brooke County","WV"
54,9,"Glyphosate",2014,205,220.1,"Brooke County","WV"
54,9,"Paraquat",2014,15.8,30.5,"Brooke County","WV"
54,9,"Chlorpyrifos",2014,16.8,16.8,"Brooke County","WV"
54,91,"Chlorpyrifos",2014,4,3.9,"Taylor County","WV"
54,91,"Glyphosate",2014,14.6,94.7,"Taylor County","WV"
54,91,"2,4-D",2014,1022.9,1022.9,"Taylor County","WV"
54,91,"Paraquat",2014,2.9,78.4,"Taylor County","WV"
54,93,"Chlorpyrifos",2014,43.4,43.4,"Tucker County","WV"
54,93,"Glyphosate",2014,115.8,228.1,"Tucker County","WV"
54,93,"2,4-D",2014,80.1,85.1,"Tucker County","WV"
54,93,"Paraquat",2014,20.5,21.1,"Tucker County","WV"
54,95,"Glyphosate",2014,32.7,101.9,"Tyler County","WV"
54,95,"Paraquat",2014,3.3,69,"Tyler County","WV"
54,95,"2,4-D",2014,895,895.2,"Tyler County","WV"
54,95,"Chlorpyrifos",2014,3.4,3.4,"Tyler County","WV"
54,97,"2,4-D",2014,1377.8,1377.8,"Upshur County","WV"
54,97,"Paraquat",2014,16.8,117,"Upshur County","WV"
54,97,"Chlorpyrifos",2014,16.7,16.6,"Upshur County","WV"
54,97,"Glyphosate",2014,199.2,305.6,"Upshur County","WV"
54,99,"2,4-D",2014,250.2,250.2,"Wayne County","WV"
54,99,"Glyphosate",2014,120.7,120.7,"Wayne County","WV"
54,99,"Chlorpyrifos",2014,34,34,"Wayne County","WV"
54,99,"Paraquat",2014,6.9,46.9,"Wayne County","WV"
55,1,"Glyphosate",2014,17743.9,17796.2,"Adams County","WI"
55,1,"2,4-D",2014,839.2,905.1,"Adams County","WI"
55,1,"Chlorpyrifos",2014,62.3,216.2,"Adams County","WI"
55,1,"Paraquat",2014,64.5,193.7,"Adams County","WI"
55,101,"Glyphosate",2014,35422.3,35655.5,"Racine County","WI"
55,101,"Chlorpyrifos",2014,807,970.6,"Racine County","WI"
55,101,"2,4-D",2014,4940.8,5480.6,"Racine County","WI"
55,101,"Paraquat",2014,26.2,250.8,"Racine County","WI"
55,103,"Glyphosate",2014,29420.8,30022.3,"Richland County","WI"
55,103,"2,4-D",2014,2447.1,2879.3,"Richland County","WI"
55,103,"Chlorpyrifos",2014,80.5,339,"Richland County","WI"
55,103,"Paraquat",2014,43.3,235.7,"Richland County","WI"
55,105,"Paraquat",2014,8.7,859.5,"Rock County","WI"
55,105,"Glyphosate",2014,114348.1,114882.1,"Rock County","WI"
55,105,"Chlorpyrifos",2014,649.4,760.1,"Rock County","WI"
55,105,"2,4-D",2014,6743.2,6826.6,"Rock County","WI"
55,107,"Glyphosate",2014,7729.1,7874.6,"Rusk County","WI"
55,107,"Paraquat",2014,1,101.6,"Rusk County","WI"
55,107,"Chlorpyrifos",2014,1.5,126.9,"Rusk County","WI"
55,107,"2,4-D",2014,117.7,467.5,"Rusk County","WI"
55,109,"Glyphosate",2014,55180.8,55184.4,"St. Croix County","WI"
55,109,"Paraquat",2014,6.9,439.8,"St. Croix County","WI"
55,109,"2,4-D",2014,2252.9,2285.7,"St. Croix County","WI"
55,109,"Chlorpyrifos",2014,331.9,476.9,"St. Croix County","WI"
55,11,"Glyphosate",2014,36369.1,36396.2,"Buffalo County","WI"
55,11,"Paraquat",2014,6.7,297.3,"Buffalo County","WI"
55,11,"Chlorpyrifos",2014,234.9,321.8,"Buffalo County","WI"
55,11,"2,4-D",2014,1558.1,1677.9,"Buffalo County","WI"
55,111,"Glyphosate",2014,56939.6,57707.5,"Sauk County","WI"
55,111,"Paraquat",2014,26.3,403.3,"Sauk County","WI"
55,111,"2,4-D",2014,3102.5,4009.8,"Sauk County","WI"
55,111,"Chlorpyrifos",2014,81.7,515.1,"Sauk County","WI"
55,113,"Paraquat",2014,1.9,28.8,"Sawyer County","WI"
55,113,"2,4-D",2014,17.6,98.6,"Sawyer County","WI"
55,113,"Glyphosate",2014,2134,2172.6,"Sawyer County","WI"
55,113,"Chlorpyrifos",2014,3,36.1,"Sawyer County","WI"
55,115,"Paraquat",2014,6.8,343.8,"Shawano County","WI"
55,115,"2,4-D",2014,104.1,1451.2,"Shawano County","WI"
55,115,"Glyphosate",2014,84309.7,84396.8,"Shawano County","WI"
55,115,"Chlorpyrifos",2014,129.6,2151.2,"Shawano County","WI"
55,117,"Glyphosate",2014,32275,32366.1,"Sheboygan County","WI"
55,117,"Paraquat",2014,22,267.2,"Sheboygan County","WI"
55,117,"2,4-D",2014,1429.7,2300.5,"Sheboygan County","WI"
55,117,"Chlorpyrifos",2014,32.5,865.7,"Sheboygan County","WI"
55,119,"Glyphosate",2014,24776.1,25066.8,"Taylor County","WI"
55,119,"Paraquat",2014,1.4,193.1,"Taylor County","WI"
55,119,"Chlorpyrifos",2014,2,684.8,"Taylor County","WI"
55,119,"2,4-D",2014,591.4,1280.3,"Taylor County","WI"
55,121,"Glyphosate",2014,46171.2,46194.7,"Trempealeau County","WI"
55,121,"Paraquat",2014,69.1,445.1,"Trempealeau County","WI"
55,121,"Chlorpyrifos",2014,402.3,510.1,"Trempealeau County","WI"
55,121,"2,4-D",2014,1995.6,2166.5,"Trempealeau County","WI"
55,123,"Glyphosate",2014,45408.8,46499.1,"Vernon County","WI"
55,123,"Paraquat",2014,15.9,313.2,"Vernon County","WI"
55,123,"2,4-D",2014,4090.8,4812.2,"Vernon County","WI"
55,123,"Chlorpyrifos",2014,56.7,487.4,"Vernon County","WI"
55,125,"Glyphosate",2014,3.3,12,"Vilas County","WI"
55,125,"Paraquat",2014,NA,0.2,"Vilas County","WI"
55,125,"Chlorpyrifos",2014,NA,1.2,"Vilas County","WI"
55,125,"2,4-D",2014,0.2,3.4,"Vilas County","WI"
55,127,"Glyphosate",2014,73097.6,73368,"Walworth County","WI"
55,127,"Paraquat",2014,17.1,537.9,"Walworth County","WI"
55,127,"2,4-D",2014,8038,9694.9,"Walworth County","WI"
55,127,"Chlorpyrifos",2014,2333.8,2577.4,"Walworth County","WI"
55,129,"Chlorpyrifos",2014,4.7,70.4,"Washburn County","WI"
55,129,"Glyphosate",2014,3952,4045.5,"Washburn County","WI"
55,129,"Paraquat",2014,2.9,55.2,"Washburn County","WI"
55,129,"2,4-D",2014,44.6,239,"Washburn County","WI"
55,13,"Paraquat",2014,2.9,52.1,"Burnett County","WI"
55,13,"2,4-D",2014,50,224.9,"Burnett County","WI"
55,13,"Chlorpyrifos",2014,4.2,64.4,"Burnett County","WI"
55,13,"Glyphosate",2014,3831.6,3918.9,"Burnett County","WI"
55,131,"Glyphosate",2014,23843.6,24190.9,"Washington County","WI"
55,131,"Chlorpyrifos",2014,746.9,835.7,"Washington County","WI"
55,131,"Paraquat",2014,9.8,174,"Washington County","WI"
55,131,"2,4-D",2014,4678.5,5202.2,"Washington County","WI"
55,133,"Chlorpyrifos",2014,530,615.1,"Waukesha County","WI"
55,133,"Paraquat",2014,4.9,142.3,"Waukesha County","WI"
55,133,"Glyphosate",2014,20587.9,20801.8,"Waukesha County","WI"
55,133,"2,4-D",2014,4769.5,5162.9,"Waukesha County","WI"
55,135,"Chlorpyrifos",2014,12.8,393.9,"Waupaca County","WI"
55,135,"2,4-D",2014,1717.5,1728.3,"Waupaca County","WI"
55,135,"Glyphosate",2014,32113.2,32220.3,"Waupaca County","WI"
55,135,"Paraquat",2014,9.5,286.7,"Waupaca County","WI"
55,137,"Chlorpyrifos",2014,58.9,249.6,"Waushara County","WI"
55,137,"2,4-D",2014,980.7,1033,"Waushara County","WI"
55,137,"Paraquat",2014,49.4,198.6,"Waushara County","WI"
55,137,"Glyphosate",2014,19694.3,19752.8,"Waushara County","WI"
55,139,"Chlorpyrifos",2014,11.7,735.7,"Winnebago County","WI"
55,139,"2,4-D",2014,1484.4,1870.3,"Winnebago County","WI"
55,139,"Paraquat",2014,7.7,259.5,"Winnebago County","WI"
55,139,"Glyphosate",2014,33218.7,33252.8,"Winnebago County","WI"
55,141,"Chlorpyrifos",2014,9.4,250.2,"Wood County","WI"
55,141,"Glyphosate",2014,16807.7,16946.8,"Wood County","WI"
55,141,"2,4-D",2014,1192,1192.2,"Wood County","WI"
55,141,"Paraquat",2014,5.5,146.8,"Wood County","WI"
55,15,"Paraquat",2014,6.1,222.1,"Calumet County","WI"
55,15,"Chlorpyrifos",2014,9.7,731.8,"Calumet County","WI"
55,15,"2,4-D",2014,1357.6,1650.4,"Calumet County","WI"
55,15,"Glyphosate",2014,28348.7,28371.4,"Calumet County","WI"
55,17,"Paraquat",2014,45.8,489.9,"Chippewa County","WI"
55,17,"2,4-D",2014,309,1372.2,"Chippewa County","WI"
55,17,"Chlorpyrifos",2014,66.3,620,"Chippewa County","WI"
55,17,"Glyphosate",2014,33956.8,34212.2,"Chippewa County","WI"
55,19,"Paraquat",2014,12.1,362.6,"Clark County","WI"
55,19,"Chlorpyrifos",2014,17.5,1406.8,"Clark County","WI"
55,19,"Glyphosate",2014,44810.5,45071.8,"Clark County","WI"
55,19,"2,4-D",2014,1583.9,2690.8,"Clark County","WI"
55,21,"2,4-D",2014,5164.8,5243.6,"Columbia County","WI"
55,21,"Glyphosate",2014,75817.8,76349.8,"Columbia County","WI"
55,21,"Paraquat",2014,12.9,558.1,"Columbia County","WI"
55,21,"Chlorpyrifos",2014,515,569.7,"Columbia County","WI"
55,23,"Glyphosate",2014,27631,28258.5,"Crawford County","WI"
55,23,"2,4-D",2014,2919,3374,"Crawford County","WI"
55,23,"Chlorpyrifos",2014,127.7,351.5,"Crawford County","WI"
55,23,"Paraquat",2014,74.2,253.3,"Crawford County","WI"
55,25,"Chlorpyrifos",2014,902,999.4,"Dane County","WI"
55,25,"Glyphosate",2014,130915.1,132019.7,"Dane County","WI"
55,25,"Paraquat",2014,31.3,958.8,"Dane County","WI"
55,25,"2,4-D",2014,8642.1,8789.9,"Dane County","WI"
55,27,"Glyphosate",2014,95402.7,96623.2,"Dodge County","WI"
55,27,"Chlorpyrifos",2014,589.8,676.2,"Dodge County","WI"
55,27,"Paraquat",2014,12.6,739.5,"Dodge County","WI"
55,27,"2,4-D",2014,5974,6115.6,"Dodge County","WI"
55,29,"Chlorpyrifos",2014,1037.4,1458,"Door County","WI"
55,29,"Glyphosate",2014,18095.9,18105.9,"Door County","WI"
55,29,"Paraquat",2014,168.6,288.7,"Door County","WI"
55,29,"2,4-D",2014,1693,2184.9,"Door County","WI"
55,3,"2,4-D",2014,27.9,94,"Ashland County","WI"
55,3,"Glyphosate",2014,1252.8,1314.7,"Ashland County","WI"
55,3,"Chlorpyrifos",2014,3.7,43.6,"Ashland County","WI"
55,3,"Paraquat",2014,2.6,11.8,"Ashland County","WI"
55,31,"Paraquat",2014,0.2,5.1,"Douglas County","WI"
55,31,"Chlorpyrifos",2014,0.3,7.3,"Douglas County","WI"
55,31,"2,4-D",2014,1.6,90.2,"Douglas County","WI"
55,31,"Glyphosate",2014,348.5,462.4,"Douglas County","WI"
55,33,"Paraquat",2014,13.9,497,"Dunn County","WI"
55,33,"Glyphosate",2014,64197.6,64197.4,"Dunn County","WI"
55,33,"Chlorpyrifos",2014,349.8,525.1,"Dunn County","WI"
55,33,"2,4-D",2014,2596.3,2610.9,"Dunn County","WI"
55,35,"Paraquat",2014,12.1,213.9,"Eau Claire County","WI"
55,35,"Chlorpyrifos",2014,169.6,236,"Eau Claire County","WI"
55,35,"Glyphosate",2014,25661,25665.4,"Eau Claire County","WI"
55,35,"2,4-D",2014,1081.4,1117.6,"Eau Claire County","WI"
55,37,"2,4-D",2014,0.6,33.4,"Florence County","WI"
55,37,"Paraquat",2014,1.4,2.5,"Florence County","WI"
55,37,"Chlorpyrifos",2014,13.1,21.9,"Florence County","WI"
55,37,"Glyphosate",2014,329.2,344.3,"Florence County","WI"
55,39,"Glyphosate",2014,60085.7,60282.6,"Fond du Lac County","WI"
55,39,"Paraquat",2014,12,477.2,"Fond du Lac County","WI"
55,39,"2,4-D",2014,2013.5,2788,"Fond du Lac County","WI"
55,39,"Chlorpyrifos",2014,17.3,1605.6,"Fond du Lac County","WI"
55,41,"Glyphosate",2014,235.3,269,"Forest County","WI"
55,41,"2,4-D",2014,1.8,70,"Forest County","WI"
55,41,"Paraquat",2014,NA,1.4,"Forest County","WI"
55,41,"Chlorpyrifos",2014,1.3,5,"Forest County","WI"
55,43,"Glyphosate",2014,108496.3,110175.1,"Grant County","WI"
55,43,"2,4-D",2014,7927.5,9459.1,"Grant County","WI"
55,43,"Paraquat",2014,4.2,716.1,"Grant County","WI"
55,43,"Chlorpyrifos",2014,79.6,887,"Grant County","WI"
55,45,"2,4-D",2014,5591.4,5735.1,"Green County","WI"
55,45,"Glyphosate",2014,72370.1,73406.4,"Green County","WI"
55,45,"Paraquat",2014,5.8,519.8,"Green County","WI"
55,45,"Chlorpyrifos",2014,428.3,493.1,"Green County","WI"
55,47,"Glyphosate",2014,23303.4,23381.5,"Green Lake County","WI"
55,47,"2,4-D",2014,1237.8,1244.9,"Green Lake County","WI"
55,47,"Paraquat",2014,9.8,208,"Green Lake County","WI"
55,47,"Chlorpyrifos",2014,38.8,257.7,"Green Lake County","WI"
55,49,"2,4-D",2014,4300.3,5255.6,"Iowa County","WI"
55,49,"Glyphosate",2014,56460.8,57462.2,"Iowa County","WI"
55,49,"Paraquat",2014,3.3,375.4,"Iowa County","WI"
55,49,"Chlorpyrifos",2014,49.3,471.4,"Iowa County","WI"
55,5,"Glyphosate",2014,29811.9,30052.1,"Barron County","WI"
55,5,"2,4-D",2014,264.1,1370.2,"Barron County","WI"
55,5,"Paraquat",2014,3.6,392.7,"Barron County","WI"
55,5,"Chlorpyrifos",2014,7.8,490.8,"Barron County","WI"
55,51,"2,4-D",2014,3.7,14.2,"Iron County","WI"
55,51,"Paraquat",2014,0.4,1,"Iron County","WI"
55,51,"Chlorpyrifos",2014,0.5,6.2,"Iron County","WI"
55,51,"Glyphosate",2014,75,92,"Iron County","WI"
55,53,"2,4-D",2014,1253,1376.8,"Jackson County","WI"
55,53,"Glyphosate",2014,30563.3,30590.9,"Jackson County","WI"
55,53,"Chlorpyrifos",2014,190.7,268.9,"Jackson County","WI"
55,53,"Paraquat",2014,9.4,248.4,"Jackson County","WI"
55,55,"2,4-D",2014,3804.1,3863.7,"Jefferson County","WI"
55,55,"Chlorpyrifos",2014,336,399.3,"Jefferson County","WI"
55,55,"Glyphosate",2014,61301.6,61767.3,"Jefferson County","WI"
55,55,"Paraquat",2014,6.5,435.1,"Jefferson County","WI"
55,57,"Chlorpyrifos",2014,14.9,265.5,"Juneau County","WI"
55,57,"2,4-D",2014,1508,1520.9,"Juneau County","WI"
55,57,"Paraquat",2014,11.3,225.2,"Juneau County","WI"
55,57,"Glyphosate",2014,25047.2,25168.3,"Juneau County","WI"
55,59,"Chlorpyrifos",2014,675.8,782.5,"Kenosha County","WI"
55,59,"Paraquat",2014,16,192.9,"Kenosha County","WI"
55,59,"2,4-D",2014,3947.3,4435.1,"Kenosha County","WI"
55,59,"Glyphosate",2014,26317.7,26460.6,"Kenosha County","WI"
55,61,"2,4-D",2014,1200.7,1613.6,"Kewaunee County","WI"
55,61,"Chlorpyrifos",2014,19.5,760.5,"Kewaunee County","WI"
55,61,"Glyphosate",2014,25240.2,25264,"Kewaunee County","WI"
55,61,"Paraquat",2014,13.5,209.9,"Kewaunee County","WI"
55,63,"2,4-D",2014,787,805.3,"La Crosse County","WI"
55,63,"Chlorpyrifos",2014,121.8,166.9,"La Crosse County","WI"
55,63,"Glyphosate",2014,18540.2,18542.4,"La Crosse County","WI"
55,63,"Paraquat",2014,4.4,152.7,"La Crosse County","WI"
55,65,"2,4-D",2014,4406.4,5570.2,"Lafayette County","WI"
55,65,"Glyphosate",2014,91500.7,92241.5,"Lafayette County","WI"
55,65,"Chlorpyrifos",2014,60.8,644.9,"Lafayette County","WI"
55,65,"Paraquat",2014,1.9,602.5,"Lafayette County","WI"
55,67,"Glyphosate",2014,16085,16143,"Langlade County","WI"
55,67,"2,4-D",2014,175.9,514.8,"Langlade County","WI"
55,67,"Chlorpyrifos",2014,59.4,401.5,"Langlade County","WI"
55,67,"Paraquat",2014,10.6,105.8,"Langlade County","WI"
55,69,"Paraquat",2014,3.4,48.7,"Lincoln County","WI"
55,69,"2,4-D",2014,197.3,405.9,"Lincoln County","WI"
55,69,"Chlorpyrifos",2014,4.9,176.6,"Lincoln County","WI"
55,69,"Glyphosate",2014,6049,6152.4,"Lincoln County","WI"
55,7,"Paraquat",2014,44.2,49.6,"Bayfield County","WI"
55,7,"Glyphosate",2014,571.4,642.6,"Bayfield County","WI"
55,7,"Chlorpyrifos",2014,63.8,79,"Bayfield County","WI"
55,7,"2,4-D",2014,73.6,190.2,"Bayfield County","WI"
55,71,"Paraquat",2014,4.8,320.4,"Manitowoc County","WI"
55,71,"2,4-D",2014,1824.5,2481.4,"Manitowoc County","WI"
55,71,"Chlorpyrifos",2014,8,1115.3,"Manitowoc County","WI"
55,71,"Glyphosate",2014,40760.6,40826.4,"Manitowoc County","WI"
55,73,"2,4-D",2014,1767.2,3266.5,"Marathon County","WI"
55,73,"Paraquat",2014,14.7,483.9,"Marathon County","WI"
55,73,"Glyphosate",2014,60491.6,61075.7,"Marathon County","WI"
55,73,"Chlorpyrifos",2014,21.2,1801.9,"Marathon County","WI"
55,75,"Paraquat",2014,6.2,138.9,"Marinette County","WI"
55,75,"2,4-D",2014,24.1,562.7,"Marinette County","WI"
55,75,"Glyphosate",2014,33886.2,33926.6,"Marinette County","WI"
55,75,"Chlorpyrifos",2014,96.1,937.4,"Marinette County","WI"
55,77,"2,4-D",2014,913.3,921.2,"Marquette County","WI"
55,77,"Paraquat",2014,10.9,167.5,"Marquette County","WI"
55,77,"Glyphosate",2014,17986.9,18040.8,"Marquette County","WI"
55,77,"Chlorpyrifos",2014,8.8,210,"Marquette County","WI"
55,78,"Glyphosate",2014,NA,0,"Menominee County","WI"
55,78,"2,4-D",2014,NA,0.1,"Menominee County","WI"
55,79,"Chlorpyrifos",2014,30.6,35.7,"Milwaukee County","WI"
55,79,"Paraquat",2014,0.4,8.2,"Milwaukee County","WI"
55,79,"2,4-D",2014,253.7,276.9,"Milwaukee County","WI"
55,79,"Glyphosate",2014,1193.5,1209.2,"Milwaukee County","WI"
55,81,"Chlorpyrifos",2014,214.5,280.6,"Monroe County","WI"
55,81,"2,4-D",2014,1340.5,1378.6,"Monroe County","WI"
55,81,"Paraquat",2014,12,260.7,"Monroe County","WI"
55,81,"Glyphosate",2014,30953.5,30957.7,"Monroe County","WI"
55,83,"Paraquat",2014,10.3,259,"Oconto County","WI"
55,83,"2,4-D",2014,78.4,1252.7,"Oconto County","WI"
55,83,"Chlorpyrifos",2014,118.5,1493.4,"Oconto County","WI"
55,83,"Glyphosate",2014,61061.4,61158.6,"Oconto County","WI"
55,85,"Chlorpyrifos",2014,1.6,18.2,"Oneida County","WI"
55,85,"Paraquat",2014,1.1,3.9,"Oneida County","WI"
55,85,"2,4-D",2014,26.9,52.2,"Oneida County","WI"
55,85,"Glyphosate",2014,344.4,380.8,"Oneida County","WI"
55,87,"Paraquat",2014,17.3,416.9,"Outagamie County","WI"
55,87,"Chlorpyrifos",2014,19,1207.4,"Outagamie County","WI"
55,87,"2,4-D",2014,1240.2,1981.2,"Outagamie County","WI"
55,87,"Glyphosate",2014,52461.7,52637.7,"Outagamie County","WI"
55,89,"Paraquat",2014,39.1,115,"Ozaukee County","WI"
55,89,"2,4-D",2014,2773.4,3040.3,"Ozaukee County","WI"
55,89,"Chlorpyrifos",2014,419,459.8,"Ozaukee County","WI"
55,89,"Glyphosate",2014,11116.7,11308.4,"Ozaukee County","WI"
55,9,"Paraquat",2014,30.9,282.6,"Brown County","WI"
55,9,"2,4-D",2014,1287.1,1841.6,"Brown County","WI"
55,9,"Chlorpyrifos",2014,44.5,969.9,"Brown County","WI"
55,9,"Glyphosate",2014,32556.5,32585.2,"Brown County","WI"
55,91,"2,4-D",2014,605.1,660.8,"Pepin County","WI"
55,91,"Chlorpyrifos",2014,92,130.9,"Pepin County","WI"
55,91,"Paraquat",2014,3.8,120.4,"Pepin County","WI"
55,91,"Glyphosate",2014,14901.7,14913.9,"Pepin County","WI"
55,93,"2,4-D",2014,2040.8,2055,"Pierce County","WI"
55,93,"Chlorpyrifos",2014,301.5,429,"Pierce County","WI"
55,93,"Paraquat",2014,16.2,395.8,"Pierce County","WI"
55,93,"Glyphosate",2014,48749.4,48747.3,"Pierce County","WI"
55,95,"Chlorpyrifos",2014,30.1,360.4,"Polk County","WI"
55,95,"2,4-D",2014,265.5,969.4,"Polk County","WI"
55,95,"Glyphosate",2014,21182.1,21394.2,"Polk County","WI"
55,95,"Paraquat",2014,19.3,292.4,"Polk County","WI"
55,97,"Chlorpyrifos",2014,158,527.2,"Portage County","WI"
55,97,"Glyphosate",2014,32207.2,32310.6,"Portage County","WI"
55,97,"2,4-D",2014,1272.2,1388.3,"Portage County","WI"
55,97,"Paraquat",2014,115.9,349.4,"Portage County","WI"
55,99,"Chlorpyrifos",2014,1,97.8,"Price County","WI"
55,99,"Glyphosate",2014,2259.9,2322.6,"Price County","WI"
55,99,"2,4-D",2014,140.6,212,"Price County","WI"
55,99,"Paraquat",2014,0.7,20.5,"Price County","WI"
56,1,"Glyphosate",2014,983.2,6107.5,"Albany County","WY"
56,1,"Paraquat",2014,0.7,47.2,"Albany County","WY"
56,1,"2,4-D",2014,348.9,359.3,"Albany County","WY"
56,1,"Chlorpyrifos",2014,NA,164,"Albany County","WY"
56,1,"Malathion",2014,NA,161.6,"Albany County","WY"
56,11,"Paraquat",2014,NA,413.6,"Crook County","WY"
56,11,"Chlorpyrifos",2014,58.4,979.3,"Crook County","WY"
56,11,"2,4-D",2014,906.1,1408.2,"Crook County","WY"
56,11,"Glyphosate",2014,669.7,1647.9,"Crook County","WY"
56,13,"Chlorpyrifos",2014,1190.2,1387.3,"Fremont County","WY"
56,13,"2,4-D",2014,150.5,495.4,"Fremont County","WY"
56,13,"Paraquat",2014,19.8,457.3,"Fremont County","WY"
56,13,"Glyphosate",2014,12675.7,12731.4,"Fremont County","WY"
56,13,"Malathion",2014,NA,1741.3,"Fremont County","WY"
56,15,"Chlorpyrifos",2014,2326.3,2338.7,"Goshen County","WY"
56,15,"2,4-D",2014,5133.5,5962.5,"Goshen County","WY"
56,15,"Paraquat",2014,1532.1,1610,"Goshen County","WY"
56,15,"Glyphosate",2014,33816.7,37339.2,"Goshen County","WY"
56,17,"Chlorpyrifos",2014,227.6,227.6,"Hot Springs County","WY"
56,17,"2,4-D",2014,8.3,85.1,"Hot Springs County","WY"
56,17,"Malathion",2014,NA,333.4,"Hot Springs County","WY"
56,17,"Glyphosate",2014,518,530,"Hot Springs County","WY"
56,17,"Paraquat",2014,NA,83.8,"Hot Springs County","WY"
56,19,"Glyphosate",2014,182.4,574.4,"Johnson County","WY"
56,19,"2,4-D",2014,102.5,193.3,"Johnson County","WY"
56,19,"Chlorpyrifos",2014,5.6,341.7,"Johnson County","WY"
56,19,"Paraquat",2014,12.5,163.6,"Johnson County","WY"
56,21,"2,4-D",2014,19725.6,20230.8,"Laramie County","WY"
56,21,"Chlorpyrifos",2014,989.6,995.3,"Laramie County","WY"
56,21,"Glyphosate",2014,81956.3,83529.5,"Laramie County","WY"
56,21,"Paraquat",2014,776.9,831,"Laramie County","WY"
56,23,"Chlorpyrifos",2014,1239.9,1239.9,"Lincoln County","WY"
56,23,"Glyphosate",2014,2452.9,2452.9,"Lincoln County","WY"
56,23,"Paraquat",2014,0,233.7,"Lincoln County","WY"
56,23,"Malathion",2014,NA,823.1,"Lincoln County","WY"
56,23,"2,4-D",2014,386.6,414.2,"Lincoln County","WY"
56,25,"Malathion",2014,NA,427.4,"Natrona County","WY"
56,25,"2,4-D",2014,295.4,323.1,"Natrona County","WY"
56,25,"Glyphosate",2014,619.1,5734.7,"Natrona County","WY"
56,25,"Chlorpyrifos",2014,0.1,433.9,"Natrona County","WY"
56,25,"Paraquat",2014,4.1,120.1,"Natrona County","WY"
56,27,"Glyphosate",2014,1441.2,2615.9,"Niobrara County","WY"
56,27,"2,4-D",2014,245.2,332.8,"Niobrara County","WY"
56,27,"Chlorpyrifos",2014,797.8,798.8,"Niobrara County","WY"
56,27,"Paraquat",2014,118.6,124.9,"Niobrara County","WY"
56,29,"Malathion",2014,NA,712.3,"Park County","WY"
56,29,"Glyphosate",2014,21885.2,22299.2,"Park County","WY"
56,29,"Chlorpyrifos",2014,486.2,1826.6,"Park County","WY"
56,29,"2,4-D",2014,336,526.2,"Park County","WY"
56,29,"Paraquat",2014,134.8,313.8,"Park County","WY"
56,3,"Paraquat",2014,101.8,300.6,"Big Horn County","WY"
56,3,"Chlorpyrifos",2014,544.7,1556.6,"Big Horn County","WY"
56,3,"Glyphosate",2014,28471.7,28856.2,"Big Horn County","WY"
56,3,"2,4-D",2014,616.8,822.1,"Big Horn County","WY"
56,3,"Malathion",2014,NA,791.5,"Big Horn County","WY"
56,31,"2,4-D",2014,2116.4,2657.2,"Platte County","WY"
56,31,"Glyphosate",2014,14534.7,16918.5,"Platte County","WY"
56,31,"Chlorpyrifos",2014,1635.5,1641.4,"Platte County","WY"
56,31,"Paraquat",2014,666.6,687.9,"Platte County","WY"
56,33,"2,4-D",2014,119.7,364.1,"Sheridan County","WY"
56,33,"Glyphosate",2014,825.4,1559.3,"Sheridan County","WY"
56,33,"Chlorpyrifos",2014,14.5,721.9,"Sheridan County","WY"
56,33,"Paraquat",2014,56.7,374.8,"Sheridan County","WY"
56,35,"Paraquat",2014,NA,106,"Sublette County","WY"
56,35,"2,4-D",2014,165,166.3,"Sublette County","WY"
56,35,"Glyphosate",2014,743.8,743.8,"Sublette County","WY"
56,35,"Malathion",2014,NA,375.4,"Sublette County","WY"
56,35,"Chlorpyrifos",2014,565.5,565.5,"Sublette County","WY"
56,37,"Malathion",2014,NA,565.4,"Sweetwater County","WY"
56,37,"Paraquat",2014,NA,152.6,"Sweetwater County","WY"
56,37,"Chlorpyrifos",2014,NA,573.9,"Sweetwater County","WY"
56,37,"2,4-D",2014,205,241.5,"Sweetwater County","WY"
56,37,"Glyphosate",2014,509.8,5855.7,"Sweetwater County","WY"
56,39,"Paraquat",2014,NA,7.7,"Teton County","WY"
56,39,"Chlorpyrifos",2014,37.4,37.4,"Teton County","WY"
56,39,"Malathion",2014,NA,24.8,"Teton County","WY"
56,39,"2,4-D",2014,32.8,46.9,"Teton County","WY"
56,39,"Glyphosate",2014,311.1,311.1,"Teton County","WY"
56,41,"Paraquat",2014,NA,44,"Uinta County","WY"
56,41,"Malathion",2014,NA,133,"Uinta County","WY"
56,41,"Chlorpyrifos",2014,200.3,200.3,"Uinta County","WY"
56,41,"2,4-D",2014,146.5,277.1,"Uinta County","WY"
56,41,"Glyphosate",2014,2639.5,2639.5,"Uinta County","WY"
56,43,"Malathion",2014,NA,399.5,"Washakie County","WY"
56,43,"Paraquat",2014,83.3,183.7,"Washakie County","WY"
56,43,"Chlorpyrifos",2014,272.7,1100.6,"Washakie County","WY"
56,43,"Glyphosate",2014,14799.4,15084.4,"Washakie County","WY"
56,43,"2,4-D",2014,261.9,374,"Washakie County","WY"
56,45,"2,4-D",2014,174.7,386.2,"Weston County","WY"
56,45,"Chlorpyrifos",2014,6.1,288.4,"Weston County","WY"
56,45,"Paraquat",2014,1.6,128.9,"Weston County","WY"
56,45,"Glyphosate",2014,257.7,578.6,"Weston County","WY"
56,5,"2,4-D",2014,494.5,1046.3,"Campbell County","WY"
56,5,"Glyphosate",2014,1185.3,1762,"Campbell County","WY"
56,5,"Paraquat",2014,NA,222.7,"Campbell County","WY"
56,5,"Chlorpyrifos",2014,97.9,595.1,"Campbell County","WY"
56,7,"2,4-D",2014,806.3,814.1,"Carbon County","WY"
56,7,"Paraquat",2014,1.4,41.4,"Carbon County","WY"
56,7,"Glyphosate",2014,2333.4,8348,"Carbon County","WY"
56,7,"Chlorpyrifos",2014,NA,122.1,"Carbon County","WY"
56,7,"Malathion",2014,NA,120.3,"Carbon County","WY"
56,9,"Paraquat",2014,74.3,74.3,"Converse County","WY"
56,9,"2,4-D",2014,132.8,380.9,"Converse County","WY"
56,9,"Glyphosate",2014,1206.1,3059.6,"Converse County","WY"
56,9,"Chlorpyrifos",2014,1239.2,1239.9,"Converse County","WY"
6,1,"Malathion",2014,0.8,0.8,"Alameda County","CA"
6,1,"2,4-D",2014,54.7,54.7,"Alameda County","CA"
6,1,"Chlorpyrifos",2014,28.9,28.9,"Alameda County","CA"
6,1,"Glyphosate",2014,1944.8,1944.8,"Alameda County","CA"
6,101,"Glyphosate",2014,38710.8,38710.8,"Sutter County","CA"
6,101,"Malathion",2014,885.9,885.9,"Sutter County","CA"
6,101,"Chlorpyrifos",2014,12283.3,12283.3,"Sutter County","CA"
6,101,"2,4-D",2014,3633.3,3633.3,"Sutter County","CA"
6,101,"Paraquat",2014,4237.6,4237.6,"Sutter County","CA"
6,103,"Chlorpyrifos",2014,6854.6,6854.6,"Tehama County","CA"
6,103,"Malathion",2014,444,444,"Tehama County","CA"
6,103,"2,4-D",2014,1829.3,1829.3,"Tehama County","CA"
6,103,"Paraquat",2014,9769.2,9769.2,"Tehama County","CA"
6,103,"Glyphosate",2014,42725.8,42725.8,"Tehama County","CA"
6,105,"Glyphosate",2014,155.5,155.5,"Trinity County","CA"
6,107,"Chlorpyrifos",2014,85569.9,85569.9,"Tulare County","CA"
6,107,"2,4-D",2014,12736.7,12736.7,"Tulare County","CA"
6,107,"Malathion",2014,7432.8,7432.8,"Tulare County","CA"
6,107,"Paraquat",2014,30758.5,30758.5,"Tulare County","CA"
6,107,"Glyphosate",2014,344408.4,344408.4,"Tulare County","CA"
6,109,"2,4-D",2014,6.1,6.1,"Tuolumne County","CA"
6,109,"Glyphosate",2014,179.7,179.7,"Tuolumne County","CA"
6,11,"Malathion",2014,1036.9,1036.9,"Colusa County","CA"
6,11,"2,4-D",2014,2476.4,2476.4,"Colusa County","CA"
6,11,"Paraquat",2014,6944.7,6944.7,"Colusa County","CA"
6,11,"Glyphosate",2014,67839.1,67839.1,"Colusa County","CA"
6,11,"Chlorpyrifos",2014,5028.6,5028.6,"Colusa County","CA"
6,111,"Chlorpyrifos",2014,15940.2,15940.2,"Ventura County","CA"
6,111,"2,4-D",2014,220.4,220.4,"Ventura County","CA"
6,111,"Malathion",2014,11575.9,11575.9,"Ventura County","CA"
6,111,"Paraquat",2014,685.6,685.6,"Ventura County","CA"
6,111,"Glyphosate",2014,60525.7,60525.7,"Ventura County","CA"
6,113,"2,4-D",2014,4033.4,4033.4,"Yolo County","CA"
6,113,"Chlorpyrifos",2014,2285.6,2285.6,"Yolo County","CA"
6,113,"Malathion",2014,214,214,"Yolo County","CA"
6,113,"Paraquat",2014,8530.9,8530.9,"Yolo County","CA"
6,113,"Glyphosate",2014,49151.6,49151.6,"Yolo County","CA"
6,115,"2,4-D",2014,632,632,"Yuba County","CA"
6,115,"Malathion",2014,132.4,132.4,"Yuba County","CA"
6,115,"Glyphosate",2014,16572,16572,"Yuba County","CA"
6,115,"Chlorpyrifos",2014,6960.1,6960.1,"Yuba County","CA"
6,115,"Paraquat",2014,744.3,744.3,"Yuba County","CA"
6,13,"2,4-D",2014,291.4,291.4,"Contra Costa County","CA"
6,13,"Malathion",2014,31.7,31.7,"Contra Costa County","CA"
6,13,"Glyphosate",2014,7207.7,7207.7,"Contra Costa County","CA"
6,13,"Paraquat",2014,159.3,159.3,"Contra Costa County","CA"
6,13,"Chlorpyrifos",2014,862.4,862.4,"Contra Costa County","CA"
6,15,"Glyphosate",2014,24.6,24.6,"Del Norte County","CA"
6,17,"Glyphosate",2014,2192.7,2192.7,"El Dorado County","CA"
6,17,"Malathion",2014,1.9,1.9,"El Dorado County","CA"
6,17,"2,4-D",2014,11.1,11.1,"El Dorado County","CA"
6,17,"Paraquat",2014,25.6,25.6,"El Dorado County","CA"
6,19,"Glyphosate",2014,605866.4,605866.4,"Fresno County","CA"
6,19,"Malathion",2014,21509.9,21509.9,"Fresno County","CA"
6,19,"2,4-D",2014,21301.3,21301.3,"Fresno County","CA"
6,19,"Paraquat",2014,39047.6,39047.6,"Fresno County","CA"
6,19,"Chlorpyrifos",2014,105182.7,105182.7,"Fresno County","CA"
6,21,"Glyphosate",2014,69538.8,69538.8,"Glenn County","CA"
6,21,"Malathion",2014,911.1,911.1,"Glenn County","CA"
6,21,"2,4-D",2014,3733.8,3733.8,"Glenn County","CA"
6,21,"Chlorpyrifos",2014,10880.4,10880.4,"Glenn County","CA"
6,21,"Paraquat",2014,8715.5,8715.5,"Glenn County","CA"
6,23,"2,4-D",2014,13.8,13.8,"Humboldt County","CA"
6,23,"Glyphosate",2014,11.7,11.7,"Humboldt County","CA"
6,23,"Chlorpyrifos",2014,2.4,2.4,"Humboldt County","CA"
6,25,"Malathion",2014,27623.1,27623.1,"Imperial County","CA"
6,25,"Glyphosate",2014,35414.5,35414.5,"Imperial County","CA"
6,25,"Paraquat",2014,268.4,268.4,"Imperial County","CA"
6,25,"2,4-D",2014,12258.2,12258.2,"Imperial County","CA"
6,25,"Chlorpyrifos",2014,59867.7,59867.7,"Imperial County","CA"
6,27,"Paraquat",2014,39.7,39.7,"Inyo County","CA"
6,27,"2,4-D",2014,7.5,7.5,"Inyo County","CA"
6,27,"Glyphosate",2014,169.7,169.7,"Inyo County","CA"
6,29,"Glyphosate",2014,577261.4,577261.4,"Kern County","CA"
6,29,"Malathion",2014,11000,11000,"Kern County","CA"
6,29,"Paraquat",2014,73238.8,73238.8,"Kern County","CA"
6,29,"2,4-D",2014,1875.9,1875.9,"Kern County","CA"
6,29,"Chlorpyrifos",2014,115464.3,115464.3,"Kern County","CA"
6,3,"Glyphosate",2014,18.7,18.7,"Alpine County","CA"
6,31,"Malathion",2014,10795.4,10795.4,"Kings County","CA"
6,31,"Glyphosate",2014,176486.6,176486.6,"Kings County","CA"
6,31,"Paraquat",2014,22846.7,22846.7,"Kings County","CA"
6,31,"Chlorpyrifos",2014,39101.1,39101.1,"Kings County","CA"
6,31,"2,4-D",2014,3993.3,3993.3,"Kings County","CA"
6,33,"Glyphosate",2014,5031.1,5031.1,"Lake County","CA"
6,33,"Chlorpyrifos",2014,139.8,139.8,"Lake County","CA"
6,33,"Malathion",2014,2272.4,2272.4,"Lake County","CA"
6,33,"2,4-D",2014,372.5,372.5,"Lake County","CA"
6,33,"Paraquat",2014,20.3,20.3,"Lake County","CA"
6,35,"Glyphosate",2014,2660.5,2660.5,"Lassen County","CA"
6,35,"Chlorpyrifos",2014,309.9,309.9,"Lassen County","CA"
6,35,"2,4-D",2014,663.2,663.2,"Lassen County","CA"
6,35,"Paraquat",2014,324.8,324.8,"Lassen County","CA"
6,35,"Malathion",2014,38.5,38.5,"Lassen County","CA"
6,37,"Glyphosate",2014,2388.2,2388.2,"Los Angeles County","CA"
6,37,"Chlorpyrifos",2014,210,210,"Los Angeles County","CA"
6,37,"Malathion",2014,177.8,177.8,"Los Angeles County","CA"
6,37,"2,4-D",2014,495.2,495.2,"Los Angeles County","CA"
6,37,"Paraquat",2014,0.4,0.4,"Los Angeles County","CA"
6,39,"Glyphosate",2014,377508.1,377508.1,"Madera County","CA"
6,39,"Chlorpyrifos",2014,16255.9,16255.9,"Madera County","CA"
6,39,"Malathion",2014,1747.5,1747.5,"Madera County","CA"
6,39,"2,4-D",2014,5801.9,5801.9,"Madera County","CA"
6,39,"Paraquat",2014,14608.1,14608.1,"Madera County","CA"
6,41,"Glyphosate",2014,48.6,48.6,"Marin County","CA"
6,41,"2,4-D",2014,8.9,8.9,"Marin County","CA"
6,43,"Glyphosate",2014,162.9,162.9,"Mariposa County","CA"
6,45,"Glyphosate",2014,8477.8,8477.8,"Mendocino County","CA"
6,45,"2,4-D",2014,16.1,16.1,"Mendocino County","CA"
6,47,"Glyphosate",2014,306656.9,306656.9,"Merced County","CA"
6,47,"2,4-D",2014,9886.2,9886.2,"Merced County","CA"
6,47,"Chlorpyrifos",2014,24411.5,24411.5,"Merced County","CA"
6,47,"Malathion",2014,9279.7,9279.7,"Merced County","CA"
6,47,"Paraquat",2014,41016.2,41016.2,"Merced County","CA"
6,49,"Malathion",2014,258.7,258.7,"Modoc County","CA"
6,49,"Glyphosate",2014,2021.7,2021.7,"Modoc County","CA"
6,49,"Chlorpyrifos",2014,590.6,590.6,"Modoc County","CA"
6,49,"2,4-D",2014,1652.5,1652.5,"Modoc County","CA"
6,49,"Paraquat",2014,391,391,"Modoc County","CA"
6,5,"Chlorpyrifos",2014,106,106,"Amador County","CA"
6,5,"Glyphosate",2014,1571.8,1571.8,"Amador County","CA"
6,5,"2,4-D",2014,105,105,"Amador County","CA"
6,5,"Malathion",2014,85.3,85.3,"Amador County","CA"
6,5,"Paraquat",2014,55.4,55.4,"Amador County","CA"
6,51,"2,4-D",2014,15,15,"Mono County","CA"
6,51,"Glyphosate",2014,581.3,581.3,"Mono County","CA"
6,51,"Paraquat",2014,4.5,4.5,"Mono County","CA"
6,53,"Glyphosate",2014,31721.6,31721.6,"Monterey County","CA"
6,53,"Chlorpyrifos",2014,5455,5455,"Monterey County","CA"
6,53,"2,4-D",2014,108.3,108.3,"Monterey County","CA"
6,53,"Malathion",2014,22123.3,22123.3,"Monterey County","CA"
6,53,"Paraquat",2014,5807.7,5807.7,"Monterey County","CA"
6,55,"Malathion",2014,99.6,99.6,"Napa County","CA"
6,55,"Glyphosate",2014,19920.6,19920.6,"Napa County","CA"
6,55,"Chlorpyrifos",2014,25.5,25.5,"Napa County","CA"
6,57,"Malathion",2014,0.2,0.2,"Nevada County","CA"
6,57,"Glyphosate",2014,461.9,461.9,"Nevada County","CA"
6,59,"Glyphosate",2014,2116.6,2116.6,"Orange County","CA"
6,59,"Chlorpyrifos",2014,123.1,123.1,"Orange County","CA"
6,59,"2,4-D",2014,2.1,2.1,"Orange County","CA"
6,59,"Malathion",2014,257.6,257.6,"Orange County","CA"
6,59,"Paraquat",2014,0.2,0.2,"Orange County","CA"
6,61,"Glyphosate",2014,1719,1719,"Placer County","CA"
6,61,"Chlorpyrifos",2014,545.1,545.1,"Placer County","CA"
6,61,"2,4-D",2014,107.6,107.6,"Placer County","CA"
6,61,"Malathion",2014,0,0,"Placer County","CA"
6,61,"Paraquat",2014,831.5,831.5,"Placer County","CA"
6,63,"Chlorpyrifos",2014,29.8,29.8,"Plumas County","CA"
6,63,"Glyphosate",2014,276,276,"Plumas County","CA"
6,65,"Glyphosate",2014,47842.8,47842.8,"Riverside County","CA"
6,65,"2,4-D",2014,1634.5,1634.5,"Riverside County","CA"
6,65,"Chlorpyrifos",2014,2892.5,2892.5,"Riverside County","CA"
6,65,"Paraquat",2014,3497.7,3497.7,"Riverside County","CA"
6,65,"Malathion",2014,597.2,597.2,"Riverside County","CA"
6,67,"Glyphosate",2014,43212.9,43212.9,"Sacramento County","CA"
6,67,"2,4-D",2014,1895,1895,"Sacramento County","CA"
6,67,"Chlorpyrifos",2014,1871.9,1871.9,"Sacramento County","CA"
6,67,"Paraquat",2014,3575.2,3575.2,"Sacramento County","CA"
6,67,"Malathion",2014,126.5,126.5,"Sacramento County","CA"
6,69,"Glyphosate",2014,6899.7,6899.7,"San Benito County","CA"
6,69,"Chlorpyrifos",2014,132.5,132.5,"San Benito County","CA"
6,69,"2,4-D",2014,159.8,159.8,"San Benito County","CA"
6,69,"Malathion",2014,765.6,765.6,"San Benito County","CA"
6,69,"Paraquat",2014,201.7,201.7,"San Benito County","CA"
6,7,"Glyphosate",2014,75364.8,75364.8,"Butte County","CA"
6,7,"Chlorpyrifos",2014,16961.7,16961.7,"Butte County","CA"
6,7,"Malathion",2014,122.7,122.7,"Butte County","CA"
6,7,"Paraquat",2014,11679.5,11679.5,"Butte County","CA"
6,7,"2,4-D",2014,5261.3,5261.3,"Butte County","CA"
6,71,"Glyphosate",2014,4554.8,4554.8,"San Bernardino County","CA"
6,71,"Chlorpyrifos",2014,648.3,648.3,"San Bernardino County","CA"
6,71,"2,4-D",2014,1211.5,1211.5,"San Bernardino County","CA"
6,71,"Malathion",2014,184.5,184.5,"San Bernardino County","CA"
6,71,"Paraquat",2014,17,17,"San Bernardino County","CA"
6,73,"Glyphosate",2014,21723.3,21723.3,"San Diego County","CA"
6,73,"Chlorpyrifos",2014,986.7,986.7,"San Diego County","CA"
6,73,"2,4-D",2014,35.3,35.3,"San Diego County","CA"
6,73,"Malathion",2014,711.5,711.5,"San Diego County","CA"
6,73,"Paraquat",2014,20.6,20.6,"San Diego County","CA"
6,77,"Glyphosate",2014,180785.5,180785.5,"San Joaquin County","CA"
6,77,"2,4-D",2014,11224.4,11224.4,"San Joaquin County","CA"
6,77,"Chlorpyrifos",2014,22874.3,22874.3,"San Joaquin County","CA"
6,77,"Paraquat",2014,21284.3,21284.3,"San Joaquin County","CA"
6,77,"Malathion",2014,10186,10186,"San Joaquin County","CA"
6,79,"Chlorpyrifos",2014,144.3,144.3,"San Luis Obispo County","CA"
6,79,"Glyphosate",2014,23349.3,23349.3,"San Luis Obispo County","CA"
6,79,"Malathion",2014,10220.6,10220.6,"San Luis Obispo County","CA"
6,79,"2,4-D",2014,461.5,461.5,"San Luis Obispo County","CA"
6,79,"Paraquat",2014,918.7,918.7,"San Luis Obispo County","CA"
6,81,"Glyphosate",2014,192.6,192.6,"San Mateo County","CA"
6,81,"Chlorpyrifos",2014,132.7,132.7,"San Mateo County","CA"
6,81,"2,4-D",2014,420.7,420.7,"San Mateo County","CA"
6,81,"Malathion",2014,103,103,"San Mateo County","CA"
6,83,"Chlorpyrifos",2014,1021.8,1021.8,"Santa Barbara County","CA"
6,83,"Glyphosate",2014,22142.2,22142.2,"Santa Barbara County","CA"
6,83,"Malathion",2014,25061.1,25061.1,"Santa Barbara County","CA"
6,83,"Paraquat",2014,40.7,40.7,"Santa Barbara County","CA"
6,83,"2,4-D",2014,580.3,580.3,"Santa Barbara County","CA"
6,85,"Glyphosate",2014,3038,3038,"Santa Clara County","CA"
6,85,"Chlorpyrifos",2014,143.7,143.7,"Santa Clara County","CA"
6,85,"Malathion",2014,1145.5,1145.5,"Santa Clara County","CA"
6,85,"Paraquat",2014,254.8,254.8,"Santa Clara County","CA"
6,85,"2,4-D",2014,140.4,140.4,"Santa Clara County","CA"
6,87,"Chlorpyrifos",2014,601,601,"Santa Cruz County","CA"
6,87,"Glyphosate",2014,1776.8,1776.8,"Santa Cruz County","CA"
6,87,"Paraquat",2014,164.9,164.9,"Santa Cruz County","CA"
6,87,"2,4-D",2014,0.2,0.2,"Santa Cruz County","CA"
6,87,"Malathion",2014,5465,5465,"Santa Cruz County","CA"
6,89,"Glyphosate",2014,1366.5,1366.5,"Shasta County","CA"
6,89,"Paraquat",2014,268.1,268.1,"Shasta County","CA"
6,89,"2,4-D",2014,1438.6,1438.6,"Shasta County","CA"
6,89,"Chlorpyrifos",2014,492.6,492.6,"Shasta County","CA"
6,89,"Malathion",2014,729.8,729.8,"Shasta County","CA"
6,9,"Glyphosate",2014,617.8,617.8,"Calaveras County","CA"
6,9,"Malathion",2014,78.8,78.8,"Calaveras County","CA"
6,9,"Chlorpyrifos",2014,175.9,175.9,"Calaveras County","CA"
6,9,"Paraquat",2014,15.5,15.5,"Calaveras County","CA"
6,91,"Paraquat",2014,1.5,1.5,"Sierra County","CA"
6,91,"2,4-D",2014,162,162,"Sierra County","CA"
6,91,"Glyphosate",2014,142.1,142.1,"Sierra County","CA"
6,93,"Chlorpyrifos",2014,1303.8,1303.8,"Siskiyou County","CA"
6,93,"2,4-D",2014,2765.9,2765.9,"Siskiyou County","CA"
6,93,"Malathion",2014,642.5,642.5,"Siskiyou County","CA"
6,93,"Paraquat",2014,1343,1343,"Siskiyou County","CA"
6,93,"Glyphosate",2014,5068.9,5068.9,"Siskiyou County","CA"
6,95,"Chlorpyrifos",2014,5934.1,5934.1,"Solano County","CA"
6,95,"Glyphosate",2014,28802.4,28802.4,"Solano County","CA"
6,95,"2,4-D",2014,9919.3,9919.3,"Solano County","CA"
6,95,"Paraquat",2014,3323.9,3323.9,"Solano County","CA"
6,95,"Malathion",2014,105.6,105.6,"Solano County","CA"
6,97,"Malathion",2014,23,23,"Sonoma County","CA"
6,97,"Glyphosate",2014,35117.3,35117.3,"Sonoma County","CA"
6,97,"2,4-D",2014,83.8,83.8,"Sonoma County","CA"
6,97,"Chlorpyrifos",2014,451.3,451.3,"Sonoma County","CA"
6,97,"Paraquat",2014,7.1,7.1,"Sonoma County","CA"
6,99,"Malathion",2014,3750.1,3750.1,"Stanislaus County","CA"
6,99,"Chlorpyrifos",2014,20388.4,20388.4,"Stanislaus County","CA"
6,99,"Glyphosate",2014,250275.9,250275.9,"Stanislaus County","CA"
6,99,"2,4-D",2014,15227.4,15227.4,"Stanislaus County","CA"
6,99,"Paraquat",2014,22971.8,22971.8,"Stanislaus County","CA"
8,1,"Chlorpyrifos",2014,396.3,1185.1,"Adams County","CO"
8,1,"2,4-D",2014,37353.5,37384.1,"Adams County","CO"
8,1,"Paraquat",2014,199.4,1777.9,"Adams County","CO"
8,1,"Glyphosate",2014,118596.1,119366.3,"Adams County","CO"
8,101,"Paraquat",2014,NA,13.5,"Pueblo County","CO"
8,101,"2,4-D",2014,1911.7,2883.2,"Pueblo County","CO"
8,101,"Glyphosate",2014,6023.2,10601.6,"Pueblo County","CO"
8,101,"Chlorpyrifos",2014,NA,320,"Pueblo County","CO"
8,103,"2,4-D",2014,41.4,60.8,"Rio Blanco County","CO"
8,103,"Glyphosate",2014,2363.1,2843.6,"Rio Blanco County","CO"
8,103,"Paraquat",2014,0.7,47.1,"Rio Blanco County","CO"
8,103,"Chlorpyrifos",2014,0.2,153.7,"Rio Blanco County","CO"
8,103,"Malathion",2014,NA,180.9,"Rio Blanco County","CO"
8,105,"Paraquat",2014,NA,235.3,"Rio Grande County","CO"
8,105,"Glyphosate",2014,2410.1,5628.5,"Rio Grande County","CO"
8,105,"2,4-D",2014,84.3,2262.7,"Rio Grande County","CO"
8,105,"Chlorpyrifos",2014,NA,946.7,"Rio Grande County","CO"
8,105,"Malathion",2014,NA,855.1,"Rio Grande County","CO"
8,107,"Paraquat",2014,12.5,105.4,"Routt County","CO"
8,107,"Glyphosate",2014,4023.7,4984.8,"Routt County","CO"
8,107,"Malathion",2014,NA,361.8,"Routt County","CO"
8,107,"2,4-D",2014,510.7,531.5,"Routt County","CO"
8,107,"Chlorpyrifos",2014,1.1,308,"Routt County","CO"
8,109,"2,4-D",2014,75.1,2368,"Saguache County","CO"
8,109,"Paraquat",2014,NA,167.3,"Saguache County","CO"
8,109,"Glyphosate",2014,1439.3,5729,"Saguache County","CO"
8,109,"Malathion",2014,NA,559.1,"Saguache County","CO"
8,109,"Chlorpyrifos",2014,NA,619,"Saguache County","CO"
8,11,"Chlorpyrifos",2014,NA,1147.8,"Bent County","CO"
8,11,"Glyphosate",2014,18840.3,23155.6,"Bent County","CO"
8,11,"2,4-D",2014,5782.5,6561.5,"Bent County","CO"
8,11,"Paraquat",2014,NA,155.4,"Bent County","CO"
8,113,"Glyphosate",2014,52.6,1049.2,"San Miguel County","CO"
8,113,"Paraquat",2014,0.7,29.9,"San Miguel County","CO"
8,113,"2,4-D",2014,72,72,"San Miguel County","CO"
8,113,"Chlorpyrifos",2014,90.2,90.2,"San Miguel County","CO"
8,113,"Malathion",2014,111.7,111.7,"San Miguel County","CO"
8,115,"Glyphosate",2014,75772.6,76422.7,"Sedgwick County","CO"
8,115,"Chlorpyrifos",2014,321.2,365.3,"Sedgwick County","CO"
8,115,"2,4-D",2014,18339.2,18353.6,"Sedgwick County","CO"
8,115,"Paraquat",2014,NA,3367.8,"Sedgwick County","CO"
8,117,"Glyphosate",2014,100.5,105.2,"Summit County","CO"
8,117,"2,4-D",2014,0.1,1,"Summit County","CO"
8,117,"Paraquat",2014,NA,0.4,"Summit County","CO"
8,117,"Chlorpyrifos",2014,NA,1.5,"Summit County","CO"
8,117,"Malathion",2014,NA,1.7,"Summit County","CO"
8,119,"Glyphosate",2014,327.2,329.4,"Teller County","CO"
8,119,"Paraquat",2014,0,0.2,"Teller County","CO"
8,119,"Malathion",2014,NA,0.8,"Teller County","CO"
8,119,"2,4-D",2014,0.4,3.2,"Teller County","CO"
8,119,"Chlorpyrifos",2014,NA,0.7,"Teller County","CO"
8,121,"Glyphosate",2014,165872.8,168433.9,"Washington County","CO"
8,121,"2,4-D",2014,46229.6,46301.9,"Washington County","CO"
8,121,"Chlorpyrifos",2014,781.3,1588.3,"Washington County","CO"
8,121,"Paraquat",2014,24.5,2468.1,"Washington County","CO"
8,123,"Paraquat",2014,NA,6945.1,"Weld County","CO"
8,123,"Glyphosate",2014,164788.9,170640.2,"Weld County","CO"
8,123,"2,4-D",2014,33812.9,34014.6,"Weld County","CO"
8,123,"Chlorpyrifos",2014,2412,2663.1,"Weld County","CO"
8,125,"Paraquat",2014,46,1393.8,"Yuma County","CO"
8,125,"Glyphosate",2014,198397.7,202213.9,"Yuma County","CO"
8,125,"2,4-D",2014,28375.5,28485.6,"Yuma County","CO"
8,125,"Chlorpyrifos",2014,389.3,2168.3,"Yuma County","CO"
8,13,"2,4-D",2014,397.6,422.5,"Boulder County","CO"
8,13,"Paraquat",2014,NA,123.5,"Boulder County","CO"
8,13,"Chlorpyrifos",2014,408.3,422,"Boulder County","CO"
8,13,"Glyphosate",2014,3724.9,4220.2,"Boulder County","CO"
8,14,"Paraquat",2014,NA,40.5,"Broomfield County","CO"
8,14,"2,4-D",2014,842.4,843.5,"Broomfield County","CO"
8,14,"Chlorpyrifos",2014,12.4,35.2,"Broomfield County","CO"
8,14,"Glyphosate",2014,2951.8,2952.2,"Broomfield County","CO"
8,15,"2,4-D",2014,11.5,14.1,"Chaffee County","CO"
8,15,"Paraquat",2014,0.1,28,"Chaffee County","CO"
8,15,"Malathion",2014,NA,108.5,"Chaffee County","CO"
8,15,"Glyphosate",2014,318.3,606.5,"Chaffee County","CO"
8,15,"Chlorpyrifos",2014,0,92.1,"Chaffee County","CO"
8,17,"Paraquat",2014,247.2,2114.6,"Cheyenne County","CO"
8,17,"Glyphosate",2014,108263,110460.9,"Cheyenne County","CO"
8,17,"2,4-D",2014,34539.9,34594.3,"Cheyenne County","CO"
8,17,"Chlorpyrifos",2014,557.7,1499.9,"Cheyenne County","CO"
8,19,"2,4-D",2014,NA,0.2,"Clear Creek County","CO"
8,19,"Glyphosate",2014,21.9,21.9,"Clear Creek County","CO"
8,21,"Glyphosate",2014,1643.8,3062.9,"Conejos County","CO"
8,21,"Malathion",2014,NA,1512.8,"Conejos County","CO"
8,21,"Paraquat",2014,NA,394.2,"Conejos County","CO"
8,21,"Chlorpyrifos",2014,NA,1674.8,"Conejos County","CO"
8,21,"2,4-D",2014,0,1122.9,"Conejos County","CO"
8,23,"Paraquat",2014,NA,227,"Costilla County","CO"
8,23,"Chlorpyrifos",2014,NA,910.2,"Costilla County","CO"
8,23,"Glyphosate",2014,606.9,3222,"Costilla County","CO"
8,23,"Malathion",2014,NA,822.2,"Costilla County","CO"
8,23,"2,4-D",2014,2.8,1291.3,"Costilla County","CO"
8,25,"Glyphosate",2014,2544.9,5047.7,"Crowley County","CO"
8,25,"Paraquat",2014,NA,35.4,"Crowley County","CO"
8,25,"Chlorpyrifos",2014,NA,163.3,"Crowley County","CO"
8,25,"2,4-D",2014,761.2,1302.9,"Crowley County","CO"
8,27,"Paraquat",2014,NA,1.7,"Custer County","CO"
8,27,"Glyphosate",2014,108.5,1005,"Custer County","CO"
8,27,"Chlorpyrifos",2014,NA,69.9,"Custer County","CO"
8,27,"2,4-D",2014,64,254.5,"Custer County","CO"
8,29,"Paraquat",2014,116.2,312.8,"Delta County","CO"
8,29,"Glyphosate",2014,754.4,1686.9,"Delta County","CO"
8,29,"Malathion",2014,867.6,867.6,"Delta County","CO"
8,29,"Chlorpyrifos",2014,855,862,"Delta County","CO"
8,29,"2,4-D",2014,587.2,587.2,"Delta County","CO"
8,3,"2,4-D",2014,26.7,1562.2,"Alamosa County","CO"
8,3,"Chlorpyrifos",2014,NA,837.5,"Alamosa County","CO"
8,3,"Malathion",2014,NA,756.4,"Alamosa County","CO"
8,3,"Paraquat",2014,NA,213.1,"Alamosa County","CO"
8,3,"Glyphosate",2014,637.6,3729.2,"Alamosa County","CO"
8,31,"Paraquat",2014,57.5,67.3,"Denver County","CO"
8,31,"Glyphosate",2014,1181.6,1182,"Denver County","CO"
8,31,"Chlorpyrifos",2014,4.7,128.3,"Denver County","CO"
8,31,"2,4-D",2014,409.9,409.9,"Denver County","CO"
8,33,"Paraquat",2014,0.5,70.1,"Dolores County","CO"
8,33,"Malathion",2014,188.6,188.6,"Dolores County","CO"
8,33,"Glyphosate",2014,99.9,8995.5,"Dolores County","CO"
8,33,"2,4-D",2014,629.2,629.2,"Dolores County","CO"
8,33,"Chlorpyrifos",2014,151.2,182.9,"Dolores County","CO"
8,35,"Paraquat",2014,NA,12.1,"Douglas County","CO"
8,35,"Glyphosate",2014,1433.4,2271.1,"Douglas County","CO"
8,35,"2,4-D",2014,236.1,262.6,"Douglas County","CO"
8,35,"Chlorpyrifos",2014,4,90.8,"Douglas County","CO"
8,37,"Paraquat",2014,0,46.5,"Eagle County","CO"
8,37,"Glyphosate",2014,455.2,935.6,"Eagle County","CO"
8,37,"Chlorpyrifos",2014,NA,153.5,"Eagle County","CO"
8,37,"Malathion",2014,NA,180.9,"Eagle County","CO"
8,37,"2,4-D",2014,11.3,15.1,"Eagle County","CO"
8,39,"Glyphosate",2014,25908.5,30300.5,"Elbert County","CO"
8,39,"Chlorpyrifos",2014,82.4,708.3,"Elbert County","CO"
8,39,"Paraquat",2014,94.6,399.5,"Elbert County","CO"
8,39,"2,4-D",2014,7258.4,7392.4,"Elbert County","CO"
8,41,"Paraquat",2014,NA,7.2,"El Paso County","CO"
8,41,"Chlorpyrifos",2014,1.2,148.7,"El Paso County","CO"
8,41,"Glyphosate",2014,2267.4,5337,"El Paso County","CO"
8,41,"2,4-D",2014,201.9,286.1,"El Paso County","CO"
8,43,"Chlorpyrifos",2014,NA,149.9,"Fremont County","CO"
8,43,"Glyphosate",2014,106.2,1650,"Fremont County","CO"
8,43,"Paraquat",2014,NA,3.9,"Fremont County","CO"
8,43,"2,4-D",2014,49.6,371.6,"Fremont County","CO"
8,45,"Glyphosate",2014,411.4,586,"Garfield County","CO"
8,45,"Malathion",2014,984.5,984.5,"Garfield County","CO"
8,45,"Paraquat",2014,5.2,226.4,"Garfield County","CO"
8,45,"Chlorpyrifos",2014,795.4,795.4,"Garfield County","CO"
8,45,"2,4-D",2014,450.2,450.2,"Garfield County","CO"
8,47,"Glyphosate",2014,22.6,22.6,"Gilpin County","CO"
8,47,"2,4-D",2014,NA,0.2,"Gilpin County","CO"
8,49,"Glyphosate",2014,953.3,1014.7,"Grand County","CO"
8,49,"Malathion",2014,NA,23.1,"Grand County","CO"
8,49,"2,4-D",2014,11.1,19,"Grand County","CO"
8,49,"Paraquat",2014,0.3,6.2,"Grand County","CO"
8,49,"Chlorpyrifos",2014,NA,19.6,"Grand County","CO"
8,5,"Chlorpyrifos",2014,214.6,282,"Arapahoe County","CO"
8,5,"2,4-D",2014,10816.5,10837.4,"Arapahoe County","CO"
8,5,"Paraquat",2014,9.1,610.8,"Arapahoe County","CO"
8,5,"Glyphosate",2014,27831.5,28591.3,"Arapahoe County","CO"
8,51,"Paraquat",2014,0.4,12.2,"Gunnison County","CO"
8,51,"Chlorpyrifos",2014,NA,38.9,"Gunnison County","CO"
8,51,"2,4-D",2014,17.1,23.7,"Gunnison County","CO"
8,51,"Glyphosate",2014,811.2,932.8,"Gunnison County","CO"
8,51,"Malathion",2014,NA,45.8,"Gunnison County","CO"
8,53,"Chlorpyrifos",2014,3.7,3.7,"Hinsdale County","CO"
8,53,"Malathion",2014,4.6,4.6,"Hinsdale County","CO"
8,53,"Glyphosate",2014,2.3,2.3,"Hinsdale County","CO"
8,53,"Paraquat",2014,NA,1,"Hinsdale County","CO"
8,53,"2,4-D",2014,2.7,2.7,"Hinsdale County","CO"
8,55,"Paraquat",2014,NA,0.6,"Huerfano County","CO"
8,55,"2,4-D",2014,14.4,628.6,"Huerfano County","CO"
8,55,"Glyphosate",2014,24.4,2830.9,"Huerfano County","CO"
8,55,"Chlorpyrifos",2014,NA,135.2,"Huerfano County","CO"
8,57,"Chlorpyrifos",2014,NA,56.1,"Jackson County","CO"
8,57,"Glyphosate",2014,1503.2,1679,"Jackson County","CO"
8,57,"2,4-D",2014,31.8,43.9,"Jackson County","CO"
8,57,"Paraquat",2014,0.7,17.7,"Jackson County","CO"
8,57,"Malathion",2014,NA,66.2,"Jackson County","CO"
8,59,"Chlorpyrifos",2014,44.9,44.9,"Jefferson County","CO"
8,59,"2,4-D",2014,8.7,11.6,"Jefferson County","CO"
8,59,"Glyphosate",2014,159.4,408.2,"Jefferson County","CO"
8,59,"Paraquat",2014,NA,1.2,"Jefferson County","CO"
8,61,"Glyphosate",2014,132109.8,134218.2,"Kiowa County","CO"
8,61,"2,4-D",2014,45921,45971.7,"Kiowa County","CO"
8,61,"Paraquat",2014,318.3,2891.8,"Kiowa County","CO"
8,61,"Chlorpyrifos",2014,598.8,1867.2,"Kiowa County","CO"
8,63,"Glyphosate",2014,227997.9,230673.3,"Kit Carson County","CO"
8,63,"Paraquat",2014,118.9,2923.6,"Kit Carson County","CO"
8,63,"2,4-D",2014,53581.7,53655,"Kit Carson County","CO"
8,63,"Chlorpyrifos",2014,835.1,2442.9,"Kit Carson County","CO"
8,65,"2,4-D",2014,NA,0.5,"Lake County","CO"
8,65,"Glyphosate",2014,56.4,56.4,"Lake County","CO"
8,67,"2,4-D",2014,210,210,"La Plata County","CO"
8,67,"Glyphosate",2014,147.8,1938.5,"La Plata County","CO"
8,67,"Malathion",2014,286.7,286.7,"La Plata County","CO"
8,67,"Chlorpyrifos",2014,242.2,244.7,"La Plata County","CO"
8,67,"Paraquat",2014,7.1,78.3,"La Plata County","CO"
8,69,"2,4-D",2014,2499.6,2534,"Larimer County","CO"
8,69,"Glyphosate",2014,18042.1,19839.9,"Larimer County","CO"
8,69,"Chlorpyrifos",2014,463.1,516.4,"Larimer County","CO"
8,69,"Paraquat",2014,NA,851.4,"Larimer County","CO"
8,7,"2,4-D",2014,56.5,56.5,"Archuleta County","CO"
8,7,"Malathion",2014,94.3,94.3,"Archuleta County","CO"
8,7,"Paraquat",2014,0,21.2,"Archuleta County","CO"
8,7,"Chlorpyrifos",2014,75.2,75.2,"Archuleta County","CO"
8,7,"Glyphosate",2014,48.6,60.7,"Archuleta County","CO"
8,71,"Glyphosate",2014,2629.8,13694.1,"Las Animas County","CO"
8,71,"2,4-D",2014,1488.8,3933.5,"Las Animas County","CO"
8,71,"Chlorpyrifos",2014,NA,433.2,"Las Animas County","CO"
8,71,"Paraquat",2014,NA,51.4,"Las Animas County","CO"
8,73,"Glyphosate",2014,99596.1,104209.8,"Lincoln County","CO"
8,73,"2,4-D",2014,32897.6,33010.9,"Lincoln County","CO"
8,73,"Chlorpyrifos",2014,369.7,751.1,"Lincoln County","CO"
8,73,"Paraquat",2014,76.7,1564.8,"Lincoln County","CO"
8,75,"Glyphosate",2014,137101.8,140142,"Logan County","CO"
8,75,"2,4-D",2014,32574.1,32634.4,"Logan County","CO"
8,75,"Paraquat",2014,NA,5075.1,"Logan County","CO"
8,75,"Chlorpyrifos",2014,822.4,929,"Logan County","CO"
8,77,"Glyphosate",2014,698.5,1378.6,"Mesa County","CO"
8,77,"2,4-D",2014,575.4,575.4,"Mesa County","CO"
8,77,"Malathion",2014,1101.4,1101.4,"Mesa County","CO"
8,77,"Paraquat",2014,25.6,274.1,"Mesa County","CO"
8,77,"Chlorpyrifos",2014,907.9,912,"Mesa County","CO"
8,79,"Glyphosate",2014,NA,11.8,"Mineral County","CO"
8,79,"2,4-D",2014,NA,0.4,"Mineral County","CO"
8,81,"Chlorpyrifos",2014,17.3,714.9,"Moffat County","CO"
8,81,"2,4-D",2014,2438.5,2473.3,"Moffat County","CO"
8,81,"Paraquat",2014,50.9,262.1,"Moffat County","CO"
8,81,"Glyphosate",2014,11157.9,13350.1,"Moffat County","CO"
8,81,"Malathion",2014,NA,822.2,"Moffat County","CO"
8,83,"Paraquat",2014,21.7,303.3,"Montezuma County","CO"
8,83,"Chlorpyrifos",2014,1006.5,1020.4,"Montezuma County","CO"
8,83,"2,4-D",2014,849.1,849.1,"Montezuma County","CO"
8,83,"Malathion",2014,1210.8,1210.8,"Montezuma County","CO"
8,83,"Glyphosate",2014,596.9,4243.2,"Montezuma County","CO"
8,85,"2,4-D",2014,628,628,"Montrose County","CO"
8,85,"Malathion",2014,999.6,999.6,"Montrose County","CO"
8,85,"Paraquat",2014,8.8,234.5,"Montrose County","CO"
8,85,"Chlorpyrifos",2014,810.9,811.9,"Montrose County","CO"
8,85,"Glyphosate",2014,874.1,1677.5,"Montrose County","CO"
8,87,"2,4-D",2014,14465,14527.6,"Morgan County","CO"
8,87,"Paraquat",2014,NA,3682.2,"Morgan County","CO"
8,87,"Glyphosate",2014,73637.4,75367,"Morgan County","CO"
8,87,"Chlorpyrifos",2014,724.9,784,"Morgan County","CO"
8,89,"2,4-D",2014,4929.6,5715.3,"Otero County","CO"
8,89,"Paraquat",2014,NA,61.3,"Otero County","CO"
8,89,"Chlorpyrifos",2014,NA,1212.4,"Otero County","CO"
8,89,"Glyphosate",2014,16216,20636.1,"Otero County","CO"
8,9,"2,4-D",2014,51673.6,52410,"Baca County","CO"
8,9,"Paraquat",2014,NA,2462.6,"Baca County","CO"
8,9,"Chlorpyrifos",2014,127.4,1529.1,"Baca County","CO"
8,9,"Glyphosate",2014,147364.3,150675.8,"Baca County","CO"
8,91,"2,4-D",2014,19.4,19.4,"Ouray County","CO"
8,91,"Malathion",2014,31.7,31.7,"Ouray County","CO"
8,91,"Paraquat",2014,NA,7.1,"Ouray County","CO"
8,91,"Glyphosate",2014,16.7,16.7,"Ouray County","CO"
8,91,"Chlorpyrifos",2014,25.3,25.3,"Ouray County","CO"
8,93,"2,4-D",2014,1.2,8.7,"Park County","CO"
8,93,"Paraquat",2014,NA,5.1,"Park County","CO"
8,93,"Glyphosate",2014,872.5,924.9,"Park County","CO"
8,93,"Malathion",2014,NA,19.7,"Park County","CO"
8,93,"Chlorpyrifos",2014,NA,16.7,"Park County","CO"
8,95,"Paraquat",2014,19.7,940.6,"Phillips County","CO"
8,95,"Glyphosate",2014,111758.4,112085.5,"Phillips County","CO"
8,95,"2,4-D",2014,19440.4,19449.2,"Phillips County","CO"
8,95,"Chlorpyrifos",2014,303.5,1059.8,"Phillips County","CO"
8,97,"Paraquat",2014,0.1,19.5,"Pitkin County","CO"
8,97,"Glyphosate",2014,115.8,316.7,"Pitkin County","CO"
8,97,"2,4-D",2014,7.5,8.4,"Pitkin County","CO"
8,97,"Chlorpyrifos",2014,NA,64.2,"Pitkin County","CO"
8,97,"Malathion",2014,NA,75.6,"Pitkin County","CO"
8,99,"Glyphosate",2014,68146.3,73112.7,"Prowers County","CO"
8,99,"2,4-D",2014,27309,28025.8,"Prowers County","CO"
8,99,"Paraquat",2014,NA,1145.3,"Prowers County","CO"
8,99,"Chlorpyrifos",2014,46.3,2591.1,"Prowers County","CO"
9,1,"2,4-D",2014,35.9,36.2,"Fairfield County","CT"
9,1,"Paraquat",2014,31.9,29.7,"Fairfield County","CT"
9,1,"Glyphosate",2014,115.3,155.4,"Fairfield County","CT"
9,1,"Chlorpyrifos",2014,23.5,34.8,"Fairfield County","CT"
9,11,"Paraquat",2014,362.7,303.4,"New London County","CT"
9,11,"Glyphosate",2014,1941.9,2064.7,"New London County","CT"
9,11,"2,4-D",2014,100.5,100.9,"New London County","CT"
9,11,"Chlorpyrifos",2014,91.2,399.4,"New London County","CT"
9,13,"Paraquat",2014,294.2,248.5,"Tolland County","CT"
9,13,"Glyphosate",2014,1534.6,1619.4,"Tolland County","CT"
9,13,"2,4-D",2014,73.8,74.8,"Tolland County","CT"
9,13,"Chlorpyrifos",2014,94.9,333.5,"Tolland County","CT"
9,15,"Paraquat",2014,364.7,307.6,"Windham County","CT"
9,15,"Glyphosate",2014,1815.1,1922.3,"Windham County","CT"
9,15,"2,4-D",2014,90.9,91.9,"Windham County","CT"
9,15,"Chlorpyrifos",2014,110.8,407.5,"Windham County","CT"
9,3,"Paraquat",2014,241.7,219.7,"Hartford County","CT"
9,3,"Glyphosate",2014,1060.1,1159.8,"Hartford County","CT"
9,3,"2,4-D",2014,86.5,88.8,"Hartford County","CT"
9,3,"Chlorpyrifos",2014,212.6,335,"Hartford County","CT"
9,5,"Glyphosate",2014,1746,1915.7,"Litchfield County","CT"
9,5,"Paraquat",2014,349.6,297.7,"Litchfield County","CT"
9,5,"2,4-D",2014,135.7,137.2,"Litchfield County","CT"
9,5,"Chlorpyrifos",2014,114.4,385.3,"Litchfield County","CT"
9,7,"Glyphosate",2014,147.8,189.9,"Middlesex County","CT"
9,7,"Paraquat",2014,56,52.7,"Middlesex County","CT"
9,7,"Chlorpyrifos",2014,50.4,68.1,"Middlesex County","CT"
9,7,"2,4-D",2014,34.9,35.9,"Middlesex County","CT"
9,9,"Paraquat",2014,146.2,137.4,"New Haven County","CT"
9,9,"Glyphosate",2014,510.6,569.9,"New Haven County","CT"
9,9,"2,4-D",2014,46.1,47.8,"New Haven County","CT"
9,9,"Chlorpyrifos",2014,116.2,163.2,"New Haven County","CT"
