"state_code","county_code","county_name","state_name","year","LOW_ESTIMATE","HIGH_ESTIMATE"
1,1,"Autauga County","AL",2015,9180.4,10321.6
1,3,"Baldwin County","AL",2015,70196.7,75973.9
1,5,"Barbour County","AL",2015,13596.1,14265.7
1,7,"Bibb County","AL",2015,1128.3,1178.2
1,9,"Blount County","AL",2015,19778.1,20028.7
1,11,"Bullock County","AL",2015,6237.4,6674.6
1,13,"Butler County","AL",2015,4446.6,4779.4
1,15,"Calhoun County","AL",2015,16887.1,16912.8
1,17,"Chambers County","AL",2015,3844.8,4018.5
1,19,"Cherokee County","AL",2015,63475.8,63519.1
1,21,"Chilton County","AL",2015,5817.6,6669.1
1,23,"Choctaw County","AL",2015,2846,2909.6
1,25,"Clarke County","AL",2015,830.2,859.9
1,27,"Clay County","AL",2015,3097.2,3225.9
1,29,"Cleburne County","AL",2015,4121.5,4128.8
1,31,"Coffee County","AL",2015,26939.8,29936.7
1,33,"Colbert County","AL",2015,42059.6,47360.2
1,35,"Conecuh County","AL",2015,11477.9,11931
1,37,"Coosa County","AL",2015,1071.2,1113.1
1,39,"Covington County","AL",2015,23398.4,24683.9
1,41,"Crenshaw County","AL",2015,6777.4,7222.4
1,43,"Cullman County","AL",2015,27557.6,27646.3
1,45,"Dale County","AL",2015,16996.8,18792.1
1,47,"Dallas County","AL",2015,25471.2,28226.6
1,49,"DeKalb County","AL",2015,52614.4,52837
1,51,"Elmore County","AL",2015,12892.4,14189.4
1,53,"Escambia County","AL",2015,46378,48601.9
1,55,"Etowah County","AL",2015,20867.8,20913.4
1,57,"Fayette County","AL",2015,11294.6,11434
1,59,"Franklin County","AL",2015,9856.8,11109.2
1,61,"Geneva County","AL",2015,31579.6,35008.8
1,63,"Greene County","AL",2015,5592,5992.5
1,65,"Hale County","AL",2015,11862.9,12546
1,67,"Henry County","AL",2015,27850.5,30548.1
1,69,"Houston County","AL",2015,36276.7,40282.4
1,71,"Jackson County","AL",2015,90112.4,90412.2
1,73,"Jefferson County","AL",2015,1317.6,1372.9
1,75,"Lamar County","AL",2015,1972,2083.6
1,77,"Lauderdale County","AL",2015,53287.9,59969.7
1,79,"Lawrence County","AL",2015,65973.8,74445.7
1,81,"Lee County","AL",2015,4522.6,4586.5
1,83,"Limestone County","AL",2015,96265.9,108026
1,85,"Lowndes County","AL",2015,16924.1,18279.3
1,87,"Macon County","AL",2015,7392.2,7842.6
1,89,"Madison County","AL",2015,78527,88097.5
1,91,"Marengo County","AL",2015,11522.9,12323.2
1,93,"Marion County","AL",2015,4710.4,5299.7
1,95,"Marshall County","AL",2015,25944.9,26004.6
1,97,"Mobile County","AL",2015,22110,23326.7
1,99,"Monroe County","AL",2015,32876.3,33729.2
1,101,"Montgomery County","AL",2015,16936.2,18455.8
1,103,"Morgan County","AL",2015,16385.6,18431.3
1,105,"Perry County","AL",2015,17872.6,19716.6
1,107,"Pickens County","AL",2015,7604.4,7792.4
1,109,"Pike County","AL",2015,12775.5,13612.2
1,111,"Randolph County","AL",2015,5202.8,5445
1,113,"Russell County","AL",2015,8128.8,9081.3
1,115,"St. Clair County","AL",2015,4431.8,4444.2
1,117,"Shelby County","AL",2015,7705.8,7837.3
1,119,"Sumter County","AL",2015,8236.3,9048.7
1,121,"Talladega County","AL",2015,17116.8,17563.5
1,123,"Tallapoosa County","AL",2015,3310.9,3417.4
1,125,"Tuscaloosa County","AL",2015,7974.5,8168.7
1,127,"Walker County","AL",2015,2814.5,2914.6
1,129,"Washington County","AL",2015,4741.2,5010.7
1,131,"Wilcox County","AL",2015,5740.7,6012.9
1,133,"Winston County","AL",2015,2009.7,2251
4,1,"Apache County","AZ",2015,5306.7,5537.4
4,3,"Cochise County","AZ",2015,37064.3,39974.5
4,5,"Coconino County","AZ",2015,5616.4,5674.7
4,7,"Gila County","AZ",2015,61.7,118.5
4,9,"Graham County","AZ",2015,18546.4,19081.3
4,11,"Greenlee County","AZ",2015,687.4,850.8
4,12,"La Paz County","AZ",2015,14352.8,23917.5
4,13,"Maricopa County","AZ",2015,51918.4,67301.4
4,15,"Mohave County","AZ",2015,5174.1,7442.9
4,17,"Navajo County","AZ",2015,897.2,1371.9
4,19,"Pima County","AZ",2015,10144.4,10561.8
4,21,"Pinal County","AZ",2015,88903.3,98997.2
4,23,"Santa Cruz County","AZ",2015,276.1,436.6
4,25,"Yavapai County","AZ",2015,1600.4,1922
4,27,"Yuma County","AZ",2015,38823,43950.6
5,1,"Arkansas County","AR",2015,131730.9,171087.4
5,3,"Ashley County","AR",2015,104259.6,108370.5
5,5,"Baxter County","AR",2015,2260.3,2260.3
5,7,"Benton County","AR",2015,3247.2,3601
5,9,"Boone County","AR",2015,2512.6,2523.8
5,11,"Bradley County","AR",2015,875.2,887.5
5,13,"Calhoun County","AR",2015,679.6,689
5,15,"Carroll County","AR",2015,2446.3,2451.3
5,17,"Chicot County","AR",2015,263790.8,272458.2
5,19,"Clark County","AR",2015,7778.9,7852.6
5,21,"Clay County","AR",2015,174754.3,181817
5,23,"Cleburne County","AR",2015,4518.2,4540.4
5,25,"Cleveland County","AR",2015,1222.6,1237
5,27,"Columbia County","AR",2015,2197,2214.4
5,29,"Conway County","AR",2015,23511.2,28701.5
5,31,"Craighead County","AR",2015,216671,224451.2
5,33,"Crawford County","AR",2015,5031.3,7650.4
5,35,"Crittenden County","AR",2015,129580.3,169963.5
5,37,"Cross County","AR",2015,111635.4,144768.7
5,39,"Dallas County","AR",2015,834.4,834.4
5,41,"Desha County","AR",2015,254030.3,259339.4
5,43,"Drew County","AR",2015,66274.5,70421.5
5,45,"Faulkner County","AR",2015,17025.8,19089.6
5,47,"Franklin County","AR",2015,4367.1,4947.7
5,49,"Fulton County","AR",2015,5619,5619
5,51,"Garland County","AR",2015,2781.1,2840.1
5,53,"Grant County","AR",2015,4144,4306.4
5,55,"Greene County","AR",2015,98969.9,103964.2
5,57,"Hempstead County","AR",2015,9217.3,9416.5
5,59,"Hot Spring County","AR",2015,5057.3,5247.1
5,61,"Howard County","AR",2015,6498.8,6506
5,63,"Independence County","AR",2015,51402.1,53374.9
5,65,"Izard County","AR",2015,4266.4,4273.9
5,67,"Jackson County","AR",2015,127225,134920.6
5,69,"Jefferson County","AR",2015,194764.3,206637.6
5,71,"Johnson County","AR",2015,4484.1,5356.8
5,73,"Lafayette County","AR",2015,18474.8,27122.3
5,75,"Lawrence County","AR",2015,77526.8,82639.6
5,77,"Lee County","AR",2015,103446.7,136665.5
5,79,"Lincoln County","AR",2015,141728.8,148667.2
5,81,"Little River County","AR",2015,17070.5,22562.7
5,83,"Logan County","AR",2015,7303.5,9240.8
5,85,"Lonoke County","AR",2015,103378.5,135325.3
5,87,"Madison County","AR",2015,2518.9,2525.9
5,89,"Marion County","AR",2015,3784.8,3784.8
5,91,"Miller County","AR",2015,9987.4,20693.7
5,93,"Mississippi County","AR",2015,343679.8,363892.2
5,95,"Monroe County","AR",2015,82981.8,107682.4
5,99,"Nevada County","AR",2015,4174.6,4218.9
5,101,"Newton County","AR",2015,941.1,941.1
5,103,"Ouachita County","AR",2015,1141.3,1153.8
5,105,"Perry County","AR",2015,7133.4,7881.3
5,107,"Phillips County","AR",2015,135503.3,180144.8
5,109,"Pike County","AR",2015,3259.2,3259.2
5,111,"Poinsett County","AR",2015,197178.7,208113.7
5,113,"Polk County","AR",2015,2707,2876.8
5,115,"Pope County","AR",2015,8155.3,11419.1
5,117,"Prairie County","AR",2015,82292.7,106870.5
5,119,"Pulaski County","AR",2015,27357.7,33369.4
5,121,"Randolph County","AR",2015,57995.7,60069.6
5,123,"St. Francis County","AR",2015,97023.3,127645.8
5,125,"Saline County","AR",2015,2835.5,2927.6
5,127,"Scott County","AR",2015,2255.4,2387.3
5,129,"Searcy County","AR",2015,3987,3987
5,131,"Sebastian County","AR",2015,3292.1,4127.1
5,133,"Sevier County","AR",2015,5246.1,5256.9
5,135,"Sharp County","AR",2015,4046.9,4046.9
5,137,"Stone County","AR",2015,2890.3,2890.3
5,139,"Union County","AR",2015,1895.3,1895.3
5,141,"Van Buren County","AR",2015,2309.3,2309.3
5,143,"Washington County","AR",2015,2921.7,2939.6
5,145,"White County","AR",2015,57512.2,59118.3
5,147,"Woodruff County","AR",2015,94506.5,122537.8
5,149,"Yell County","AR",2015,5806.4,7903.1
8,1,"Adams County","CO",2015,228959.6,232323
8,3,"Alamosa County","CO",2015,4044.3,11234
8,5,"Arapahoe County","CO",2015,52517.9,53164.3
8,7,"Archuleta County","CO",2015,220.1,673.2
8,9,"Baca County","CO",2015,168796.8,175499
8,11,"Bent County","CO",2015,18108.4,19105.7
8,13,"Boulder County","CO",2015,3899.4,4024.3
8,14,"Broomfield County","CO",2015,5369.4,5467.4
8,15,"Chaffee County","CO",2015,90.4,822.8
8,17,"Cheyenne County","CO",2015,200599.4,204547.2
8,19,"Clear Creek County","CO",2015,6.5,6.7
8,21,"Conejos County","CO",2015,6402.9,15925.1
8,23,"Costilla County","CO",2015,293,7028.7
8,25,"Crowley County","CO",2015,2989.7,3253.7
8,27,"Custer County","CO",2015,523,608.9
8,29,"Delta County","CO",2015,5772.5,9554.2
8,31,"Denver County","CO",2015,2322.9,2602.7
8,33,"Dolores County","CO",2015,2791.1,10326.3
8,35,"Douglas County","CO",2015,1562.1,1654.6
8,37,"Eagle County","CO",2015,135.9,1172.3
8,39,"Elbert County","CO",2015,47916.6,49388.6
8,41,"El Paso County","CO",2015,2039.1,2268.9
8,43,"Fremont County","CO",2015,531.7,642.3
8,45,"Garfield County","CO",2015,2084.4,4889.9
8,47,"Gilpin County","CO",2015,6.7,6.9
8,49,"Grand County","CO",2015,275.1,488.8
8,51,"Gunnison County","CO",2015,228.2,502.7
8,53,"Hinsdale County","CO",2015,10.6,32.4
8,55,"Huerfano County","CO",2015,381.6,564.9
8,57,"Jackson County","CO",2015,421.6,841.6
8,59,"Jefferson County","CO",2015,68.5,71
8,61,"Kiowa County","CO",2015,261408.7,265600.2
8,63,"Kit Carson County","CO",2015,381833.2,391605.8
8,65,"Lake County","CO",2015,16.8,17.3
8,67,"La Plata County","CO",2015,1093.1,2953.8
8,69,"Larimer County","CO",2015,20640.8,21261.9
8,71,"Las Animas County","CO",2015,6145.1,7031
8,73,"Lincoln County","CO",2015,195756.3,198301.7
8,75,"Logan County","CO",2015,177471,179061.8
8,77,"Mesa County","CO",2015,8296.8,12501.4
8,79,"Mineral County","CO",2015,1.2,1.3
8,81,"Moffat County","CO",2015,1222.7,14074.1
8,83,"Montezuma County","CO",2015,6108.8,14202.6
8,85,"Montrose County","CO",2015,12032.8,15843.7
8,87,"Morgan County","CO",2015,108703.6,109717
8,89,"Otero County","CO",2015,13427.8,14247.9
8,91,"Ouray County","CO",2015,73.4,231.6
8,93,"Park County","CO",2015,260.5,363.9
8,95,"Phillips County","CO",2015,159980.6,165683
8,97,"Pitkin County","CO",2015,31.9,517.9
8,99,"Prowers County","CO",2015,107676.3,112146
8,101,"Pueblo County","CO",2015,4646.3,5093.6
8,103,"Rio Blanco County","CO",2015,678.6,2317.9
8,105,"Rio Grande County","CO",2015,18028.9,27638
8,107,"Routt County","CO",2015,744.7,4749.8
8,109,"Saguache County","CO",2015,9810.6,20195.1
8,113,"San Miguel County","CO",2015,500.9,1070.3
8,115,"Sedgwick County","CO",2015,90667.8,91684.3
8,117,"Summit County","CO",2015,30,39.4
8,119,"Teller County","CO",2015,97.3,105.4
8,121,"Washington County","CO",2015,306218.3,311931.3
8,123,"Weld County","CO",2015,224988,228113.1
8,125,"Yuma County","CO",2015,266535.5,278024.1
9,1,"Fairfield County","CT",2015,332.7,327
9,3,"Hartford County","CT",2015,3025.9,3191.6
9,5,"Litchfield County","CT",2015,3129.9,3060.1
9,7,"Middlesex County","CT",2015,471.4,465.5
9,9,"New Haven County","CT",2015,1100.3,1094.8
9,11,"New London County","CT",2015,3079.2,2980.4
9,13,"Tolland County","CT",2015,2619.6,2626.7
9,15,"Windham County","CT",2015,2902.2,2824.4
10,1,"Kent County","DE",2015,26250.1,43560.4
10,3,"New Castle County","DE",2015,17992.2,19163
10,5,"Sussex County","DE",2015,206466.2,214193.1
12,1,"Alachua County","FL",2015,12039.8,14227.8
12,3,"Baker County","FL",2015,1107.9,1115
12,5,"Bay County","FL",2015,282,316.9
12,7,"Bradford County","FL",2015,1249.1,1376.7
12,9,"Brevard County","FL",2015,4828.7,5007.5
12,11,"Broward County","FL",2015,124.2,126.3
12,13,"Calhoun County","FL",2015,15311,15867
12,15,"Charlotte County","FL",2015,28933.4,29052.6
12,17,"Citrus County","FL",2015,1586.6,1597.6
12,19,"Clay County","FL",2015,2070.3,2224.7
12,21,"Collier County","FL",2015,46378.2,47015.8
12,23,"Columbia County","FL",2015,6332.3,9201.5
12,27,"DeSoto County","FL",2015,125418.6,125456.7
12,29,"Dixie County","FL",2015,2364,2603.2
12,31,"Duval County","FL",2015,1761.1,1812.4
12,33,"Escambia County","FL",2015,20362.1,21272.6
12,35,"Flagler County","FL",2015,1221.2,1289.8
12,37,"Franklin County","FL",2015,23.4,26.7
12,39,"Gadsden County","FL",2015,4311.7,4593
12,41,"Gilchrist County","FL",2015,8726.8,11087.7
12,43,"Glades County","FL",2015,57065,57232.2
12,45,"Gulf County","FL",2015,72.5,82.4
12,47,"Hamilton County","FL",2015,6405.8,10204.1
12,49,"Hardee County","FL",2015,97006,97328.1
12,51,"Hendry County","FL",2015,339439.5,339573.7
12,53,"Hernando County","FL",2015,3880.6,3891.4
12,55,"Highlands County","FL",2015,125103.4,125372.7
12,57,"Hillsborough County","FL",2015,27759.8,30793.4
12,59,"Holmes County","FL",2015,12346.4,13283
12,61,"Indian River County","FL",2015,109869.4,109934.3
12,63,"Jackson County","FL",2015,71599.8,76477.9
12,65,"Jefferson County","FL",2015,8203.6,8764.6
12,67,"Lafayette County","FL",2015,8576.4,10398.2
12,69,"Lake County","FL",2015,27503.2,28258.9
12,71,"Lee County","FL",2015,24427.2,24517.5
12,73,"Leon County","FL",2015,1357.1,1533.2
12,75,"Levy County","FL",2015,13992.3,17252.8
12,77,"Liberty County","FL",2015,309.3,351.8
12,79,"Madison County","FL",2015,10129.2,13442
12,81,"Manatee County","FL",2015,47582.5,48036.1
12,83,"Marion County","FL",2015,15981.2,17341.1
12,85,"Martin County","FL",2015,64524,64771.1
12,86,"Miami-Dade County","FL",2015,19420.8,19517.7
12,87,"Monroe County","FL",2015,1.2,1.2
12,89,"Nassau County","FL",2015,1383.4,1386.5
12,91,"Okaloosa County","FL",2015,7030,7460.4
12,93,"Okeechobee County","FL",2015,21294.8,21436.1
12,95,"Orange County","FL",2015,17081.1,17524.1
12,97,"Osceola County","FL",2015,36715.8,37115.9
12,99,"Palm Beach County","FL",2015,417554.2,419007.8
12,101,"Pasco County","FL",2015,18284.5,18491.8
12,103,"Pinellas County","FL",2015,41.6,41.6
12,105,"Polk County","FL",2015,189543.1,191644.1
12,107,"Putnam County","FL",2015,3288.6,3447.8
12,109,"St. Johns County","FL",2015,3053.1,5031.1
12,111,"St. Lucie County","FL",2015,125177,125179.8
12,113,"Santa Rosa County","FL",2015,32951.7,35501.5
12,115,"Sarasota County","FL",2015,2354.4,2355.8
12,117,"Seminole County","FL",2015,2079.9,2096.4
12,119,"Sumter County","FL",2015,6809.3,6896.3
12,121,"Suwannee County","FL",2015,17501,22546.7
12,123,"Taylor County","FL",2015,1752.5,1759.7
12,125,"Union County","FL",2015,1643.2,1815.2
12,127,"Volusia County","FL",2015,6200.5,6275.5
12,129,"Wakulla County","FL",2015,1661.1,1889.3
12,131,"Walton County","FL",2015,11272.2,12179.4
12,133,"Washington County","FL",2015,8711.6,9322.5
13,1,"Appling County","GA",2015,30170.5,32403.8
13,3,"Atkinson County","GA",2015,22073,23493.3
13,5,"Bacon County","GA",2015,15777.7,16576.3
13,7,"Baker County","GA",2015,20382.2,26870.2
13,9,"Baldwin County","GA",2015,86.2,589.5
13,11,"Banks County","GA",2015,2400.2,2456.1
13,13,"Barrow County","GA",2015,1652.8,1671.8
13,15,"Bartow County","GA",2015,8637.2,10189.9
13,17,"Ben Hill County","GA",2015,14995.3,16180.1
13,19,"Berrien County","GA",2015,43873.7,46508.2
13,21,"Bibb County","GA",2015,713.7,1705.7
13,23,"Bleckley County","GA",2015,17111.6,20918.7
13,25,"Brantley County","GA",2015,1482.1,1687.6
13,27,"Brooks County","GA",2015,66531.5,69779.6
13,29,"Bryan County","GA",2015,1105.2,1213.7
13,31,"Bulloch County","GA",2015,39576.5,45597.7
13,33,"Burke County","GA",2015,30351.3,39870.2
13,35,"Butts County","GA",2015,95.1,819.3
13,37,"Calhoun County","GA",2015,19281.6,27381.1
13,39,"Camden County","GA",2015,263.4,335.5
13,43,"Candler County","GA",2015,9160.4,11325
13,45,"Carroll County","GA",2015,5134.2,5658.6
13,47,"Catoosa County","GA",2015,947.3,1093.2
13,49,"Charlton County","GA",2015,565.6,689.4
13,51,"Chatham County","GA",2015,55.3,69.3
13,53,"Chattahoochee County","GA",2015,81.5,111.9
13,55,"Chattooga County","GA",2015,5615.1,6202.9
13,57,"Cherokee County","GA",2015,869.8,886.9
13,59,"Clarke County","GA",2015,295,299.4
13,61,"Clay County","GA",2015,8278.5,11119.7
13,63,"Clayton County","GA",2015,28.8,31.1
13,65,"Clinch County","GA",2015,727.8,758.8
13,67,"Cobb County","GA",2015,205.6,227.1
13,69,"Coffee County","GA",2015,50056.4,53625.2
13,71,"Colquitt County","GA",2015,64463,68341.4
13,73,"Columbia County","GA",2015,16.8,377.4
13,75,"Cook County","GA",2015,25964.7,28624.5
13,77,"Coweta County","GA",2015,2774.7,3450.6
13,79,"Crawford County","GA",2015,15277.5,16388.5
13,81,"Crisp County","GA",2015,41840.8,45565.9
13,83,"Dade County","GA",2015,672.6,778.2
13,85,"Dawson County","GA",2015,709.5,788.8
13,87,"Decatur County","GA",2015,40112.6,51953.2
13,89,"DeKalb County","GA",2015,11.3,11.5
13,91,"Dodge County","GA",2015,19490.4,22933.8
13,93,"Dooly County","GA",2015,74709.8,78205.4
13,95,"Dougherty County","GA",2015,3351.7,5229.1
13,97,"Douglas County","GA",2015,435.9,685
13,99,"Early County","GA",2015,38222.9,49790.6
13,101,"Echols County","GA",2015,3429.4,3501.7
13,103,"Effingham County","GA",2015,4856.5,7200.5
13,105,"Elbert County","GA",2015,4479,4994
13,107,"Emanuel County","GA",2015,16370,20113.7
13,109,"Evans County","GA",2015,3581.3,4087.1
13,111,"Fannin County","GA",2015,1145.1,1230.3
13,113,"Fayette County","GA",2015,514.4,556.9
13,115,"Floyd County","GA",2015,17317.1,18391.8
13,117,"Forsyth County","GA",2015,661.5,681.4
13,119,"Franklin County","GA",2015,6858.8,7061.2
13,121,"Fulton County","GA",2015,952.6,987
13,123,"Gilmer County","GA",2015,7089.2,7178.1
13,125,"Glascock County","GA",2015,1339.8,2200.5
13,127,"Glynn County","GA",2015,170.8,221.5
13,129,"Gordon County","GA",2015,14665.6,15906.9
13,131,"Grady County","GA",2015,26849.1,32324.7
13,133,"Greene County","GA",2015,230.9,1498.6
13,135,"Gwinnett County","GA",2015,1409.6,1412.2
13,137,"Habersham County","GA",2015,3313.5,3633.4
13,139,"Hall County","GA",2015,6369,6697.2
13,141,"Hancock County","GA",2015,479.5,1099.4
13,143,"Haralson County","GA",2015,1361,1499.5
13,145,"Harris County","GA",2015,1159.4,1536.2
13,147,"Hart County","GA",2015,12874.8,13460
13,149,"Heard County","GA",2015,1336.2,1468.5
13,151,"Henry County","GA",2015,1182.2,1288.9
13,153,"Houston County","GA",2015,15898,18813.9
13,155,"Irwin County","GA",2015,48789.4,51869
13,157,"Jackson County","GA",2015,5432.9,5545.2
13,159,"Jasper County","GA",2015,162,1461.3
13,161,"Jeff Davis County","GA",2015,25793.4,28316.3
13,163,"Jefferson County","GA",2015,17934.1,27249.9
13,165,"Jenkins County","GA",2015,16335.7,19811.4
13,167,"Johnson County","GA",2015,6506.3,9119.4
13,169,"Jones County","GA",2015,39.4,737.8
13,171,"Lamar County","GA",2015,2162.4,3198.1
13,173,"Lanier County","GA",2015,10691.5,11238.7
13,175,"Laurens County","GA",2015,16006.4,21016.5
13,177,"Lee County","GA",2015,21496.9,27714.4
13,179,"Liberty County","GA",2015,139.7,182.2
13,181,"Lincoln County","GA",2015,587,587
13,183,"Long County","GA",2015,923.1,1108.7
13,185,"Lowndes County","GA",2015,12044.1,13507.6
13,187,"Lumpkin County","GA",2015,1667.6,1710.8
13,189,"McDuffie County","GA",2015,34.2,1144.1
13,191,"McIntosh County","GA",2015,589.5,751.3
13,193,"Macon County","GA",2015,22601.8,31250.5
13,195,"Madison County","GA",2015,5260.9,5337.4
13,197,"Marion County","GA",2015,2370.4,4176.2
13,199,"Meriwether County","GA",2015,3039,3648
13,201,"Miller County","GA",2015,36711.4,48648.3
13,205,"Mitchell County","GA",2015,68178.4,81523.8
13,207,"Monroe County","GA",2015,39.1,921.1
13,209,"Montgomery County","GA",2015,9381.3,11090.4
13,211,"Morgan County","GA",2015,707.2,4369.6
13,213,"Murray County","GA",2015,11122.2,11913.6
13,215,"Muscogee County","GA",2015,202,218.4
13,217,"Newton County","GA",2015,615.5,2022.1
13,219,"Oconee County","GA",2015,33288.5,33395.5
13,221,"Oglethorpe County","GA",2015,6627.6,6921.2
13,223,"Paulding County","GA",2015,392,458.8
13,225,"Peach County","GA",2015,6012.6,8101.4
13,227,"Pickens County","GA",2015,895.4,980.1
13,229,"Pierce County","GA",2015,17403.3,19096.3
13,231,"Pike County","GA",2015,1783.2,2448.3
13,233,"Polk County","GA",2015,5754.5,6473.4
13,235,"Pulaski County","GA",2015,29701.7,34003.6
13,237,"Putnam County","GA",2015,545.5,2036.3
13,239,"Quitman County","GA",2015,672.4,984.3
13,241,"Rabun County","GA",2015,461.6,490.9
13,243,"Randolph County","GA",2015,16285.3,24755.7
13,245,"Richmond County","GA",2015,193.1,670.3
13,247,"Rockdale County","GA",2015,76.4,276.5
13,249,"Schley County","GA",2015,2035.8,2836.6
13,251,"Screven County","GA",2015,22591.8,27918.3
13,253,"Seminole County","GA",2015,28015,35259.4
13,255,"Spalding County","GA",2015,1232,1658.8
13,257,"Stephens County","GA",2015,1087.9,1124.6
13,259,"Stewart County","GA",2015,4151.2,5502.8
13,261,"Sumter County","GA",2015,30097.8,38780.2
13,263,"Talbot County","GA",2015,1199.7,1395.8
13,265,"Taliaferro County","GA",2015,1.7,461.1
13,267,"Tattnall County","GA",2015,20263.9,22130
13,269,"Taylor County","GA",2015,4756.5,6960.3
13,271,"Telfair County","GA",2015,13131.2,13647.5
13,273,"Terrell County","GA",2015,26092.1,33624.6
13,275,"Thomas County","GA",2015,30010.2,35170.2
13,277,"Tift County","GA",2015,28982.6,31475.8
13,279,"Toombs County","GA",2015,11878.6,13333.4
13,281,"Towns County","GA",2015,232.1,269.9
13,283,"Treutlen County","GA",2015,4019,4904.7
13,285,"Troup County","GA",2015,1530.1,1659.4
13,287,"Turner County","GA",2015,34280.8,36577
13,289,"Twiggs County","GA",2015,7758.6,8533.4
13,291,"Union County","GA",2015,1208.2,1303.6
13,293,"Upson County","GA",2015,1839.1,2386.5
13,295,"Walker County","GA",2015,9971.2,11108.8
13,297,"Walton County","GA",2015,4579.1,4711.5
13,299,"Ware County","GA",2015,7479,8267.9
13,301,"Warren County","GA",2015,1966.6,3306.8
13,303,"Washington County","GA",2015,9504.5,14390.6
13,305,"Wayne County","GA",2015,12185.9,13336.4
13,307,"Webster County","GA",2015,8620.7,10715.9
13,309,"Wheeler County","GA",2015,5203,6811.6
13,311,"White County","GA",2015,1549.6,1801.1
13,313,"Whitfield County","GA",2015,2691.9,3016
13,315,"Wilcox County","GA",2015,29755.9,32040.7
13,317,"Wilkes County","GA",2015,3359.8,3614.1
13,319,"Wilkinson County","GA",2015,638.4,1233.4
13,321,"Worth County","GA",2015,66820.3,72489.3
16,1,"Ada County","ID",2015,9829.3,10089.9
16,3,"Adams County","ID",2015,683.7,736.2
16,5,"Bannock County","ID",2015,6747.6,7830.7
16,7,"Bear Lake County","ID",2015,3199,4372.9
16,9,"Benewah County","ID",2015,18904.7,20064.4
16,11,"Bingham County","ID",2015,64350.5,67034.9
16,13,"Blaine County","ID",2015,3739.8,4356.8
16,15,"Boise County","ID",2015,196.8,205.6
16,17,"Bonner County","ID",2015,753,872.7
16,19,"Bonneville County","ID",2015,23472.8,25413.8
16,21,"Boundary County","ID",2015,9685.3,10422.3
16,23,"Butte County","ID",2015,4983.3,6453
16,25,"Camas County","ID",2015,4006.9,5141.7
16,27,"Canyon County","ID",2015,40200.9,42547.2
16,29,"Caribou County","ID",2015,16279.9,17777.8
16,31,"Cassia County","ID",2015,60582.2,65832.6
16,33,"Clark County","ID",2015,3339.7,4301.5
16,35,"Clearwater County","ID",2015,5348.8,5604.8
16,37,"Custer County","ID",2015,1794.9,2405.3
16,39,"Elmore County","ID",2015,26338.2,27378.8
16,41,"Franklin County","ID",2015,11951.3,13353.9
16,43,"Fremont County","ID",2015,15477.2,16527
16,45,"Gem County","ID",2015,3702.8,4003.5
16,47,"Gooding County","ID",2015,25429.3,26443.2
16,49,"Idaho County","ID",2015,52415.3,54385.9
16,51,"Jefferson County","ID",2015,25266.6,28494.8
16,53,"Jerome County","ID",2015,29437.9,30665.7
16,55,"Kootenai County","ID",2015,10039.9,11377.3
16,57,"Latah County","ID",2015,53732.8,58772.5
16,59,"Lemhi County","ID",2015,1784.4,2527.3
16,61,"Lewis County","ID",2015,45180.9,47204.6
16,63,"Lincoln County","ID",2015,17148.6,17780
16,65,"Madison County","ID",2015,13932.7,15094.3
16,67,"Minidoka County","ID",2015,56073.4,57785.1
16,69,"Nez Perce County","ID",2015,52327.4,56075.9
16,71,"Oneida County","ID",2015,11572,13711.3
16,73,"Owyhee County","ID",2015,24536.8,25119.3
16,75,"Payette County","ID",2015,9604.6,10054.9
16,77,"Power County","ID",2015,40461.6,42331.4
16,79,"Shoshone County","ID",2015,38.1,56.8
16,81,"Teton County","ID",2015,6677.7,7366.7
16,83,"Twin Falls County","ID",2015,36652.9,40591.4
16,85,"Valley County","ID",2015,761.6,788.7
16,87,"Washington County","ID",2015,10791.9,11388.9
17,1,"Adams County","IL",2015,155500.4,162947.9
17,3,"Alexander County","IL",2015,51944.2,52443.4
17,5,"Bond County","IL",2015,63743.3,67101.5
17,7,"Boone County","IL",2015,49954.9,51499.3
17,9,"Brown County","IL",2015,39418.4,41410.6
17,11,"Bureau County","IL",2015,214777.3,220097.2
17,13,"Calhoun County","IL",2015,16653.6,17425.6
17,15,"Carroll County","IL",2015,91600.2,94386.5
17,17,"Cass County","IL",2015,67283.7,69497.5
17,19,"Champaign County","IL",2015,275631.7,282249.8
17,21,"Christian County","IL",2015,166310.2,170647.8
17,23,"Clark County","IL",2015,85826,87166.8
17,25,"Clay County","IL",2015,80102.3,81587.8
17,27,"Clinton County","IL",2015,194252.6,199047.8
17,29,"Coles County","IL",2015,105592.5,107100.3
17,31,"Cook County","IL",2015,3108.4,3267.2
17,33,"Crawford County","IL",2015,78209.7,79447.3
17,35,"Cumberland County","IL",2015,62258.2,63121.2
17,37,"DeKalb County","IL",2015,145663.8,149837.9
17,39,"De Witt County","IL",2015,124160.9,126252.1
17,41,"Douglas County","IL",2015,100025.6,101628.7
17,43,"DuPage County","IL",2015,1838.9,1879.7
17,45,"Edgar County","IL",2015,147593.9,149530.9
17,47,"Edwards County","IL",2015,35426.2,36331.4
17,49,"Effingham County","IL",2015,83687.6,85512.5
17,51,"Fayette County","IL",2015,116295.6,118373.1
17,53,"Ford County","IL",2015,144118.3,147703.7
17,55,"Franklin County","IL",2015,44498.7,45696.3
17,57,"Fulton County","IL",2015,134345.2,140396.4
17,59,"Gallatin County","IL",2015,57441.5,59205.9
17,61,"Greene County","IL",2015,92634,95513.3
17,63,"Grundy County","IL",2015,89657.2,91481.1
17,65,"Hamilton County","IL",2015,66940.9,68804.5
17,67,"Hancock County","IL",2015,181722.9,188495.1
17,69,"Hardin County","IL",2015,4071.9,4352.5
17,71,"Henderson County","IL",2015,83760,87633.1
17,73,"Henry County","IL",2015,210116.8,215484.1
17,75,"Iroquois County","IL",2015,315328.3,323387.5
17,77,"Jackson County","IL",2015,146805,150014.6
17,79,"Jasper County","IL",2015,99049.1,100321.5
17,81,"Jefferson County","IL",2015,54382.7,56187.2
17,83,"Jersey County","IL",2015,50999,52837.2
17,85,"Jo Daviess County","IL",2015,73099.1,75868.5
17,87,"Johnson County","IL",2015,31058,31930.7
17,89,"Kane County","IL",2015,58465.7,60514.4
17,91,"Kankakee County","IL",2015,159985.9,164728.1
17,93,"Kendall County","IL",2015,60314.3,61808.5
17,95,"Knox County","IL",2015,160852.4,168084
17,97,"Lake County","IL",2015,8059.6,8505.3
17,99,"LaSalle County","IL",2015,244550.6,250219.3
17,101,"Lawrence County","IL",2015,71192.2,72213.7
17,103,"Lee County","IL",2015,184040.2,188854.6
17,105,"Livingston County","IL",2015,299958.2,307233.9
17,107,"Logan County","IL",2015,203981,208068.3
17,109,"McDonough County","IL",2015,144854.7,150975
17,111,"McHenry County","IL",2015,69403.8,72129.8
17,113,"McLean County","IL",2015,377657.2,384276.4
17,115,"Macon County","IL",2015,171543.3,174603.2
17,117,"Macoupin County","IL",2015,150413.8,155178.9
17,119,"Madison County","IL",2015,104909.1,109524.9
17,121,"Marion County","IL",2015,73052.2,74748.5
17,123,"Marshall County","IL",2015,109228.5,111606.8
17,125,"Mason County","IL",2015,125465.8,128861.7
17,127,"Massac County","IL",2015,23841.9,25033.5
17,129,"Menard County","IL",2015,86254.8,87980.2
17,131,"Mercer County","IL",2015,129900.1,133348
17,133,"Monroe County","IL",2015,136854.6,140776.8
17,135,"Montgomery County","IL",2015,139636.1,143749.6
17,137,"Morgan County","IL",2015,111739,114946.8
17,139,"Moultrie County","IL",2015,73937,75052.7
17,141,"Ogle County","IL",2015,165563.8,170351.7
17,143,"Peoria County","IL",2015,118823.3,121571.5
17,145,"Perry County","IL",2015,141313,145160
17,147,"Piatt County","IL",2015,133983.7,137209.3
17,149,"Pike County","IL",2015,118141.8,122548.9
17,151,"Pope County","IL",2015,8880.3,9108.9
17,153,"Pulaski County","IL",2015,64120.6,65010.4
17,155,"Putnam County","IL",2015,30942.6,31721.8
17,157,"Randolph County","IL",2015,183971.3,188668.8
17,159,"Richland County","IL",2015,73436.3,74436
17,161,"Rock Island County","IL",2015,58332.4,59928.1
17,163,"St. Clair County","IL",2015,204459,208410.5
17,165,"Saline County","IL",2015,39085.7,40437.3
17,167,"Sangamon County","IL",2015,165099.1,169908.6
17,169,"Schuyler County","IL",2015,69872.6,73186.3
17,171,"Scott County","IL",2015,42596.3,43866.1
17,173,"Shelby County","IL",2015,155513.7,158099.2
17,175,"Stark County","IL",2015,97954.8,99718.3
17,177,"Stephenson County","IL",2015,130640.8,134936.7
17,179,"Tazewell County","IL",2015,158689.6,162225.7
17,181,"Union County","IL",2015,47406,48613.9
17,183,"Vermilion County","IL",2015,228224.2,233566.8
17,185,"Wabash County","IL",2015,36066.9,37050.2
17,187,"Warren County","IL",2015,154013.1,159763.7
17,189,"Washington County","IL",2015,256215.2,262588.8
17,191,"Wayne County","IL",2015,108339.9,111685.3
17,193,"White County","IL",2015,80489,83335.9
17,195,"Whiteside County","IL",2015,158723,163161.2
17,197,"Will County","IL",2015,93509.6,96113.6
17,199,"Williamson County","IL",2015,50157.5,51347.9
17,201,"Winnebago County","IL",2015,65871.4,67824.2
17,203,"Woodford County","IL",2015,151191.7,154038.4
18,1,"Adams County","IN",2015,73802.3,75247.6
18,3,"Allen County","IN",2015,93511.9,95544.6
18,5,"Bartholomew County","IN",2015,71507.3,73007
18,7,"Benton County","IN",2015,206413.1,207775.4
18,9,"Blackford County","IN",2015,49099.8,50092.5
18,11,"Boone County","IN",2015,108832.3,110705
18,13,"Brown County","IN",2015,1948.8,2136.9
18,15,"Carroll County","IN",2015,70675.5,77110.3
18,17,"Cass County","IN",2015,71552.6,78213.5
18,19,"Clark County","IN",2015,37076.3,38498
18,21,"Clay County","IN",2015,85724.7,91500.6
18,23,"Clinton County","IN",2015,115905.3,117973.1
18,25,"Crawford County","IN",2015,2468.1,3222.6
18,27,"Daviess County","IN",2015,116441.5,117161.2
18,29,"Dearborn County","IN",2015,13583.6,14048.1
18,31,"Decatur County","IN",2015,84381.4,86342.3
18,33,"DeKalb County","IN",2015,64887.9,66239.5
18,35,"Delaware County","IN",2015,108500.5,110816.6
18,37,"Dubois County","IN",2015,77478.9,78039
18,39,"Elkhart County","IN",2015,41811,46457.8
18,41,"Fayette County","IN",2015,49084.4,50340.8
18,43,"Floyd County","IN",2015,4419.2,4771.8
18,45,"Fountain County","IN",2015,114639.2,122254.4
18,47,"Franklin County","IN",2015,47853.5,49816.2
18,49,"Fulton County","IN",2015,64687,70683.4
18,51,"Gibson County","IN",2015,139814.3,140975.1
18,53,"Grant County","IN",2015,100321.1,101725.9
18,55,"Greene County","IN",2015,76412.4,77031.5
18,57,"Hamilton County","IN",2015,61934.2,63138.2
18,59,"Hancock County","IN",2015,76411.9,77836.5
18,61,"Harrison County","IN",2015,38202.3,40134.7
18,63,"Hendricks County","IN",2015,74306,76040
18,65,"Henry County","IN",2015,109439.5,112031.2
18,67,"Howard County","IN",2015,72748,74003.9
18,69,"Huntington County","IN",2015,86105.3,87383.2
18,71,"Jackson County","IN",2015,87607.4,89205.2
18,73,"Jasper County","IN",2015,223590.5,225230.2
18,75,"Jay County","IN",2015,115404.3,117866.3
18,77,"Jefferson County","IN",2015,45577.3,46895.4
18,79,"Jennings County","IN",2015,57596,59768.6
18,81,"Johnson County","IN",2015,53460.4,54897.1
18,83,"Knox County","IN",2015,169811.6,171040.6
18,85,"Kosciusko County","IN",2015,77455.2,85009.1
18,87,"LaGrange County","IN",2015,39850.9,42073.5
18,89,"Lake County","IN",2015,91859.2,92908.3
18,91,"LaPorte County","IN",2015,182781.2,185539.4
18,93,"Lawrence County","IN",2015,29770.4,32284.4
18,95,"Madison County","IN",2015,99531.5,101295.8
18,97,"Marion County","IN",2015,8430.9,8775.6
18,99,"Marshall County","IN",2015,63878.8,69984.6
18,101,"Martin County","IN",2015,23667.8,23878.7
18,103,"Miami County","IN",2015,69302.2,76345.8
18,105,"Monroe County","IN",2015,9402.8,10348.8
18,107,"Montgomery County","IN",2015,154699.6,164917
18,109,"Morgan County","IN",2015,45927.6,47481.2
18,111,"Newton County","IN",2015,162859.5,164737.4
18,113,"Noble County","IN",2015,60440.3,61964.6
18,115,"Ohio County","IN",2015,4464.7,4631.7
18,117,"Orange County","IN",2015,32724.1,34005.8
18,119,"Owen County","IN",2015,31436.4,34169.8
18,121,"Parke County","IN",2015,80810,86811.4
18,123,"Perry County","IN",2015,17536.5,18395
18,125,"Pike County","IN",2015,57584.7,57972.4
18,127,"Porter County","IN",2015,104679.3,105843.3
18,129,"Posey County","IN",2015,120986.2,122129.9
18,131,"Pulaski County","IN",2015,152044.4,153230
18,133,"Putnam County","IN",2015,93208.4,99849.4
18,135,"Randolph County","IN",2015,142160.2,145447.7
18,137,"Ripley County","IN",2015,69362.3,71836.6
18,139,"Rush County","IN",2015,112796,115058.9
18,141,"St. Joseph County","IN",2015,46541,50957.3
18,143,"Scott County","IN",2015,23790.8,24535
18,145,"Shelby County","IN",2015,103612.7,105384.4
18,147,"Spencer County","IN",2015,91827.4,92534.3
18,149,"Starke County","IN",2015,76676.4,77514.2
18,151,"Steuben County","IN",2015,37154.7,38437
18,153,"Sullivan County","IN",2015,102792.3,103445.4
18,155,"Switzerland County","IN",2015,11551.6,11940.6
18,157,"Tippecanoe County","IN",2015,122070.1,130297.3
18,159,"Tipton County","IN",2015,79699.7,80865.8
18,161,"Union County","IN",2015,42758.6,43894.5
18,163,"Vanderburgh County","IN",2015,45617.2,46118.1
18,165,"Vermillion County","IN",2015,47059.9,50301.5
18,167,"Vigo County","IN",2015,66547.2,71129.4
18,169,"Wabash County","IN",2015,70817.9,77694.8
18,171,"Warren County","IN",2015,105043.2,111681.7
18,173,"Warrick County","IN",2015,59837.7,60292.5
18,175,"Washington County","IN",2015,62183.3,64377.7
18,177,"Wayne County","IN",2015,92126.1,94635.3
18,179,"Wells County","IN",2015,90125.6,91450
18,181,"White County","IN",2015,219659.5,221404.9
18,183,"Whitley County","IN",2015,62788.8,64073.6
19,1,"Adair County","IA",2015,146774.3,150323.9
19,3,"Adams County","IA",2015,95588.3,97761.1
19,5,"Allamakee County","IA",2015,58231.1,60412.7
19,7,"Appanoose County","IA",2015,44068,44857.6
19,9,"Audubon County","IA",2015,119179.1,121498.9
19,11,"Benton County","IA",2015,186240,190096.6
19,13,"Black Hawk County","IA",2015,115743.5,117694.5
19,15,"Boone County","IA",2015,122654.9,124421.5
19,17,"Bremer County","IA",2015,92948.1,94654.8
19,19,"Buchanan County","IA",2015,123271.1,125565.6
19,21,"Buena Vista County","IA",2015,159919.4,161726.9
19,23,"Butler County","IA",2015,126629.7,129399.7
19,25,"Calhoun County","IA",2015,175674.5,178254.6
19,27,"Carroll County","IA",2015,168524.9,171631.2
19,29,"Cass County","IA",2015,168769,171721.3
19,31,"Cedar County","IA",2015,140563.3,143352.8
19,33,"Cerro Gordo County","IA",2015,133818,136374.1
19,35,"Cherokee County","IA",2015,150484.1,152335
19,37,"Chickasaw County","IA",2015,112602.7,114641.9
19,39,"Clarke County","IA",2015,42746.8,43814.3
19,41,"Clay County","IA",2015,146705.3,148606.5
19,43,"Clayton County","IA",2015,91961.8,94702.9
19,45,"Clinton County","IA",2015,156062,159504.6
19,47,"Crawford County","IA",2015,203760.7,208046.1
19,49,"Dallas County","IA",2015,114391.6,116063.2
19,51,"Davis County","IA",2015,49242,52508.3
19,53,"Decatur County","IA",2015,44294.6,45373.9
19,55,"Delaware County","IA",2015,112421.4,115019.6
19,57,"Des Moines County","IA",2015,67670.6,70108.9
19,59,"Dickinson County","IA",2015,89866.5,91371.2
19,61,"Dubuque County","IA",2015,81022.1,83589.9
19,63,"Emmet County","IA",2015,107376.3,108595.1
19,65,"Fayette County","IA",2015,144808.4,147754.5
19,67,"Floyd County","IA",2015,119798.8,122480.9
19,69,"Franklin County","IA",2015,150040.1,152922
19,71,"Fremont County","IA",2015,146605.5,148263.4
19,73,"Greene County","IA",2015,165483.8,168365.6
19,75,"Grundy County","IA",2015,135739,137570.7
19,77,"Guthrie County","IA",2015,117049.5,120320.3
19,79,"Hamilton County","IA",2015,141015.5,142973.3
19,81,"Hancock County","IA",2015,145349.9,148299.7
19,83,"Hardin County","IA",2015,128239.8,130123.9
19,85,"Harrison County","IA",2015,173464.4,176555.1
19,87,"Henry County","IA",2015,74860.6,77744.7
19,89,"Howard County","IA",2015,106121.7,108013.8
19,91,"Humboldt County","IA",2015,115922.7,118071.2
19,93,"Ida County","IA",2015,127672.2,130234.5
19,95,"Iowa County","IA",2015,118758.7,121783.7
19,97,"Jackson County","IA",2015,86069.4,90160
19,99,"Jasper County","IA",2015,152011.4,154282.8
19,101,"Jefferson County","IA",2015,67653.6,70197.7
19,103,"Johnson County","IA",2015,105989.2,108786.6
19,105,"Jones County","IA",2015,109798.9,112619.9
19,107,"Keokuk County","IA",2015,111256.3,115527.3
19,109,"Kossuth County","IA",2015,260045.7,264842.4
19,111,"Lee County","IA",2015,69710,72429.9
19,113,"Linn County","IA",2015,132383.7,135571.9
19,115,"Louisa County","IA",2015,77770.3,80326.1
19,117,"Lucas County","IA",2015,37282.3,38289.1
19,119,"Lyon County","IA",2015,150862.9,152928.1
19,121,"Madison County","IA",2015,88715.7,90314.4
19,123,"Mahaska County","IA",2015,119353.1,123398
19,125,"Marion County","IA",2015,96163,97779
19,127,"Marshall County","IA",2015,135831.6,137760.7
19,129,"Mills County","IA",2015,129184.6,130782.1
19,131,"Mitchell County","IA",2015,118468.1,120989.2
19,133,"Monona County","IA",2015,179228.3,182348.9
19,135,"Monroe County","IA",2015,37379.5,38471
19,137,"Montgomery County","IA",2015,123908.2,125901.8
19,139,"Muscatine County","IA",2015,84481.6,86277.7
19,141,"O'Brien County","IA",2015,153508.7,155295
19,143,"Osceola County","IA",2015,116965,118148.6
19,145,"Page County","IA",2015,147258.4,149635.4
19,147,"Palo Alto County","IA",2015,146173.2,147837
19,149,"Plymouth County","IA",2015,214818.5,218238.8
19,151,"Pocahontas County","IA",2015,161851,163466.7
19,153,"Polk County","IA",2015,73753.7,74805.3
19,155,"Pottawattamie County","IA",2015,286832,290182.9
19,157,"Poweshiek County","IA",2015,126827.2,128758.8
19,159,"Ringgold County","IA",2015,62570,64328.1
19,161,"Sac County","IA",2015,166569.7,169421.3
19,163,"Scott County","IA",2015,92368.8,94181.3
19,165,"Shelby County","IA",2015,175798.8,178935.1
19,167,"Sioux County","IA",2015,214520.8,216890.1
19,169,"Story County","IA",2015,131922.4,133777.3
19,171,"Tama County","IA",2015,150224.1,152467.2
19,173,"Taylor County","IA",2015,122399,125310.1
19,175,"Union County","IA",2015,61591.8,63206.2
19,177,"Van Buren County","IA",2015,48567.2,51707.4
19,179,"Wapello County","IA",2015,54839.3,57946.9
19,181,"Warren County","IA",2015,83798.2,85355.9
19,183,"Washington County","IA",2015,106627.2,110716.6
19,185,"Wayne County","IA",2015,69820.2,71258.4
19,187,"Webster County","IA",2015,174447.2,176814.1
19,189,"Winnebago County","IA",2015,104816.2,106824.2
19,191,"Winneshiek County","IA",2015,106937.9,109722.4
19,193,"Woodbury County","IA",2015,221873.8,226356.4
19,195,"Worth County","IA",2015,98296.6,100262.2
19,197,"Wright County","IA",2015,150590.7,153363.5
20,1,"Allen County","KS",2015,61289.4,63510.9
20,3,"Anderson County","KS",2015,86325,87448.7
20,5,"Atchison County","KS",2015,89003.8,89773.8
20,7,"Barber County","KS",2015,36503.9,37213
20,9,"Barton County","KS",2015,181354.3,185340
20,11,"Bourbon County","KS",2015,30687.1,31763.3
20,13,"Brown County","KS",2015,177538.9,179017.1
20,15,"Butler County","KS",2015,92411.4,96442.1
20,17,"Chase County","KS",2015,22361.5,22903.8
20,19,"Chautauqua County","KS",2015,10785.7,11287
20,21,"Cherokee County","KS",2015,94383.2,98055.8
20,23,"Cheyenne County","KS",2015,161717.1,163206.8
20,25,"Clark County","KS",2015,41691,41917.6
20,27,"Clay County","KS",2015,188196.7,190460.7
20,29,"Cloud County","KS",2015,162116.5,164780.3
20,31,"Coffey County","KS",2015,74650.3,75305.8
20,33,"Comanche County","KS",2015,25992.2,26566
20,35,"Cowley County","KS",2015,84135.6,88858.8
20,37,"Crawford County","KS",2015,73832.4,76648.3
20,39,"Decatur County","KS",2015,150215,151018.3
20,41,"Dickinson County","KS",2015,136289.3,139367.7
20,43,"Doniphan County","KS",2015,116733,117583.1
20,45,"Douglas County","KS",2015,43099.7,43608
20,47,"Edwards County","KS",2015,109155.5,112972.2
20,49,"Elk County","KS",2015,14985.6,15633.1
20,51,"Ellis County","KS",2015,109369.7,111167.5
20,53,"Ellsworth County","KS",2015,72540.9,73834.7
20,55,"Finney County","KS",2015,215949.9,220445
20,57,"Ford County","KS",2015,163703.8,165142.1
20,59,"Franklin County","KS",2015,78024.1,78839.9
20,61,"Geary County","KS",2015,20873.8,21595.3
20,63,"Gove County","KS",2015,158625.5,162679.3
20,65,"Graham County","KS",2015,151903.7,152614.9
20,67,"Grant County","KS",2015,98271.4,99002.7
20,69,"Gray County","KS",2015,164211.2,166083.3
20,71,"Greeley County","KS",2015,210752.2,213866.3
20,73,"Greenwood County","KS",2015,32321.2,33596.7
20,75,"Hamilton County","KS",2015,113965.7,114727.6
20,77,"Harper County","KS",2015,59085.6,60341.1
20,79,"Harvey County","KS",2015,118023.8,122901.6
20,81,"Haskell County","KS",2015,134469.7,135918.3
20,83,"Hodgeman County","KS",2015,94475.9,94829.6
20,85,"Jackson County","KS",2015,65034.8,65951.9
20,87,"Jefferson County","KS",2015,73404.3,74223.4
20,89,"Jewell County","KS",2015,212427.9,215518.1
20,91,"Johnson County","KS",2015,24857.3,25083.1
20,93,"Kearny County","KS",2015,141308.9,143802.3
20,95,"Kingman County","KS",2015,54899.7,56585.7
20,97,"Kiowa County","KS",2015,65213.7,67094.1
20,99,"Labette County","KS",2015,72023.9,74881.8
20,101,"Lane County","KS",2015,165900,167576.9
20,103,"Leavenworth County","KS",2015,38335.2,38830.7
20,105,"Lincoln County","KS",2015,93820.9,95504.8
20,107,"Linn County","KS",2015,57139,57516
20,109,"Logan County","KS",2015,150092.8,153645.9
20,111,"Lyon County","KS",2015,76516.7,77953.3
20,113,"McPherson County","KS",2015,167643.6,171148.7
20,115,"Marion County","KS",2015,148263.8,151030.6
20,117,"Marshall County","KS",2015,203248.9,208038
20,119,"Meade County","KS",2015,140661,141769.3
20,121,"Miami County","KS",2015,46301.2,46719.5
20,123,"Mitchell County","KS",2015,182224.2,185406.2
20,125,"Montgomery County","KS",2015,62892.1,65515.4
20,127,"Morris County","KS",2015,53668,54904.2
20,129,"Morton County","KS",2015,101161.1,101534.1
20,131,"Nemaha County","KS",2015,179442.6,181662.2
20,133,"Neosho County","KS",2015,56444.8,58693.2
20,135,"Ness County","KS",2015,172202.5,173615.8
20,137,"Norton County","KS",2015,161661.5,162301.1
20,139,"Osage County","KS",2015,82291.2,83526
20,141,"Osborne County","KS",2015,135316.1,137882.8
20,143,"Ottawa County","KS",2015,133043.2,134926.7
20,145,"Pawnee County","KS",2015,129935.4,133072
20,147,"Phillips County","KS",2015,152145.4,155369.6
20,149,"Pottawatomie County","KS",2015,72382.9,73368.7
20,151,"Pratt County","KS",2015,101989.6,105614.1
20,153,"Rawlins County","KS",2015,197222.1,198389.5
20,155,"Reno County","KS",2015,143775.1,148701.2
20,157,"Republic County","KS",2015,257827.7,261867.3
20,159,"Rice County","KS",2015,157973.5,160844
20,161,"Riley County","KS",2015,43623.6,45369.4
20,163,"Rooks County","KS",2015,141395.9,144493.1
20,165,"Rush County","KS",2015,118188.3,119802.3
20,167,"Russell County","KS",2015,87673.6,88857
20,169,"Saline County","KS",2015,98015.7,100170.5
20,171,"Scott County","KS",2015,207177.7,210211.8
20,173,"Sedgwick County","KS",2015,120634.9,125114
20,175,"Seward County","KS",2015,114665.8,116174.8
20,177,"Shawnee County","KS",2015,49018.4,49456.3
20,179,"Sheridan County","KS",2015,236156.2,237459
20,181,"Sherman County","KS",2015,261876.8,265368.3
20,183,"Smith County","KS",2015,218909.7,223022.8
20,185,"Stafford County","KS",2015,101950.3,105678.2
20,187,"Stanton County","KS",2015,142332.7,143039.7
20,189,"Stevens County","KS",2015,154861.8,157449.7
20,191,"Sumner County","KS",2015,191123,197516.8
20,193,"Thomas County","KS",2015,293605.1,295296.2
20,195,"Trego County","KS",2015,150175.3,151641.2
20,197,"Wabaunsee County","KS",2015,35417.5,36100.6
20,199,"Wallace County","KS",2015,154140.8,157619.7
20,201,"Washington County","KS",2015,252139.6,255661.1
20,203,"Wichita County","KS",2015,175565.9,178196.1
20,205,"Wilson County","KS",2015,67396.5,70087.4
20,207,"Woodson County","KS",2015,35670,37100.5
20,209,"Wyandotte County","KS",2015,3531.1,3565.4
21,1,"Adair County","KY",2015,17788.2,18955.3
21,3,"Allen County","KY",2015,15142.9,16336.6
21,5,"Anderson County","KY",2015,2101.4,2294
21,7,"Ballard County","KY",2015,31136.1,35193.9
21,9,"Barren County","KY",2015,47815.4,50283.9
21,11,"Bath County","KY",2015,6963.8,7379.2
21,13,"Bell County","KY",2015,331.5,338
21,15,"Boone County","KY",2015,6277.9,6422.6
21,17,"Bourbon County","KY",2015,12089.3,12869.3
21,19,"Boyd County","KY",2015,1192.3,1262.3
21,21,"Boyle County","KY",2015,6846.3,7226.3
21,23,"Bracken County","KY",2015,2642.5,2878.4
21,25,"Breathitt County","KY",2015,546.8,587.5
21,27,"Breckinridge County","KY",2015,51815.4,53863.1
21,29,"Bullitt County","KY",2015,6952.5,7247.1
21,31,"Butler County","KY",2015,36874,38042.1
21,33,"Caldwell County","KY",2015,47663.7,49279
21,35,"Calloway County","KY",2015,37174.7,41909.3
21,37,"Campbell County","KY",2015,973.8,1025.9
21,39,"Carlisle County","KY",2015,24823,27615.2
21,41,"Carroll County","KY",2015,5529.3,5628.1
21,43,"Carter County","KY",2015,3956.9,4197.2
21,45,"Casey County","KY",2015,16232,17319.6
21,47,"Christian County","KY",2015,121553.5,125565
21,49,"Clark County","KY",2015,7229,7665.2
21,51,"Clay County","KY",2015,996.6,1135.2
21,53,"Clinton County","KY",2015,4334.2,4743.9
21,55,"Crittenden County","KY",2015,28311.3,29176.6
21,57,"Cumberland County","KY",2015,6156,6507
21,59,"Daviess County","KY",2015,96014.1,98682.7
21,61,"Edmonson County","KY",2015,12255.7,12689.1
21,63,"Elliott County","KY",2015,1998.5,2085.9
21,65,"Estill County","KY",2015,2731.1,3000.9
21,67,"Fayette County","KY",2015,7168.9,7633.4
21,69,"Fleming County","KY",2015,15266.7,15972.2
21,71,"Floyd County","KY",2015,251,281.7
21,73,"Franklin County","KY",2015,3237.1,3478.3
21,75,"Fulton County","KY",2015,29502.3,32672.2
21,77,"Gallatin County","KY",2015,4520.7,4666.8
21,79,"Garrard County","KY",2015,3492.3,3937.9
21,81,"Grant County","KY",2015,1685.1,1909.3
21,83,"Graves County","KY",2015,76960.4,86412.3
21,85,"Grayson County","KY",2015,32478.3,33789.3
21,87,"Green County","KY",2015,19580.1,20634.1
21,89,"Greenup County","KY",2015,3559,3847.4
21,91,"Hancock County","KY",2015,16537.4,17155.7
21,93,"Hardin County","KY",2015,59717.5,61822.6
21,95,"Harlan County","KY",2015,201.2,198.6
21,97,"Harrison County","KY",2015,8102.6,8814.9
21,99,"Hart County","KY",2015,20113.7,21235.1
21,101,"Henderson County","KY",2015,108762.2,111665.5
21,103,"Henry County","KY",2015,27566.7,28150.9
21,105,"Hickman County","KY",2015,41458.3,46946.4
21,107,"Hopkins County","KY",2015,46412,47860.2
21,109,"Jackson County","KY",2015,2749.5,2941.7
21,111,"Jefferson County","KY",2015,3271.1,3425.3
21,113,"Jessamine County","KY",2015,2718.5,2955.7
21,115,"Johnson County","KY",2015,803.4,847.1
21,117,"Kenton County","KY",2015,584.6,674.7
21,119,"Knott County","KY",2015,232.9,233.9
21,121,"Knox County","KY",2015,962.9,1058.6
21,123,"Larue County","KY",2015,42928.4,44400.3
21,125,"Laurel County","KY",2015,4016.1,4301.9
21,127,"Lawrence County","KY",2015,1467.3,1498.4
21,129,"Lee County","KY",2015,492.3,517.7
21,131,"Leslie County","KY",2015,37,37.2
21,133,"Letcher County","KY",2015,44,45
21,135,"Lewis County","KY",2015,6748.8,7218.3
21,137,"Lincoln County","KY",2015,16758,17605
21,139,"Livingston County","KY",2015,16200.5,17670.6
21,141,"Logan County","KY",2015,102522.4,105316.6
21,143,"Lyon County","KY",2015,6957.7,7568.8
21,145,"McCracken County","KY",2015,17147,19056.2
21,147,"McCreary County","KY",2015,487.3,508.3
21,149,"McLean County","KY",2015,64842.7,66473.6
21,151,"Madison County","KY",2015,4727.2,5259.5
21,153,"Magoffin County","KY",2015,1461.7,1511.6
21,155,"Marion County","KY",2015,30963.2,32416.5
21,157,"Marshall County","KY",2015,15756.8,17399.2
21,159,"Martin County","KY",2015,338.2,339.7
21,161,"Mason County","KY",2015,13546.1,14329.6
21,163,"Meade County","KY",2015,33024.2,34228.5
21,165,"Menifee County","KY",2015,2284,2507.6
21,167,"Mercer County","KY",2015,11773.2,12512.8
21,169,"Metcalfe County","KY",2015,12900,13860.7
21,171,"Monroe County","KY",2015,16788,18195.5
21,173,"Montgomery County","KY",2015,2875.2,3248.1
21,175,"Morgan County","KY",2015,3830.8,3999.3
21,177,"Muhlenberg County","KY",2015,25737.6,26587.5
21,179,"Nelson County","KY",2015,40100.4,41832.8
21,181,"Nicholas County","KY",2015,3378.7,3849.4
21,183,"Ohio County","KY",2015,46563.2,47838.5
21,185,"Oldham County","KY",2015,10585.8,10723.6
21,187,"Owen County","KY",2015,5330.1,5740.9
21,189,"Owsley County","KY",2015,647,698.9
21,191,"Pendleton County","KY",2015,5649.2,5869.6
21,193,"Perry County","KY",2015,554,589.4
21,195,"Pike County","KY",2015,645.3,666.5
21,197,"Powell County","KY",2015,1983.7,2147.3
21,199,"Pulaski County","KY",2015,20670.9,23581.1
21,201,"Robertson County","KY",2015,889.3,996.6
21,203,"Rockcastle County","KY",2015,4394.7,5022
21,205,"Rowan County","KY",2015,2760.2,2993
21,207,"Russell County","KY",2015,12872.5,13520.8
21,209,"Scott County","KY",2015,6337,6853.5
21,211,"Shelby County","KY",2015,33969.7,35424.2
21,213,"Simpson County","KY",2015,61336.8,63052.8
21,215,"Spencer County","KY",2015,8592,8857.1
21,217,"Taylor County","KY",2015,25657.9,26637.6
21,219,"Todd County","KY",2015,74419.8,76682.6
21,221,"Trigg County","KY",2015,25340.2,29117.4
21,223,"Trimble County","KY",2015,9361.4,9591.9
21,225,"Union County","KY",2015,92225.7,94098.6
21,227,"Warren County","KY",2015,61124.9,63477.3
21,229,"Washington County","KY",2015,11414.7,12204.5
21,231,"Wayne County","KY",2015,10982.5,12539.4
21,233,"Webster County","KY",2015,56200.9,57559.1
21,235,"Whitley County","KY",2015,1961.4,2155
21,237,"Wolfe County","KY",2015,1275.4,1360.5
21,239,"Woodford County","KY",2015,4715.5,5114.7
22,1,"Acadia Parish","LA",2015,105425.3,111569.6
22,3,"Allen Parish","LA",2015,23464.6,25218.5
22,5,"Ascension Parish","LA",2015,16250.5,18181.2
22,7,"Assumption Parish","LA",2015,25586.9,27202.5
22,9,"Avoyelles Parish","LA",2015,133377.2,133533.7
22,11,"Beauregard Parish","LA",2015,13367.3,15144.7
22,13,"Bienville Parish","LA",2015,6495.8,6624.4
22,15,"Bossier Parish","LA",2015,20875.7,22026
22,17,"Caddo Parish","LA",2015,71266.8,75963.4
22,19,"Calcasieu Parish","LA",2015,22070,25423.5
22,21,"Caldwell Parish","LA",2015,23345.9,23984.8
22,23,"Cameron Parish","LA",2015,12519.6,14651.5
22,25,"Catahoula Parish","LA",2015,134907,135418.4
22,27,"Claiborne Parish","LA",2015,6384.3,6507.4
22,29,"Concordia Parish","LA",2015,167376,168031.6
22,31,"De Soto Parish","LA",2015,20821.3,21069.3
22,33,"East Baton Rouge Parish","LA",2015,6239.5,6435.2
22,35,"East Carroll Parish","LA",2015,229609.2,230042.4
22,37,"East Feliciana Parish","LA",2015,9239.5,10052.2
22,39,"Evangeline Parish","LA",2015,52934.5,54971.6
22,41,"Franklin Parish","LA",2015,202482.2,206646.8
22,43,"Grant Parish","LA",2015,18684.7,18681.9
22,45,"Iberia Parish","LA",2015,39367.4,41317.7
22,47,"Iberville Parish","LA",2015,33819.8,36592.7
22,49,"Jackson Parish","LA",2015,1927.5,1964.6
22,51,"Jefferson Parish","LA",2015,0,193.6
22,53,"Jefferson Davis Parish","LA",2015,81851.7,86462.4
22,55,"Lafayette Parish","LA",2015,16905.9,18558.9
22,57,"Lafourche Parish","LA",2015,29144.8,32000.5
22,59,"La Salle Parish","LA",2015,556.1,556.1
22,61,"Lincoln Parish","LA",2015,5891.2,6018.1
22,63,"Livingston Parish","LA",2015,2391.5,2464.5
22,65,"Madison Parish","LA",2015,235838.1,238069
22,67,"Morehouse Parish","LA",2015,220392.4,226937.1
22,69,"Natchitoches Parish","LA",2015,75628.8,75964.1
22,71,"Orleans Parish","LA",2015,0,43.6
22,73,"Ouachita Parish","LA",2015,62682.9,64433.6
22,75,"Plaquemines Parish","LA",2015,76.9,2301.6
22,77,"Pointe Coupee Parish","LA",2015,98309.3,97601.8
22,79,"Rapides Parish","LA",2015,57378.6,58134.1
22,81,"Red River Parish","LA",2015,32524.4,35132.5
22,83,"Richland Parish","LA",2015,160625,165347.5
22,85,"Sabine Parish","LA",2015,2880.1,2880.1
22,87,"St. Bernard Parish","LA",2015,8.5,256.6
22,89,"St. Charles Parish","LA",2015,0,404.5
22,91,"St. Helena Parish","LA",2015,4981.6,5208.7
22,93,"St. James Parish","LA",2015,30705.9,31425.3
22,95,"St. John the Baptist Parish","LA",2015,5439.6,5591.6
22,97,"St. Landry Parish","LA",2015,137398.1,137782.4
22,99,"St. Martin Parish","LA",2015,33737.2,36060.4
22,101,"St. Mary Parish","LA",2015,27133.1,28846.4
22,103,"St. Tammany Parish","LA",2015,3720.2,3805.5
22,105,"Tangipahoa Parish","LA",2015,10166.7,10657.6
22,107,"Tensas Parish","LA",2015,205917,207373.4
22,109,"Terrebonne Parish","LA",2015,10551.6,11621.1
22,111,"Union Parish","LA",2015,7013.8,7149
22,113,"Vermilion Parish","LA",2015,67373.1,71186.4
22,115,"Vernon Parish","LA",2015,6486,6486.1
22,117,"Washington Parish","LA",2015,5655.9,6285.3
22,119,"Webster Parish","LA",2015,7235.2,7256.1
22,121,"West Baton Rouge Parish","LA",2015,5906.6,6161.3
22,123,"West Carroll Parish","LA",2015,104447.9,105328.7
22,125,"West Feliciana Parish","LA",2015,9729.2,10582.2
22,127,"Winn Parish","LA",2015,2469.1,2518.1
23,1,"Androscoggin County","ME",2015,1068.1,1106.6
23,3,"Aroostook County","ME",2015,2929.1,2935.7
23,5,"Cumberland County","ME",2015,310.5,319.5
23,7,"Franklin County","ME",2015,138.7,140.4
23,9,"Hancock County","ME",2015,56.7,62.2
23,11,"Kennebec County","ME",2015,2139.5,2180.8
23,13,"Knox County","ME",2015,41.3,44
23,15,"Lincoln County","ME",2015,72.5,74.8
23,17,"Oxford County","ME",2015,571.9,603.4
23,19,"Penobscot County","ME",2015,3437.6,3665.9
23,21,"Piscataquis County","ME",2015,558.1,597
23,23,"Sagadahoc County","ME",2015,76,76.8
23,25,"Somerset County","ME",2015,1933.6,2051
23,27,"Waldo County","ME",2015,1043.4,1106.2
23,29,"Washington County","ME",2015,145.4,158.3
23,31,"York County","ME",2015,608.4,629.2
24,1,"Allegany County","MD",2015,1939.2,2273.2
24,3,"Anne Arundel County","MD",2015,3879.5,4461.1
24,5,"Baltimore County","MD",2015,45893,46093.1
24,9,"Calvert County","MD",2015,3799,4918.6
24,11,"Caroline County","MD",2015,40745.6,44182.9
24,13,"Carroll County","MD",2015,87720.4,88076.6
24,15,"Cecil County","MD",2015,15470.6,17155
24,17,"Charles County","MD",2015,7083.8,10083.2
24,19,"Dorchester County","MD",2015,55193.5,55596.7
24,21,"Frederick County","MD",2015,115712.8,116176.2
24,23,"Garrett County","MD",2015,12982.8,14233
24,25,"Harford County","MD",2015,46752.9,46951.3
24,27,"Howard County","MD",2015,14162.8,14220.5
24,29,"Kent County","MD",2015,34802.9,37951.1
24,31,"Montgomery County","MD",2015,41395.6,41553.6
24,33,"Prince George's County","MD",2015,2987.8,3495.4
24,35,"Queen Anne's County","MD",2015,44518.4,48009.9
24,37,"St. Mary's County","MD",2015,11745.5,13507.2
24,39,"Somerset County","MD",2015,26108,26361.9
24,41,"Talbot County","MD",2015,32620.3,35535.2
24,43,"Washington County","MD",2015,46136.8,46322.3
24,45,"Wicomico County","MD",2015,31109,31531.1
24,47,"Worcester County","MD",2015,46352,47025.2
25,1,"Barnstable County","MA",2015,82.3,87.2
25,3,"Berkshire County","MA",2015,1235.7,1143.8
25,5,"Bristol County","MA",2015,1139.2,1158.2
25,7,"Dukes County","MA",2015,130.7,98.4
25,9,"Essex County","MA",2015,608.5,625
25,11,"Franklin County","MA",2015,2201,2198
25,13,"Hampden County","MA",2015,839.1,884
25,15,"Hampshire County","MA",2015,2048.2,2058.2
25,17,"Middlesex County","MA",2015,949,997.7
25,19,"Nantucket County","MA",2015,11.6,12.3
25,21,"Norfolk County","MA",2015,206.2,216.3
25,23,"Plymouth County","MA",2015,580.2,589.5
25,25,"Suffolk County","MA",2015,0.8,0.5
25,27,"Worcester County","MA",2015,2211,2186.5
26,1,"Alcona County","MI",2015,1957.5,2439.1
26,3,"Alger County","MI",2015,879.8,1003.9
26,5,"Allegan County","MI",2015,49551.1,61148.1
26,7,"Alpena County","MI",2015,3937,4831.6
26,9,"Antrim County","MI",2015,9921.9,10275.2
26,11,"Arenac County","MI",2015,21514.1,22656.9
26,13,"Baraga County","MI",2015,277.7,411.7
26,15,"Barry County","MI",2015,31208.6,33142.2
26,17,"Bay County","MI",2015,69434.6,72195.5
26,19,"Benzie County","MI",2015,4492.7,4608.8
26,21,"Berrien County","MI",2015,43938,53701.8
26,23,"Branch County","MI",2015,64594.7,66966.5
26,25,"Calhoun County","MI",2015,64470.3,66765.9
26,27,"Cass County","MI",2015,53211.7,65611.9
26,29,"Charlevoix County","MI",2015,1483.3,1757.8
26,31,"Cheboygan County","MI",2015,600.5,1001.7
26,33,"Chippewa County","MI",2015,944.3,1348.1
26,35,"Clare County","MI",2015,4650.7,5707.3
26,37,"Clinton County","MI",2015,60600.6,62687.1
26,39,"Crawford County","MI",2015,19.6,32.7
26,41,"Delta County","MI",2015,4175.8,4798.7
26,43,"Dickinson County","MI",2015,1965.3,2189.5
26,45,"Eaton County","MI",2015,59332.5,61368.9
26,47,"Emmet County","MI",2015,677.6,1001.9
26,49,"Genesee County","MI",2015,35546.3,36977.2
26,51,"Gladwin County","MI",2015,7136.1,8278.6
26,53,"Gogebic County","MI",2015,554.8,586.2
26,55,"Grand Traverse County","MI",2015,12871.3,13478.7
26,57,"Gratiot County","MI",2015,84462.5,93891.9
26,59,"Hillsdale County","MI",2015,65795.9,68160.9
26,61,"Houghton County","MI",2015,902.1,1053.6
26,63,"Huron County","MI",2015,139022.2,144915.3
26,65,"Ingham County","MI",2015,44004,45774.4
26,67,"Ionia County","MI",2015,58690.3,61089.5
26,69,"Iosco County","MI",2015,2488.5,2990.5
26,71,"Iron County","MI",2015,484.7,547.1
26,73,"Isabella County","MI",2015,43876.5,49871.3
26,75,"Jackson County","MI",2015,42355.3,44522.7
26,77,"Kalamazoo County","MI",2015,36641.7,45528.8
26,79,"Kalkaska County","MI",2015,654.9,972.3
26,81,"Kent County","MI",2015,41392.6,50882
26,83,"Keweenaw County","MI",2015,0,2
26,85,"Lake County","MI",2015,679.3,895.8
26,87,"Lapeer County","MI",2015,35138,37150.4
26,89,"Leelanau County","MI",2015,20324.6,20630.7
26,91,"Lenawee County","MI",2015,97522.8,100354.3
26,93,"Livingston County","MI",2015,16580.8,17641
26,95,"Luce County","MI",2015,62.6,111.6
26,97,"Mackinac County","MI",2015,911.2,1025.4
26,99,"Macomb County","MI",2015,12729,13309.8
26,101,"Manistee County","MI",2015,2567.8,2777
26,103,"Marquette County","MI",2015,397.9,557
26,105,"Mason County","MI",2015,10541.8,12104.1
26,107,"Mecosta County","MI",2015,11947.8,14443.2
26,109,"Menominee County","MI",2015,10887.8,11738
26,111,"Midland County","MI",2015,21845,24234.8
26,113,"Missaukee County","MI",2015,8903.9,9641.4
26,115,"Monroe County","MI",2015,54563.7,56226.2
26,117,"Montcalm County","MI",2015,35499,43949.3
26,119,"Montmorency County","MI",2015,1319.6,1591.9
26,121,"Muskegon County","MI",2015,9218.5,10526.6
26,123,"Newaygo County","MI",2015,12141.9,14282
26,125,"Oakland County","MI",2015,2666.5,3030.8
26,127,"Oceana County","MI",2015,22366.7,24145
26,129,"Ogemaw County","MI",2015,4433.8,5353
26,131,"Ontonagon County","MI",2015,850.5,975.6
26,133,"Osceola County","MI",2015,5532.5,7291.3
26,135,"Oscoda County","MI",2015,508.9,695.9
26,137,"Otsego County","MI",2015,908.9,1238
26,139,"Ottawa County","MI",2015,31621.9,39059
26,141,"Presque Isle County","MI",2015,6290,7220.7
26,143,"Roscommon County","MI",2015,22.2,61.8
26,145,"Saginaw County","MI",2015,132045.9,136395.6
26,147,"St. Clair County","MI",2015,35832.3,37212.8
26,149,"St. Joseph County","MI",2015,56076.7,58793.7
26,151,"Sanilac County","MI",2015,163719.1,170504.8
26,153,"Schoolcraft County","MI",2015,312.1,365.2
26,155,"Shiawassee County","MI",2015,68021.3,69648
26,157,"Tuscola County","MI",2015,109444.4,114168.1
26,159,"Van Buren County","MI",2015,30171.1,37699.5
26,161,"Washtenaw County","MI",2015,38262.9,40297.6
26,163,"Wayne County","MI",2015,1543.1,1640.9
26,165,"Wexford County","MI",2015,2137.4,2503.2
27,1,"Aitkin County","MN",2015,4051.3,4992.2
27,3,"Anoka County","MN",2015,4904.5,5465.6
27,5,"Becker County","MN",2015,82821.2,87326.3
27,7,"Beltrami County","MN",2015,21704.4,23525.6
27,9,"Benton County","MN",2015,41854.8,43132.2
27,11,"Big Stone County","MN",2015,102157.7,105392.9
27,13,"Blue Earth County","MN",2015,164459.1,167690
27,15,"Brown County","MN",2015,129869.7,132716.3
27,17,"Carlton County","MN",2015,305.8,1001.8
27,19,"Carver County","MN",2015,48100.6,49312.5
27,21,"Cass County","MN",2015,10524,11148.9
27,23,"Chippewa County","MN",2015,151099.2,154758.7
27,25,"Chisago County","MN",2015,23395.3,25283.3
27,27,"Clay County","MN",2015,193025.8,196874.8
27,29,"Clearwater County","MN",2015,14535.9,19084.2
27,31,"Cook County","MN",2015,2.8,2.9
27,33,"Cottonwood County","MN",2015,176739.7,180703.9
27,35,"Crow Wing County","MN",2015,5721.8,6633.3
27,37,"Dakota County","MN",2015,67127,68472.4
27,39,"Dodge County","MN",2015,105229.9,107041.1
27,41,"Douglas County","MN",2015,65862.6,68348.4
27,43,"Faribault County","MN",2015,171756.1,176724
27,45,"Fillmore County","MN",2015,137890.8,140446.2
27,47,"Freeborn County","MN",2015,155204.1,159710.1
27,49,"Goodhue County","MN",2015,125429.4,127748.3
27,51,"Grant County","MN",2015,127900.3,131602
27,53,"Hennepin County","MN",2015,13234.4,14137.2
27,55,"Houston County","MN",2015,46504.7,47737.1
27,57,"Hubbard County","MN",2015,18844.2,19481.3
27,59,"Isanti County","MN",2015,26522.7,28162.5
27,61,"Itasca County","MN",2015,3926.9,4356
27,63,"Jackson County","MN",2015,183414.8,187377
27,65,"Kanabec County","MN",2015,7218.9,8548.5
27,67,"Kandiyohi County","MN",2015,132848.9,138216.3
27,69,"Kittson County","MN",2015,124840.6,127901.6
27,71,"Koochiching County","MN",2015,3793.5,4252.5
27,73,"Lac qui Parle County","MN",2015,169044.5,174073.3
27,75,"Lake County","MN",2015,38.2,38.1
27,77,"Lake of the Woods County","MN",2015,24628.4,25286.3
27,79,"Le Sueur County","MN",2015,86739,88491.7
27,81,"Lincoln County","MN",2015,117144.8,120299.6
27,83,"Lyon County","MN",2015,180983.3,185126.7
27,85,"McLeod County","MN",2015,93313,95509.5
27,87,"Mahnomen County","MN",2015,56048.5,57883.8
27,89,"Marshall County","MN",2015,218223,224339.4
27,91,"Martin County","MN",2015,170737.7,174058.3
27,93,"Meeker County","MN",2015,99687.4,101927.8
27,95,"Mille Lacs County","MN",2015,17158.1,18787.9
27,97,"Morrison County","MN",2015,61544.1,65825.9
27,99,"Mower County","MN",2015,177926.3,182916.3
27,101,"Murray County","MN",2015,184615.4,188745.7
27,103,"Nicollet County","MN",2015,87159.3,88912.3
27,105,"Nobles County","MN",2015,198888,203290.7
27,107,"Norman County","MN",2015,183464.5,186898.2
27,109,"Olmsted County","MN",2015,100396.9,102219.7
27,111,"Otter Tail County","MN",2015,165727.7,172744
27,113,"Pennington County","MN",2015,86057.4,88849.6
27,115,"Pine County","MN",2015,16469.5,18518.3
27,117,"Pipestone County","MN",2015,99937.5,102386.4
27,119,"Polk County","MN",2015,299677.9,310172.9
27,121,"Pope County","MN",2015,96090,99231.6
27,123,"Ramsey County","MN",2015,11.8,32.4
27,125,"Red Lake County","MN",2015,65258.8,67645.9
27,127,"Redwood County","MN",2015,236068.4,241354.1
27,129,"Renville County","MN",2015,251714.6,258530.1
27,131,"Rice County","MN",2015,71988.3,73566.5
27,133,"Rock County","MN",2015,128928,132414.7
27,135,"Roseau County","MN",2015,107898.6,112656.7
27,137,"St. Louis County","MN",2015,808.3,798.3
27,139,"Scott County","MN",2015,29633.9,30428.2
27,141,"Sherburne County","MN",2015,20178.3,22587.4
27,143,"Sibley County","MN",2015,125445.9,128249.2
27,145,"Stearns County","MN",2015,146531.5,153450.7
27,147,"Steele County","MN",2015,85258.1,87796.8
27,149,"Stevens County","MN",2015,127935.3,131917.8
27,151,"Swift County","MN",2015,158159.3,162900.5
27,153,"Todd County","MN",2015,60699.2,64372.6
27,155,"Traverse County","MN",2015,148247,152556.3
27,157,"Wabasha County","MN",2015,63233.6,65165
27,159,"Wadena County","MN",2015,14219.6,16563.4
27,161,"Waseca County","MN",2015,87552.3,90091.6
27,163,"Washington County","MN",2015,14408.7,15397.6
27,165,"Watonwan County","MN",2015,104818.2,107743.1
27,167,"Wilkin County","MN",2015,184128.1,189665.7
27,169,"Winona County","MN",2015,58107.4,59410.8
27,171,"Wright County","MN",2015,70110.3,72069.3
27,173,"Yellow Medicine County","MN",2015,176559.1,181681.9
28,1,"Adams County","MS",2015,9124.7,10320.6
28,3,"Alcorn County","MS",2015,32833.8,35280.7
28,5,"Amite County","MS",2015,3878.4,7064.6
28,7,"Attala County","MS",2015,21566.4,22176
28,9,"Benton County","MS",2015,11401.7,12330.4
28,11,"Bolivar County","MS",2015,282182.3,285563.6
28,13,"Calhoun County","MS",2015,25945.1,28297.3
28,15,"Carroll County","MS",2015,55082.4,56580.4
28,17,"Chickasaw County","MS",2015,74386.4,75889
28,19,"Choctaw County","MS",2015,3115.4,3291.4
28,21,"Claiborne County","MS",2015,7384,9238.2
28,23,"Clarke County","MS",2015,4856.5,4858.8
28,25,"Clay County","MS",2015,26122.5,27915.4
28,27,"Coahoma County","MS",2015,209809.2,211221
28,29,"Copiah County","MS",2015,551.6,4129.9
28,31,"Covington County","MS",2015,2413.1,10062.3
28,33,"DeSoto County","MS",2015,28702.2,31099.9
28,35,"Forrest County","MS",2015,3976.7,3994.3
28,37,"Franklin County","MS",2015,2475,3633
28,39,"George County","MS",2015,12074.5,12273.2
28,41,"Greene County","MS",2015,10942.3,11069.5
28,43,"Grenada County","MS",2015,15488.2,16263.2
28,45,"Hancock County","MS",2015,3058.5,3057.6
28,47,"Harrison County","MS",2015,2536.2,2552.7
28,49,"Hinds County","MS",2015,19392.8,27234.3
28,51,"Holmes County","MS",2015,162056.5,166854.1
28,53,"Humphreys County","MS",2015,90862.2,94682.8
28,55,"Issaquena County","MS",2015,54100.5,56147.4
28,57,"Itawamba County","MS",2015,29513.2,31421.5
28,59,"Jackson County","MS",2015,3427.6,3538.1
28,61,"Jasper County","MS",2015,6208.3,6215
28,63,"Jefferson County","MS",2015,5323.2,8096
28,65,"Jefferson Davis County","MS",2015,450.8,4168.5
28,67,"Jones County","MS",2015,10769.1,10906.5
28,69,"Kemper County","MS",2015,2424.7,2667.4
28,71,"Lafayette County","MS",2015,11281.7,12037.3
28,73,"Lamar County","MS",2015,570.5,3761.8
28,75,"Lauderdale County","MS",2015,3501.7,3506.6
28,77,"Lawrence County","MS",2015,954.4,5057.7
28,79,"Leake County","MS",2015,8171,8505.1
28,81,"Lee County","MS",2015,96198.5,99983.2
28,83,"Leflore County","MS",2015,135638.9,143069.3
28,85,"Lincoln County","MS",2015,936.1,5558.9
28,87,"Lowndes County","MS",2015,46885.8,53240.3
28,89,"Madison County","MS",2015,75994.8,79493.4
28,91,"Marion County","MS",2015,1240.8,5055.6
28,93,"Marshall County","MS",2015,19409.2,21027
28,95,"Monroe County","MS",2015,97774.4,100796.5
28,97,"Montgomery County","MS",2015,21644.1,22101.5
28,99,"Neshoba County","MS",2015,1153.4,1307.2
28,101,"Newton County","MS",2015,9358.5,9873.9
28,103,"Noxubee County","MS",2015,81958.7,96432.2
28,105,"Oktibbeha County","MS",2015,4422.3,4998.8
28,107,"Panola County","MS",2015,42396.7,45588.2
28,109,"Pearl River County","MS",2015,10700.1,11008.8
28,111,"Perry County","MS",2015,3699.2,3716.4
28,113,"Pike County","MS",2015,996.4,5337.9
28,115,"Pontotoc County","MS",2015,59154.7,63502.1
28,117,"Prentiss County","MS",2015,44090.7,46141.8
28,119,"Quitman County","MS",2015,105339.8,106556.7
28,121,"Rankin County","MS",2015,25940.2,26935.4
28,123,"Scott County","MS",2015,15594.1,15903.5
28,125,"Sharkey County","MS",2015,74283.9,78741.7
28,127,"Simpson County","MS",2015,3334.5,10800.8
28,129,"Smith County","MS",2015,1784.6,8747.9
28,131,"Stone County","MS",2015,5357.5,5361.2
28,133,"Sunflower County","MS",2015,188037.1,191501.3
28,135,"Tallahatchie County","MS",2015,163416,165317.6
28,137,"Tate County","MS",2015,22861.1,24366
28,139,"Tippah County","MS",2015,26637,29597
28,141,"Tishomingo County","MS",2015,11205.2,12467.6
28,143,"Tunica County","MS",2015,143088.6,145250.1
28,145,"Union County","MS",2015,49155.6,51798.2
28,147,"Walthall County","MS",2015,1562.2,8053.5
28,149,"Warren County","MS",2015,25969.8,27265.3
28,151,"Washington County","MS",2015,224418.7,231944.2
28,153,"Wayne County","MS",2015,9700.4,9791
28,155,"Webster County","MS",2015,27098.2,27844.6
28,157,"Wilkinson County","MS",2015,1086.3,3702.4
28,159,"Winston County","MS",2015,4889,5465.4
28,161,"Yalobusha County","MS",2015,16267.7,16942.3
28,163,"Yazoo County","MS",2015,92604.3,102313.6
29,1,"Adair County","MO",2015,47040.4,48921.2
29,3,"Andrew County","MO",2015,88872.8,91285.7
29,5,"Atchison County","MO",2015,179379,182385.8
29,7,"Audrain County","MO",2015,107889.5,112023.7
29,9,"Barry County","MO",2015,14590.7,15339.9
29,11,"Barton County","MO",2015,67734.4,75395.3
29,13,"Bates County","MO",2015,135197.5,138754.7
29,15,"Benton County","MO",2015,22675.6,24496
29,17,"Bollinger County","MO",2015,8124.2,10681.1
29,19,"Boone County","MO",2015,32765.7,36292.6
29,21,"Buchanan County","MO",2015,60415.8,61767.4
29,23,"Butler County","MO",2015,92227.7,95240.3
29,25,"Caldwell County","MO",2015,38154.4,39480.1
29,27,"Callaway County","MO",2015,54773,58772.1
29,29,"Camden County","MO",2015,2143.9,2298.3
29,31,"Cape Girardeau County","MO",2015,55264.7,60133.8
29,33,"Carroll County","MO",2015,128437.2,131261.2
29,35,"Carter County","MO",2015,2160.2,2162.1
29,37,"Cass County","MO",2015,73141.3,74826.4
29,39,"Cedar County","MO",2015,10452.3,11629.6
29,41,"Chariton County","MO",2015,111818.8,114878
29,43,"Christian County","MO",2015,6521.6,6609.5
29,45,"Clark County","MO",2015,70028.1,71251.2
29,47,"Clay County","MO",2015,28096.6,28939.5
29,49,"Clinton County","MO",2015,39573.6,40455.2
29,51,"Cole County","MO",2015,10294.6,10903.8
29,53,"Cooper County","MO",2015,74485.6,79494.2
29,55,"Crawford County","MO",2015,4636.6,5267.8
29,57,"Dade County","MO",2015,31841.5,35473.8
29,59,"Dallas County","MO",2015,4352.5,4971.8
29,61,"Daviess County","MO",2015,80901.6,82830.8
29,63,"DeKalb County","MO",2015,65515.8,67329.3
29,65,"Dent County","MO",2015,8198.3,8237.2
29,67,"Douglas County","MO",2015,11346.9,11452.8
29,69,"Dunklin County","MO",2015,160205.8,168673.1
29,71,"Franklin County","MO",2015,43874.7,45774.6
29,73,"Gasconade County","MO",2015,18866.1,19771
29,75,"Gentry County","MO",2015,59024.8,61056.6
29,77,"Greene County","MO",2015,9409.4,9679.3
29,79,"Grundy County","MO",2015,71637.6,72955.3
29,81,"Harrison County","MO",2015,111923.9,115091.2
29,83,"Henry County","MO",2015,72865.2,75535.5
29,85,"Hickory County","MO",2015,8016.4,8849.9
29,87,"Holt County","MO",2015,134712.4,136731.3
29,89,"Howard County","MO",2015,47785.1,50866.7
29,91,"Howell County","MO",2015,16211.7,16275.1
29,93,"Iron County","MO",2015,2485.4,2508.1
29,95,"Jackson County","MO",2015,38812.9,39393.1
29,97,"Jasper County","MO",2015,44041.8,49484.3
29,99,"Jefferson County","MO",2015,7122.3,7646.7
29,101,"Johnson County","MO",2015,78214.2,80405.7
29,103,"Knox County","MO",2015,85542.4,87074.6
29,105,"Laclede County","MO",2015,7532.6,8392
29,107,"Lafayette County","MO",2015,135577.8,138036.9
29,109,"Lawrence County","MO",2015,22085.4,23660
29,111,"Lewis County","MO",2015,45272.5,46401
29,113,"Lincoln County","MO",2015,89323.6,92441.1
29,115,"Linn County","MO",2015,84690.6,86591.5
29,117,"Livingston County","MO",2015,97099.8,99049.6
29,119,"McDonald County","MO",2015,5686.8,5849.6
29,121,"Macon County","MO",2015,96727,99292.3
29,123,"Madison County","MO",2015,3550.5,3623.8
29,125,"Maries County","MO",2015,6618.4,7132.3
29,127,"Marion County","MO",2015,66164.8,67245.9
29,129,"Mercer County","MO",2015,36723.6,38966.1
29,131,"Miller County","MO",2015,8267,9192
29,133,"Mississippi County","MO",2015,101393.5,114376.6
29,135,"Moniteau County","MO",2015,26241.3,27851.9
29,137,"Monroe County","MO",2015,91436.3,93192.3
29,139,"Montgomery County","MO",2015,79711.3,83320.5
29,141,"Morgan County","MO",2015,12620.8,13930
29,143,"New Madrid County","MO",2015,192724.7,200469.4
29,145,"Newton County","MO",2015,16828.2,17839.2
29,147,"Nodaway County","MO",2015,169631.6,175079.7
29,149,"Oregon County","MO",2015,10964.2,10999.2
29,151,"Osage County","MO",2015,13210.9,14410.4
29,153,"Ozark County","MO",2015,10610.2,10658
29,155,"Pemiscot County","MO",2015,134565.3,143111.6
29,157,"Perry County","MO",2015,49688,53835.3
29,159,"Pettis County","MO",2015,73171.6,78409.8
29,161,"Phelps County","MO",2015,2184.7,2264.7
29,163,"Pike County","MO",2015,79160.3,81024.3
29,165,"Platte County","MO",2015,58338.5,59438.5
29,167,"Polk County","MO",2015,8841.9,9589.6
29,169,"Pulaski County","MO",2015,2260.8,2495.2
29,171,"Putnam County","MO",2015,30582.6,32729.3
29,173,"Ralls County","MO",2015,42472.7,43733.6
29,175,"Randolph County","MO",2015,53664.7,54965.7
29,177,"Ray County","MO",2015,85522.7,87296.5
29,179,"Reynolds County","MO",2015,2693.3,2717.2
29,181,"Ripley County","MO",2015,7151.7,7856.2
29,183,"St. Charles County","MO",2015,56501.9,58430.7
29,185,"St. Clair County","MO",2015,41138.3,43303.6
29,186,"Ste. Genevieve County","MO",2015,20617,22488.4
29,187,"St. Francois County","MO",2015,4838.7,5342.2
29,189,"St. Louis County","MO",2015,6673.6,6946.9
29,195,"Saline County","MO",2015,145281.7,152157.6
29,197,"Schuyler County","MO",2015,25825.7,27036.7
29,199,"Scotland County","MO",2015,59920.7,61126
29,201,"Scott County","MO",2015,85852.5,95786.3
29,203,"Shannon County","MO",2015,4764.3,4779.6
29,205,"Shelby County","MO",2015,96588.2,98359.3
29,207,"Stoddard County","MO",2015,190317.5,200475.6
29,209,"Stone County","MO",2015,5859.8,6109.2
29,211,"Sullivan County","MO",2015,27921.7,29608
29,213,"Taney County","MO",2015,5248,5295.5
29,215,"Texas County","MO",2015,17839.5,17970.6
29,217,"Vernon County","MO",2015,80641.2,84357.6
29,219,"Warren County","MO",2015,30322.9,31206.9
29,221,"Washington County","MO",2015,2704.8,3036
29,223,"Wayne County","MO",2015,3765.1,4049
29,225,"Webster County","MO",2015,12914.2,13236
29,227,"Worth County","MO",2015,20163.9,21825
29,229,"Wright County","MO",2015,13923.3,14035
30,1,"Beaverhead County","MT",2015,7822.9,13179.3
30,3,"Big Horn County","MT",2015,110918.9,117904.9
30,5,"Blaine County","MT",2015,212665.1,215703.5
30,7,"Broadwater County","MT",2015,52213.3,54470.9
30,9,"Carbon County","MT",2015,33345.4,37366.8
30,11,"Carter County","MT",2015,21249.4,26883.5
30,13,"Cascade County","MT",2015,188912.3,196142
30,15,"Chouteau County","MT",2015,462873.6,471590.4
30,17,"Custer County","MT",2015,20719.5,24269.5
30,19,"Daniels County","MT",2015,155026.7,162971.5
30,21,"Dawson County","MT",2015,133121.2,138069.4
30,23,"Deer Lodge County","MT",2015,1157.1,1866.2
30,25,"Fallon County","MT",2015,10243.1,14460.8
30,27,"Fergus County","MT",2015,189784.9,203691.3
30,29,"Flathead County","MT",2015,40732.5,43055.9
30,31,"Gallatin County","MT",2015,22606.3,36123.3
30,33,"Garfield County","MT",2015,99682.7,102150.2
30,35,"Glacier County","MT",2015,145490.2,149009.6
30,37,"Golden Valley County","MT",2015,41489.2,43524.7
30,39,"Granite County","MT",2015,1231.3,2603
30,41,"Hill County","MT",2015,373962.5,380234.3
30,43,"Jefferson County","MT",2015,3442.7,6568.7
30,45,"Judith Basin County","MT",2015,67890,75366.3
30,47,"Lake County","MT",2015,16702,21627
30,49,"Lewis and Clark County","MT",2015,28043.9,29851.3
30,51,"Liberty County","MT",2015,225602.3,229757.9
30,53,"Lincoln County","MT",2015,200.3,402
30,55,"McCone County","MT",2015,150883.9,156499.9
30,57,"Madison County","MT",2015,8175.3,14089.8
30,59,"Meagher County","MT",2015,19513.6,20999.9
30,61,"Mineral County","MT",2015,549.4,699.4
30,63,"Missoula County","MT",2015,3918.9,4765.8
30,65,"Musselshell County","MT",2015,32609.3,35433.1
30,67,"Park County","MT",2015,9802.6,13499.7
30,69,"Petroleum County","MT",2015,63804.3,66011.9
30,71,"Phillips County","MT",2015,148541.1,150966.7
30,73,"Pondera County","MT",2015,191104.4,194443.5
30,75,"Powder River County","MT",2015,11878.6,15232.4
30,77,"Powell County","MT",2015,3268.7,5001.7
30,79,"Prairie County","MT",2015,24156.6,27848.3
30,81,"Ravalli County","MT",2015,8250.5,9728.9
30,83,"Richland County","MT",2015,132319.6,136776.8
30,85,"Roosevelt County","MT",2015,211737.2,220374.3
30,87,"Rosebud County","MT",2015,34979.5,40303.7
30,89,"Sanders County","MT",2015,2751.4,4305.8
30,91,"Sheridan County","MT",2015,204062.1,214836.3
30,93,"Silver Bow County","MT",2015,271.1,474.6
30,95,"Stillwater County","MT",2015,61924.7,69454.2
30,97,"Sweet Grass County","MT",2015,7211.7,9326.2
30,99,"Teton County","MT",2015,174579.7,178479
30,101,"Toole County","MT",2015,266805.1,269853
30,103,"Treasure County","MT",2015,15053.6,16193.2
30,105,"Valley County","MT",2015,223242.2,232279.5
30,107,"Wheatland County","MT",2015,29980.1,33383.1
30,109,"Wibaux County","MT",2015,16887.2,20752.2
30,111,"Yellowstone County","MT",2015,169479.4,176665.2
31,1,"Adams County","NE",2015,136614.4,143853.9
31,3,"Antelope County","NE",2015,204405.7,208902.3
31,5,"Arthur County","NE",2015,4032,4276.3
31,7,"Banner County","NE",2015,64460.2,65393.1
31,9,"Blaine County","NE",2015,2812.8,3042.8
31,11,"Boone County","NE",2015,184073.2,188804.8
31,13,"Box Butte County","NE",2015,124269.8,130153.1
31,15,"Boyd County","NE",2015,44208.4,47800.2
31,17,"Brown County","NE",2015,34991.1,36905.9
31,19,"Buffalo County","NE",2015,127051.2,134181.6
31,21,"Burt County","NE",2015,150742.5,154515.1
31,23,"Butler County","NE",2015,171604,174738.8
31,25,"Cass County","NE",2015,163395.1,165752.5
31,27,"Cedar County","NE",2015,202876.6,208343.4
31,29,"Chase County","NE",2015,127317.5,134599.6
31,31,"Cherry County","NE",2015,22715.1,24642.6
31,33,"Cheyenne County","NE",2015,169090.1,171168.6
31,35,"Clay County","NE",2015,222463.4,225088.4
31,37,"Colfax County","NE",2015,128523.9,131229.9
31,39,"Cuming County","NE",2015,187718.3,192042.6
31,41,"Custer County","NE",2015,140055.3,152285.2
31,43,"Dakota County","NE",2015,70133.7,71963.3
31,45,"Dawes County","NE",2015,35488.5,36690.1
31,47,"Dawson County","NE",2015,113799,122169.9
31,49,"Deuel County","NE",2015,82289.7,83070.6
31,51,"Dixon County","NE",2015,131031.5,133789
31,53,"Dodge County","NE",2015,166655.3,169119.4
31,55,"Douglas County","NE",2015,32384.7,32939
31,57,"Dundy County","NE",2015,80239.5,84850.5
31,59,"Fillmore County","NE",2015,259687.3,261817.5
31,61,"Franklin County","NE",2015,77403.7,81557.7
31,63,"Frontier County","NE",2015,94018.3,99656.5
31,65,"Furnas County","NE",2015,86367.7,94970.6
31,67,"Gage County","NE",2015,310284.6,314352.8
31,69,"Garden County","NE",2015,50775.7,51426.2
31,71,"Garfield County","NE",2015,11302.8,11972.5
31,73,"Gosper County","NE",2015,64476.5,68397.1
31,75,"Grant County","NE",2015,260.9,292.2
31,77,"Greeley County","NE",2015,51538.5,54479.4
31,79,"Hall County","NE",2015,93702.8,96945.6
31,81,"Hamilton County","NE",2015,177419.4,179880.4
31,83,"Harlan County","NE",2015,79299.8,84761.8
31,85,"Hayes County","NE",2015,73159.4,77391.6
31,87,"Hitchcock County","NE",2015,88532,92694.3
31,89,"Holt County","NE",2015,168098,179617.6
31,91,"Hooker County","NE",2015,352.5,427.1
31,93,"Howard County","NE",2015,67033.1,71378.9
31,95,"Jefferson County","NE",2015,181602.1,184144.5
31,97,"Johnson County","NE",2015,94668.6,95975.2
31,99,"Kearney County","NE",2015,129517,137021.6
31,101,"Keith County","NE",2015,106243,111699.9
31,103,"Keya Paha County","NE",2015,14357.5,15849.2
31,105,"Kimball County","NE",2015,105878.6,107211.1
31,107,"Knox County","NE",2015,164171.5,172001.6
31,109,"Lancaster County","NE",2015,174730,178080.2
31,111,"Lincoln County","NE",2015,166455.1,178052.8
31,113,"Logan County","NE",2015,20179.1,21206.6
31,115,"Loup County","NE",2015,7532.6,8059.7
31,117,"McPherson County","NE",2015,2656,2834.8
31,119,"Madison County","NE",2015,159875.5,164634
31,121,"Merrick County","NE",2015,118592.1,120808.5
31,123,"Morrill County","NE",2015,82058.9,84586
31,125,"Nance County","NE",2015,84116.5,86234.2
31,127,"Nemaha County","NE",2015,147331.7,148672.7
31,129,"Nuckolls County","NE",2015,163957.8,168065.3
31,131,"Otoe County","NE",2015,223673.8,226294.2
31,133,"Pawnee County","NE",2015,106639.4,108129.2
31,135,"Perkins County","NE",2015,206044.5,217288.5
31,137,"Phelps County","NE",2015,137720.8,145827.7
31,139,"Pierce County","NE",2015,155659.8,159191.1
31,141,"Platte County","NE",2015,220410.2,223968.4
31,143,"Polk County","NE",2015,133901.5,136072.5
31,145,"Red Willow County","NE",2015,110807.8,116805.9
31,147,"Richardson County","NE",2015,178611.1,180306.1
31,149,"Rock County","NE",2015,23414.9,24724.5
31,151,"Saline County","NE",2015,218881.1,221641.7
31,153,"Sarpy County","NE",2015,42057.6,42691.4
31,155,"Saunders County","NE",2015,225679.2,229287.3
31,157,"Scotts Bluff County","NE",2015,72578.3,77016.8
31,159,"Seward County","NE",2015,165751.1,168678.7
31,161,"Sheridan County","NE",2015,54894.8,57382.9
31,163,"Sherman County","NE",2015,44817.2,48743.7
31,165,"Sioux County","NE",2015,15675,16673.5
31,167,"Stanton County","NE",2015,110320.1,113726.7
31,169,"Thayer County","NE",2015,222064.9,225298.8
31,171,"Thomas County","NE",2015,613.6,670.6
31,173,"Thurston County","NE",2015,108455.6,111071.6
31,175,"Valley County","NE",2015,48746.9,52782.5
31,177,"Washington County","NE",2015,115022.6,117373.4
31,179,"Wayne County","NE",2015,146103,150467.8
31,181,"Webster County","NE",2015,79878.1,84558.8
31,183,"Wheeler County","NE",2015,33107.6,34805.8
31,185,"York County","NE",2015,201844.8,205849.4
32,1,"Churchill County","NV",2015,2422.3,3122.3
32,3,"Clark County","NV",2015,428.2,457.2
32,5,"Douglas County","NV",2015,399.9,685
32,7,"Elko County","NV",2015,4369.4,5029.3
32,9,"Esmeralda County","NV",2015,1601.5,1605.7
32,11,"Eureka County","NV",2015,1530.5,2400
32,13,"Humboldt County","NV",2015,4225.3,6748.5
32,15,"Lander County","NV",2015,832.3,1673.5
32,17,"Lincoln County","NV",2015,2786.4,2817.5
32,19,"Lyon County","NV",2015,3929.1,4993.6
32,21,"Mineral County","NV",2015,541.9,542.8
32,23,"Nye County","NV",2015,1825.7,1841.2
32,27,"Pershing County","NV",2015,2692.2,3743.9
32,29,"Storey County","NV",2015,3.9,8.4
32,31,"Washoe County","NV",2015,371.7,527.1
32,33,"White Pine County","NV",2015,796.1,1335.2
32,510,"Carson City","NV",2015,13.3,24.1
33,1,"Belknap County","NH",2015,157,232
33,3,"Carroll County","NH",2015,167.5,231.6
33,5,"Cheshire County","NH",2015,546.1,687.5
33,7,"Coos County","NH",2015,594.1,775.5
33,9,"Grafton County","NH",2015,922.6,1176
33,11,"Hillsborough County","NH",2015,557.5,745.8
33,13,"Merrimack County","NH",2015,1117,1348
33,15,"Rockingham County","NH",2015,560.7,715.9
33,17,"Strafford County","NH",2015,151.6,211.6
33,19,"Sullivan County","NH",2015,831,1005.2
34,1,"Atlantic County","NJ",2015,785.6,949.5
34,3,"Bergen County","NJ",2015,13.2,18.4
34,5,"Burlington County","NJ",2015,18339,18628.9
34,7,"Camden County","NJ",2015,177,292.1
34,9,"Cape May County","NJ",2015,181.5,218.8
34,11,"Cumberland County","NJ",2015,8211.1,8437.6
34,13,"Essex County","NJ",2015,2.6,3.7
34,15,"Gloucester County","NJ",2015,8207.6,8671.8
34,19,"Hunterdon County","NJ",2015,8830.5,9013.7
34,21,"Mercer County","NJ",2015,4552.1,4603.8
34,23,"Middlesex County","NJ",2015,3589.2,3680.8
34,25,"Monmouth County","NJ",2015,4996.4,5080.2
34,27,"Morris County","NJ",2015,998.1,1142.8
34,29,"Ocean County","NJ",2015,319.3,342.4
34,31,"Passaic County","NJ",2015,15.3,23.9
34,33,"Salem County","NJ",2015,21225.9,21786
34,35,"Somerset County","NJ",2015,2582.4,2638.7
34,37,"Sussex County","NJ",2015,3730.8,3857.3
34,39,"Union County","NJ",2015,0.4,0.6
34,41,"Warren County","NJ",2015,15516.7,15840.4
35,1,"Bernalillo County","NM",2015,896.7,1009.6
35,3,"Catron County","NM",2015,278.6,420.4
35,5,"Chaves County","NM",2015,39476.7,44014.3
35,6,"Cibola County","NM",2015,1062.1,1123.2
35,7,"Colfax County","NM",2015,1947.4,1989.6
35,9,"Curry County","NM",2015,114290.6,118091.6
35,11,"De Baca County","NM",2015,2693.4,2865.1
35,13,"Dona Ana County","NM",2015,63696.7,66191.8
35,15,"Eddy County","NM",2015,21115.5,23025.7
35,17,"Grant County","NM",2015,290.8,680.3
35,19,"Guadalupe County","NM",2015,1277.8,1291.2
35,21,"Harding County","NM",2015,527.3,528.1
35,23,"Hidalgo County","NM",2015,2816.2,4252.2
35,25,"Lea County","NM",2015,33356.9,35516.3
35,27,"Lincoln County","NM",2015,2393.4,2403.2
35,28,"Los Alamos County","NM",2015,0.6,0.7
35,29,"Luna County","NM",2015,4291.6,10128.3
35,31,"McKinley County","NM",2015,2048.3,2134.8
35,33,"Mora County","NM",2015,1099.9,1127.3
35,35,"Otero County","NM",2015,2847,2928
35,37,"Quay County","NM",2015,44586.1,45271.6
35,39,"Rio Arriba County","NM",2015,3268.9,4108.4
35,41,"Roosevelt County","NM",2015,83964.3,86658.6
35,43,"Sandoval County","NM",2015,993.1,1322.8
35,45,"San Juan County","NM",2015,7498.2,9498.7
35,47,"San Miguel County","NM",2015,2404.7,2421.5
35,49,"Santa Fe County","NM",2015,1596.9,1755.9
35,51,"Sierra County","NM",2015,2785.4,4356.6
35,53,"Socorro County","NM",2015,1639.8,4116.9
35,55,"Taos County","NM",2015,1788.2,2061.6
35,57,"Torrance County","NM",2015,6267.4,7553
35,59,"Union County","NM",2015,17876.9,19494
35,61,"Valencia County","NM",2015,7987.5,9062.1
36,1,"Albany County","NY",2015,218.3,1335.9
36,3,"Allegany County","NY",2015,10490.7,12227.4
36,7,"Broome County","NY",2015,1977.6,3081
36,9,"Cattaraugus County","NY",2015,14743.3,17020.5
36,11,"Cayuga County","NY",2015,24574.9,29953.2
36,13,"Chautauqua County","NY",2015,21664.2,24678.1
36,15,"Chemung County","NY",2015,2100.4,2947.1
36,17,"Chenango County","NY",2015,3758.3,5521.8
36,19,"Clinton County","NY",2015,21824.8,24015.2
36,21,"Columbia County","NY",2015,7225.9,8280.8
36,23,"Cortland County","NY",2015,4399,5948
36,25,"Delaware County","NY",2015,3109.1,4072.8
36,27,"Dutchess County","NY",2015,5337,6460.7
36,29,"Erie County","NY",2015,10223.9,11765.9
36,31,"Essex County","NY",2015,2024.2,2636.2
36,33,"Franklin County","NY",2015,12703.2,14606.2
36,35,"Fulton County","NY",2015,320.3,860.5
36,37,"Genesee County","NY",2015,24286,27006.1
36,39,"Greene County","NY",2015,1463.1,1770.5
36,41,"Hamilton County","NY",2015,7.6,13.9
36,43,"Herkimer County","NY",2015,4983.9,7449.8
36,45,"Jefferson County","NY",2015,32276.4,38354.5
36,47,"Kings County","NY",2015,0,1.1
36,49,"Lewis County","NY",2015,14942.6,17814.8
36,51,"Livingston County","NY",2015,24746.1,27754.8
36,53,"Madison County","NY",2015,7617.1,10694.6
36,55,"Monroe County","NY",2015,18885.9,20501.7
36,57,"Montgomery County","NY",2015,1830.8,3881
36,59,"Nassau County","NY",2015,8.3,37.5
36,63,"Niagara County","NY",2015,25307,27510.8
36,65,"Oneida County","NY",2015,11447.1,16518.8
36,67,"Onondaga County","NY",2015,12131.3,16115.6
36,69,"Ontario County","NY",2015,25336.4,27755.3
36,71,"Orange County","NY",2015,5815.5,6684.2
36,73,"Orleans County","NY",2015,37620.2,40192.6
36,75,"Oswego County","NY",2015,4348.7,6079
36,77,"Otsego County","NY",2015,4698.7,6946
36,79,"Putnam County","NY",2015,185.7,212.6
36,81,"Queens County","NY",2015,1.4,2.4
36,83,"Rensselaer County","NY",2015,1074,2682.6
36,87,"Rockland County","NY",2015,85.7,91
36,89,"St. Lawrence County","NY",2015,25915,31476.2
36,91,"Saratoga County","NY",2015,830.2,1916.2
36,93,"Schenectady County","NY",2015,35.3,355.5
36,95,"Schoharie County","NY",2015,657.1,1996.3
36,97,"Schuyler County","NY",2015,4000.2,5103.1
36,99,"Seneca County","NY",2015,20966.6,22856.2
36,101,"Steuben County","NY",2015,27926.9,32587.6
36,103,"Suffolk County","NY",2015,304.2,1860.9
36,105,"Sullivan County","NY",2015,609.7,925.4
36,107,"Tioga County","NY",2015,2286.8,3691.8
36,109,"Tompkins County","NY",2015,8969.1,10793.3
36,111,"Ulster County","NY",2015,6960.7,7686.4
36,113,"Warren County","NY",2015,67.1,108.7
36,115,"Washington County","NY",2015,1903.9,4908.5
36,117,"Wayne County","NY",2015,51346.8,53539.7
36,119,"Westchester County","NY",2015,57.1,98.7
36,121,"Wyoming County","NY",2015,16035.5,18883.3
36,123,"Yates County","NY",2015,6957.1,7916.3
37,1,"Alamance County","NC",2015,3387.4,4703.8
37,3,"Alexander County","NC",2015,4819,5936.9
37,5,"Alleghany County","NC",2015,1400.1,1904.1
37,7,"Anson County","NC",2015,34198.8,34359.5
37,9,"Ashe County","NC",2015,903.8,1129.7
37,11,"Avery County","NC",2015,105.9,130.2
37,13,"Beaufort County","NC",2015,100660.3,104519.9
37,15,"Bertie County","NC",2015,84691.3,84991.9
37,17,"Bladen County","NC",2015,35876.7,38673
37,19,"Brunswick County","NC",2015,12600.1,13949
37,21,"Buncombe County","NC",2015,7719.6,9072.7
37,23,"Burke County","NC",2015,7658,8103.7
37,25,"Cabarrus County","NC",2015,17900.2,18003.9
37,27,"Caldwell County","NC",2015,831.1,1240.7
37,29,"Camden County","NC",2015,64982.5,65320.4
37,31,"Carteret County","NC",2015,29402.8,30055.1
37,33,"Caswell County","NC",2015,2189.7,3041.3
37,35,"Catawba County","NC",2015,8132.5,9358.8
37,37,"Chatham County","NC",2015,6920.5,9016.3
37,39,"Cherokee County","NC",2015,2086.1,2421.8
37,41,"Chowan County","NC",2015,41586.6,42027
37,43,"Clay County","NC",2015,1103.2,1370.5
37,45,"Cleveland County","NC",2015,32816.2,32887.7
37,47,"Columbus County","NC",2015,70097,74947.3
37,49,"Craven County","NC",2015,38722.3,40242.4
37,51,"Cumberland County","NC",2015,23988,27090
37,53,"Currituck County","NC",2015,40052.8,40324.5
37,55,"Dare County","NC",2015,4263.1,4295.6
37,57,"Davidson County","NC",2015,8512.9,9962.8
37,59,"Davie County","NC",2015,7039,8312.8
37,61,"Duplin County","NC",2015,75682.6,84055.8
37,63,"Durham County","NC",2015,520.6,856.8
37,65,"Edgecombe County","NC",2015,111103.7,111659.2
37,67,"Forsyth County","NC",2015,2131.4,3003.2
37,69,"Franklin County","NC",2015,8171.1,11276.1
37,71,"Gaston County","NC",2015,8522.2,8551.6
37,73,"Gates County","NC",2015,51087.9,51239.3
37,75,"Graham County","NC",2015,511.4,601.4
37,77,"Granville County","NC",2015,3830,5334.4
37,79,"Greene County","NC",2015,52341.6,53773.5
37,81,"Guilford County","NC",2015,4947.6,7292.5
37,83,"Halifax County","NC",2015,118725.1,119713.9
37,85,"Harnett County","NC",2015,30770.9,34241.3
37,87,"Haywood County","NC",2015,6035.5,7339.9
37,89,"Henderson County","NC",2015,12043.5,12970.7
37,91,"Hertford County","NC",2015,53021.1,53377
37,93,"Hoke County","NC",2015,19006.8,20674.8
37,95,"Hyde County","NC",2015,51770.7,53563.4
37,97,"Iredell County","NC",2015,16806,20324.4
37,99,"Jackson County","NC",2015,1038,1249.9
37,101,"Johnston County","NC",2015,74718.8,77857.6
37,103,"Jones County","NC",2015,37413.2,39069.3
37,105,"Lee County","NC",2015,4994.6,6065.8
37,107,"Lenoir County","NC",2015,59717,62289.6
37,109,"Lincoln County","NC",2015,14729.6,14802.6
37,111,"McDowell County","NC",2015,2430.5,2762.2
37,113,"Macon County","NC",2015,1619.4,1987.7
37,115,"Madison County","NC",2015,5018.8,5874.9
37,117,"Martin County","NC",2015,76651.8,77238
37,119,"Mecklenburg County","NC",2015,3328.7,3344.6
37,121,"Mitchell County","NC",2015,1532.7,1807.3
37,123,"Montgomery County","NC",2015,4968.4,5120.7
37,125,"Moore County","NC",2015,10741.6,11043.8
37,127,"Nash County","NC",2015,54998.3,55511.5
37,129,"New Hanover County","NC",2015,520.3,542.4
37,131,"Northampton County","NC",2015,107477.7,108012
37,133,"Onslow County","NC",2015,25087.5,27133.5
37,135,"Orange County","NC",2015,2307.6,3420.2
37,137,"Pamlico County","NC",2015,21915.3,22581.6
37,139,"Pasquotank County","NC",2015,96828.4,97868.6
37,141,"Pender County","NC",2015,15821.3,17398.1
37,143,"Perquimans County","NC",2015,93095.7,93593.3
37,145,"Person County","NC",2015,6101.8,8932.7
37,147,"Pitt County","NC",2015,98637.2,101182.2
37,149,"Polk County","NC",2015,1577.2,1826.8
37,151,"Randolph County","NC",2015,11173.6,13753.7
37,153,"Richmond County","NC",2015,13855.2,14045.6
37,155,"Robeson County","NC",2015,121762.4,135083.9
37,157,"Rockingham County","NC",2015,3382,4951.9
37,159,"Rowan County","NC",2015,14471.5,16755.3
37,161,"Rutherford County","NC",2015,14655.6,15415.6
37,163,"Sampson County","NC",2015,80265.8,89499.2
37,165,"Scotland County","NC",2015,17568.1,19558.3
37,167,"Stanly County","NC",2015,50496,50713.2
37,169,"Stokes County","NC",2015,1983.8,2644.7
37,171,"Surry County","NC",2015,9040,11594.5
37,173,"Swain County","NC",2015,406.5,483.8
37,175,"Transylvania County","NC",2015,3851,4244.4
37,177,"Tyrrell County","NC",2015,79434.3,80018
37,179,"Union County","NC",2015,124916.6,125814.1
37,181,"Vance County","NC",2015,3003.1,4139.6
37,183,"Wake County","NC",2015,10253.4,11942.6
37,185,"Warren County","NC",2015,5620.9,7034
37,187,"Washington County","NC",2015,108005.2,108770.6
37,189,"Watauga County","NC",2015,504.1,640.7
37,191,"Wayne County","NC",2015,84090.4,88104.4
37,193,"Wilkes County","NC",2015,5102.6,6947.4
37,195,"Wilson County","NC",2015,52903.7,54125.5
37,197,"Yadkin County","NC",2015,11918.1,15516
37,199,"Yancey County","NC",2015,2608.7,3108.9
38,1,"Adams County","ND",2015,93932.8,96301.9
38,3,"Barnes County","ND",2015,293985.3,302401.8
38,5,"Benson County","ND",2015,157977.7,169889.1
38,7,"Billings County","ND",2015,18124,19283.4
38,9,"Bottineau County","ND",2015,164357.4,173689.1
38,11,"Bowman County","ND",2015,58837.6,61568.7
38,13,"Burke County","ND",2015,105276.2,106968.3
38,15,"Burleigh County","ND",2015,106071.6,111002.4
38,17,"Cass County","ND",2015,408655.8,419247.4
38,19,"Cavalier County","ND",2015,213479.4,220541.8
38,21,"Dickey County","ND",2015,189665.1,192477.2
38,23,"Divide County","ND",2015,141311,144611.3
38,25,"Dunn County","ND",2015,73566.6,77919.1
38,27,"Eddy County","ND",2015,84358.6,86876.3
38,29,"Emmons County","ND",2015,192566.6,199695.7
38,31,"Foster County","ND",2015,173117.6,175060.8
38,33,"Golden Valley County","ND",2015,36288.9,39287.7
38,35,"Grand Forks County","ND",2015,354724.7,366500.5
38,37,"Grant County","ND",2015,122784,127898.5
38,39,"Griggs County","ND",2015,97274.7,100914.7
38,41,"Hettinger County","ND",2015,139097.4,141702.6
38,43,"Kidder County","ND",2015,85277.4,89443.5
38,45,"LaMoure County","ND",2015,274302.8,279390.8
38,47,"Logan County","ND",2015,106761.7,109936.7
38,49,"McHenry County","ND",2015,130261.5,148644.7
38,51,"McIntosh County","ND",2015,110577.7,115120.3
38,53,"McKenzie County","ND",2015,84573.5,89655.9
38,55,"McLean County","ND",2015,180002.1,195412.3
38,57,"Mercer County","ND",2015,48396.2,51252.7
38,59,"Morton County","ND",2015,122721,127556.8
38,61,"Mountrail County","ND",2015,179485.6,183099.2
38,63,"Nelson County","ND",2015,191112.6,195931.8
38,65,"Oliver County","ND",2015,39896.2,43042.1
38,67,"Pembina County","ND",2015,279524.4,289773.9
38,69,"Pierce County","ND",2015,107848.2,115743.3
38,71,"Ramsey County","ND",2015,215180.2,221918.4
38,73,"Ransom County","ND",2015,138470,140621.9
38,75,"Renville County","ND",2015,195682.9,199680
38,77,"Richland County","ND",2015,367440.8,372368.4
38,79,"Rolette County","ND",2015,67771,76418
38,81,"Sargent County","ND",2015,177961.9,180560.6
38,83,"Sheridan County","ND",2015,106312.4,109626.4
38,85,"Sioux County","ND",2015,29602.2,31190.5
38,87,"Slope County","ND",2015,57846.2,59977.1
38,89,"Stark County","ND",2015,121976.7,125345.4
38,91,"Steele County","ND",2015,152645.3,158650.5
38,93,"Stutsman County","ND",2015,486005.7,492559.3
38,95,"Towner County","ND",2015,175933.9,181036.1
38,97,"Traill County","ND",2015,211788.5,221374.7
38,99,"Walsh County","ND",2015,227819.7,241990.6
38,101,"Ward County","ND",2015,302000.7,309437.2
38,103,"Wells County","ND",2015,255033.4,260991.6
38,105,"Williams County","ND",2015,263862.5,270547.2
39,1,"Adams County","OH",2015,10571.7,11702.1
39,3,"Allen County","OH",2015,88864.2,90350.2
39,5,"Ashland County","OH",2015,40353.9,42031.1
39,7,"Ashtabula County","OH",2015,20873.4,21630.9
39,9,"Athens County","OH",2015,3840.3,4149.7
39,11,"Auglaize County","OH",2015,92194.5,93013.3
39,13,"Belmont County","OH",2015,417.3,1177.7
39,15,"Brown County","OH",2015,25110,26957.2
39,17,"Butler County","OH",2015,51469.5,52963.8
39,19,"Carroll County","OH",2015,11213.4,12147.4
39,21,"Champaign County","OH",2015,96036,97013.4
39,23,"Clark County","OH",2015,68752.5,69462.9
39,25,"Clermont County","OH",2015,50503.4,51536.8
39,27,"Clinton County","OH",2015,139283.5,142544.3
39,29,"Columbiana County","OH",2015,21830.8,22426
39,31,"Coshocton County","OH",2015,26267.7,27662.9
39,33,"Crawford County","OH",2015,91830.3,93275.3
39,35,"Cuyahoga County","OH",2015,5.7,9.2
39,37,"Darke County","OH",2015,152762.3,154255.8
39,39,"Defiance County","OH",2015,77365.5,78481
39,41,"Delaware County","OH",2015,55478.7,56866.3
39,43,"Erie County","OH",2015,35032.4,35743.1
39,45,"Fairfield County","OH",2015,57904.1,59913.7
39,47,"Fayette County","OH",2015,92643.8,94926.1
39,49,"Franklin County","OH",2015,21168.4,21761.2
39,51,"Fulton County","OH",2015,92405.5,94148.7
39,53,"Gallia County","OH",2015,2196.6,2585.8
39,55,"Geauga County","OH",2015,3917.9,4292.1
39,57,"Greene County","OH",2015,95548.9,98106.5
39,59,"Guernsey County","OH",2015,5154.8,5548.7
39,61,"Hamilton County","OH",2015,5901.1,6104.9
39,63,"Hancock County","OH",2015,131105.2,133020.2
39,65,"Hardin County","OH",2015,118685.6,119636
39,67,"Harrison County","OH",2015,4420.8,5131.6
39,69,"Henry County","OH",2015,106054.3,107865.2
39,71,"Highland County","OH",2015,34779.4,37494.8
39,73,"Hocking County","OH",2015,4942.1,5142
39,75,"Holmes County","OH",2015,23373,24843
39,77,"Huron County","OH",2015,88878.6,90378
39,79,"Jackson County","OH",2015,2230.8,2520.8
39,81,"Jefferson County","OH",2015,953,1532.2
39,83,"Knox County","OH",2015,47020.4,49084.6
39,85,"Lake County","OH",2015,497.3,599.1
39,87,"Lawrence County","OH",2015,961.7,1175
39,89,"Licking County","OH",2015,60554.7,62924.7
39,91,"Logan County","OH",2015,89806.8,90921.1
39,93,"Lorain County","OH",2015,43762.9,44984.6
39,95,"Lucas County","OH",2015,27693.7,28443.6
39,97,"Madison County","OH",2015,103630.8,106300.9
39,99,"Mahoning County","OH",2015,12963.3,13436.1
39,101,"Marion County","OH",2015,86179,88109.7
39,103,"Medina County","OH",2015,22918.5,23463
39,105,"Meigs County","OH",2015,4075.1,4263.5
39,107,"Mercer County","OH",2015,111898.9,112915.6
39,109,"Miami County","OH",2015,85496.4,86341.1
39,111,"Monroe County","OH",2015,402.7,675.4
39,113,"Montgomery County","OH",2015,59504.6,61099.8
39,115,"Morgan County","OH",2015,2066.8,2419.6
39,117,"Morrow County","OH",2015,57568.2,59115.6
39,119,"Muskingum County","OH",2015,23460.6,24294.5
39,121,"Noble County","OH",2015,189.3,424.5
39,123,"Ottawa County","OH",2015,44416.3,45610.6
39,125,"Paulding County","OH",2015,104651.4,106036.6
39,127,"Perry County","OH",2015,24337.2,25005.4
39,129,"Pickaway County","OH",2015,95790.9,98297.5
39,131,"Pike County","OH",2015,5913.7,6489.7
39,133,"Portage County","OH",2015,16295.7,16779.2
39,135,"Preble County","OH",2015,122716.5,126296.4
39,137,"Putnam County","OH",2015,122081.8,124212.8
39,139,"Richland County","OH",2015,43676.6,45385
39,141,"Ross County","OH",2015,54552.9,56359.2
39,143,"Sandusky County","OH",2015,83841.7,85576.1
39,145,"Scioto County","OH",2015,5038.1,5536.8
39,147,"Seneca County","OH",2015,119674.4,121455.9
39,149,"Shelby County","OH",2015,94050.1,94910.6
39,151,"Stark County","OH",2015,26377.6,27188.3
39,153,"Summit County","OH",2015,1872.9,2044
39,155,"Trumbull County","OH",2015,20670.9,21255.9
39,157,"Tuscarawas County","OH",2015,21811.6,22840.1
39,159,"Union County","OH",2015,85105,87147.6
39,161,"Van Wert County","OH",2015,115785.8,117392.5
39,163,"Vinton County","OH",2015,3025.6,3110.4
39,165,"Warren County","OH",2015,54466.5,55806.4
39,167,"Washington County","OH",2015,10527.3,11097.2
39,169,"Wayne County","OH",2015,43519.9,45126.5
39,171,"Williams County","OH",2015,79814.9,81203.8
39,173,"Wood County","OH",2015,147184.2,149552.9
39,175,"Wyandot County","OH",2015,93463.5,94830.5
40,1,"Adair County","OK",2015,5592.1,5781.1
40,3,"Alfalfa County","OK",2015,62185.2,72231.3
40,5,"Atoka County","OK",2015,21536.7,21897.5
40,7,"Beaver County","OK",2015,75060.1,79813.4
40,9,"Beckham County","OK",2015,27231.3,29012.8
40,11,"Blaine County","OK",2015,32101.5,37794.5
40,13,"Bryan County","OK",2015,34003.6,36807.2
40,15,"Caddo County","OK",2015,135839.5,140420.9
40,17,"Canadian County","OK",2015,41537.6,42870.7
40,19,"Carter County","OK",2015,33895.7,34712.6
40,21,"Cherokee County","OK",2015,4839.6,4944.3
40,23,"Choctaw County","OK",2015,1627.1,15641.1
40,25,"Cimarron County","OK",2015,115670.8,126091.4
40,27,"Cleveland County","OK",2015,3263.8,3755
40,29,"Coal County","OK",2015,17962.4,18205.5
40,31,"Comanche County","OK",2015,42550.9,43738.8
40,33,"Cotton County","OK",2015,68748.5,70462
40,35,"Craig County","OK",2015,17085.4,17747.6
40,37,"Creek County","OK",2015,6210.3,6374.2
40,39,"Custer County","OK",2015,62861,68961.4
40,41,"Delaware County","OK",2015,9275,9593.5
40,43,"Dewey County","OK",2015,20644.7,23923.4
40,45,"Ellis County","OK",2015,29868.9,31006.3
40,47,"Garfield County","OK",2015,105357.2,120836.6
40,49,"Garvin County","OK",2015,69577.3,73085.4
40,51,"Grady County","OK",2015,33506.7,35047.1
40,53,"Grant County","OK",2015,118187.4,135578
40,55,"Greer County","OK",2015,46284.9,47347.9
40,57,"Harmon County","OK",2015,59277.3,60202.8
40,59,"Harper County","OK",2015,30048.1,32129.8
40,61,"Haskell County","OK",2015,5935.9,6150.1
40,63,"Hughes County","OK",2015,11760.6,12430.4
40,65,"Jackson County","OK",2015,146225.2,148976.7
40,67,"Jefferson County","OK",2015,38116.5,39019.9
40,69,"Johnston County","OK",2015,18647.3,19049.3
40,71,"Kay County","OK",2015,197963,210076.2
40,73,"Kingfisher County","OK",2015,49804.4,51886.8
40,75,"Kiowa County","OK",2015,131578.8,135460.7
40,77,"Latimer County","OK",2015,77.2,8738.6
40,79,"Le Flore County","OK",2015,4645.4,19874.7
40,81,"Lincoln County","OK",2015,7215.3,7450.7
40,83,"Logan County","OK",2015,15050.3,15733.4
40,85,"Love County","OK",2015,15671.2,16086.7
40,87,"McClain County","OK",2015,14350.6,15447.3
40,89,"McCurtain County","OK",2015,2958.8,16096.3
40,91,"McIntosh County","OK",2015,5720.6,5946.3
40,93,"Major County","OK",2015,31999.2,36909.1
40,95,"Marshall County","OK",2015,12271.1,12556.6
40,97,"Mayes County","OK",2015,9065.9,9872.3
40,99,"Murray County","OK",2015,17485,17939.1
40,101,"Muskogee County","OK",2015,13070.8,16386.7
40,103,"Noble County","OK",2015,53083.7,59595.5
40,105,"Nowata County","OK",2015,11247,11986.9
40,107,"Okfuskee County","OK",2015,4299.5,4326.1
40,109,"Oklahoma County","OK",2015,5856.6,6283.5
40,111,"Okmulgee County","OK",2015,8814.4,10040.6
40,113,"Osage County","OK",2015,35234.9,36734.3
40,115,"Ottawa County","OK",2015,24552.2,27172.1
40,117,"Pawnee County","OK",2015,13057.2,13681.5
40,119,"Payne County","OK",2015,9334.2,9746.6
40,121,"Pittsburg County","OK",2015,12913.8,13659.6
40,123,"Pontotoc County","OK",2015,20446.9,21064
40,125,"Pottawatomie County","OK",2015,9345.6,10103.2
40,127,"Pushmataha County","OK",2015,154.1,13313.9
40,129,"Roger Mills County","OK",2015,16729.2,18531.7
40,131,"Rogers County","OK",2015,8851,9517.8
40,133,"Seminole County","OK",2015,3427.9,3663.5
40,135,"Sequoyah County","OK",2015,7848.5,9952.6
40,137,"Stephens County","OK",2015,43023.9,43768.5
40,139,"Texas County","OK",2015,229828.5,256264.8
40,141,"Tillman County","OK",2015,165006.3,169321.5
40,143,"Tulsa County","OK",2015,5444.5,5821.3
40,145,"Wagoner County","OK",2015,32139.5,34052.9
40,147,"Washington County","OK",2015,11560.7,12061
40,149,"Washita County","OK",2015,70555.2,78255.9
40,151,"Woods County","OK",2015,28611.7,33496
40,153,"Woodward County","OK",2015,18282.6,20816.1
41,1,"Baker County","OR",2015,5977.2,8587.7
41,3,"Benton County","OR",2015,3323.3,4368.2
41,5,"Clackamas County","OR",2015,6834.1,8869.4
41,7,"Clatsop County","OR",2015,55.8,57.4
41,9,"Columbia County","OR",2015,208.5,574.8
41,11,"Coos County","OR",2015,177.8,450.1
41,13,"Crook County","OR",2015,1896,2753.8
41,15,"Curry County","OR",2015,311.6,841.2
41,17,"Deschutes County","OR",2015,1053.5,1508.7
41,19,"Douglas County","OR",2015,1435.9,2354.1
41,21,"Gilliam County","OR",2015,44419.2,46131.6
41,23,"Grant County","OR",2015,1689.1,2064.7
41,25,"Harney County","OR",2015,3725.5,6476.8
41,27,"Hood River County","OR",2015,15974.1,16383.6
41,29,"Jackson County","OR",2015,1810.3,4007.7
41,31,"Jefferson County","OR",2015,3942.4,6039.5
41,33,"Josephine County","OR",2015,441.1,519
41,35,"Klamath County","OR",2015,79543.7,89740.4
41,37,"Lake County","OR",2015,3212.8,6013.3
41,39,"Lane County","OR",2015,5962.5,6977.8
41,41,"Lincoln County","OR",2015,133.2,145.8
41,43,"Linn County","OR",2015,6837.2,9757.9
41,45,"Malheur County","OR",2015,34838.3,40009.9
41,47,"Marion County","OR",2015,23098.7,28928.7
41,49,"Morrow County","OR",2015,144511.2,152561.3
41,51,"Multnomah County","OR",2015,1417.7,2480.7
41,53,"Polk County","OR",2015,7922.8,9387.3
41,55,"Sherman County","OR",2015,125916.9,127601.9
41,57,"Tillamook County","OR",2015,1241.8,2607.9
41,59,"Umatilla County","OR",2015,136434.3,154246.3
41,61,"Union County","OR",2015,14619.3,19117.9
41,63,"Wallowa County","OR",2015,3721.6,7127.6
41,65,"Wasco County","OR",2015,69048.3,70738.9
41,67,"Washington County","OR",2015,9234.3,13363.8
41,69,"Wheeler County","OR",2015,1000.1,1280.4
41,71,"Yamhill County","OR",2015,14607,18604.2
42,1,"Adams County","PA",2015,44859.9,46425.7
42,3,"Allegheny County","PA",2015,1668.9,1782.1
42,5,"Armstrong County","PA",2015,8812.6,10098.9
42,7,"Beaver County","PA",2015,3979,4893.9
42,9,"Bedford County","PA",2015,21018.2,21993.2
42,11,"Berks County","PA",2015,64588.9,65137.3
42,13,"Blair County","PA",2015,21272.9,21862.6
42,15,"Bradford County","PA",2015,32107.6,33444.6
42,17,"Bucks County","PA",2015,19146.5,19328.4
42,19,"Butler County","PA",2015,13256.5,14755.2
42,21,"Cambria County","PA",2015,15977.2,16428.2
42,23,"Cameron County","PA",2015,172.6,178.1
42,25,"Carbon County","PA",2015,1654.9,2009.6
42,27,"Centre County","PA",2015,34592.3,35284.9
42,29,"Chester County","PA",2015,42413.4,42792.6
42,31,"Clarion County","PA",2015,6730.5,7415.6
42,33,"Clearfield County","PA",2015,7349.2,7724.8
42,35,"Clinton County","PA",2015,11459.4,11945.8
42,37,"Columbia County","PA",2015,24538,24881
42,39,"Crawford County","PA",2015,15739.8,17278.1
42,41,"Cumberland County","PA",2015,27365.9,29011.5
42,43,"Dauphin County","PA",2015,23455.4,23778
42,45,"Delaware County","PA",2015,108,118.2
42,47,"Elk County","PA",2015,1245.7,1296.6
42,49,"Erie County","PA",2015,10137.5,11801.2
42,51,"Fayette County","PA",2015,18821.6,19336.9
42,53,"Forest County","PA",2015,172.7,221.8
42,55,"Franklin County","PA",2015,39952.4,42302.5
42,57,"Fulton County","PA",2015,4719,5141.5
42,59,"Greene County","PA",2015,1149.1,1322.9
42,61,"Huntingdon County","PA",2015,24766.9,25438.1
42,63,"Indiana County","PA",2015,16024.6,17438.7
42,65,"Jefferson County","PA",2015,5318.4,6226
42,67,"Juniata County","PA",2015,24975.3,25439.1
42,69,"Lackawanna County","PA",2015,6666.5,7015.4
42,71,"Lancaster County","PA",2015,111954.6,113276
42,73,"Lawrence County","PA",2015,11402.2,12436
42,75,"Lebanon County","PA",2015,40886.1,41175.9
42,77,"Lehigh County","PA",2015,23166,26484.7
42,79,"Luzerne County","PA",2015,7499.5,9151.8
42,81,"Lycoming County","PA",2015,32125.5,33379.9
42,83,"McKean County","PA",2015,1260.4,1319.2
42,85,"Mercer County","PA",2015,15728,17543.9
42,87,"Mifflin County","PA",2015,21867.4,22309
42,89,"Monroe County","PA",2015,3738.6,4346.7
42,91,"Montgomery County","PA",2015,4540,4608.1
42,93,"Montour County","PA",2015,10165.2,10301.4
42,95,"Northampton County","PA",2015,23421.2,26478.3
42,97,"Northumberland County","PA",2015,42361,42987.1
42,99,"Perry County","PA",2015,26090.5,26658.5
42,101,"Philadelphia County","PA",2015,0.7,1
42,103,"Pike County","PA",2015,396.8,514.9
42,105,"Potter County","PA",2015,5019.6,5255.6
42,107,"Schuylkill County","PA",2015,19053.1,21831.5
42,109,"Snyder County","PA",2015,22922.6,23423.4
42,111,"Somerset County","PA",2015,42520.6,43549.1
42,113,"Sullivan County","PA",2015,2866.3,2990.8
42,115,"Susquehanna County","PA",2015,18639.2,20238
42,117,"Tioga County","PA",2015,11876.9,12342.5
42,119,"Union County","PA",2015,22002.4,22407.8
42,121,"Venango County","PA",2015,2335.8,2867.8
42,123,"Warren County","PA",2015,2326.8,2749.3
42,125,"Washington County","PA",2015,8803.2,9254.3
42,127,"Wayne County","PA",2015,5560.6,6562.2
42,129,"Westmoreland County","PA",2015,34605.6,35435.7
42,131,"Wyoming County","PA",2015,20792.6,21467.3
42,133,"York County","PA",2015,54260.2,57271.6
44,1,"Bristol County","RI",2015,18.2,15.8
44,3,"Kent County","RI",2015,120.2,116
44,5,"Newport County","RI",2015,422.5,469.7
44,7,"Providence County","RI",2015,407.6,406.5
44,9,"Washington County","RI",2015,374.5,359.7
45,1,"Abbeville County","SC",2015,3199.9,3243.8
45,3,"Aiken County","SC",2015,6162.5,7425.9
45,5,"Allendale County","SC",2015,21730.9,22817.5
45,7,"Anderson County","SC",2015,4424,8203.3
45,9,"Bamberg County","SC",2015,20322.9,21377.6
45,11,"Barnwell County","SC",2015,19636.4,20633.9
45,13,"Beaufort County","SC",2015,2539,2916.3
45,15,"Berkeley County","SC",2015,5433.4,5710
45,17,"Calhoun County","SC",2015,29012.8,30038.9
45,19,"Charleston County","SC",2015,3672.6,3881.4
45,21,"Cherokee County","SC",2015,1197.3,2404.8
45,23,"Chester County","SC",2015,2866.5,5856.7
45,25,"Chesterfield County","SC",2015,28006.4,29633.2
45,27,"Clarendon County","SC",2015,55519.7,58624.3
45,29,"Colleton County","SC",2015,12969.1,13876
45,31,"Darlington County","SC",2015,68288,70677.2
45,33,"Dillon County","SC",2015,71839.3,73458.8
45,35,"Dorchester County","SC",2015,17821.4,18475.8
45,37,"Edgefield County","SC",2015,2299.9,2549.5
45,39,"Fairfield County","SC",2015,395.2,1250.5
45,41,"Florence County","SC",2015,66560.6,68370.5
45,43,"Georgetown County","SC",2015,7629.5,8146.5
45,45,"Greenville County","SC",2015,1241.8,2559.3
45,47,"Greenwood County","SC",2015,1739.4,1758.3
45,49,"Hampton County","SC",2015,27492,28584.8
45,51,"Horry County","SC",2015,72508.7,75264.4
45,53,"Jasper County","SC",2015,1468.2,1587.1
45,55,"Kershaw County","SC",2015,1506.9,4015.6
45,57,"Lancaster County","SC",2015,1423.5,4032.6
45,59,"Laurens County","SC",2015,1632.8,3799.4
45,61,"Lee County","SC",2015,52028.1,55514.9
45,63,"Lexington County","SC",2015,9820.2,10991.4
45,65,"McCormick County","SC",2015,491.5,496.1
45,67,"Marion County","SC",2015,34188,35511.8
45,69,"Marlboro County","SC",2015,56876.1,58115
45,71,"Newberry County","SC",2015,5442.7,7345.5
45,73,"Oconee County","SC",2015,1737.1,3280.2
45,75,"Orangeburg County","SC",2015,69645.4,72924.3
45,77,"Pickens County","SC",2015,622.9,1576.4
45,79,"Richland County","SC",2015,11194.1,12266.8
45,81,"Saluda County","SC",2015,13044.1,13789.3
45,83,"Spartanburg County","SC",2015,4038.7,6272.4
45,85,"Sumter County","SC",2015,44127.2,47052.2
45,87,"Union County","SC",2015,521.2,1395.8
45,89,"Williamsburg County","SC",2015,59032.9,60691.7
45,91,"York County","SC",2015,4919.3,8914.5
46,3,"Aurora County","SD",2015,190002.4,192375.8
46,5,"Beadle County","SD",2015,484749.1,487757.5
46,7,"Bennett County","SD",2015,27506.1,28171.2
46,9,"Bon Homme County","SD",2015,133953.4,138913.9
46,11,"Brookings County","SD",2015,169091.6,173345.5
46,13,"Brown County","SD",2015,560698.3,575079.5
46,15,"Brule County","SD",2015,179218.9,182033.4
46,17,"Buffalo County","SD",2015,50575.8,51601.9
46,19,"Butte County","SD",2015,10487,11518
46,21,"Campbell County","SD",2015,117876.9,120530.7
46,23,"Charles Mix County","SD",2015,192591.9,206669.5
46,25,"Clark County","SD",2015,150759.8,154474
46,27,"Clay County","SD",2015,117193,121156.7
46,29,"Codington County","SD",2015,97518.4,100067.7
46,31,"Corson County","SD",2015,38118.4,42674.3
46,33,"Custer County","SD",2015,5155,5199.2
46,35,"Davison County","SD",2015,103544,106750.5
46,37,"Day County","SD",2015,140970.7,145708.9
46,39,"Deuel County","SD",2015,91800.7,94117.2
46,41,"Dewey County","SD",2015,26187.9,29384.4
46,43,"Douglas County","SD",2015,94111.9,98369.6
46,45,"Edmunds County","SD",2015,320587.1,329440.2
46,47,"Fall River County","SD",2015,3878.2,4010.4
46,49,"Faulk County","SD",2015,229808.8,236256.2
46,51,"Grant County","SD",2015,101561.2,103717.9
46,53,"Gregory County","SD",2015,73419.4,82890
46,55,"Haakon County","SD",2015,71384.7,108412.3
46,57,"Hamlin County","SD",2015,99407.4,101253.5
46,59,"Hand County","SD",2015,404691.3,409468.2
46,61,"Hanson County","SD",2015,112803.7,115463.4
46,63,"Harding County","SD",2015,6409.8,8341.1
46,65,"Hughes County","SD",2015,126866.7,130908.5
46,67,"Hutchinson County","SD",2015,212772.1,220248.3
46,69,"Hyde County","SD",2015,91311.9,94559.3
46,71,"Jackson County","SD",2015,35008.8,46820.1
46,73,"Jerauld County","SD",2015,129601.1,132210.4
46,75,"Jones County","SD",2015,53662.2,58287.6
46,77,"Kingsbury County","SD",2015,198599.2,203539.3
46,79,"Lake County","SD",2015,145437.8,148849.8
46,81,"Lawrence County","SD",2015,1167.6,1749.8
46,83,"Lincoln County","SD",2015,164391.3,169474.2
46,85,"Lyman County","SD",2015,175326.5,182244.1
46,87,"McCook County","SD",2015,153176.3,156708.1
46,89,"McPherson County","SD",2015,154901.2,159084.8
46,91,"Marshall County","SD",2015,103793.9,106413.1
46,93,"Meade County","SD",2015,67335.4,85274.7
46,95,"Mellette County","SD",2015,37243.7,41804.9
46,97,"Miner County","SD",2015,112932.7,116228.6
46,99,"Minnehaha County","SD",2015,191484.2,196529.7
46,101,"Moody County","SD",2015,142538.5,145965.4
46,103,"Pennington County","SD",2015,79670.5,92170.1
46,105,"Perkins County","SD",2015,27698.2,32266
46,107,"Potter County","SD",2015,217157.4,223119.4
46,109,"Roberts County","SD",2015,171491.5,174999.2
46,111,"Sanborn County","SD",2015,104128.1,107680.6
46,113,"Shannon County","SD",2015,27050.5,27544.3
46,115,"Spink County","SD",2015,506612.9,520250.3
46,117,"Stanley County","SD",2015,36467,65904
46,119,"Sully County","SD",2015,229496.9,237223
46,121,"Todd County","SD",2015,30164.8,35773.1
46,123,"Tripp County","SD",2015,129824.2,143213.7
46,125,"Turner County","SD",2015,172147.2,177664.2
46,127,"Union County","SD",2015,136211.7,140426.4
46,129,"Walworth County","SD",2015,126353.6,129789.9
46,135,"Yankton County","SD",2015,119472.4,123445.6
46,137,"Ziebach County","SD",2015,23764.4,26094
47,1,"Anderson County","TN",2015,404.6,467
47,3,"Bedford County","TN",2015,35678.1,38220.9
47,5,"Benton County","TN",2015,18768.4,19308.8
47,7,"Bledsoe County","TN",2015,9290.9,10357.1
47,9,"Blount County","TN",2015,3348.1,4289.3
47,11,"Bradley County","TN",2015,2492.8,3465.8
47,13,"Campbell County","TN",2015,554,718.5
47,15,"Cannon County","TN",2015,19195.3,20378.6
47,17,"Carroll County","TN",2015,95965.8,99298
47,19,"Carter County","TN",2015,784.4,1001
47,21,"Cheatham County","TN",2015,8764.4,8873
47,23,"Chester County","TN",2015,23760.7,24371.6
47,25,"Claiborne County","TN",2015,1970.6,2581.7
47,27,"Clay County","TN",2015,4960.6,5421.8
47,29,"Cocke County","TN",2015,1593.8,2077
47,31,"Coffee County","TN",2015,69034.3,71410.3
47,33,"Crockett County","TN",2015,115688,119221.9
47,35,"Cumberland County","TN",2015,7192.9,8451.9
47,37,"Davidson County","TN",2015,1560.8,1720
47,39,"Decatur County","TN",2015,11466.1,12045.5
47,41,"DeKalb County","TN",2015,15900.5,16913.4
47,43,"Dickson County","TN",2015,8842.5,8911.3
47,45,"Dyer County","TN",2015,162018.8,168044.9
47,47,"Fayette County","TN",2015,105855.4,110242.7
47,49,"Fentress County","TN",2015,6181,7112.8
47,51,"Franklin County","TN",2015,60349.2,62592.9
47,53,"Gibson County","TN",2015,230190.5,233507.3
47,55,"Giles County","TN",2015,40737.9,43645.7
47,57,"Grainger County","TN",2015,1344.8,1739.9
47,59,"Greene County","TN",2015,5660.2,7742.1
47,61,"Grundy County","TN",2015,5189.2,5546.9
47,63,"Hamblen County","TN",2015,1922.3,2675.5
47,65,"Hamilton County","TN",2015,763.7,968.9
47,67,"Hancock County","TN",2015,821.9,983.2
47,69,"Hardeman County","TN",2015,56700.3,59559.2
47,71,"Hardin County","TN",2015,34328,35022.3
47,73,"Hawkins County","TN",2015,1991,2678.1
47,75,"Haywood County","TN",2015,188128.6,195325.6
47,77,"Henderson County","TN",2015,44766.2,46044.8
47,79,"Henry County","TN",2015,90843.4,91915.6
47,81,"Hickman County","TN",2015,25391.3,25510.9
47,83,"Houston County","TN",2015,1698.7,1702.6
47,85,"Humphreys County","TN",2015,29923.6,30053.4
47,87,"Jackson County","TN",2015,5397.3,5875
47,89,"Jefferson County","TN",2015,2645,3567.7
47,91,"Johnson County","TN",2015,810.8,1085.4
47,93,"Knox County","TN",2015,889.1,1100.7
47,95,"Lake County","TN",2015,64009.9,66406.3
47,97,"Lauderdale County","TN",2015,117884.6,122894.8
47,99,"Lawrence County","TN",2015,119163.4,119776.6
47,101,"Lewis County","TN",2015,2144.6,2148.6
47,103,"Lincoln County","TN",2015,59864.4,63360.2
47,105,"Loudon County","TN",2015,3681.4,5379.8
47,107,"McMinn County","TN",2015,4919.2,7126.4
47,109,"McNairy County","TN",2015,38663.7,39833.1
47,111,"Macon County","TN",2015,13234.1,14768.2
47,113,"Madison County","TN",2015,92882.8,95485.1
47,115,"Marion County","TN",2015,10178.3,10696.2
47,117,"Marshall County","TN",2015,20618,22163.6
47,119,"Maury County","TN",2015,34982.3,37410.4
47,121,"Meigs County","TN",2015,1525.6,1996.5
47,123,"Monroe County","TN",2015,5023.1,6781
47,125,"Montgomery County","TN",2015,88515.7,89327.4
47,127,"Moore County","TN",2015,4259.3,4659.3
47,129,"Morgan County","TN",2015,1703.1,2068.2
47,131,"Obion County","TN",2015,136788,145253.3
47,133,"Overton County","TN",2015,8109.3,9198.7
47,135,"Perry County","TN",2015,6761.1,6771.2
47,137,"Pickett County","TN",2015,3042.9,3455.4
47,139,"Polk County","TN",2015,2248.6,3422.8
47,141,"Putnam County","TN",2015,6657.3,7541.8
47,143,"Rhea County","TN",2015,1874.7,2608.1
47,145,"Roane County","TN",2015,516.2,613.7
47,147,"Robertson County","TN",2015,193279.8,195153.9
47,149,"Rutherford County","TN",2015,26791.2,28614.7
47,151,"Scott County","TN",2015,1250.7,1505.4
47,153,"Sequatchie County","TN",2015,3087.7,3432.6
47,155,"Sevier County","TN",2015,937.5,1135.3
47,157,"Shelby County","TN",2015,37073,39899.8
47,159,"Smith County","TN",2015,12706.8,13854.1
47,161,"Stewart County","TN",2015,15301.1,15393.4
47,163,"Sullivan County","TN",2015,1427.3,1854.1
47,165,"Sumner County","TN",2015,35376,37832.7
47,167,"Tipton County","TN",2015,117028.7,121606.7
47,169,"Trousdale County","TN",2015,5023.6,5434.2
47,171,"Unicoi County","TN",2015,64.3,71.5
47,173,"Union County","TN",2015,521.1,615.2
47,175,"Van Buren County","TN",2015,2284.2,2601
47,177,"Warren County","TN",2015,33186.6,34888.5
47,179,"Washington County","TN",2015,2938.7,4098
47,181,"Wayne County","TN",2015,17859.7,17955.2
47,183,"Weakley County","TN",2015,165547.6,166325.5
47,185,"White County","TN",2015,14093.6,15469.8
47,187,"Williamson County","TN",2015,14691.4,15828.5
47,189,"Wilson County","TN",2015,13692.6,14942.1
48,1,"Anderson County","TX",2015,44587.1,45403.3
48,3,"Andrews County","TX",2015,16600.8,17220.6
48,5,"Angelina County","TX",2015,4748.9,4820.2
48,7,"Aransas County","TX",2015,0,11501.4
48,9,"Archer County","TX",2015,21060.8,21665.8
48,11,"Armstrong County","TX",2015,20483.2,24171.6
48,13,"Atascosa County","TX",2015,12366.6,12640.9
48,15,"Austin County","TX",2015,16122,16922.1
48,17,"Bailey County","TX",2015,109175.9,114252.4
48,19,"Bandera County","TX",2015,435.7,462.7
48,21,"Bastrop County","TX",2015,9381.2,9636
48,23,"Baylor County","TX",2015,10628,12434.3
48,25,"Bee County","TX",2015,33471.6,34896.7
48,27,"Bell County","TX",2015,67908,75727
48,29,"Bexar County","TX",2015,13661.4,14720.7
48,31,"Blanco County","TX",2015,704.7,753.2
48,33,"Borden County","TX",2015,25093.6,26033.3
48,35,"Bosque County","TX",2015,15060.5,15684.6
48,37,"Bowie County","TX",2015,27548.4,32333.1
48,39,"Brazoria County","TX",2015,29511.3,31584.6
48,41,"Brazos County","TX",2015,28210.1,29717.1
48,43,"Brewster County","TX",2015,156.3,204.2
48,45,"Briscoe County","TX",2015,35858.2,38138.8
48,47,"Brooks County","TX",2015,4264.2,4276.2
48,49,"Brown County","TX",2015,11154.7,13129.2
48,51,"Burleson County","TX",2015,30496.8,32076.3
48,53,"Burnet County","TX",2015,506,543.7
48,55,"Caldwell County","TX",2015,18994.7,19745.9
48,57,"Calhoun County","TX",2015,16836.7,17043.2
48,59,"Callahan County","TX",2015,16360.4,18696.1
48,61,"Cameron County","TX",2015,86709.5,94175.6
48,63,"Camp County","TX",2015,8607.6,8707.7
48,65,"Carson County","TX",2015,89327.1,99354.6
48,67,"Cass County","TX",2015,15332,15416.5
48,69,"Castro County","TX",2015,113458.2,130844.6
48,71,"Chambers County","TX",2015,11003,12288.5
48,73,"Cherokee County","TX",2015,32315.5,32821.3
48,75,"Childress County","TX",2015,85592.8,86638.2
48,77,"Clay County","TX",2015,32100.7,33569.5
48,79,"Cochran County","TX",2015,132010.7,135222
48,81,"Coke County","TX",2015,6242,6425.1
48,83,"Coleman County","TX",2015,12018.2,13248.4
48,85,"Collin County","TX",2015,14168.4,16556.5
48,87,"Collingsworth County","TX",2015,108579.1,111625
48,89,"Colorado County","TX",2015,32871.9,34179.8
48,91,"Comal County","TX",2015,4079.2,4148.5
48,93,"Comanche County","TX",2015,24649.6,27222.5
48,95,"Concho County","TX",2015,53351,53850.6
48,97,"Cooke County","TX",2015,13718.2,15357
48,99,"Coryell County","TX",2015,17460.7,18881
48,101,"Cottle County","TX",2015,49134.7,49802.2
48,103,"Crane County","TX",2015,9.3,14.3
48,105,"Crockett County","TX",2015,204.7,204.9
48,107,"Crosby County","TX",2015,235120.3,238443.8
48,109,"Culberson County","TX",2015,18949.9,19300.8
48,111,"Dallam County","TX",2015,112059.6,130571.8
48,113,"Dallas County","TX",2015,3864.1,4446.4
48,115,"Dawson County","TX",2015,294433.3,299904.9
48,117,"Deaf Smith County","TX",2015,103349.8,125090.4
48,119,"Delta County","TX",2015,20340.2,23305.6
48,121,"Denton County","TX",2015,13178.3,16315
48,123,"DeWitt County","TX",2015,14213.3,14664.4
48,125,"Dickens County","TX",2015,38735,41084.7
48,127,"Dimmit County","TX",2015,4836.6,4892.3
48,129,"Donley County","TX",2015,25429.9,26897.8
48,131,"Duval County","TX",2015,7123.8,7178
48,133,"Eastland County","TX",2015,10345.5,12329.9
48,135,"Ector County","TX",2015,627.2,659.1
48,137,"Edwards County","TX",2015,141.4,143.1
48,139,"Ellis County","TX",2015,51242.4,57391.2
48,141,"El Paso County","TX",2015,13917.7,15909.6
48,143,"Erath County","TX",2015,7576.4,9901.5
48,145,"Falls County","TX",2015,67418.1,74983.7
48,147,"Fannin County","TX",2015,21760.9,26356.2
48,149,"Fayette County","TX",2015,16508.8,17562.2
48,151,"Fisher County","TX",2015,56700.8,57143.1
48,153,"Floyd County","TX",2015,199575.3,208443.3
48,155,"Foard County","TX",2015,18133.8,19776.6
48,157,"Fort Bend County","TX",2015,45630.3,46330.4
48,159,"Franklin County","TX",2015,13035.8,15906.1
48,161,"Freestone County","TX",2015,22867.2,22985.5
48,163,"Frio County","TX",2015,22573.2,22889.5
48,165,"Gaines County","TX",2015,239813.5,249829.3
48,167,"Galveston County","TX",2015,2560.4,2974.2
48,169,"Garza County","TX",2015,44590.5,45419.1
48,171,"Gillespie County","TX",2015,6200.2,6602.3
48,173,"Glasscock County","TX",2015,97708.9,98593.9
48,175,"Goliad County","TX",2015,12908,13235.9
48,177,"Gonzales County","TX",2015,15575.8,16005.8
48,179,"Gray County","TX",2015,35913.4,38962.8
48,181,"Grayson County","TX",2015,14288.6,16329.2
48,183,"Gregg County","TX",2015,4861.1,4868.3
48,185,"Grimes County","TX",2015,23736.5,24368.1
48,187,"Guadalupe County","TX",2015,24287,26503.9
48,189,"Hale County","TX",2015,266768,280493.3
48,191,"Hall County","TX",2015,120383.2,121691.4
48,193,"Hamilton County","TX",2015,10533.5,11270.8
48,195,"Hansford County","TX",2015,80632.1,93471
48,197,"Hardeman County","TX",2015,33023,34759.7
48,199,"Hardin County","TX",2015,2752.9,2788.7
48,201,"Harris County","TX",2015,7066.8,7164.6
48,203,"Harrison County","TX",2015,20400.2,20464.6
48,205,"Hartley County","TX",2015,93823.8,110171.4
48,207,"Haskell County","TX",2015,82486.6,86096.9
48,209,"Hays County","TX",2015,7612.1,8028.7
48,211,"Hemphill County","TX",2015,1615.7,2452.8
48,213,"Henderson County","TX",2015,41341.9,41553.6
48,215,"Hidalgo County","TX",2015,131066,140741.9
48,217,"Hill County","TX",2015,83162.6,92677.8
48,219,"Hockley County","TX",2015,263051.9,265538
48,221,"Hood County","TX",2015,3961.8,4231.3
48,223,"Hopkins County","TX",2015,47851.1,48127.8
48,225,"Houston County","TX",2015,62182.5,70542.3
48,227,"Howard County","TX",2015,68573.5,68749.4
48,229,"Hudspeth County","TX",2015,7850.8,9787
48,231,"Hunt County","TX",2015,18406.5,21297.9
48,233,"Hutchinson County","TX",2015,25267,29503.8
48,235,"Irion County","TX",2015,1156.6,1199.1
48,237,"Jack County","TX",2015,3468.5,3863.2
48,239,"Jackson County","TX",2015,44876,45682.8
48,241,"Jasper County","TX",2015,3401.1,3630.6
48,243,"Jeff Davis County","TX",2015,33.5,55
48,245,"Jefferson County","TX",2015,17242.1,19312.2
48,247,"Jim Hogg County","TX",2015,3022.8,3023.4
48,249,"Jim Wells County","TX",2015,44925.1,47215.6
48,251,"Johnson County","TX",2015,12371.7,13719.8
48,253,"Jones County","TX",2015,85488.1,89626.4
48,255,"Karnes County","TX",2015,17284.6,18219.1
48,257,"Kaufman County","TX",2015,16856,19550.1
48,259,"Kendall County","TX",2015,905.2,964.8
48,261,"Kenedy County","TX",2015,4366.9,4368.6
48,263,"Kent County","TX",2015,7076.4,7473.6
48,265,"Kerr County","TX",2015,671.9,721
48,267,"Kimble County","TX",2015,717.6,792.3
48,269,"King County","TX",2015,1095.9,1112.8
48,271,"Kinney County","TX",2015,877.7,983.1
48,273,"Kleberg County","TX",2015,44185.3,54958.7
48,275,"Knox County","TX",2015,30862.1,34830.4
48,277,"Lamar County","TX",2015,28512.1,34582.7
48,279,"Lamb County","TX",2015,198902.3,209906.2
48,281,"Lampasas County","TX",2015,2178.5,2298.9
48,283,"La Salle County","TX",2015,8709,8807.8
48,285,"Lavaca County","TX",2015,13349.7,13747.8
48,287,"Lee County","TX",2015,6148.5,6228.7
48,289,"Leon County","TX",2015,30807,31794.6
48,291,"Liberty County","TX",2015,10943,11866.6
48,293,"Limestone County","TX",2015,20375.2,22038
48,295,"Lipscomb County","TX",2015,13392.5,16389.6
48,297,"Live Oak County","TX",2015,7988.5,8103.2
48,299,"Llano County","TX",2015,282.4,304.8
48,301,"Loving County","TX",2015,9.8,16.2
48,303,"Lubbock County","TX",2015,255335.6,257796.4
48,305,"Lynn County","TX",2015,259903.8,264243.3
48,307,"McCulloch County","TX",2015,28700.1,29247.5
48,309,"McLennan County","TX",2015,68953.5,76712.2
48,311,"McMullen County","TX",2015,5703.3,5703.3
48,313,"Madison County","TX",2015,16354,16446.4
48,315,"Marion County","TX",2015,2478.7,2478.9
48,317,"Martin County","TX",2015,137584.3,139505.5
48,319,"Mason County","TX",2015,2116.9,2342.8
48,321,"Matagorda County","TX",2015,51343.4,52471.9
48,323,"Maverick County","TX",2015,3183.5,3335.7
48,325,"Medina County","TX",2015,48925.1,52465.8
48,327,"Menard County","TX",2015,1535.8,1576.6
48,329,"Midland County","TX",2015,19044.1,19858
48,331,"Milam County","TX",2015,50364.7,54990.6
48,333,"Mills County","TX",2015,8135.8,8677.5
48,335,"Mitchell County","TX",2015,46286.1,46529.6
48,337,"Montague County","TX",2015,5810.6,6737
48,339,"Montgomery County","TX",2015,7642.6,7796.6
48,341,"Moore County","TX",2015,75811.6,87939.5
48,343,"Morris County","TX",2015,10595,12052.4
48,345,"Motley County","TX",2015,34387.7,35098.8
48,347,"Nacogdoches County","TX",2015,27518.4,27790.9
48,349,"Navarro County","TX",2015,41018,43439.5
48,351,"Newton County","TX",2015,1615.8,1619.5
48,353,"Nolan County","TX",2015,34442.5,34901.5
48,355,"Nueces County","TX",2015,202190.2,214155.7
48,357,"Ochiltree County","TX",2015,71079.9,84445.6
48,359,"Oldham County","TX",2015,6941.5,8907.9
48,361,"Orange County","TX",2015,1357.6,1375.5
48,363,"Palo Pinto County","TX",2015,7038.4,7842.5
48,365,"Panola County","TX",2015,22301.9,22432.6
48,367,"Parker County","TX",2015,5254.3,6038.1
48,369,"Parmer County","TX",2015,92761.5,109213.5
48,371,"Pecos County","TX",2015,12545.2,13672.6
48,373,"Polk County","TX",2015,5639.8,6806.6
48,375,"Potter County","TX",2015,3537,4294.2
48,377,"Presidio County","TX",2015,1638.7,1720.8
48,379,"Rains County","TX",2015,13565.9,13593.1
48,381,"Randall County","TX",2015,21824.4,27859.8
48,383,"Reagan County","TX",2015,31584.7,31736.8
48,385,"Real County","TX",2015,110.7,119.6
48,387,"Red River County","TX",2015,49676.6,56126.6
48,389,"Reeves County","TX",2015,16161.7,17498.7
48,391,"Refugio County","TX",2015,52906.3,63902
48,393,"Roberts County","TX",2015,4413.6,5222.9
48,395,"Robertson County","TX",2015,38741.3,41152.3
48,397,"Rockwall County","TX",2015,965.3,1028.4
48,399,"Runnels County","TX",2015,71302.4,75402.8
48,401,"Rusk County","TX",2015,32840.7,33012.4
48,403,"Sabine County","TX",2015,1170.8,1171.2
48,405,"San Augustine County","TX",2015,2786.2,3506.4
48,407,"San Jacinto County","TX",2015,5094.8,5127.6
48,409,"San Patricio County","TX",2015,151756.7,160558.2
48,411,"San Saba County","TX",2015,6643.6,7102
48,413,"Schleicher County","TX",2015,16876.9,16982.4
48,415,"Scurry County","TX",2015,26602.4,27036.2
48,417,"Shackelford County","TX",2015,5677.2,6351.7
48,419,"Shelby County","TX",2015,21253.1,21816.8
48,421,"Sherman County","TX",2015,115762.6,133813
48,423,"Smith County","TX",2015,30466.2,31042.3
48,425,"Somervell County","TX",2015,792,849.7
48,427,"Starr County","TX",2015,21948.9,25755.5
48,429,"Stephens County","TX",2015,4262,4699
48,431,"Sterling County","TX",2015,76.9,77
48,433,"Stonewall County","TX",2015,7091,7434.8
48,435,"Sutton County","TX",2015,114.8,115.1
48,437,"Swisher County","TX",2015,84307,91735.5
48,439,"Tarrant County","TX",2015,3152.1,3640.7
48,441,"Taylor County","TX",2015,32436.4,34374.6
48,443,"Terrell County","TX",2015,28.1,46.4
48,445,"Terry County","TX",2015,200618.7,206434.4
48,447,"Throckmorton County","TX",2015,33026.4,34883.3
48,449,"Titus County","TX",2015,16768.1,16771.3
48,451,"Tom Green County","TX",2015,141941,143665.7
48,453,"Travis County","TX",2015,16162.9,17434.9
48,455,"Trinity County","TX",2015,4756.7,4769.9
48,457,"Tyler County","TX",2015,2921.7,2954.4
48,459,"Upshur County","TX",2015,21991.6,22234.7
48,461,"Upton County","TX",2015,13372.7,13575.5
48,463,"Uvalde County","TX",2015,33780,36417.5
48,465,"Val Verde County","TX",2015,232.9,235.5
48,467,"Van Zandt County","TX",2015,42213.2,42795.9
48,469,"Victoria County","TX",2015,34950.3,35503.9
48,471,"Walker County","TX",2015,13346,13655.2
48,473,"Waller County","TX",2015,19417.9,21403.9
48,475,"Ward County","TX",2015,18.6,77.7
48,477,"Washington County","TX",2015,7951.1,8129.2
48,479,"Webb County","TX",2015,9860.5,9865.2
48,481,"Wharton County","TX",2015,102175.1,106328
48,483,"Wheeler County","TX",2015,18882.9,19907.2
48,485,"Wichita County","TX",2015,32379.7,34170.3
48,487,"Wilbarger County","TX",2015,72416.5,76518
48,489,"Willacy County","TX",2015,81759.9,86885.2
48,491,"Williamson County","TX",2015,100869.3,110928.9
48,493,"Wilson County","TX",2015,15486.9,16412.6
48,495,"Winkler County","TX",2015,16,25.7
48,497,"Wise County","TX",2015,7071.3,8873.3
48,499,"Wood County","TX",2015,23166.1,23413
48,501,"Yoakum County","TX",2015,141345.3,146065.9
48,503,"Young County","TX",2015,17832.8,19398.5
48,505,"Zapata County","TX",2015,2589.1,2589.1
48,507,"Zavala County","TX",2015,18226,18613.2
49,1,"Beaver County","UT",2015,2615.6,5358.1
49,3,"Box Elder County","UT",2015,23793.3,24920
49,5,"Cache County","UT",2015,13952.1,14330.1
49,7,"Carbon County","UT",2015,1463.4,1735.2
49,9,"Daggett County","UT",2015,564.3,675
49,11,"Davis County","UT",2015,1489.8,1523.1
49,13,"Duchesne County","UT",2015,8780.8,9903.3
49,15,"Emery County","UT",2015,3913.6,4560.5
49,17,"Garfield County","UT",2015,389.8,1487.8
49,19,"Grand County","UT",2015,683.3,790.8
49,21,"Iron County","UT",2015,3282.9,8130.2
49,23,"Juab County","UT",2015,3315.7,4266.3
49,25,"Kane County","UT",2015,117.4,498.2
49,27,"Millard County","UT",2015,12665.9,15514.1
49,29,"Morgan County","UT",2015,1743.7,1750.7
49,31,"Piute County","UT",2015,357.6,1202.5
49,33,"Rich County","UT",2015,2450.9,2461.6
49,35,"Salt Lake County","UT",2015,844.2,882.2
49,37,"San Juan County","UT",2015,16958.2,17544.5
49,39,"Sanpete County","UT",2015,5537.9,7176
49,41,"Sevier County","UT",2015,4555.2,5595.3
49,43,"Summit County","UT",2015,1192.1,1415.4
49,45,"Tooele County","UT",2015,2369.6,2422.2
49,47,"Uintah County","UT",2015,9050.5,10244.2
49,49,"Utah County","UT",2015,11769,13502.2
49,51,"Wasatch County","UT",2015,938.6,1109.1
49,53,"Washington County","UT",2015,863.3,1597.4
49,55,"Wayne County","UT",2015,549.2,1868.5
49,57,"Weber County","UT",2015,3576.7,3628.2
50,1,"Addison County","VT",2015,10987,11644.4
50,3,"Bennington County","VT",2015,1151.6,1159.6
50,5,"Caledonia County","VT",2015,1631.9,1641.7
50,7,"Chittenden County","VT",2015,1656.2,1716.6
50,9,"Essex County","VT",2015,369.4,396.3
50,11,"Franklin County","VT",2015,9098,9742.6
50,13,"Grand Isle County","VT",2015,1178.9,1263.6
50,15,"Lamoille County","VT",2015,644.2,635.8
50,17,"Orange County","VT",2015,2249.9,2276.1
50,19,"Orleans County","VT",2015,3386,3517.9
50,21,"Rutland County","VT",2015,2095.6,2052.1
50,23,"Washington County","VT",2015,1243.2,1260.8
50,25,"Windham County","VT",2015,1351.4,1363.7
50,27,"Windsor County","VT",2015,1268.3,1212.5
51,1,"Accomack County","VA",2015,68903.2,69352.5
51,3,"Albemarle County","VA",2015,4517.7,4776.7
51,5,"Alleghany County","VA",2015,318.9,475.5
51,7,"Amelia County","VA",2015,6362.3,7770.2
51,9,"Amherst County","VA",2015,2552,2605.6
51,11,"Appomattox County","VA",2015,2844.1,3344.6
51,15,"Augusta County","VA",2015,23090.8,29245.5
51,17,"Bath County","VA",2015,1153.8,1300.8
51,19,"Bedford County","VA",2015,7549.7,8275.1
51,21,"Bland County","VA",2015,1903.2,2251.1
51,23,"Botetourt County","VA",2015,3427,4514.8
51,25,"Brunswick County","VA",2015,6454.5,8823.8
51,27,"Buchanan County","VA",2015,115.2,136.2
51,29,"Buckingham County","VA",2015,2709,2880
51,31,"Campbell County","VA",2015,5994.8,6774.4
51,33,"Caroline County","VA",2015,13244.9,17247.4
51,35,"Carroll County","VA",2015,4529.7,5175.1
51,36,"Charles City County","VA",2015,20717.1,20875.2
51,37,"Charlotte County","VA",2015,7840.3,9531.2
51,41,"Chesterfield County","VA",2015,1179.2,1398.5
51,43,"Clarke County","VA",2015,10212.7,11444.5
51,45,"Craig County","VA",2015,904.6,1073.7
51,47,"Culpeper County","VA",2015,27628.6,29804
51,49,"Cumberland County","VA",2015,2807.7,3066.3
51,51,"Dickenson County","VA",2015,217,253.9
51,53,"Dinwiddie County","VA",2015,11271.6,14894.2
51,57,"Essex County","VA",2015,48143.8,48460.1
51,59,"Fairfax County","VA",2015,882.5,916.9
51,61,"Fauquier County","VA",2015,32816.6,35456
51,63,"Floyd County","VA",2015,3187.9,4031
51,65,"Fluvanna County","VA",2015,1834.6,2192.8
51,67,"Franklin County","VA",2015,17435.5,21190.4
51,69,"Frederick County","VA",2015,17124.9,19013.9
51,71,"Giles County","VA",2015,1250,1546.5
51,73,"Gloucester County","VA",2015,14822.2,14924.7
51,75,"Goochland County","VA",2015,3589.4,4568.1
51,77,"Grayson County","VA",2015,2896.7,3363.1
51,79,"Greene County","VA",2015,822.8,844.9
51,81,"Greensville County","VA",2015,16688.4,18770.1
51,83,"Halifax County","VA",2015,8931.6,10653.2
51,85,"Hanover County","VA",2015,12190.6,15671.9
51,87,"Henrico County","VA",2015,2387,2920
51,89,"Henry County","VA",2015,702.6,847.2
51,91,"Highland County","VA",2015,2040.2,2336
51,93,"Isle of Wight County","VA",2015,31025.8,36846.1
51,95,"James City County","VA",2015,3659.1,3685.3
51,97,"King and Queen County","VA",2015,37956.6,38224.6
51,99,"King George County","VA",2015,8150.1,8205.2
51,101,"King William County","VA",2015,39673.9,39940.5
51,103,"Lancaster County","VA",2015,8966.1,9028
51,105,"Lee County","VA",2015,2728.9,3165.1
51,107,"Loudoun County","VA",2015,19532.7,20947.2
51,109,"Louisa County","VA",2015,4373.6,5252.3
51,111,"Lunenburg County","VA",2015,4673.3,5513.6
51,113,"Madison County","VA",2015,19458,21087.5
51,115,"Mathews County","VA",2015,3890.4,3911.2
51,117,"Mecklenburg County","VA",2015,10174.3,14037.5
51,119,"Middlesex County","VA",2015,19623.3,19755.6
51,121,"Montgomery County","VA",2015,4090.5,4835.3
51,125,"Nelson County","VA",2015,4921.1,5074.5
51,127,"New Kent County","VA",2015,12840.4,12932.1
51,131,"Northampton County","VA",2015,41054.9,41211.2
51,133,"Northumberland County","VA",2015,40575.9,40858.7
51,135,"Nottoway County","VA",2015,5415.5,6644.8
51,137,"Orange County","VA",2015,6632.6,8149.5
51,139,"Page County","VA",2015,8337.8,9277.3
51,141,"Patrick County","VA",2015,3834.8,4476.5
51,143,"Pittsylvania County","VA",2015,19962.2,23714.3
51,145,"Powhatan County","VA",2015,1931.9,2293.7
51,147,"Prince Edward County","VA",2015,2299.1,2560.5
51,149,"Prince George County","VA",2015,7319.6,10199.1
51,153,"Prince William County","VA",2015,5180.5,5688.9
51,155,"Pulaski County","VA",2015,2687.8,3129
51,157,"Rappahannock County","VA",2015,4208.6,4412
51,159,"Richmond County","VA",2015,33585.9,33819.7
51,161,"Roanoke County","VA",2015,502.2,589.2
51,163,"Rockbridge County","VA",2015,5865.6,7116.6
51,165,"Rockingham County","VA",2015,39719.8,45281.8
51,167,"Russell County","VA",2015,4164.7,4888.8
51,169,"Scott County","VA",2015,2527.5,3035.9
51,171,"Shenandoah County","VA",2015,21615,23478.6
51,173,"Smyth County","VA",2015,4471,5318.1
51,175,"Southampton County","VA",2015,62931.7,71715.9
51,177,"Spotsylvania County","VA",2015,2741.6,3516.7
51,179,"Stafford County","VA",2015,3937.8,4192.7
51,181,"Surry County","VA",2015,14287.6,19092
51,183,"Sussex County","VA",2015,22113.6,27819
51,185,"Tazewell County","VA",2015,3257,3867
51,187,"Warren County","VA",2015,2360.9,2825.8
51,191,"Washington County","VA",2015,5576.2,6631.8
51,193,"Westmoreland County","VA",2015,39166.9,39520.9
51,195,"Wise County","VA",2015,559.4,631.5
51,197,"Wythe County","VA",2015,7805.1,9308.4
51,199,"York County","VA",2015,85.7,86.7
51,550,"Chesapeake city","VA",2015,13212.1,18370.2
51,800,"Suffolk city","VA",2015,28613.4,33542.2
51,810,"Virginia Beach city","VA",2015,8799.1,12215.4
53,1,"Adams County","WA",2015,108816.7,114173.9
53,3,"Asotin County","WA",2015,3952,4570.9
53,5,"Benton County","WA",2015,109854.9,132839.3
53,7,"Chelan County","WA",2015,22136.8,22322.3
53,9,"Clallam County","WA",2015,23194.2,23350.7
53,11,"Clark County","WA",2015,36469.4,37223.7
53,13,"Columbia County","WA",2015,26027.9,27896.4
53,15,"Cowlitz County","WA",2015,2087.7,4141.8
53,17,"Douglas County","WA",2015,62151.7,64363.6
53,19,"Ferry County","WA",2015,7028,7579
53,21,"Franklin County","WA",2015,72709,92438
53,23,"Garfield County","WA",2015,43340.1,45012.7
53,25,"Grant County","WA",2015,156479.8,192757.3
53,27,"Grays Harbor County","WA",2015,24087.5,24508.2
53,29,"Island County","WA",2015,19766.5,19875.4
53,31,"Jefferson County","WA",2015,1102.7,1129.9
53,33,"King County","WA",2015,7015.2,7308.2
53,35,"Kitsap County","WA",2015,522.3,558.6
53,37,"Kittitas County","WA",2015,2236.4,3257
53,39,"Klickitat County","WA",2015,40458.6,43762.6
53,41,"Lewis County","WA",2015,13778.3,15073.6
53,43,"Lincoln County","WA",2015,101585.3,104347.5
53,45,"Mason County","WA",2015,818.4,856.6
53,47,"Okanogan County","WA",2015,43111.9,46624
53,49,"Pacific County","WA",2015,2568.6,2712.1
53,51,"Pend Oreille County","WA",2015,519.5,731.7
53,53,"Pierce County","WA",2015,4266,4590.2
53,55,"San Juan County","WA",2015,3241.7,3319.9
53,57,"Skagit County","WA",2015,20002.2,21954.5
53,59,"Skamania County","WA",2015,503.4,515.6
53,61,"Snohomish County","WA",2015,5208.8,5831.3
53,63,"Spokane County","WA",2015,30808.3,35068.3
53,65,"Stevens County","WA",2015,7736.1,9912.3
53,67,"Thurston County","WA",2015,8162,8343.8
53,69,"Wahkiakum County","WA",2015,4515.4,4599.3
53,71,"Walla Walla County","WA",2015,123770.9,133300.2
53,73,"Whatcom County","WA",2015,15274.5,17188.4
53,75,"Whitman County","WA",2015,201647,213546.6
53,77,"Yakima County","WA",2015,124479.3,137326.8
54,1,"Barbour County","WV",2015,249.8,249.9
54,3,"Berkeley County","WV",2015,10087,11739.8
54,5,"Boone County","WV",2015,10.3,13.1
54,7,"Braxton County","WV",2015,57,189.2
54,9,"Brooke County","WV",2015,272.5,272.5
54,11,"Cabell County","WV",2015,100.2,158.4
54,13,"Calhoun County","WV",2015,37.5,104.8
54,15,"Clay County","WV",2015,16.6,47.5
54,17,"Doddridge County","WV",2015,183.4,183.5
54,19,"Fayette County","WV",2015,58.1,86.1
54,21,"Gilmer County","WV",2015,78,197.5
54,23,"Grant County","WV",2015,1794.8,1799.8
54,25,"Greenbrier County","WV",2015,4455.7,4466.5
54,27,"Hampshire County","WV",2015,2809.1,3298.3
54,29,"Hancock County","WV",2015,99.8,99.8
54,31,"Hardy County","WV",2015,7577.6,7602
54,33,"Harrison County","WV",2015,367,367
54,35,"Jackson County","WV",2015,511.4,679.7
54,37,"Jefferson County","WV",2015,20617.3,20845.1
54,39,"Kanawha County","WV",2015,36.5,71.4
54,41,"Lewis County","WV",2015,277.1,277.1
54,43,"Lincoln County","WV",2015,43,75.9
54,45,"Logan County","WV",2015,3.9,4.3
54,47,"McDowell County","WV",2015,0.2,0.6
54,49,"Marion County","WV",2015,206.9,206.9
54,51,"Marshall County","WV",2015,339.1,339.1
54,53,"Mason County","WV",2015,6336.9,6515.7
54,55,"Mercer County","WV",2015,74,142.7
54,57,"Mineral County","WV",2015,1245.5,1269.4
54,59,"Mingo County","WV",2015,9.8,13.9
54,61,"Monongalia County","WV",2015,203.3,203.4
54,63,"Monroe County","WV",2015,3819.8,3878.7
54,65,"Morgan County","WV",2015,460.4,474.8
54,67,"Nicholas County","WV",2015,62.8,136
54,69,"Ohio County","WV",2015,445.8,445.7
54,71,"Pendleton County","WV",2015,4341.7,4352.4
54,73,"Pleasants County","WV",2015,76.5,76.5
54,75,"Pocahontas County","WV",2015,2161,2204.2
54,77,"Preston County","WV",2015,1952.4,1952.3
54,79,"Putnam County","WV",2015,97.8,184.3
54,81,"Raleigh County","WV",2015,59.1,99.2
54,83,"Randolph County","WV",2015,2281.9,2316.1
54,85,"Ritchie County","WV",2015,255.6,255.6
54,87,"Roane County","WV",2015,66,254.9
54,89,"Summers County","WV",2015,742.9,746.9
54,91,"Taylor County","WV",2015,132.2,132.2
54,93,"Tucker County","WV",2015,444.4,456.9
54,95,"Tyler County","WV",2015,134.7,134.7
54,97,"Upshur County","WV",2015,326.1,326.1
54,99,"Wayne County","WV",2015,91.7,133.4
54,101,"Webster County","WV",2015,13.6,22.1
54,103,"Wetzel County","WV",2015,103.5,103.4
54,105,"Wirt County","WV",2015,59,118.1
54,107,"Wood County","WV",2015,565.7,565.6
54,109,"Wyoming County","WV",2015,3.2,5.8
55,1,"Adams County","WI",2015,25803.8,26195.2
55,3,"Ashland County","WI",2015,2273,2677.4
55,5,"Barron County","WI",2015,36002.6,39409.7
55,7,"Bayfield County","WI",2015,870.3,1163.8
55,9,"Brown County","WI",2015,41834.1,42875.6
55,11,"Buffalo County","WI",2015,35332,37534.7
55,13,"Burnett County","WI",2015,5385.3,6090.2
55,15,"Calumet County","WI",2015,36956,37864.1
55,17,"Chippewa County","WI",2015,35558.8,39093.3
55,19,"Clark County","WI",2015,85356,89002.6
55,21,"Columbia County","WI",2015,74695.3,75999.6
55,23,"Crawford County","WI",2015,29002.2,29805.3
55,25,"Dane County","WI",2015,129385.5,131224.5
55,27,"Dodge County","WI",2015,101544.8,103531.5
55,29,"Door County","WI",2015,22926.6,23951.5
55,31,"Douglas County","WI",2015,373.7,725.1
55,33,"Dunn County","WI",2015,62223.5,65586.1
55,35,"Eau Claire County","WI",2015,28045.5,29659.9
55,37,"Florence County","WI",2015,70.3,201.4
55,39,"Fond du Lac County","WI",2015,78710,80987.9
55,41,"Forest County","WI",2015,110.6,407.2
55,43,"Grant County","WI",2015,111281.1,113361.4
55,45,"Green County","WI",2015,77147.9,78615.4
55,47,"Green Lake County","WI",2015,42432.5,43190.6
55,49,"Iowa County","WI",2015,58245.3,59673.4
55,51,"Iron County","WI",2015,151.3,238.5
55,53,"Jackson County","WI",2015,29749.9,31203
55,55,"Jefferson County","WI",2015,64497.7,65353.6
55,57,"Juneau County","WI",2015,42462.6,43162.3
55,59,"Kenosha County","WI",2015,33685,34244.1
55,61,"Kewaunee County","WI",2015,33083.5,33902.3
55,63,"La Crosse County","WI",2015,18472.9,19689.9
55,65,"Lafayette County","WI",2015,89394.6,90960.9
55,67,"Langlade County","WI",2015,5388.9,7354.9
55,69,"Lincoln County","WI",2015,9905.2,10577.8
55,71,"Manitowoc County","WI",2015,51736.2,52930.2
55,73,"Marathon County","WI",2015,106265.8,110481.8
55,75,"Marinette County","WI",2015,9625.7,11886.9
55,77,"Marquette County","WI",2015,29213.1,29846.9
55,78,"Menominee County","WI",2015,0,0.2
55,79,"Milwaukee County","WI",2015,2101.6,2152.8
55,81,"Monroe County","WI",2015,33581.9,36888.2
55,83,"Oconto County","WI",2015,20747.1,25083.3
55,85,"Oneida County","WI",2015,655.3,809.9
55,87,"Outagamie County","WI",2015,67814.3,69279.6
55,89,"Ozaukee County","WI",2015,17380.7,17836.5
55,91,"Pepin County","WI",2015,16288.2,17001.5
55,93,"Pierce County","WI",2015,49824.9,52116.3
55,95,"Polk County","WI",2015,26137.2,28692.8
55,97,"Portage County","WI",2015,42154.1,43142.4
55,99,"Price County","WI",2015,4038,4560
55,101,"Racine County","WI",2015,43466.9,44196.7
55,103,"Richland County","WI",2015,29206.7,29988.9
55,105,"Rock County","WI",2015,121249.6,122722.1
55,107,"Rusk County","WI",2015,9260,10270.3
55,109,"St. Croix County","WI",2015,63307.4,66049.1
55,111,"Sauk County","WI",2015,57361.6,59102
55,113,"Sawyer County","WI",2015,2487.3,2756.7
55,115,"Shawano County","WI",2015,24399.4,29274
55,117,"Sheboygan County","WI",2015,41087.3,42214.2
55,119,"Taylor County","WI",2015,45651.1,47675.4
55,121,"Trempealeau County","WI",2015,46714.1,49319.4
55,123,"Vernon County","WI",2015,47251,48283.7
55,125,"Vilas County","WI",2015,4,29.4
55,127,"Walworth County","WI",2015,93826.9,95466.9
55,129,"Washburn County","WI",2015,4479.8,5068.8
55,131,"Washington County","WI",2015,33163.9,33943.6
55,133,"Waukesha County","WI",2015,27853.9,28492
55,135,"Waupaca County","WI",2015,50194.6,51287
55,137,"Waushara County","WI",2015,30589.2,31176.8
55,139,"Winnebago County","WI",2015,43821.3,44538
55,141,"Wood County","WI",2015,33616.7,34357.7
56,1,"Albany County","WY",2015,846.6,1896.6
56,3,"Big Horn County","WY",2015,28092.8,30847.4
56,5,"Campbell County","WY",2015,10060.9,13351.1
56,7,"Carbon County","WY",2015,2002.4,2696.7
56,9,"Converse County","WY",2015,718.8,1330.4
56,11,"Crook County","WY",2015,7173.4,12537.7
56,13,"Fremont County","WY",2015,17139,23198.3
56,15,"Goshen County","WY",2015,21974.4,24588.6
56,17,"Hot Springs County","WY",2015,954.3,1769.6
56,19,"Johnson County","WY",2015,1908.8,3542.9
56,21,"Laramie County","WY",2015,46662.4,48706.6
56,23,"Lincoln County","WY",2015,1437.8,5245.4
56,25,"Natrona County","WY",2015,542.6,3095.5
56,27,"Niobrara County","WY",2015,1246.5,1699.6
56,29,"Park County","WY",2015,26084.3,29595.2
56,31,"Platte County","WY",2015,10446.4,11882.9
56,33,"Sheridan County","WY",2015,3503.7,6811.8
56,35,"Sublette County","WY",2015,272.8,561.3
56,37,"Sweetwater County","WY",2015,438.7,2542.7
56,39,"Teton County","WY",2015,146.1,518.5
56,41,"Uinta County","WY",2015,796.3,1609.1
56,43,"Washakie County","WY",2015,16774.7,18035.1
56,45,"Weston County","WY",2015,3463.1,5707
